item_id,dept_id,cat_id,2011-01,2011-02,2011-03,2011-04,2011-05,2011-06,2011-07,2011-08,2011-09,2011-10,2011-11,2011-12,2012-01,2012-02,2012-03,2012-04,2012-05,2012-06,2012-07,2012-08,2012-09,2012-10,2012-11,2012-12,2013-01,2013-02,2013-03,2013-04,2013-05,2013-06,2013-07,2013-08,2013-09,2013-10,2013-11,2013-12,2014-01,2014-02,2014-03,2014-04,2014-05,2014-06,2014-07,2014-08,2014-09,2014-10,2014-11,2014-12,2015-01,2015-02,2015-03,2015-04,2015-05,2015-06,2015-07,2015-08,2015-09,2015-10,2015-11,2015-12,2016-01,2016-02,2016-03,2016-04,2016-05
FOODS_1_001,FOODS_1,FOODS,16,304,309,279,365,301,280,37,0,2,289,354,273,264,244,277,304,278,277,370,335,264,233,223,204,246,201,170,189,197,189,175,193,184,46,3,3,178,137,171,143,136,127,191,193,178,165,191,165,136,166,124,146,156,157,154,175,175,157,182,170,169,181,175,128
FOODS_1_002,FOODS_1,FOODS,16,99,127,117,101,113,104,125,122,103,113,107,108,121,145,142,150,135,105,126,143,122,124,131,116,107,116,131,125,113,91,110,98,117,84,104,106,83,86,118,127,124,127,127,129,126,128,112,121,115,106,118,136,118,120,135,101,125,92,108,88,127,125,127,99
FOODS_1_003,FOODS_1,FOODS,25,277,311,250,280,303,234,246,203,268,222,282,275,241,260,248,272,243,287,216,332,321,273,238,238,199,285,267,247,253,226,250,263,232,188,159,152,126,177,184,187,207,181,207,171,170,169,188,132,132,132,155,136,155,172,164,146,148,109,157,164,136,208,151,148
FOODS_1_004,FOODS_1,FOODS,0,0,0,0,0,0,0,0,0,0,0,0,0,0,4099,4340,3584,2479,4251,4396,3649,2769,2157,2750,1410,3852,4583,3385,3716,3420,3010,1207,2291,2008,2238,3194,4511,3707,2701,2786,2507,2112,2371,2424,1758,1565,1543,1604,2230,1880,2533,2814,4082,3420,3196,2276,1880,1516,1073,1540,2209,453,2,334,2436
FOODS_1_005,FOODS_1,FOODS,79,709,564,658,311,0,0,158,770,859,534,635,360,453,371,177,0,2,1,597,615,513,566,630,523,461,420,19,8,19,8,100,527,549,412,522,404,407,348,192,3,1,7,302,615,477,302,421,345,235,229,236,395,344,345,340,318,423,326,559,515,592,607,607,394
FOODS_1_006,FOODS_1,FOODS,45,675,552,477,503,533,477,528,405,523,264,356,320,374,339,372,351,328,295,326,233,312,248,254,239,394,366,355,378,381,385,458,295,367,248,381,289,393,359,346,451,471,318,350,254,355,236,243,263,338,250,278,304,353,355,328,232,327,282,333,260,438,294,353,239
FOODS_1_008,FOODS_1,FOODS,0,0,0,0,0,0,0,0,0,24,40,55,47,68,54,21,0,0,0,81,92,118,80,93,88,79,67,79,100,115,137,108,74,70,50,52,64,61,80,67,3,0,1,31,49,124,120,90,97,84,95,90,117,96,102,104,92,114,120,101,61,83,67,66,47
FOODS_1_009,FOODS_1,FOODS,0,0,0,0,0,0,0,0,0,0,0,0,0,0,143,220,184,199,181,240,213,207,226,248,265,179,146,9,3,98,221,195,204,237,41,0,1,8,4,0,1,178,203,228,208,241,194,55,0,1,39,275,228,195,114,32,191,232,267,291,258,29,2,52,236
FOODS_1_010,FOODS_1,FOODS,0,0,0,0,3,29,19,20,23,44,59,94,25,36,17,51,60,66,104,94,98,94,139,109,71,53,84,100,93,101,70,83,101,110,148,114,100,100,80,115,106,101,131,123,138,137,104,140,155,65,156,118,111,167,124,158,180,186,175,157,152,177,168,193,110
FOODS_1_011,FOODS_1,FOODS,13,124,131,184,187,149,148,158,166,153,0,2,1,208,194,286,187,183,287,322,317,183,0,0,84,259,189,1,4,126,279,321,271,40,0,0,23,247,288,11,0,0,234,360,312,69,2,4,211,266,277,251,226,277,264,232,238,83,4,11,263,279,293,306,209
FOODS_1_012,FOODS_1,FOODS,0,0,0,0,31,571,616,675,587,615,584,607,595,489,573,549,684,1458,1582,1572,1563,1594,1565,1461,1550,1424,1512,1434,1495,1350,1414,1629,1621,1753,1802,1583,1643,1533,1718,1697,1580,1654,1773,1805,1881,1782,1799,1719,1815,1426,1503,1537,1630,1805,1949,1955,1908,2042,1808,1876,1951,1635,1749,1708,1214
FOODS_1_013,FOODS_1,FOODS,37,451,479,641,596,421,305,398,434,553,383,527,433,430,504,442,413,456,522,424,458,370,279,291,296,74,0,0,289,286,251,272,291,258,251,308,309,42,0,2,418,410,377,344,469,413,430,522,516,656,600,542,631,453,462,424,339,497,332,547,489,491,576,456,227
FOODS_1_014,FOODS_1,FOODS,0,0,0,0,0,0,0,0,0,0,0,0,0,0,0,0,0,0,116,321,242,276,264,213,288,300,262,194,302,313,331,409,357,337,295,374,310,293,330,333,348,340,253,332,285,325,294,339,266,292,283,311,371,346,308,145,166,210,256,297,307,278,333,378,334
FOODS_1_015,FOODS_1,FOODS,0,1,11,183,253,259,273,50,0,0,408,482,361,349,248,251,199,233,277,687,1189,709,111,134,132,145,141,140,146,132,126,1,0,2,111,288,218,193,156,216,218,241,150,3,2,2,123,227,262,203,214,237,243,268,128,0,3,2,133,207,240,224,195,194,212
FOODS_1_016,FOODS_1,FOODS,18,162,192,170,224,186,220,198,215,218,154,190,248,259,315,298,291,253,273,261,239,232,257,234,231,243,307,288,302,298,245,318,281,224,242,243,232,269,246,212,234,214,231,203,142,140,139,156,142,135,178,179,209,207,218,202,122,155,129,149,152,204,226,202,140
FOODS_1_017,FOODS_1,FOODS,0,0,0,0,0,0,0,0,0,0,0,0,0,0,160,193,199,173,191,171,180,179,165,123,130,102,157,145,167,173,153,165,27,2,0,2,2,0,0,0,1,0,0,242,329,265,277,227,143,183,227,214,236,239,73,33,204,237,226,226,246,199,251,288,223
FOODS_1_018,FOODS_1,FOODS,103,649,877,723,703,918,1512,1196,1692,2259,1545,2119,2250,2540,2805,3193,2556,2536,2604,2341,2612,2492,2144,2896,2286,2406,2895,2565,2400,2134,2367,2518,1531,2024,1788,2512,1934,2099,2383,2258,2149,1905,2133,1857,1496,1806,1722,2242,2305,1914,2030,2060,1773,2006,2278,2267,2034,1878,1746,2723,2914,2549,3341,3367,2432
FOODS_1_019,FOODS_1,FOODS,257,2048,2423,1760,1437,1845,1788,1682,1810,2054,1638,1745,1203,1302,1529,1272,1556,1645,1735,1746,1819,1650,1270,1136,873,881,1329,1134,1366,1521,1557,1607,1120,6,0,8,3,2,20,335,303,378,393,452,428,372,182,177,409,379,262,395,321,302,352,237,175,758,746,970,1099,1242,1758,1786,1358
FOODS_1_020,FOODS_1,FOODS,57,451,517,443,59,2,1,3,286,453,245,301,287,332,337,401,467,337,399,398,401,372,379,367,349,361,389,363,316,280,279,300,290,291,228,274,260,285,268,292,267,244,232,264,269,77,0,0,145,248,339,259,302,300,295,338,56,4,3,3,334,239,288,331,251
FOODS_1_021,FOODS_1,FOODS,0,0,0,0,0,0,0,0,0,0,0,0,0,0,0,0,0,0,0,0,0,0,0,0,0,179,463,681,553,786,779,723,713,933,691,1090,633,681,917,965,859,799,938,1070,798,851,663,1040,933,820,911,1048,897,778,726,573,477,462,280,498,409,362,451,323,243
FOODS_1_022,FOODS_1,FOODS,0,0,0,0,0,0,0,0,0,0,0,0,0,0,0,0,1,0,0,0,8,0,0,0,0,0,0,0,0,0,97,92,107,98,98,59,94,71,61,71,57,70,67,65,68,95,94,88,85,65,112,99,114,140,131,138,121,110,92,91,79,50,67,63,63
FOODS_1_023,FOODS_1,FOODS,0,0,0,0,5,100,125,125,116,135,142,154,192,127,108,91,165,331,423,456,484,632,611,619,668,602,683,666,670,651,690,827,731,805,768,677,685,648,603,547,520,610,462,477,518,675,514,554,582,506,559,534,456,581,584,651,748,708,674,715,727,657,767,736,588
FOODS_1_024,FOODS_1,FOODS,80,612,484,510,453,554,485,312,307,403,234,257,339,607,381,367,401,380,369,310,267,327,302,431,157,259,308,286,286,282,365,347,318,367,311,485,371,320,284,277,172,268,275,204,235,280,254,441,270,272,238,225,277,314,340,389,317,357,289,436,357,281,281,312,251
FOODS_1_025,FOODS_1,FOODS,0,0,0,0,0,0,0,0,0,0,0,0,0,0,0,0,0,0,0,0,0,0,13,199,292,464,396,326,348,273,267,341,287,298,274,280,299,290,263,114,215,259,194,186,165,133,128,193,145,216,155,164,202,173,168,205,150,181,171,168,148,222,157,197,184
FOODS_1_026,FOODS_1,FOODS,20,212,173,235,167,187,173,155,120,136,122,162,190,198,212,219,30,0,2,204,186,194,124,191,174,216,269,186,117,3,2,126,228,208,145,176,186,180,189,238,10,3,21,167,136,170,152,195,154,156,191,205,234,214,222,214,159,172,123,179,48,1,2,173,182
FOODS_1_027,FOODS_1,FOODS,0,0,0,0,0,0,0,0,0,0,0,0,0,0,0,0,0,0,0,0,0,48,749,1108,1413,1499,1575,1446,1502,1021,1317,1209,775,991,708,941,27,1143,1338,1652,1568,1299,965,779,612,524,370,788,696,622,551,565,591,593,603,532,404,399,419,576,632,697,711,698,570
FOODS_1_028,FOODS_1,FOODS,0,0,0,0,0,0,0,0,0,0,0,0,0,0,0,0,0,0,0,0,0,0,0,0,0,0,0,50,1266,1104,778,544,7,2,2,314,824,644,3,39,351,447,700,536,232,142,71,283,381,370,540,463,595,620,429,381,193,251,95,222,397,296,299,438,292
FOODS_1_029,FOODS_1,FOODS,0,0,0,105,127,109,108,118,114,110,75,118,104,114,130,75,73,66,73,72,102,92,102,84,99,113,91,73,59,40,27,50,68,56,71,75,31,42,76,34,41,39,37,53,26,40,53,56,26,27,90,56,75,122,75,94,92,77,64,66,72,67,99,99,69
FOODS_1_030,FOODS_1,FOODS,3,57,82,189,137,133,165,28,0,0,210,200,187,158,142,144,143,148,141,383,743,419,109,115,104,120,134,116,159,124,99,2,2,1,76,80,57,100,110,133,174,145,115,5,3,6,62,71,86,100,114,143,162,200,111,1,0,2,62,114,102,134,128,164,132
FOODS_1_031,FOODS_1,FOODS,57,393,408,436,356,351,350,354,342,378,338,405,308,383,368,310,316,319,306,312,329,270,313,479,304,377,344,24,4,2,4,77,354,387,392,469,355,387,356,183,8,6,5,145,318,330,315,349,386,358,356,416,453,386,368,419,357,337,333,494,439,351,401,394,314
FOODS_1_032,FOODS_1,FOODS,159,1324,1370,903,1385,1442,3258,2018,1875,2438,2167,2526,2677,3020,3585,4572,3273,4715,4342,3032,3143,2528,2295,3723,2748,2943,3485,2765,2716,2750,3332,2539,1866,1815,1277,2471,2463,2088,0,0,0,0,0,0,0,4,79,760,1631,1386,1405,609,0,1180,959,2658,2850,2776,1701,2522,2581,2045,2064,2037,1586
FOODS_1_033,FOODS_1,FOODS,0,0,0,0,0,0,0,0,0,0,0,0,0,0,0,0,0,31,56,76,73,70,51,52,51,61,48,29,42,25,53,19,19,16,31,26,19,22,22,37,42,28,39,32,46,54,53,50,43,66,39,83,72,135,144,143,100,91,101,77,74,83,66,56,32
FOODS_1_034,FOODS_1,FOODS,0,0,0,28,44,45,71,105,79,101,73,69,84,59,77,70,92,91,75,67,83,84,74,84,89,81,92,88,92,73,106,109,93,87,77,73,66,75,76,90,102,114,123,96,107,82,95,130,97,47,88,79,102,109,147,183,220,201,226,252,189,183,200,230,168
FOODS_1_035,FOODS_1,FOODS,27,147,147,244,200,146,149,175,210,136,1,1,1,289,238,154,119,117,136,85,45,70,2,0,44,128,105,10,7,57,113,170,149,39,23,3,43,187,207,12,12,2,198,221,240,61,3,1,251,340,291,335,298,324,305,315,289,111,2,2,296,287,305,328,273
FOODS_1_036,FOODS_1,FOODS,69,748,923,822,410,466,498,497,373,398,111,2,70,525,430,342,257,346,341,384,362,323,355,446,488,388,426,361,462,453,409,386,328,275,161,204,222,250,334,451,440,412,482,447,483,508,358,414,470,556,369,443,418,443,498,360,370,348,310,396,358,376,482,523,371
FOODS_1_037,FOODS_1,FOODS,10,246,126,215,230,238,288,81,0,0,551,460,386,642,512,454,276,258,194,822,1936,1087,220,313,242,313,316,186,208,194,145,3,3,5,325,340,292,256,257,319,252,255,143,2,5,7,171,336,278,310,218,282,294,274,161,0,2,2,197,381,264,306,367,352,295
FOODS_1_038,FOODS_1,FOODS,0,259,295,323,348,261,271,173,161,232,198,252,311,211,235,222,267,234,249,212,140,269,89,193,61,192,298,276,301,220,201,192,179,222,192,97,0,201,202,161,206,184,198,159,171,230,146,191,163,214,178,162,48,0,38,216,118,162,139,182,186,168,84,200,164
FOODS_1_039,FOODS_1,FOODS,0,0,0,0,0,0,0,0,0,0,0,0,0,0,0,0,0,0,41,85,101,137,121,152,129,130,174,164,121,80,90,123,105,109,123,129,98,95,98,101,143,114,134,127,117,115,110,101,84,104,87,72,75,44,45,57,51,47,61,91,53,66,99,132,96
FOODS_1_040,FOODS_1,FOODS,78,588,684,666,499,570,630,541,373,476,329,437,487,596,528,451,428,484,441,500,517,487,475,656,643,568,556,335,462,444,459,372,389,367,50,1,3,269,444,671,102,9,33,437,390,332,211,347,419,441,370,430,390,496,494,405,325,329,253,370,351,408,461,370,260
FOODS_1_041,FOODS_1,FOODS,46,409,67,3,2,8,0,9,381,405,381,459,446,416,437,342,373,289,23,24,397,402,388,293,422,386,360,328,92,8,14,338,385,127,13,12,9,13,3,297,389,226,6,10,141,371,259,279,307,239,336,262,291,307,179,36,292,305,316,312,267,236,320,225,212
FOODS_1_042,FOODS_1,FOODS,0,0,0,0,0,0,0,0,0,0,0,0,0,0,0,0,0,7,456,1025,812,944,1041,1205,817,723,715,759,738,686,1008,1110,898,1021,1058,1237,831,859,1221,1027,1112,1201,1147,1200,1089,1169,1095,1398,1064,1068,977,1028,1172,1232,1191,1122,1015,781,835,1098,903,971,1157,1213,800
FOODS_1_043,FOODS_1,FOODS,0,0,0,0,0,0,0,0,0,0,0,106,1366,2725,3733,3649,3661,2588,3751,3504,2910,2492,2350,2589,2975,3428,3709,2266,2851,3088,3181,2854,2276,2216,2321,3169,3794,3643,2686,2925,2479,2681,2422,2683,1932,1732,1542,1793,2376,1651,1810,2448,3546,2553,2804,1979,1865,1761,1364,1698,2580,427,1,477,2810
FOODS_1_044,FOODS_1,FOODS,260,1541,1868,1122,1262,794,653,639,548,514,763,744,925,770,653,916,791,502,486,299,7,6,40,638,573,442,94,36,6,10,709,618,3,2,2,315,777,617,1,62,291,334,494,376,206,140,92,274,372,315,362,460,520,504,337,286,146,209,102,202,349,293,274,355,319
FOODS_1_045,FOODS_1,FOODS,72,578,668,541,492,514,585,505,504,507,349,531,523,519,503,541,385,574,522,566,535,518,465,510,505,464,661,468,578,627,517,400,510,501,110,0,3,394,457,628,104,5,32,456,469,527,276,310,446,542,405,477,517,581,654,505,462,410,378,449,404,416,448,305,353
FOODS_1_046,FOODS_1,FOODS,139,720,934,668,872,1053,2344,1946,2345,2619,2115,2417,3401,3760,3900,3674,3034,3363,3281,3193,2775,2096,2120,2968,2228,2337,1733,2676,1921,1958,2456,2195,1583,1474,1430,2250,1657,1948,2263,2259,1718,1635,1555,1406,1138,1232,1235,1700,1507,1522,1388,1681,1245,1508,2073,2040,1974,1699,1481,1923,1674,1653,1812,1692,1258
FOODS_1_047,FOODS_1,FOODS,79,514,508,520,525,458,399,442,460,468,434,499,435,414,332,364,427,424,362,371,409,465,416,566,371,330,384,38,4,13,20,36,348,319,196,254,313,279,298,148,4,5,7,129,305,247,226,294,313,327,265,292,335,317,278,260,266,328,308,330,311,324,319,336,238
FOODS_1_048,FOODS_1,FOODS,0,0,0,0,0,0,0,0,0,12,46,84,123,94,125,113,132,147,142,162,177,165,136,210,205,174,168,173,162,210,201,176,206,184,182,140,173,173,206,116,7,104,153,158,137,119,95,138,122,103,156,143,148,158,153,167,152,169,135,151,164,190,152,171,130
FOODS_1_049,FOODS_1,FOODS,40,242,260,227,258,189,272,218,261,286,240,235,261,301,428,355,340,317,317,306,373,307,274,268,242,214,233,198,196,206,187,210,18,1,0,1,0,0,0,0,1,0,0,147,226,217,196,200,158,165,190,197,192,186,68,20,167,168,162,143,217,136,157,141,167
FOODS_1_050,FOODS_1,FOODS,0,0,0,0,0,0,0,0,0,9,25,31,28,24,52,50,65,61,91,73,83,68,80,80,91,103,93,88,123,114,96,128,97,90,73,68,65,67,96,80,6,76,95,117,114,117,108,91,109,115,106,110,128,150,117,125,148,160,133,121,108,142,154,167,115
FOODS_1_051,FOODS_1,FOODS,0,0,0,0,0,0,0,0,0,0,0,0,0,0,0,0,0,0,69,135,141,170,142,148,140,110,198,294,300,326,308,284,304,286,241,257,250,258,289,306,377,325,329,359,357,350,248,320,302,326,274,274,293,312,275,296,270,332,286,339,346,393,369,422,280
FOODS_1_052,FOODS_1,FOODS,0,0,0,0,0,0,0,0,0,0,0,0,0,0,0,0,0,1,143,257,214,214,193,278,173,182,178,165,278,393,478,432,356,450,340,423,320,296,280,276,344,314,315,261,236,235,212,267,263,223,203,219,299,374,310,327,288,263,249,268,249,257,296,363,257
FOODS_1_053,FOODS_1,FOODS,12,155,129,134,126,119,134,165,163,170,145,132,171,144,145,145,151,148,177,158,166,138,132,96,102,103,108,93,100,68,75,95,100,98,84,70,84,93,98,97,123,138,122,116,117,101,114,87,126,91,78,72,78,93,103,91,110,117,106,96,118,92,132,130,105
FOODS_1_054,FOODS_1,FOODS,54,507,636,599,644,557,497,475,436,402,326,357,312,394,339,344,367,333,397,380,407,460,304,227,304,276,349,339,423,409,407,393,370,459,370,298,237,295,345,322,342,288,313,297,270,266,193,203,233,258,298,309,376,383,359,403,332,424,274,285,301,336,335,313,267
FOODS_1_055,FOODS_1,FOODS,121,1905,1241,239,3,697,657,732,555,838,1104,2841,1040,1351,837,885,1162,791,617,568,566,840,935,2649,1041,834,8,0,512,760,453,593,751,1046,1430,3315,999,631,17,9,693,889,899,945,914,1139,1148,3062,1049,471,6,41,934,1348,1090,1161,1038,1021,266,4,222,1731,773,718,1007
FOODS_1_056,FOODS_1,FOODS,0,0,0,0,0,0,0,0,0,0,0,0,0,0,0,0,0,0,0,0,0,0,0,0,0,0,0,0,0,0,0,0,0,13,124,206,190,140,3,0,2,138,198,139,146,142,159,56,0,3,24,164,182,150,63,25,167,157,132,171,154,20,1,36,143
FOODS_1_057,FOODS_1,FOODS,0,0,0,0,0,0,0,0,0,0,0,0,0,0,0,0,0,0,0,0,0,0,0,0,0,20,99,1,0,86,161,174,179,158,19,1,0,0,2,2,3,123,208,191,207,183,186,73,0,2,29,194,207,202,67,17,172,188,174,179,202,27,0,30,185
FOODS_1_058,FOODS_1,FOODS,0,0,0,0,0,0,0,0,0,0,0,68,407,1041,1224,1317,1509,1489,1827,1968,1701,1305,1277,1421,1593,1822,1412,1248,1321,1180,1152,1173,770,632,887,1305,1508,1265,1424,1234,1116,1262,879,1001,593,451,731,568,797,405,686,1314,1123,972,1100,841,640,622,475,666,1191,167,0,101,883
FOODS_1_059,FOODS_1,FOODS,0,0,0,0,1,0,0,0,0,0,0,0,0,0,0,0,15,0,0,0,0,0,0,0,0,0,0,0,0,6,221,273,321,258,242,241,208,257,265,309,287,266,244,240,277,265,256,286,356,262,318,348,337,382,361,296,396,377,468,350,427,341,371,461,336
FOODS_1_060,FOODS_1,FOODS,0,0,0,0,0,0,0,0,0,0,0,0,0,0,0,0,0,0,0,0,0,0,0,0,0,0,0,0,0,0,0,0,0,0,0,0,0,0,0,0,76,223,196,148,117,117,81,111,116,120,112,149,147,169,183,120,105,107,113,196,145,163,194,129,140
FOODS_1_061,FOODS_1,FOODS,92,798,930,843,852,1128,922,143,464,1117,846,1020,993,817,826,819,953,891,806,842,686,750,761,795,854,613,632,574,715,591,702,672,666,604,166,0,1,463,578,544,503,501,576,628,561,534,464,570,569,504,482,569,618,580,504,604,594,539,478,431,483,431,586,604,470
FOODS_1_062,FOODS_1,FOODS,34,303,308,277,280,220,209,205,165,174,170,213,187,215,240,164,181,173,150,163,122,158,97,132,140,196,140,125,176,195,153,176,133,108,129,143,124,141,179,178,216,185,178,174,125,144,104,136,133,126,146,116,158,120,127,172,147,167,130,164,147,202,215,181,266
FOODS_1_063,FOODS_1,FOODS,35,414,397,460,338,396,415,391,366,407,198,290,265,275,321,277,353,390,416,400,310,379,248,322,278,256,330,305,379,362,335,309,301,289,255,266,242,266,262,345,326,322,320,312,256,280,202,276,185,247,214,214,182,185,268,186,172,220,173,171,192,199,344,325,267
FOODS_1_064,FOODS_1,FOODS,24,331,329,269,232,260,238,249,182,206,160,183,177,257,204,160,156,150,112,128,136,125,122,143,107,117,189,195,184,195,212,195,209,175,169,212,176,205,177,179,184,198,173,182,132,126,111,162,140,141,154,155,195,175,187,206,188,189,169,236,191,134,140,167,95
FOODS_1_065,FOODS_1,FOODS,24,257,196,226,147,1,0,46,197,215,191,250,182,181,198,68,5,3,13,199,252,235,220,233,188,160,168,263,283,221,237,209,156,120,130,190,190,175,201,132,12,5,8,80,226,223,166,279,220,228,212,227,258,194,249,262,212,238,260,386,281,299,286,236,166
FOODS_1_066,FOODS_1,FOODS,24,215,261,220,229,280,293,331,273,311,249,301,253,235,308,283,298,343,353,405,368,356,295,254,376,314,289,272,299,322,294,246,246,217,193,220,211,225,250,241,264,247,304,270,270,183,181,178,159,193,249,258,202,210,206,240,245,302,229,298,267,333,286,267,208
FOODS_1_067,FOODS_1,FOODS,109,859,848,725,1113,955,945,785,834,891,1065,1705,1256,1133,907,973,1085,1096,879,903,956,261,0,2,1085,998,1074,1065,921,880,833,808,820,522,0,5,472,952,1046,905,893,689,696,683,779,906,819,1578,1397,863,717,670,441,636,757,753,746,832,933,1159,835,660,750,764,563
FOODS_1_068,FOODS_1,FOODS,0,0,0,0,0,0,0,0,0,0,0,0,0,0,0,0,0,0,0,0,0,0,0,0,0,0,0,0,0,0,4,142,115,95,92,159,160,276,290,254,238,289,244,223,184,136,118,123,222,190,153,167,156,124,104,105,84,96,79,117,62,45,63,75,54
FOODS_1_069,FOODS_1,FOODS,40,164,130,220,267,239,297,334,329,419,212,0,162,378,416,415,471,386,263,354,340,0,0,39,463,417,481,448,365,416,365,358,441,18,7,0,314,489,451,135,1,2,304,510,536,156,0,0,332,409,382,141,6,1,388,475,444,159,5,6,360,418,528,509,381
FOODS_1_070,FOODS_1,FOODS,0,0,0,0,0,0,0,0,0,0,0,0,0,0,0,0,0,0,0,0,0,0,0,0,0,59,173,337,388,245,316,307,409,398,332,403,297,405,378,208,185,141,194,197,197,172,165,158,187,200,177,116,99,116,194,126,134,162,150,197,198,207,286,259,226
FOODS_1_071,FOODS_1,FOODS,0,0,0,0,0,0,0,0,0,0,0,0,0,0,0,0,0,0,0,0,0,0,73,150,124,124,185,207,275,265,328,279,221,140,0,0,84,160,241,228,262,280,261,222,247,244,182,334,254,281,270,268,321,203,295,289,307,329,404,686,397,299,344,313,318
FOODS_1_072,FOODS_1,FOODS,0,0,0,71,0,0,120,240,196,260,254,271,207,275,159,84,89,69,78,65,69,62,71,94,98,131,157,141,105,109,111,150,155,206,147,153,190,132,111,142,110,124,135,143,88,70,87,100,155,140,53,1,0,0,0,1,76,184,175,242,219,192,203,260,161
FOODS_1_073,FOODS_1,FOODS,37,333,351,337,318,291,245,244,215,197,271,251,43,8,22,204,219,224,184,76,9,3,112,146,167,37,2,3,234,303,278,270,288,254,211,282,279,267,261,246,245,227,213,181,123,131,150,182,160,174,163,172,189,199,161,181,162,171,162,175,197,191,180,185,122
FOODS_1_074,FOODS_1,FOODS,74,569,49,1,0,0,1,8,510,509,505,621,574,555,561,548,491,440,36,35,577,568,598,490,625,524,585,412,116,1,6,466,518,141,3,9,5,1,2,385,541,315,11,5,194,427,457,421,432,409,414,406,416,405,194,43,397,442,422,432,324,335,326,287,266
FOODS_1_075,FOODS_1,FOODS,21,266,243,207,81,2,1,67,262,189,248,529,180,211,173,94,1,3,1,411,373,374,341,709,212,231,243,27,16,2,7,87,334,365,131,429,200,185,180,76,4,5,3,109,187,263,126,317,137,182,189,126,85,80,77,102,59,111,99,254,104,121,154,119,93
FOODS_1_076,FOODS_1,FOODS,15,191,220,148,98,119,113,170,203,189,185,161,140,129,205,170,188,155,161,204,257,230,257,237,254,214,254,188,215,221,286,265,262,244,218,168,202,171,227,231,220,256,247,251,304,286,284,230,251,180,229,255,263,273,318,329,303,278,307,258,226,254,322,320,247
FOODS_1_077,FOODS_1,FOODS,0,0,0,0,0,0,0,0,0,0,0,0,0,0,47,52,96,75,73,75,79,80,82,80,70,65,61,44,45,24,30,27,37,17,31,39,54,55,58,53,66,55,64,20,5,1,0,0,0,79,81,78,108,70,78,58,61,69,62,54,60,49,59,79,60
FOODS_1_078,FOODS_1,FOODS,0,0,0,0,0,0,0,0,0,0,0,0,0,0,0,0,0,0,0,0,0,0,0,0,0,23,197,145,150,165,185,39,0,0,216,256,162,171,166,177,155,174,98,3,5,7,101,107,152,101,131,173,152,193,207,91,42,3,110,225,172,185,175,179,136
FOODS_1_079,FOODS_1,FOODS,0,15,25,19,9,22,25,21,23,35,33,33,30,27,13,29,30,20,15,30,25,13,23,20,18,9,11,15,27,19,11,24,21,10,11,29,33,38,45,42,41,26,26,32,20,39,39,19,14,33,55,40,51,33,29,34,35,31,31,21,30,34,27,53,43
FOODS_1_080,FOODS_1,FOODS,10,70,116,166,243,165,167,157,141,174,161,222,201,212,201,202,191,187,194,211,198,213,156,210,152,157,138,118,136,129,99,121,93,115,75,83,76,84,169,206,238,212,209,225,185,192,157,240,211,239,198,192,186,159,190,184,149,161,164,215,166,162,211,221,141
FOODS_1_081,FOODS_1,FOODS,0,0,0,0,8,98,116,80,60,101,92,88,75,63,95,88,108,220,238,265,265,329,352,279,308,272,270,308,316,290,279,230,227,226,252,291,300,243,249,243,261,280,359,364,302,325,275,245,255,212,220,247,253,318,277,312,274,357,245,211,233,247,282,274,195
FOODS_1_082,FOODS_1,FOODS,0,0,0,0,0,0,0,0,0,0,0,0,0,0,0,0,0,0,0,0,0,0,0,0,0,0,1512,1421,2292,2338,2227,2324,1480,1296,1077,1716,1637,1374,1790,2408,2102,2476,2342,1933,1637,1801,1678,2263,1994,1685,1763,1704,1264,1644,1441,1919,1447,1510,1334,2041,1704,1406,2166,1716,1498
FOODS_1_083,FOODS_1,FOODS,69,521,642,512,613,535,498,527,492,631,743,1391,841,762,499,445,466,493,438,443,413,184,4,2,681,611,692,660,686,565,652,699,673,324,4,1,377,585,396,602,613,513,501,590,506,551,515,952,538,439,375,583,615,596,626,720,628,676,917,809,688,701,463,459,372
FOODS_1_084,FOODS_1,FOODS,2,22,13,9,11,8,4,6,14,12,11,34,21,21,15,14,11,21,20,22,20,20,31,14,23,18,8,19,4,12,8,11,13,7,16,26,35,23,25,31,38,38,39,48,46,33,22,40,41,43,53,42,46,69,66,67,55,76,50,68,78,108,121,126,95
FOODS_1_085,FOODS_1,FOODS,161,993,1295,1335,1017,1175,2139,1924,2484,2545,1967,2397,3153,3546,3662,3203,2804,3203,2906,3077,2943,2548,2537,3399,2533,2148,2861,1628,2323,2408,2475,2566,1775,1954,1821,2196,2268,2389,2249,2139,2141,2121,2146,1980,1833,2025,1925,2423,2097,2202,1956,2055,2467,2449,2974,2913,2929,2833,2285,2587,2593,2601,2828,2572,2066
FOODS_1_086,FOODS_1,FOODS,115,889,847,827,904,1145,913,986,887,863,763,1000,821,883,825,763,747,800,1028,974,966,814,749,837,928,695,732,854,911,975,1000,977,710,764,610,758,773,788,819,693,687,685,697,930,823,836,543,514,673,637,456,570,758,792,737,691,621,406,382,376,408,431,685,669,436
FOODS_1_087,FOODS_1,FOODS,0,0,0,0,12,271,287,284,304,270,261,295,229,195,249,209,333,616,659,680,648,598,598,570,582,504,579,641,704,700,738,691,659,717,762,750,724,674,793,725,706,850,824,931,860,846,823,765,818,706,767,696,735,905,979,1001,957,1078,864,982,916,891,933,873,695
FOODS_1_088,FOODS_1,FOODS,66,1014,724,761,765,452,342,332,381,510,450,1139,449,657,513,394,489,446,411,445,484,594,617,1072,521,679,411,297,390,387,379,413,461,584,539,1160,550,575,406,357,330,292,345,377,325,369,428,680,457,442,155,5,3,3,5,1,101,445,445,761,434,479,449,468,557
FOODS_1_089,FOODS_1,FOODS,0,0,0,0,0,0,0,0,0,0,0,0,0,0,0,0,0,0,0,0,0,0,0,0,0,1,67,46,74,51,61,5,0,0,77,65,70,60,117,101,111,138,66,0,1,6,65,152,108,106,107,111,143,140,155,73,18,1,41,66,178,133,169,151,136
FOODS_1_090,FOODS_1,FOODS,31,388,273,338,170,0,0,71,297,249,137,235,201,301,250,57,0,0,3,235,393,404,391,440,256,304,363,34,5,1,5,37,275,329,227,276,202,212,170,76,0,1,1,121,304,373,234,265,235,214,185,121,191,198,140,245,156,290,247,331,273,265,258,276,215
FOODS_1_091,FOODS_1,FOODS,33,283,355,288,294,297,240,288,242,245,195,165,220,267,326,315,238,290,267,307,361,245,190,217,221,206,174,26,1,127,244,312,299,260,60,0,0,0,0,1,1,232,296,288,250,255,204,53,3,0,27,223,209,250,86,21,274,229,240,243,262,35,2,50,208
FOODS_1_092,FOODS_1,FOODS,0,0,0,0,0,0,0,0,0,0,0,0,0,0,0,0,0,0,199,388,388,417,440,667,834,799,1036,744,883,796,798,862,552,552,365,539,5,718,694,696,671,627,444,444,297,302,249,312,300,332,340,346,368,372,347,373,277,286,279,395,467,372,356,326,275
FOODS_1_093,FOODS_1,FOODS,0,0,0,0,3,45,68,51,73,62,48,46,46,28,29,27,33,86,136,102,120,101,132,111,123,92,50,70,123,97,141,146,133,70,89,39,61,35,57,70,87,100,96,138,162,123,111,111,101,94,110,126,94,133,133,196,154,164,141,135,149,87,172,130,107
FOODS_1_094,FOODS_1,FOODS,70,499,518,471,433,359,295,314,297,327,286,395,334,359,301,266,241,236,256,284,251,261,289,365,272,246,330,523,581,578,482,353,226,260,281,324,244,234,214,98,2,1,3,107,267,263,183,306,301,249,247,278,240,317,280,277,299,299,253,333,302,328,344,370,313
FOODS_1_095,FOODS_1,FOODS,25,233,0,171,186,250,206,201,175,156,168,135,190,166,142,150,145,190,148,107,126,76,94,104,99,111,116,92,79,76,80,84,108,99,105,152,165,151,109,153,109,141,130,150,122,140,96,70,88,71,102,124,97,74,0,28,131,128,121,94,123,104,145,117,74
FOODS_1_096,FOODS_1,FOODS,92,859,888,676,622,582,519,731,767,760,703,694,686,525,535,578,625,588,544,665,636,610,624,531,527,484,491,443,462,393,409,543,571,708,955,1251,1608,1148,1296,1441,1567,1641,1581,1533,2009,2335,2304,2240,2478,2127,2750,2839,2096,2479,3223,2809,3167,3481,3529,3270,4009,3537,4238,4145,2850
FOODS_1_097,FOODS_1,FOODS,0,0,0,0,0,0,0,0,0,0,0,0,0,0,0,0,0,3,312,500,456,473,549,750,415,413,448,407,419,381,634,660,655,684,624,789,494,401,540,513,588,558,542,564,549,592,498,683,563,537,622,571,642,616,530,558,614,634,482,676,591,467,772,658,572
FOODS_1_098,FOODS_1,FOODS,0,0,0,0,0,0,0,0,0,0,0,0,0,0,0,0,0,0,0,0,18,2,8,27,18,6,3,36,24,0,48,21,17,19,70,122,141,130,139,128,131,135,147,162,168,189,193,161,203,146,207,183,179,206,195,169,187,233,220,259,283,267,322,328,275
FOODS_1_099,FOODS_1,FOODS,0,0,0,0,0,0,0,0,0,0,0,0,0,0,0,0,0,0,0,0,0,0,0,0,0,0,403,1383,1837,1919,1922,1824,1398,1285,1012,1407,1026,1122,1396,1899,1694,1672,1754,1645,1515,1597,1537,1939,1772,1798,1757,1572,1958,1786,2081,2179,1875,2068,1707,2112,2206,1987,2188,1840,1584
FOODS_1_101,FOODS_1,FOODS,11,166,141,108,132,164,138,142,175,178,170,152,126,153,200,196,192,200,150,123,144,193,209,224,132,125,100,87,102,106,93,121,95,89,0,0,42,78,172,205,196,190,197,223,181,275,200,543,191,187,168,195,238,252,200,279,214,204,295,466,244,212,219,199,147
FOODS_1_102,FOODS_1,FOODS,23,183,236,244,219,219,230,203,175,185,48,0,43,250,289,263,220,211,231,248,207,187,205,225,220,236,228,234,240,217,206,225,241,242,218,229,183,187,276,299,279,253,247,254,270,283,212,242,282,241,190,137,134,96,137,182,136,145,116,146,145,177,245,268,205
FOODS_1_103,FOODS_1,FOODS,61,526,547,437,25,1,603,799,335,401,357,355,356,359,433,121,3,1,3,8,416,446,437,535,520,432,402,12,8,6,9,9,197,457,363,410,381,406,414,484,421,383,419,316,266,257,220,317,305,296,263,182,305,296,261,329,331,377,325,265,268,301,283,259,281
FOODS_1_104,FOODS_1,FOODS,79,860,672,895,532,0,0,177,988,864,663,901,597,694,568,192,3,7,1,652,811,859,845,1148,631,790,552,57,4,8,9,112,676,750,719,1141,730,706,569,269,10,3,14,225,481,547,508,963,587,713,607,933,936,898,889,819,739,905,814,1277,925,962,603,742,473
FOODS_1_105,FOODS_1,FOODS,0,0,0,0,0,0,0,0,0,0,0,22,31,5,107,104,106,194,224,249,227,316,324,225,168,153,264,193,295,281,343,392,378,434,337,285,256,227,237,242,276,252,264,259,286,277,248,184,192,167,11,16,26,17,8,8,27,38,27,19,26,33,170,237,208
FOODS_1_106,FOODS_1,FOODS,68,684,658,620,648,549,481,501,478,563,583,657,462,551,540,475,537,548,498,457,420,405,482,611,499,500,611,633,758,789,685,578,413,463,498,553,388,375,389,209,1,5,14,162,387,430,448,541,472,436,397,423,565,503,442,484,463,435,401,533,503,526,445,493,377
FOODS_1_107,FOODS_1,FOODS,8,32,17,23,15,12,18,20,18,16,10,49,70,45,40,43,41,63,51,50,54,43,51,38,39,38,41,22,40,38,33,32,28,39,50,83,86,73,74,98,126,106,112,103,95,116,92,100,103,82,93,85,128,104,166,185,238,230,215,276,239,234,300,312,259
FOODS_1_108,FOODS_1,FOODS,53,504,512,492,471,489,506,576,346,390,235,298,340,388,405,526,614,445,479,473,350,516,305,382,363,358,354,377,507,430,385,414,313,487,296,296,244,450,322,387,436,425,407,439,269,387,247,201,278,292,276,384,408,371,389,334,250,372,218,303,284,409,405,463,360
FOODS_1_109,FOODS_1,FOODS,0,0,0,0,0,0,0,0,0,0,0,0,0,0,0,0,0,0,151,304,171,252,298,353,323,86,0,0,219,216,272,313,265,254,260,279,55,0,0,204,296,305,269,295,284,126,0,0,137,54,0,74,346,266,252,280,218,49,0,0,183,239,229,220,154
FOODS_1_110,FOODS_1,FOODS,0,0,0,0,0,0,0,0,0,0,0,43,535,1223,1673,1666,1670,1153,2157,2082,1350,1207,1222,1520,1560,1887,2098,1461,1521,1854,1718,1808,1290,1266,1282,1467,1959,1588,1711,1727,1701,1558,1555,1654,1227,978,962,1430,1455,1269,1333,1971,2327,2180,2144,1421,1339,1223,949,1248,1661,256,2,274,1691
FOODS_1_111,FOODS_1,FOODS,0,0,0,0,0,0,0,0,0,0,0,0,0,0,0,0,0,0,0,0,0,0,0,0,0,0,0,0,0,0,0,0,0,0,0,0,0,12,18,8,0,74,95,108,76,90,96,71,83,84,79,96,117,85,74,91,90,112,112,93,115,94,137,115,82
FOODS_1_112,FOODS_1,FOODS,47,454,455,505,534,450,426,486,398,492,374,485,438,480,478,443,453,424,369,386,362,360,293,334,368,261,361,325,445,445,407,405,388,411,376,305,410,397,402,204,4,9,202,377,360,309,256,302,248,307,286,302,284,279,284,335,291,340,208,297,346,379,360,320,201
FOODS_1_113,FOODS_1,FOODS,0,0,0,0,0,0,0,0,0,0,0,0,0,0,365,653,1703,2169,2225,1706,1235,961,941,1078,1119,1352,1278,666,620,688,847,752,1184,2322,1745,2175,1949,1312,0,0,0,0,0,0,32,1267,1401,2004,1592,1082,1166,257,0,954,1341,1628,1423,1487,939,1288,995,815,1410,1223,1083
FOODS_1_114,FOODS_1,FOODS,13,230,241,182,117,3,1,71,226,163,128,159,138,164,173,61,5,2,4,297,302,279,171,214,169,169,233,16,3,1,6,73,303,286,173,185,151,142,155,76,3,0,2,147,250,395,147,190,130,114,138,132,148,112,126,105,114,139,122,201,170,191,131,132,101
FOODS_1_115,FOODS_1,FOODS,0,0,0,0,0,0,0,0,0,0,0,0,0,0,0,0,0,0,0,0,0,0,0,0,0,0,0,0,0,0,12,245,229,192,152,175,349,501,490,439,441,448,490,387,276,228,206,254,481,348,323,347,271,274,231,274,166,197,208,190,174,159,169,173,117
FOODS_1_116,FOODS_1,FOODS,23,290,328,227,273,187,179,202,235,211,126,2,50,182,227,181,147,278,317,275,264,11,16,23,206,171,236,194,182,221,270,313,279,5,0,2,127,250,244,91,2,6,219,286,253,87,0,0,251,302,254,63,2,3,156,278,297,96,3,0,289,329,306,313,175
FOODS_1_117,FOODS_1,FOODS,16,244,414,444,454,400,419,58,0,3,415,509,453,465,412,453,415,407,372,353,258,325,260,336,304,60,1,1,228,255,297,242,242,284,194,240,56,2,2,185,225,252,237,227,216,116,1,2,144,43,1,45,255,250,280,211,184,41,2,1,171,196,238,219,200
FOODS_1_118,FOODS_1,FOODS,0,0,0,0,0,0,0,0,0,0,0,0,0,0,0,0,0,0,89,186,130,126,127,221,117,175,174,147,190,347,355,356,302,352,406,536,369,291,151,135,142,131,167,160,107,103,127,211,146,106,178,203,238,277,256,257,244,238,280,505,312,230,280,258,222
FOODS_1_119,FOODS_1,FOODS,30,185,179,206,67,1,0,43,132,162,122,122,105,110,95,26,0,0,2,73,93,110,111,119,95,80,66,101,129,98,106,75,73,84,88,91,80,62,130,82,3,1,1,61,109,139,118,154,170,167,159,179,147,153,144,126,119,154,133,150,124,157,137,100,78
FOODS_1_120,FOODS_1,FOODS,0,0,0,0,0,0,0,0,0,0,0,13,318,880,958,807,609,706,925,1022,868,622,527,525,762,975,1170,687,697,557,599,689,486,462,396,503,964,563,527,554,435,379,429,329,310,265,325,312,303,273,278,241,364,407,369,342,301,222,277,364,442,59,0,56,544
FOODS_1_121,FOODS_1,FOODS,49,397,521,670,676,622,715,584,379,427,350,524,425,449,413,342,391,426,376,426,364,367,278,423,406,411,508,481,354,321,280,322,316,392,314,329,302,248,276,257,364,291,351,295,244,230,185,256,198,192,217,155,184,248,286,219,199,227,174,318,257,267,229,263,225
FOODS_1_122,FOODS_1,FOODS,0,0,0,0,0,0,0,0,0,0,0,0,0,0,0,0,0,0,0,0,0,0,0,0,0,0,0,0,0,0,0,0,0,0,0,0,0,0,0,0,0,0,0,0,0,0,1,270,325,332,282,327,333,567,289,243,276,268,278,302,284,241,376,366,379
FOODS_1_123,FOODS_1,FOODS,37,458,311,391,225,0,2,62,334,361,282,492,296,365,280,66,18,22,14,254,262,327,285,299,306,327,381,50,16,15,16,33,248,265,242,410,293,330,285,159,16,5,1,87,308,347,364,532,403,415,267,249,328,291,196,258,266,327,273,509,290,371,315,288,208
FOODS_1_124,FOODS_1,FOODS,11,199,521,551,537,443,403,49,2,2,514,587,555,608,625,549,512,519,421,499,379,385,407,464,407,77,1,3,245,232,314,360,395,363,297,301,42,0,0,191,335,297,299,297,257,164,1,2,166,75,9,80,364,299,294,320,313,123,4,3,268,352,311,330,231
FOODS_1_125,FOODS_1,FOODS,0,0,0,0,0,0,0,0,0,0,0,0,0,0,0,0,0,0,0,0,0,0,0,0,0,0,0,0,0,0,0,0,0,9,65,122,111,124,150,158,198,196,203,180,197,208,145,187,172,173,231,225,253,222,146,0,1,0,78,1,2,87,236,238,179
FOODS_1_126,FOODS_1,FOODS,0,0,0,0,0,0,0,0,0,0,0,0,0,0,107,180,154,131,120,45,31,29,9,6,3,2,4,1,0,0,0,0,0,0,0,0,0,0,0,0,1,123,169,157,129,153,126,45,0,13,19,167,205,195,58,29,152,170,156,135,138,12,0,25,130
FOODS_1_127,FOODS_1,FOODS,55,495,536,689,543,599,548,569,516,519,511,501,84,6,55,448,558,346,329,154,5,3,175,231,258,94,2,1,388,615,510,497,420,481,487,434,448,500,433,417,431,391,413,325,317,355,371,347,336,348,328,339,338,334,378,293,272,288,295,332,291,259,305,304,194
FOODS_1_128,FOODS_1,FOODS,22,288,329,297,245,491,393,51,153,55,168,210,197,228,262,223,242,193,116,159,142,166,149,280,214,278,273,223,165,128,147,175,116,126,217,233,125,152,156,188,206,162,154,154,114,139,76,276,134,183,142,109,135,125,113,162,149,142,115,220,102,145,171,143,114
FOODS_1_129,FOODS_1,FOODS,68,416,367,283,184,157,131,408,454,489,467,491,414,269,273,216,235,246,210,250,238,225,272,357,450,465,610,610,743,719,718,637,517,644,664,675,621,541,562,510,579,691,749,753,788,844,804,740,821,637,659,684,658,815,987,890,987,1115,987,1086,1171,1056,1109,1131,836
FOODS_1_130,FOODS_1,FOODS,55,505,543,509,398,337,357,380,331,361,120,3,58,382,446,317,350,328,344,364,331,384,274,316,283,359,432,340,358,391,379,422,432,472,374,378,322,384,463,405,384,409,397,475,473,383,342,322,359,332,346,344,386,428,409,420,326,211,276,261,280,419,514,484,404
FOODS_1_131,FOODS_1,FOODS,0,0,0,0,0,0,0,0,0,0,0,0,0,0,0,0,0,0,0,0,0,0,0,0,0,0,0,0,0,0,0,0,0,0,0,0,0,0,0,0,0,0,0,0,0,0,3,63,306,407,236,194,194,176,127,125,79,218,125,126,103,140,98,102,74
FOODS_1_132,FOODS_1,FOODS,0,0,0,0,0,0,0,0,0,0,0,0,0,0,0,0,0,0,0,0,0,37,262,337,505,485,645,502,511,445,487,564,371,420,284,353,4,392,385,437,433,508,279,289,227,187,154,227,228,180,177,180,198,260,225,220,182,218,146,236,269,240,247,239,197
FOODS_1_133,FOODS_1,FOODS,27,314,265,290,224,152,142,57,6,1,693,432,425,461,424,518,253,290,112,464,1193,534,163,220,108,151,197,156,175,114,80,0,2,2,178,315,218,209,151,206,95,91,106,9,0,0,82,144,151,133,143,145,159,145,126,0,0,2,130,134,145,158,177,187,231
FOODS_1_134,FOODS_1,FOODS,0,0,0,0,0,0,0,0,0,0,0,0,0,0,0,0,0,0,0,0,0,0,0,0,0,0,0,0,0,0,0,0,0,36,227,293,215,301,471,396,411,413,499,406,350,350,267,307,247,305,325,306,350,535,422,405,336,342,248,390,305,361,304,240,322
FOODS_1_135,FOODS_1,FOODS,7,90,116,200,262,192,235,238,251,238,123,0,118,189,232,195,196,198,141,192,184,4,5,30,242,209,210,191,199,243,165,219,194,15,4,1,112,199,245,87,0,0,132,228,194,41,0,0,208,205,196,62,0,0,164,229,216,70,5,14,197,205,260,284,220
FOODS_1_136,FOODS_1,FOODS,19,223,198,193,185,159,174,132,109,127,83,109,103,85,114,88,116,106,92,97,114,120,85,120,86,97,84,47,78,77,74,75,114,87,63,109,81,70,74,85,99,102,78,85,78,73,77,71,60,65,61,77,81,72,81,52,72,108,61,86,54,46,64,78,46
FOODS_1_137,FOODS_1,FOODS,104,706,533,626,730,979,1051,1188,1203,1387,1303,2479,1168,1328,936,806,903,816,878,940,858,280,12,10,347,312,313,497,668,792,773,936,1075,674,0,6,303,747,488,653,824,734,777,594,596,868,962,2025,796,673,405,730,939,892,918,826,781,729,983,1321,636,759,550,661,622
FOODS_1_138,FOODS_1,FOODS,27,252,319,266,221,251,205,198,201,226,101,2,119,210,258,257,307,333,281,268,199,6,4,15,227,234,241,222,244,307,213,274,251,9,3,0,161,332,339,93,0,0,177,265,241,61,0,0,223,230,240,92,3,12,175,316,306,87,2,3,215,239,232,228,226
FOODS_1_139,FOODS_1,FOODS,0,0,0,0,0,0,0,0,0,0,0,0,0,0,0,0,0,0,126,417,335,359,431,358,401,370,383,690,910,868,876,831,827,825,684,812,874,728,1010,966,731,860,825,757,652,726,588,711,748,690,569,680,761,896,834,792,713,561,488,692,608,654,937,919,741
FOODS_1_140,FOODS_1,FOODS,19,160,152,207,117,180,140,153,136,139,133,175,160,191,191,178,25,1,1,180,137,180,129,178,166,200,194,179,99,0,0,114,188,229,172,185,163,220,165,189,8,2,25,200,166,158,163,187,176,198,200,138,217,246,205,218,154,188,143,196,50,0,0,159,169
FOODS_1_141,FOODS_1,FOODS,27,255,266,243,107,1,3,31,133,152,120,197,153,163,160,40,5,4,1,146,155,189,145,166,153,162,195,19,7,3,12,27,159,186,116,171,154,155,146,101,18,6,13,69,145,142,140,144,123,124,106,158,169,175,156,150,167,151,167,179,155,158,138,122,106
FOODS_1_142,FOODS_1,FOODS,38,319,301,385,458,441,379,356,386,395,382,485,371,448,416,300,223,446,342,432,422,413,359,469,435,154,3,0,259,296,287,333,268,280,330,617,315,52,3,0,351,313,267,385,291,250,300,481,583,888,351,577,422,367,463,485,454,402,274,422,386,669,404,396,298
FOODS_1_143,FOODS_1,FOODS,33,313,329,317,221,194,267,246,205,310,316,393,283,399,375,306,398,292,198,225,266,96,2,4,281,273,260,259,308,303,275,316,280,156,0,2,191,333,191,167,205,172,132,150,137,96,139,249,215,162,199,222,261,226,227,266,202,258,180,324,268,267,252,281,188
FOODS_1_144,FOODS_1,FOODS,11,195,195,190,206,209,183,212,224,232,208,215,214,243,274,235,255,209,227,271,214,236,206,203,178,190,217,203,223,233,213,253,211,240,193,197,253,211,255,199,219,231,232,223,208,66,1,1,174,231,208,233,211,227,212,219,246,231,182,202,195,216,227,254,186
FOODS_1_145,FOODS_1,FOODS,0,0,0,0,0,0,0,0,0,0,0,0,0,0,0,0,0,0,313,541,384,461,440,475,396,360,352,355,360,340,570,566,543,631,447,483,478,504,563,481,519,461,464,525,445,431,362,372,429,371,419,372,417,470,457,428,406,365,318,372,381,345,485,482,434
FOODS_1_146,FOODS_1,FOODS,45,331,20,0,1,1,2,2,302,310,244,317,310,370,347,318,229,276,12,13,319,288,272,276,300,237,299,329,80,3,0,265,312,99,5,5,1,4,4,205,267,147,7,5,120,279,202,194,260,236,284,252,322,287,167,34,310,286,257,236,213,220,241,173,163
FOODS_1_147,FOODS_1,FOODS,0,0,0,0,0,0,0,0,0,1,0,0,0,0,0,0,17,0,0,0,2,0,1,0,0,0,0,0,0,5,129,150,216,183,187,172,232,213,173,142,193,162,143,138,158,185,204,154,171,126,123,153,138,186,195,173,176,167,158,165,180,148,187,170,98
FOODS_1_148,FOODS_1,FOODS,0,0,0,0,0,0,0,0,0,0,0,0,0,0,0,0,10,0,0,0,0,0,0,0,0,0,0,0,0,3,134,133,106,101,111,43,56,67,73,77,107,114,112,96,126,126,135,108,93,93,123,91,101,112,127,142,118,126,116,105,98,120,96,85,59
FOODS_1_149,FOODS_1,FOODS,0,0,0,0,0,0,0,0,0,0,0,0,0,0,0,0,0,0,95,181,170,118,162,195,163,131,195,139,207,377,332,335,286,350,275,354,295,250,306,321,362,441,351,336,298,321,285,327,358,253,309,330,369,335,265,285,279,331,197,269,255,263,447,376,320
FOODS_1_150,FOODS_1,FOODS,78,736,585,637,581,359,296,305,382,458,358,671,463,619,407,424,433,463,533,526,485,521,521,732,592,641,647,475,461,524,519,602,583,619,499,745,584,589,506,443,401,338,369,422,426,437,318,623,486,404,159,0,2,1,4,0,118,463,441,712,450,507,493,414,317
FOODS_1_151,FOODS_1,FOODS,0,0,0,0,0,0,0,0,0,0,0,0,0,0,0,0,0,0,0,0,0,0,0,0,66,119,122,99,114,123,77,101,159,282,130,113,86,67,58,100,67,57,50,80,102,198,51,80,78,82,60,88,114,116,81,93,130,149,63,57,64,138,116,111,155
FOODS_1_152,FOODS_1,FOODS,24,295,332,332,292,326,390,357,165,273,115,181,178,143,158,154,200,206,221,216,135,154,113,153,149,185,266,325,332,343,260,263,114,286,148,202,171,192,205,313,264,317,305,288,168,282,123,199,203,220,169,298,357,380,370,286,160,260,107,164,180,231,231,289,259
FOODS_1_153,FOODS_1,FOODS,27,224,300,342,387,360,403,360,354,359,311,318,314,316,312,234,235,255,217,197,164,208,155,218,174,179,389,331,303,335,336,344,356,356,299,325,243,288,315,317,276,311,326,322,279,292,272,309,301,242,289,317,365,347,317,354,314,267,251,301,272,299,335,289,260
FOODS_1_154,FOODS_1,FOODS,49,435,511,692,593,435,398,462,536,582,333,729,464,714,723,471,483,618,558,545,519,583,385,645,459,165,5,4,417,470,623,549,567,467,420,730,366,62,3,3,363,602,661,545,605,595,605,947,786,1404,979,843,842,709,871,995,815,886,773,1202,823,1011,978,829,673
FOODS_1_155,FOODS_1,FOODS,0,0,0,0,0,0,0,0,0,0,0,0,0,0,0,0,0,6,222,361,357,363,370,337,284,333,334,331,290,303,399,442,472,495,445,479,481,500,534,446,516,423,419,423,349,412,371,351,311,388,336,376,398,392,380,441,396,359,278,329,334,360,438,415,347
FOODS_1_156,FOODS_1,FOODS,0,0,0,0,0,0,0,0,0,0,0,0,0,0,202,272,262,227,214,221,260,210,169,171,162,123,160,177,194,197,183,181,34,0,1,1,0,0,0,0,1,4,1,203,295,254,171,219,168,124,116,166,136,150,37,20,183,222,187,193,222,250,267,217,188
FOODS_1_157,FOODS_1,FOODS,0,0,0,0,0,0,0,0,0,0,0,0,0,0,0,0,0,0,0,0,0,0,0,0,0,0,0,0,0,1,53,49,84,107,124,101,117,79,100,128,112,115,167,133,157,212,184,154,151,143,101,143,169,186,274,314,248,212,249,209,243,245,206,230,135
FOODS_1_158,FOODS_1,FOODS,0,0,0,0,0,0,0,0,0,9,79,105,169,141,177,182,156,149,135,177,145,161,132,139,122,119,178,136,110,141,135,129,101,126,94,110,67,100,102,107,134,129,103,112,98,79,61,93,76,68,92,54,103,89,108,110,79,86,63,94,95,82,92,93,77
FOODS_1_159,FOODS_1,FOODS,0,0,0,0,0,0,0,0,0,0,0,0,0,0,0,0,0,0,0,0,0,0,0,0,0,0,0,0,0,0,85,70,97,75,129,108,119,110,166,179,194,197,216,187,122,177,149,162,133,131,125,151,157,205,222,255,174,176,187,197,256,168,165,194,145
FOODS_1_160,FOODS_1,FOODS,0,0,0,0,0,0,0,0,0,0,0,0,0,0,0,0,0,0,0,0,0,0,0,0,0,0,0,0,0,0,0,0,0,0,0,0,0,0,0,0,0,0,0,0,0,0,0,24,126,0,0,59,183,142,145,121,109,137,133,165,134,169,195,188,163
FOODS_1_161,FOODS_1,FOODS,50,413,657,498,624,739,1301,978,1189,1717,1431,1482,1288,1599,1505,1862,1443,1439,1466,1350,1337,1049,971,1677,1099,1302,1807,1143,1432,1400,1321,1647,928,1186,1166,1792,1125,1269,1428,1352,1071,1394,1317,1400,1277,1417,1151,1895,1435,1539,1542,1510,1820,1659,2282,2119,1963,1884,1362,2138,1734,1767,2055,1124,320
FOODS_1_162,FOODS_1,FOODS,0,0,0,0,0,0,0,0,0,0,0,0,0,0,0,0,0,0,624,1666,1476,1307,1421,2080,1394,1913,2560,2167,3056,1888,2097,639,1350,1373,1158,1280,11,1861,2134,3351,3140,1833,1963,1496,931,892,735,1184,1057,980,1112,1141,1262,1240,1241,1145,877,931,835,1132,1166,1182,1244,1289,904
FOODS_1_163,FOODS_1,FOODS,0,0,0,0,0,0,0,0,0,0,0,0,0,0,0,0,0,0,0,0,0,0,0,0,0,0,0,0,0,0,0,0,0,0,0,0,0,0,0,0,121,597,1247,1215,830,1085,926,1346,1321,1385,1401,1776,1119,853,754,518,389,418,381,495,456,485,459,364,227
FOODS_1_164,FOODS_1,FOODS,0,0,0,0,1,34,48,24,35,24,43,30,31,17,37,36,42,71,132,137,146,171,136,119,101,96,76,70,96,109,115,90,89,121,128,151,140,97,108,90,111,122,136,156,134,139,135,111,120,82,90,117,127,131,106,131,147,136,125,121,145,135,99,127,84
FOODS_1_166,FOODS_1,FOODS,123,925,802,622,852,948,891,139,385,878,783,992,908,913,919,928,986,958,927,889,660,725,587,674,598,136,1,1,488,508,659,703,706,697,540,635,127,1,1,449,599,652,644,705,607,290,2,0,352,123,1,133,550,667,647,713,663,180,2,5,544,494,528,531,420
FOODS_1_167,FOODS_1,FOODS,32,299,297,295,272,255,267,221,176,204,174,182,183,214,199,193,218,221,210,192,202,196,141,147,143,152,159,133,196,213,157,153,136,108,89,156,170,92,150,176,192,160,170,120,151,134,144,152,148,140,144,134,124,126,149,154,166,154,119,159,140,139,129,140,98
FOODS_1_168,FOODS_1,FOODS,46,509,430,444,482,424,423,52,221,483,344,421,432,472,449,434,448,392,337,275,264,297,332,315,251,260,178,169,200,170,154,153,170,190,54,0,3,123,123,124,137,179,160,183,133,156,138,136,129,140,153,178,164,162,161,164,147,158,182,181,201,179,187,200,177
FOODS_1_169,FOODS_1,FOODS,0,0,0,0,0,0,0,0,0,0,0,0,0,0,0,0,0,23,75,497,887,588,142,174,206,182,261,141,125,140,119,0,2,9,147,157,111,118,144,114,165,151,134,4,0,1,143,200,122,133,112,125,147,166,98,1,5,2,114,206,201,201,119,107,114
FOODS_1_170,FOODS_1,FOODS,0,0,0,0,14,364,415,418,381,318,325,370,359,305,291,232,340,1142,1103,1124,1161,1032,1147,993,1075,942,1087,1080,1120,1052,1094,1281,1397,1404,1434,1223,1326,1270,1508,1419,1426,1514,1403,1522,1518,1557,1486,1351,1443,1188,1471,1306,1301,1170,1252,1262,1354,1438,1315,1219,1304,1159,1399,1332,1081
FOODS_1_171,FOODS_1,FOODS,0,0,0,0,3,0,0,0,0,0,0,0,0,0,0,0,2,0,0,0,0,0,0,0,0,0,0,0,0,2,166,170,165,154,99,115,80,109,116,146,126,152,143,183,151,183,185,166,189,176,160,184,211,234,274,220,189,181,181,167,188,207,219,236,146
FOODS_1_172,FOODS_1,FOODS,85,740,782,666,431,452,472,404,432,390,313,306,351,425,505,522,445,512,488,617,556,592,480,562,576,557,519,379,375,409,319,289,373,360,323,275,327,312,358,466,432,435,381,413,336,374,297,358,289,388,538,796,915,795,953,814,889,920,739,1044,1002,978,675,486,416
FOODS_1_173,FOODS_1,FOODS,88,747,881,825,785,1127,961,929,931,1210,1691,2504,1520,1096,685,743,825,834,873,1122,1014,371,16,16,1347,1250,1440,1184,1202,1201,1253,1218,953,590,10,14,631,1168,969,1086,992,820,1007,1032,912,1349,1314,2505,1066,934,685,604,951,1155,1366,1261,1191,1531,1373,2037,1017,1044,1034,1044,840
FOODS_1_174,FOODS_1,FOODS,45,541,446,450,322,244,212,194,203,211,207,340,241,330,291,264,285,284,226,186,179,231,207,353,236,286,346,216,197,224,199,198,162,204,203,393,274,366,272,288,248,211,193,158,120,163,113,249,219,181,71,2,0,2,2,0,68,160,133,210,145,196,181,175,192
FOODS_1_175,FOODS_1,FOODS,0,0,0,0,0,0,0,0,0,0,0,0,0,0,257,269,334,312,256,290,300,337,260,275,207,194,295,224,234,218,194,242,301,300,312,315,276,251,238,230,190,189,189,179,171,170,189,299,272,214,245,229,248,247,235,260,243,261,210,185,207,173,197,157,146
FOODS_1_176,FOODS_1,FOODS,3,23,48,117,152,120,150,33,0,0,240,223,204,169,161,132,122,130,132,391,646,1211,150,96,102,124,114,110,127,76,61,1,2,1,71,163,98,86,108,110,119,105,68,2,3,2,90,118,177,104,113,103,128,118,67,0,2,2,87,101,125,108,113,105,81
FOODS_1_177,FOODS_1,FOODS,22,295,282,289,224,205,170,177,175,154,93,166,192,206,188,234,230,251,277,227,253,238,151,191,183,187,202,225,232,211,174,201,170,191,151,173,140,151,169,217,185,127,166,174,152,159,121,169,124,153,165,206,228,217,192,244,166,183,151,214,205,242,283,235,196
FOODS_1_178,FOODS_1,FOODS,24,245,189,229,212,217,205,157,127,211,126,230,215,224,240,292,272,258,277,239,158,231,139,267,214,253,333,309,238,271,234,263,208,302,221,287,288,295,224,314,253,220,207,199,95,199,130,195,159,167,181,275,272,216,226,201,114,184,150,238,200,222,192,163,141
FOODS_1_179,FOODS_1,FOODS,0,0,0,0,0,0,0,0,0,0,0,0,0,0,0,0,0,0,0,0,0,0,0,0,0,0,0,0,0,0,0,0,0,0,0,0,0,0,0,0,0,0,0,0,0,0,0,48,319,286,214,257,215,136,124,119,88,61,48,43,101,70,84,68,58
FOODS_1_180,FOODS_1,FOODS,18,447,206,212,298,230,160,151,133,249,256,757,255,455,101,97,184,136,99,116,127,159,226,512,167,243,98,146,296,231,155,248,214,269,362,719,207,336,227,211,361,235,266,217,252,294,280,668,327,1049,202,285,374,135,117,317,300,332,392,809,238,465,226,209,321
FOODS_1_181,FOODS_1,FOODS,0,0,0,0,0,0,0,0,0,0,0,0,0,0,114,167,267,351,381,424,434,448,244,308,451,425,663,530,766,745,809,759,646,628,407,390,291,402,452,378,331,490,418,567,499,403,275,323,438,354,324,510,531,606,618,360,362,441,454,547,489,553,700,599,523
FOODS_1_182,FOODS_1,FOODS,0,0,0,0,0,0,0,0,0,0,0,0,0,0,0,0,0,0,0,281,363,406,268,427,329,528,547,483,634,592,524,511,330,408,297,376,363,410,411,460,403,466,457,394,293,336,246,289,301,422,359,373,439,422,470,432,384,347,234,294,297,330,323,416,329
FOODS_1_183,FOODS_1,FOODS,81,599,657,582,604,692,629,672,603,566,468,593,519,544,597,686,539,609,523,638,604,671,668,775,671,588,571,579,504,567,581,499,506,404,338,442,419,354,458,504,557,488,488,550,534,484,401,545,432,409,480,522,576,544,496,551,592,555,481,539,559,447,520,391,306
FOODS_1_184,FOODS_1,FOODS,0,0,0,0,0,0,0,0,0,0,0,576,4728,3287,2477,2880,2338,2163,2042,1798,1308,1557,1334,1738,1685,1759,1474,1392,1212,1492,1486,1528,1261,1335,1230,1625,1070,1434,1933,1362,1779,1416,1324,1245,1171,1162,1033,1492,1554,1323,1256,1152,1137,1212,1086,1291,1172,1296,955,1322,1206,1052,833,746,550
FOODS_1_185,FOODS_1,FOODS,20,220,228,312,296,380,385,447,272,253,167,253,278,249,269,335,329,306,345,362,213,229,177,238,238,261,351,329,413,364,367,374,279,308,104,108,89,207,185,332,289,270,273,300,197,323,233,332,244,287,177,290,379,390,328,285,194,329,185,290,232,330,358,373,288
FOODS_1_186,FOODS_1,FOODS,0,0,0,0,0,0,0,0,0,0,0,0,0,0,35,89,100,74,74,97,74,102,122,136,144,140,156,146,149,146,117,133,132,148,147,113,124,92,56,40,4,53,99,108,118,109,97,80,88,82,130,97,106,109,109,148,125,115,116,108,130,147,150,152,112
FOODS_1_187,FOODS_1,FOODS,0,341,356,344,377,422,448,441,279,401,279,410,466,398,378,456,591,629,488,545,311,446,406,621,285,346,613,611,610,634,590,617,393,585,367,204,3,474,536,587,435,413,408,339,228,384,209,279,310,363,330,422,109,11,134,619,263,340,174,259,261,315,419,444,272
FOODS_1_188,FOODS_1,FOODS,0,0,0,0,0,0,0,0,0,0,0,0,0,0,0,0,0,0,0,0,0,0,0,0,0,0,0,0,0,0,0,0,0,0,0,0,0,18,28,13,0,249,289,283,253,249,246,236,268,205,234,236,311,250,277,342,328,342,329,320,355,281,284,255,203
FOODS_1_189,FOODS_1,FOODS,0,0,0,0,0,0,0,0,0,0,0,0,0,0,153,159,128,141,96,142,139,116,116,120,115,106,119,93,132,127,136,131,10,1,0,3,0,10,1,7,0,0,0,92,137,148,96,125,110,92,105,76,102,78,42,13,97,119,131,117,152,95,115,146,114
FOODS_1_190,FOODS_1,FOODS,0,0,0,0,0,0,0,0,0,0,0,0,0,0,0,0,0,0,0,0,0,0,0,0,0,135,358,962,682,480,590,553,741,961,824,1113,818,651,550,325,325,324,380,354,324,367,334,413,390,446,486,549,615,829,828,697,642,610,516,597,525,569,676,416,291
FOODS_1_191,FOODS_1,FOODS,0,0,0,0,6,99,75,75,83,54,76,74,38,24,25,8,31,125,234,174,177,221,173,138,91,115,95,117,136,178,177,168,166,133,133,120,103,104,140,142,99,104,140,141,118,151,92,113,119,90,131,126,129,117,143,164,159,156,190,179,195,194,171,132,100
FOODS_1_192,FOODS_1,FOODS,73,533,517,504,512,479,568,564,468,506,464,461,391,391,453,476,476,536,459,472,478,488,408,429,576,368,235,23,6,195,512,509,463,435,104,0,0,2,0,8,5,297,407,429,351,335,294,100,1,1,49,320,325,253,117,20,298,312,264,313,258,48,2,55,312
FOODS_1_193,FOODS_1,FOODS,0,0,0,0,7,0,0,0,0,0,0,0,0,0,0,0,15,0,0,0,0,0,0,0,0,0,0,0,0,6,218,226,169,226,218,212,221,246,306,290,280,279,336,350,385,364,298,284,360,258,271,279,317,431,431,457,414,384,369,383,349,318,312,224,199
FOODS_1_194,FOODS_1,FOODS,109,1031,809,726,683,826,788,495,573,574,334,365,810,766,656,679,652,708,584,516,409,426,412,527,233,336,374,397,356,379,546,452,454,469,441,618,511,473,522,445,396,336,380,290,276,368,330,476,378,310,308,357,474,483,422,528,476,418,370,499,480,449,531,443,376
FOODS_1_195,FOODS_1,FOODS,73,461,69,2,1,1,3,8,347,334,337,480,428,411,415,366,410,340,22,31,396,425,392,423,389,295,403,404,100,1,0,328,291,89,3,7,0,0,1,277,342,203,0,2,136,300,290,262,255,194,255,263,271,306,190,26,270,311,309,255,252,242,245,225,202
FOODS_1_196,FOODS_1,FOODS,63,444,476,632,616,546,517,418,345,500,170,474,415,545,453,548,619,664,593,543,432,501,640,647,422,418,504,536,542,591,614,495,441,244,0,0,106,282,400,466,405,341,458,426,312,422,442,817,595,458,413,378,416,421,398,482,411,363,516,600,380,450,404,410,274
FOODS_1_197,FOODS_1,FOODS,30,173,252,271,311,189,158,188,175,190,163,218,160,174,186,143,117,107,114,134,156,163,131,173,138,147,127,121,155,144,125,131,124,154,136,188,120,188,191,111,122,106,107,104,76,107,80,89,111,95,38,0,1,2,2,0,34,119,80,96,78,91,87,87,81
FOODS_1_198,FOODS_1,FOODS,6,84,109,97,164,126,152,189,158,119,5,1,0,168,176,202,240,246,235,163,120,135,1,1,74,169,100,5,4,65,145,134,108,42,2,3,15,159,210,30,3,5,247,280,264,55,2,0,160,206,218,233,238,242,226,242,189,58,1,0,175,241,276,252,198
FOODS_1_199,FOODS_1,FOODS,0,0,0,0,1,87,65,83,59,67,80,79,51,43,76,65,86,151,196,190,212,189,159,156,149,112,147,170,147,163,200,247,220,199,171,159,135,117,147,190,157,239,205,230,209,201,188,161,134,135,268,231,229,264,308,350,270,276,295,218,256,270,263,265,228
FOODS_1_200,FOODS_1,FOODS,0,0,0,0,0,0,0,0,0,0,0,0,0,0,0,0,0,0,0,0,0,0,0,0,0,0,0,0,0,0,0,0,0,0,0,0,0,0,0,0,56,768,1034,1231,943,1148,1239,2046,1444,1568,1770,2215,1485,1708,1896,1618,1594,1586,1209,1643,1845,1897,2340,1622,1272
FOODS_1_201,FOODS_1,FOODS,99,794,709,536,693,694,716,99,265,601,588,817,818,782,877,841,815,868,828,786,574,563,589,723,641,119,5,7,531,372,553,620,604,575,513,509,107,5,8,397,583,521,517,575,553,277,3,1,312,120,4,136,615,622,535,608,542,209,2,0,437,511,620,480,366
FOODS_1_202,FOODS_1,FOODS,0,0,0,0,0,0,0,0,0,0,0,0,0,0,0,0,0,0,0,0,0,0,0,0,0,103,237,498,499,577,600,702,801,855,804,959,705,603,620,337,328,338,323,324,350,287,277,347,368,417,441,508,527,610,573,493,504,527,391,408,555,355,518,468,325
FOODS_1_203,FOODS_1,FOODS,37,237,276,267,286,332,322,285,257,295,252,292,248,264,236,175,234,206,223,186,209,177,180,183,173,156,237,200,239,197,190,167,150,191,144,194,169,165,164,128,128,141,124,160,187,229,202,222,154,142,109,181,174,178,158,174,167,133,203,162,194,190,213,174,177
FOODS_1_204,FOODS_1,FOODS,0,0,0,105,122,576,1083,546,843,976,935,1494,921,1537,1516,1365,1187,1612,1964,1922,1694,1568,1346,1946,1397,1830,2297,1433,2107,1845,2132,1943,1052,1718,1346,1803,1278,1092,0,0,0,0,0,0,0,0,150,36,0,0,0,0,0,1444,1012,1242,1737,1450,1113,1530,1436,1132,1676,1550,1348
FOODS_1_205,FOODS_1,FOODS,0,0,0,0,0,0,0,0,0,0,0,0,0,0,95,126,237,185,190,140,146,153,194,223,161,158,143,112,141,100,104,135,128,127,93,110,120,161,247,318,343,273,248,220,183,210,239,262,268,218,70,0,1,1,5,2,116,313,268,342,340,275,305,294,194
FOODS_1_206,FOODS_1,FOODS,48,466,560,597,482,523,506,431,713,2769,467,494,477,530,537,524,475,468,486,389,540,2307,426,297,265,333,364,386,371,439,408,379,480,2053,498,363,350,322,423,420,311,341,341,327,227,291,206,222,232,241,355,342,402,370,308,336,224,210,208,286,222,253,283,318,272
FOODS_1_207,FOODS_1,FOODS,18,173,223,374,239,228,290,251,244,195,192,194,237,212,215,224,205,241,227,252,230,216,175,246,165,187,386,267,276,259,236,292,238,269,223,211,222,202,229,312,241,260,215,251,249,251,185,252,239,198,244,295,309,284,280,252,210,241,207,283,278,310,459,306,225
FOODS_1_208,FOODS_1,FOODS,0,0,0,0,0,0,0,0,0,0,0,0,0,0,359,672,734,743,703,685,579,546,590,647,511,549,730,549,600,646,586,583,520,570,488,624,585,558,619,620,538,524,471,469,424,404,408,482,448,424,411,382,439,369,411,380,315,330,318,400,388,352,521,456,348
FOODS_1_209,FOODS_1,FOODS,72,424,445,409,381,410,366,360,355,379,353,334,304,257,332,319,338,455,508,474,469,409,374,439,419,339,290,5,6,167,382,461,442,389,98,1,2,1,0,1,6,155,247,221,225,258,214,65,1,1,38,267,308,333,90,42,267,281,259,282,290,44,0,38,240
FOODS_1_210,FOODS_1,FOODS,0,0,0,0,0,0,0,0,0,0,0,0,0,0,0,0,0,0,0,0,0,0,0,0,0,64,588,395,1050,1156,898,1024,719,827,885,1192,1614,1102,1111,1152,864,791,757,735,641,512,613,655,651,527,592,700,943,937,939,728,568,676,563,835,877,118,1,206,1119
FOODS_1_211,FOODS_1,FOODS,0,0,0,0,1,36,58,32,38,35,24,39,31,28,32,23,45,75,112,39,75,61,73,53,73,87,92,79,91,80,108,91,83,80,74,70,90,54,59,61,77,98,102,82,105,107,55,66,71,62,87,99,76,85,60,99,84,91,95,84,81,69,76,92,59
FOODS_1_212,FOODS_1,FOODS,0,0,0,0,0,0,0,0,0,0,0,0,0,0,53,54,51,51,53,62,70,64,46,46,66,12,0,1,64,79,80,82,82,73,75,94,60,14,3,4,71,66,82,92,96,92,73,65,3,1,0,75,71,73,58,79,76,84,87,70,72,83,98,111,84
FOODS_1_213,FOODS_1,FOODS,47,307,341,310,337,341,344,313,341,328,261,289,257,308,323,294,254,227,217,244,218,209,208,237,172,198,210,216,187,174,158,178,26,2,2,163,161,190,227,218,193,198,170,154,10,3,2,2,169,176,188,178,213,177,159,155,175,201,147,116,148,115,162,122,101
FOODS_1_214,FOODS_1,FOODS,0,0,0,103,167,145,185,196,233,224,184,196,201,201,197,174,177,194,221,206,283,284,247,247,264,239,233,197,259,227,254,262,225,213,215,223,210,231,222,288,266,207,232,232,208,199,165,173,196,168,197,191,200,233,224,257,267,220,214,220,245,244,222,186,198
FOODS_1_215,FOODS_1,FOODS,0,0,0,0,0,0,0,0,0,0,0,0,0,0,58,460,491,495,382,480,474,498,469,483,403,293,295,228,422,493,589,562,573,523,403,524,353,370,417,460,643,581,624,605,629,484,390,480,448,582,470,405,454,532,532,553,586,570,331,412,325,500,548,555,531
FOODS_1_216,FOODS_1,FOODS,23,269,252,335,274,222,187,244,181,217,196,285,166,289,233,279,333,255,318,202,247,312,301,339,273,317,380,252,283,263,283,226,283,457,197,361,244,214,206,326,335,307,312,203,223,223,136,182,144,172,183,279,319,303,229,263,183,267,255,348,255,229,312,264,223
FOODS_1_217,FOODS_1,FOODS,131,1353,937,986,450,1,3,285,1163,1201,1112,1770,1025,1123,806,291,3,8,6,792,1088,966,1011,1635,900,917,1051,83,3,3,4,166,1165,1155,1165,1693,889,970,603,354,13,8,9,590,1096,1172,649,1250,760,814,664,621,931,861,770,1032,693,1109,1063,1822,1043,1151,1003,1065,697
FOODS_1_218,FOODS_1,FOODS,149,663,1085,942,1050,1477,3689,2809,4459,4270,3351,3470,5312,7491,6835,5167,4832,6517,6476,6436,5777,5379,4584,4239,4429,4458,4287,2181,3573,3414,4167,3491,1812,1618,2259,2789,2565,3412,4957,4805,4134,4030,3453,2983,2437,2775,2857,3524,3445,3222,3110,2833,3569,4265,5052,5173,4614,3914,2702,3579,3348,3231,3340,2871,2596
FOODS_1_219,FOODS_1,FOODS,142,842,802,713,902,948,1005,132,389,913,1047,1119,1174,1056,1008,1148,1152,900,876,926,904,743,755,911,949,162,2,3,640,635,940,954,828,771,571,736,171,2,2,546,786,785,720,860,808,431,0,0,492,162,6,185,946,869,920,881,773,234,2,0,664,834,809,693,507
FOODS_2_001,FOODS_2,FOODS,3,51,134,172,125,123,144,158,133,147,153,156,162,142,77,84,78,95,101,120,98,102,76,82,108,91,134,149,131,132,120,107,128,134,114,126,148,129,144,106,176,167,200,185,163,196,175,188,223,209,210,166,196,233,208,221,231,442,439,344,504,487,455,474,342
FOODS_2_002,FOODS_2,FOODS,0,0,0,0,0,0,0,0,0,0,0,0,0,0,0,0,0,0,0,0,0,0,0,0,0,324,1,0,167,555,636,796,782,826,781,737,681,608,706,696,658,747,680,726,638,711,671,710,669,755,738,726,681,575,604,709,639,743,751,747,696,759,812,792,584
FOODS_2_003,FOODS_2,FOODS,49,398,434,397,565,907,553,373,363,239,218,214,293,280,287,458,644,655,715,705,509,454,411,338,440,384,471,435,465,36,4,2,346,245,216,202,251,216,287,393,447,6,3,5,226,251,299,254,329,335,378,451,22,3,5,3,182,342,195,222,251,308,315,312,266
FOODS_2_004,FOODS_2,FOODS,0,0,0,0,0,0,0,0,0,0,0,0,0,0,0,0,0,0,0,0,0,0,0,0,0,0,0,0,0,0,0,195,556,521,508,514,410,3,9,228,465,445,432,99,11,18,327,370,325,446,416,394,407,468,90,45,207,407,378,349,416,398,364,408,364
FOODS_2_005,FOODS_2,FOODS,20,169,181,215,217,314,258,305,293,161,131,82,86,155,182,184,218,270,256,280,287,79,125,170,237,206,345,274,229,226,200,228,209,201,165,169,163,177,231,145,174,124,196,194,134,159,108,111,152,142,148,202,204,185,199,244,187,168,138,164,160,173,191,285,226
FOODS_2_006,FOODS_2,FOODS,0,0,0,0,0,0,0,0,0,0,0,0,0,0,0,22,46,34,27,35,35,28,55,68,63,47,46,48,63,71,56,71,75,88,75,80,84,72,50,2,2,18,55,63,52,64,56,23,62,39,3,0,0,51,61,42,45,71,1,2,47,76,98,80,49
FOODS_2_007,FOODS_2,FOODS,0,0,0,0,0,0,0,0,0,0,0,0,0,0,0,0,0,0,0,0,0,0,0,0,0,0,0,0,0,0,0,0,0,0,0,86,210,52,88,152,143,137,132,135,134,105,114,93,87,63,129,116,126,80,77,99,88,97,99,62,96,101,89,115,66
FOODS_2_008,FOODS_2,FOODS,0,0,0,0,0,0,0,0,0,0,0,0,0,0,0,0,0,0,0,0,0,0,0,0,0,0,0,0,0,0,0,0,0,0,0,0,0,0,60,174,200,292,265,119,203,255,258,173,15,5,281,227,235,261,273,298,308,294,307,271,333,173,1,28,275
FOODS_2_009,FOODS_2,FOODS,62,559,568,588,467,356,494,381,396,403,346,354,568,587,546,409,393,408,373,392,403,396,381,292,504,418,363,318,275,383,352,416,370,401,400,365,143,84,399,386,328,252,232,68,6,87,175,245,597,310,290,201,237,219,264,335,302,387,160,9,385,327,317,361,268
FOODS_2_010,FOODS_2,FOODS,30,227,265,258,250,160,207,228,165,225,210,183,254,247,245,188,220,157,5,3,44,244,190,153,106,18,0,11,101,119,160,103,34,22,118,85,8,76,118,114,165,151,140,152,228,189,117,121,200,98,120,134,140,125,107,122,145,223,218,215,321,254,264,263,213
FOODS_2_011,FOODS_2,FOODS,14,143,139,118,113,115,0,0,1,65,80,83,161,103,99,0,18,119,104,110,126,89,95,125,294,142,55,38,200,188,200,181,173,131,105,96,11,87,196,190,153,127,128,194,177,171,132,95,14,101,152,120,98,109,120,153,184,251,232,158,8,143,244,254,201
FOODS_2_012,FOODS_2,FOODS,21,86,66,50,68,80,59,70,84,78,6,115,101,89,77,76,75,59,71,93,20,22,203,163,125,100,105,94,82,101,106,108,132,147,161,130,120,116,135,129,125,97,112,147,151,131,255,151,164,148,138,124,142,86,86,117,127,166,246,155,152,105,126,117,84
FOODS_2_013,FOODS_2,FOODS,258,2228,2031,2206,2088,1998,2227,2177,1986,2031,2221,2340,2486,1625,1301,1161,1065,1227,1275,1273,1106,1125,1121,1039,1115,920,943,914,883,960,1040,1066,1015,1050,931,1029,1135,806,919,759,822,850,824,807,881,791,847,827,942,744,891,794,734,894,792,765,1049,1889,1583,1536,1927,1953,2015,2340,2105
FOODS_2_014,FOODS_2,FOODS,45,330,326,368,343,315,305,343,318,337,93,156,358,377,386,423,349,286,254,282,154,115,393,597,320,299,433,270,302,199,300,347,315,308,232,535,349,287,327,352,356,392,347,419,336,442,444,616,458,374,382,360,412,341,392,431,438,401,430,593,390,355,407,299,240
FOODS_2_015,FOODS_2,FOODS,0,0,0,0,0,0,0,0,0,0,0,0,0,0,0,0,0,0,0,0,0,0,0,0,0,0,0,0,0,0,0,0,0,0,0,0,0,0,0,53,148,159,165,216,227,187,165,170,173,144,152,37,47,34,61,67,62,290,202,222,260,222,262,280,206
FOODS_2_016,FOODS_2,FOODS,0,0,0,0,0,0,0,733,1176,1325,1061,1240,1185,1187,1154,1042,1055,1258,1315,1407,1409,1257,1246,1329,1435,862,1411,1203,1101,1162,927,1118,921,1055,1017,1211,1283,1126,1241,1213,1139,1031,1071,1134,1121,1116,1154,1162,1432,1185,1262,857,1173,1222,1151,1093,1239,1482,1447,1477,1545,1332,1479,1326,912
FOODS_2_017,FOODS_2,FOODS,0,0,0,0,0,0,0,0,0,0,0,0,0,0,0,0,0,0,0,0,0,0,0,0,0,0,0,0,0,0,0,0,0,0,0,0,0,0,0,0,0,0,0,0,0,9,114,94,147,161,196,135,160,100,122,107,81,90,73,76,105,91,118,132,114
FOODS_2_018,FOODS_2,FOODS,12,251,300,214,21,10,12,4,1,186,234,285,312,345,357,379,352,445,574,451,566,197,398,573,576,607,560,459,377,373,385,342,522,204,2,1,0,3,5,1,2,1,11,414,629,572,484,543,673,518,487,382,353,337,413,474,354,417,471,571,556,556,561,492,362
FOODS_2_019,FOODS_2,FOODS,249,1572,1749,1273,1943,1807,2499,2215,1847,2513,1644,2226,2466,2176,1598,2009,2155,2234,2040,2128,2092,1704,1769,1564,1714,1169,1114,430,1434,1469,1885,1828,1676,1641,1363,1284,1163,1150,1117,1124,1387,1449,1328,1707,1465,1345,1325,1458,1377,1164,1137,1221,1253,1164,1215,1325,1258,1425,1310,1333,1524,1323,1314,1253,886
FOODS_2_020,FOODS_2,FOODS,45,331,373,241,331,282,330,301,266,250,224,228,175,207,266,193,212,247,235,239,296,169,322,328,305,341,304,310,303,188,254,300,303,172,28,3,311,264,294,216,214,203,159,134,189,170,124,129,139,129,152,2,131,302,293,330,340,362,252,223,272,249,288,284,224
FOODS_2_021,FOODS_2,FOODS,193,1797,1984,2327,2478,2587,2377,2471,2500,2737,2507,2788,3296,3213,2652,2438,2363,2901,2855,3013,3125,3818,3884,3577,3019,2831,3546,2979,2908,2678,2540,2777,2835,1207,518,533,814,498,838,2320,2333,2343,2085,1822,288,8,17,13,19,12,1745,1757,1483,1475,1419,1630,1680,1886,9,16,16,9,1405,1761,1252
FOODS_2_022,FOODS_2,FOODS,31,336,214,12,4,2,1,0,0,208,308,362,463,537,450,242,240,378,370,391,392,233,387,458,426,442,538,365,302,312,275,176,2,5,3,6,5,48,88,2,5,12,95,407,570,607,522,624,543,522,590,535,561,582,447,403,384,458,376,408,513,476,445,525,363
FOODS_2_023,FOODS_2,FOODS,0,0,0,0,0,0,0,0,0,0,0,0,0,0,0,0,0,0,0,0,0,0,0,0,0,0,0,0,0,0,0,0,0,0,0,0,0,0,0,87,269,260,280,304,236,13,4,2,217,258,281,318,384,408,367,358,383,340,5,169,400,365,462,307,221
FOODS_2_024,FOODS_2,FOODS,29,337,440,370,309,302,374,342,281,252,288,284,393,355,374,366,254,396,341,420,339,393,388,347,401,487,481,294,344,401,371,376,324,310,393,336,417,407,93,7,12,5,100,508,400,449,368,343,320,312,318,242,111,3,10,64,467,476,455,422,472,447,397,398,295
FOODS_2_025,FOODS_2,FOODS,20,171,225,222,254,312,339,337,229,153,145,140,170,173,138,166,170,170,181,169,153,43,61,115,98,110,149,155,202,189,186,187,156,145,123,132,130,127,161,106,96,140,178,134,148,104,75,85,102,118,148,174,162,229,239,248,241,194,152,153,169,191,225,319,240
FOODS_2_026,FOODS_2,FOODS,92,807,969,819,745,869,909,900,637,259,5,7,6,3,100,877,519,332,46,13,4,7,8,68,456,481,430,320,320,329,431,445,430,342,307,285,451,589,590,674,522,500,497,525,520,755,716,655,771,773,732,592,560,662,621,653,606,625,624,600,687,622,621,757,517
FOODS_2_027,FOODS_2,FOODS,0,0,0,0,0,0,0,0,0,0,0,0,0,0,0,0,0,4,183,182,150,229,233,267,280,234,263,218,237,237,204,134,142,98,111,153,172,143,179,143,132,211,175,221,126,172,129,175,184,159,153,146,140,148,216,248,262,259,187,191,223,161,145,175,149
FOODS_2_028,FOODS_2,FOODS,0,0,0,0,0,0,0,0,0,0,0,0,0,0,0,0,0,0,0,0,0,0,0,0,0,0,0,0,0,0,0,138,357,374,340,279,238,2,2,94,247,283,306,66,0,9,226,199,209,210,222,237,280,285,49,13,167,354,321,335,342,342,328,344,244
FOODS_2_029,FOODS_2,FOODS,137,998,594,783,897,1001,1381,1041,897,1258,943,1264,801,1343,1530,1124,1246,947,984,5,3,5,2,4,7,7,719,555,711,80,2,5,9,6,898,743,802,124,339,659,852,947,600,199,269,223,3,1,6,2,4,4,3,1,1,6,2,84,811,1007,1084,960,956,1107,843
FOODS_2_030,FOODS_2,FOODS,57,393,382,403,392,405,432,420,381,346,331,399,424,424,461,358,367,422,409,411,385,415,408,418,369,312,304,283,233,228,296,344,310,336,332,376,381,319,331,326,342,339,403,389,367,384,362,404,361,351,347,355,338,339,347,397,362,505,490,519,532,532,499,447,313
FOODS_2_031,FOODS_2,FOODS,74,473,506,654,653,500,553,691,531,548,456,487,420,135,0,0,0,52,740,855,960,750,603,0,0,356,583,279,0,0,0,1,6,79,357,355,690,749,775,569,485,599,532,729,767,748,668,762,616,386,412,456,583,677,667,678,364,295,420,511,586,291,241,327,452
FOODS_2_032,FOODS_2,FOODS,35,267,318,452,383,288,214,364,280,300,225,257,323,162,0,0,0,32,538,571,582,397,339,0,0,187,331,114,0,0,3,1,7,88,350,343,461,291,386,334,291,446,422,575,559,494,567,505,476,159,2,71,459,437,454,436,359,363,371,529,509,350,362,296,370
FOODS_2_033,FOODS_2,FOODS,0,0,0,0,0,0,0,0,0,0,0,0,0,0,0,0,0,0,0,0,0,0,0,0,0,0,0,0,0,0,0,0,0,0,0,0,0,0,0,0,0,0,288,332,150,831,821,606,13,11,111,740,773,847,319,79,652,1083,1007,909,1089,933,896,963,634
FOODS_2_034,FOODS_2,FOODS,30,332,440,375,368,384,431,383,326,270,211,241,262,305,388,374,422,389,363,393,388,212,410,437,427,467,548,518,449,481,470,476,371,316,38,6,430,410,493,437,413,438,364,367,472,343,430,428,368,395,171,3,184,506,538,470,408,526,432,525,540,580,579,615,442
FOODS_2_035,FOODS_2,FOODS,0,0,0,0,0,0,0,0,0,0,0,0,0,0,0,0,0,0,0,0,0,0,0,0,0,0,0,0,0,0,1,2,1,0,2,3,328,264,271,29,0,186,246,329,304,344,310,325,355,330,345,303,355,421,527,584,550,681,694,637,696,647,586,518,487
FOODS_2_036,FOODS_2,FOODS,0,332,755,694,729,910,974,872,572,723,745,662,589,653,236,9,3,3,10,685,694,610,23,10,1,928,1125,835,297,1001,1037,1006,1006,697,3,2,12,792,1137,980,1016,1014,973,988,60,9,702,475,3,10,798,874,937,917,852,842,762,852,814,893,792,736,664,758,575
FOODS_2_037,FOODS_2,FOODS,11,83,101,134,118,142,124,72,0,0,4,97,85,86,96,92,79,98,53,1,1,0,108,175,134,132,101,11,4,10,7,8,3,58,97,173,158,137,146,118,117,113,97,95,96,86,68,76,54,54,69,53,88,88,61,79,120,90,104,92,94,109,111,103,67
FOODS_2_038,FOODS_2,FOODS,0,0,90,229,255,391,313,273,251,199,145,145,122,184,176,161,215,255,230,233,203,220,213,200,256,265,349,282,341,306,253,249,221,174,120,129,123,138,184,167,164,177,184,146,160,154,122,118,124,118,188,228,215,227,251,306,255,210,177,168,201,234,264,218,160
FOODS_2_039,FOODS_2,FOODS,0,0,0,0,0,0,0,0,0,0,0,0,0,0,0,0,1,0,0,107,75,37,41,75,68,80,102,90,99,94,117,101,92,126,135,128,139,123,112,149,131,88,109,128,106,140,152,147,169,128,118,112,114,107,121,143,138,166,174,151,202,156,149,168,126
FOODS_2_040,FOODS_2,FOODS,0,0,0,0,0,0,0,0,0,0,0,0,0,0,0,0,0,0,0,0,0,0,0,0,0,0,0,0,0,0,0,0,0,0,0,0,0,0,1,134,177,183,170,99,177,222,228,206,46,30,290,254,292,248,220,241,242,287,249,194,275,122,1,14,207
FOODS_2_041,FOODS_2,FOODS,18,148,174,146,193,178,116,156,142,121,89,133,135,101,103,89,124,179,200,182,160,182,181,128,139,128,226,47,9,14,9,7,53,166,136,88,85,104,161,17,15,16,82,174,135,167,151,145,127,122,101,168,147,241,268,176,219,200,154,140,192,185,265,244,218
FOODS_2_042,FOODS_2,FOODS,71,652,697,790,712,745,805,764,779,664,612,526,449,227,8,10,3,35,589,574,543,531,420,7,5,300,402,198,21,18,14,7,7,57,163,143,473,360,448,306,279,308,286,345,297,316,446,407,512,187,161,188,414,327,330,300,141,134,240,349,336,158,138,114,224
FOODS_2_043,FOODS_2,FOODS,33,220,163,160,99,109,1,0,0,102,124,136,219,167,154,98,22,11,122,205,182,178,154,188,428,203,96,56,228,204,186,163,171,101,124,92,11,100,218,214,198,153,177,193,185,186,159,102,29,131,216,169,179,116,156,233,234,299,263,169,8,206,294,310,241
FOODS_2_044,FOODS_2,FOODS,2,122,227,189,213,217,198,200,151,180,210,251,249,178,260,174,237,226,291,243,261,219,307,405,401,349,368,368,420,381,319,387,352,122,15,7,279,297,378,293,324,275,199,242,256,249,206,177,226,209,139,2,117,284,323,338,314,352,350,314,362,377,418,400,311
FOODS_2_045,FOODS_2,FOODS,0,0,0,0,0,0,0,0,0,0,0,0,0,0,0,0,0,0,0,0,0,0,0,0,0,154,200,188,157,171,158,148,170,194,162,212,118,12,8,51,169,160,168,197,166,173,185,107,98,80,93,73,123,123,121,178,151,167,163,183,167,187,168,149,135
FOODS_2_046,FOODS_2,FOODS,0,0,0,0,0,0,0,0,0,0,0,0,0,0,0,0,0,0,0,0,0,0,0,0,0,0,0,0,0,0,0,0,0,0,0,0,0,0,0,0,0,0,85,69,1,3,175,219,119,140,153,146,131,175,36,2,133,193,148,119,141,147,175,158,99
FOODS_2_047,FOODS_2,FOODS,85,526,459,413,404,310,373,443,347,376,308,385,440,382,363,335,287,352,292,97,89,124,408,403,468,415,434,327,342,220,354,349,384,381,413,445,444,431,418,327,298,250,291,263,287,325,296,293,358,275,311,270,371,358,339,392,375,442,388,411,470,417,403,386,288
FOODS_2_048,FOODS_2,FOODS,0,0,0,0,0,0,0,0,0,0,0,0,0,0,0,0,0,0,0,0,0,0,0,0,2,86,116,60,118,86,196,97,88,81,0,1,2,84,89,59,77,97,84,96,118,106,146,0,0,90,130,184,178,125,132,143,174,181,309,323,246,158,147,166,193
FOODS_2_049,FOODS_2,FOODS,50,349,135,132,125,177,190,109,108,119,133,87,95,55,237,279,353,302,247,284,273,266,294,274,326,330,310,339,291,356,400,344,328,382,399,440,471,426,388,355,353,403,313,408,344,347,399,404,430,356,407,342,365,300,347,431,418,474,433,450,444,380,437,419,272
FOODS_2_050,FOODS_2,FOODS,0,0,0,0,0,0,0,0,0,0,0,0,0,0,0,0,0,0,0,0,0,0,0,0,0,0,0,0,0,0,0,0,0,0,0,0,0,0,0,0,0,0,0,0,427,689,726,523,572,744,1179,741,745,939,917,989,914,1010,1136,1036,1021,944,573,596,382
FOODS_2_051,FOODS_2,FOODS,19,125,172,179,211,225,223,196,236,142,176,214,235,194,244,225,242,226,212,257,256,318,335,298,298,224,285,178,269,280,256,290,336,241,291,290,275,264,45,6,17,18,111,559,454,503,460,467,420,387,394,230,143,6,12,63,589,578,449,473,489,448,445,487,373
FOODS_2_052,FOODS_2,FOODS,103,845,661,746,672,660,786,506,408,416,326,417,713,641,697,387,299,350,346,323,257,59,4,5,583,613,513,510,613,591,553,375,314,384,189,275,35,239,195,232,535,614,455,551,498,640,568,412,990,547,545,511,496,460,450,499,521,521,6,9,6,315,520,503,304
FOODS_2_053,FOODS_2,FOODS,13,75,80,86,94,92,74,78,67,102,78,90,94,100,136,89,84,96,88,87,106,95,109,105,107,98,115,105,99,74,71,69,2,5,157,117,134,105,103,98,101,72,76,44,44,76,92,67,69,48,61,37,71,49,67,84,78,108,123,116,126,102,96,118,89
FOODS_2_054,FOODS_2,FOODS,80,1452,1554,1192,943,882,1030,1295,796,990,895,932,1011,939,841,788,764,997,1157,1252,1177,1122,1276,1167,1326,1277,1078,1024,904,838,300,238,230,933,883,479,873,798,754,672,776,852,698,720,821,828,761,755,725,752,673,684,660,778,811,844,834,975,746,775,937,823,713,830,651
FOODS_2_055,FOODS_2,FOODS,31,161,177,150,217,217,190,174,140,191,191,176,166,166,135,183,274,280,271,305,239,115,269,296,284,243,343,246,319,308,251,269,255,205,34,20,303,283,283,247,276,274,236,276,300,298,252,231,237,239,165,4,176,282,282,370,396,424,473,361,451,449,372,319,368
FOODS_2_056,FOODS_2,FOODS,33,808,777,80,37,8,0,0,229,588,828,974,1572,1389,1263,1155,1125,1520,1607,1423,1725,892,1263,1063,1253,1278,1307,1017,976,995,878,467,7,8,6,5,2,85,144,1,7,41,299,1008,1057,1177,1160,1265,1161,1001,1285,1085,1071,1217,1061,1166,1045,1164,835,1172,1260,1085,1232,1196,1012
FOODS_2_057,FOODS_2,FOODS,0,0,0,0,0,0,0,0,0,0,0,0,0,0,0,0,0,0,0,0,0,0,0,0,0,0,0,0,0,0,0,0,0,0,0,0,0,0,0,0,20,53,56,55,52,49,43,45,45,5,21,64,80,108,104,140,135,134,143,141,140,147,138,157,98
FOODS_2_058,FOODS_2,FOODS,7,54,57,118,111,162,165,151,117,117,109,103,130,103,115,115,129,201,194,224,210,110,226,197,264,246,261,270,229,215,215,193,231,175,192,236,253,303,397,346,235,182,182,216,131,131,157,165,203,231,255,140,188,190,194,224,202,219,199,218,270,220,211,208,127
FOODS_2_059,FOODS_2,FOODS,34,426,231,149,345,340,332,307,295,225,415,244,245,272,296,232,313,357,375,339,240,504,456,424,518,479,505,450,433,333,271,440,355,399,513,382,546,530,488,450,572,356,476,386,447,589,611,492,620,524,538,441,390,473,453,520,533,624,815,658,894,816,859,821,633
FOODS_2_060,FOODS_2,FOODS,50,522,546,429,341,385,415,254,0,2,28,400,504,548,514,403,376,315,320,4,4,6,312,415,362,451,457,36,9,25,20,14,20,278,318,318,394,398,438,358,419,355,304,313,308,336,295,271,275,251,226,277,256,196,188,201,253,293,252,243,294,235,247,260,229
FOODS_2_061,FOODS_2,FOODS,73,708,744,581,698,810,891,751,650,744,700,651,653,823,861,698,567,538,490,482,483,690,683,739,672,511,574,472,461,533,483,439,482,497,482,562,908,803,756,677,589,578,555,559,556,440,518,535,590,528,476,507,502,599,558,548,535,478,487,426,475,490,441,645,509
FOODS_2_062,FOODS_2,FOODS,29,275,290,186,182,262,263,180,197,210,145,115,195,219,262,299,263,318,256,215,171,184,125,150,161,163,115,79,86,145,140,143,174,213,152,174,212,208,225,178,196,216,218,169,159,155,122,126,127,142,179,175,189,208,236,190,157,178,116,94,154,172,218,211,150
FOODS_2_063,FOODS_2,FOODS,91,759,762,858,929,938,901,1066,865,902,637,884,828,644,769,782,797,1002,890,366,300,483,1078,1013,997,894,694,893,888,675,1077,1085,792,17,246,946,838,940,1090,873,339,5,164,33,208,29,323,24,282,880,937,901,867,114,372,913,774,904,740,818,869,792,737,791,644
FOODS_2_064,FOODS_2,FOODS,15,151,182,232,177,5,0,2,3,4,4,189,237,229,235,304,300,393,392,414,334,334,345,335,370,356,363,208,241,306,325,210,280,261,119,10,9,8,97,175,179,227,257,190,234,213,239,206,236,47,3,154,245,181,224,219,176,173,220,174,207,182,204,186,61
FOODS_2_065,FOODS_2,FOODS,42,411,574,715,653,646,695,658,488,482,461,543,576,499,639,841,904,977,1045,1077,1123,999,1133,1181,1045,325,311,280,296,351,963,749,778,1035,919,992,997,599,264,468,802,827,732,953,867,920,854,774,947,876,759,685,620,756,821,872,863,962,838,1024,984,913,783,939,818
FOODS_2_066,FOODS_2,FOODS,15,167,182,127,125,122,118,115,117,143,198,191,127,164,155,176,183,159,213,227,216,238,329,335,258,254,306,253,242,212,173,204,234,162,266,274,175,182,171,186,176,167,170,124,151,176,256,204,152,204,212,229,231,183,220,206,205,225,289,308,117,139,195,193,161
FOODS_2_067,FOODS_2,FOODS,36,354,379,409,417,469,537,458,406,419,345,346,345,132,6,7,6,10,216,199,256,237,163,0,3,144,260,79,20,6,8,9,9,40,127,153,384,381,436,305,267,267,234,209,202,219,396,390,407,76,6,54,355,343,408,241,2,1,264,457,510,40,2,7,233
FOODS_2_068,FOODS_2,FOODS,10,66,77,65,54,46,70,43,0,0,1,43,59,61,55,42,36,32,43,1,2,4,43,48,41,36,40,5,2,2,1,6,3,2,0,0,27,36,42,34,31,43,33,27,38,46,26,31,39,34,30,45,38,32,36,29,39,45,43,39,52,43,43,55,21
FOODS_2_069,FOODS_2,FOODS,0,0,0,0,0,0,0,0,0,0,0,0,0,0,0,26,65,81,61,58,51,52,76,56,82,71,57,63,60,64,47,44,33,37,33,38,38,49,53,52,65,82,71,82,87,82,91,99,77,64,74,84,63,86,96,111,94,106,120,118,124,124,94,106,83
FOODS_2_070,FOODS_2,FOODS,0,0,0,0,0,0,0,0,0,0,0,0,0,0,0,0,0,0,0,0,448,620,362,523,365,20,10,5,323,663,636,612,455,374,360,30,2,4,2,6,50,483,537,400,543,341,352,527,484,1,0,6,380,623,711,903,812,753,517,609,691,632,57,2,1
FOODS_2_071,FOODS_2,FOODS,0,0,0,0,0,0,0,0,0,0,0,0,0,0,0,0,0,0,0,0,0,0,0,0,0,0,0,0,0,0,0,0,0,0,0,0,0,0,10,22,12,23,30,20,3,16,14,12,21,35,34,57,55,81,64,68,61,65,46,26,47,105,117,106,79
FOODS_2_072,FOODS_2,FOODS,21,223,231,92,139,105,0,2,1,155,211,229,335,309,252,251,27,15,150,201,211,156,156,167,652,289,138,72,307,248,256,209,222,112,122,88,11,166,328,231,162,151,194,268,230,247,213,130,19,135,199,176,232,154,157,273,299,309,282,189,7,173,306,268,254
FOODS_2_073,FOODS_2,FOODS,0,0,0,0,0,0,0,0,0,0,0,0,0,0,0,0,0,0,0,0,0,0,0,0,0,0,0,0,0,0,0,0,0,0,0,0,0,0,0,0,0,31,57,52,56,53,51,37,34,42,47,25,54,44,43,45,47,55,65,46,51,59,50,55,28
FOODS_2_074,FOODS_2,FOODS,0,0,0,0,0,0,0,0,0,0,0,0,0,0,0,0,0,0,5,325,461,679,608,693,757,501,514,564,551,541,547,618,518,816,506,571,742,669,760,580,375,385,390,413,546,899,1110,983,473,633,600,540,439,420,463,604,607,829,842,665,806,776,651,628,617
FOODS_2_075,FOODS_2,FOODS,0,0,0,0,0,0,0,259,622,601,542,568,621,581,543,546,504,473,438,516,516,432,440,483,550,483,457,540,505,557,437,525,500,556,385,366,366,129,494,460,507,350,21,34,111,448,490,398,10,14,114,746,709,752,306,39,482,738,756,795,903,780,683,704,573
FOODS_2_076,FOODS_2,FOODS,15,201,27,0,1,233,171,164,147,156,147,161,163,174,0,1,1,3,116,115,158,66,85,115,92,127,130,105,150,152,122,116,144,127,94,137,118,97,71,4,2,18,82,75,45,86,82,23,93,52,9,4,2,82,101,103,100,106,2,1,66,90,81,101,69
FOODS_2_077,FOODS_2,FOODS,0,0,0,0,0,0,0,0,0,0,0,0,0,0,84,7,1,6,186,209,175,9,0,51,238,66,4,1,0,2,138,205,203,8,4,10,202,183,2,3,5,2,91,206,199,6,1,0,177,155,9,3,1,2,160,225,201,152,1,4,246,274,284,304,262
FOODS_2_078,FOODS_2,FOODS,0,0,0,0,0,0,0,0,0,0,0,0,0,0,0,0,0,0,0,0,0,0,0,0,0,0,145,253,361,465,412,365,374,380,246,194,246,254,302,267,291,453,375,342,230,159,112,151,221,258,337,431,545,516,541,613,431,295,147,164,255,355,370,426,314
FOODS_2_079,FOODS_2,FOODS,16,114,145,165,200,178,207,154,156,128,138,105,136,123,92,147,244,215,187,179,149,57,94,107,177,168,229,219,248,200,177,208,189,174,151,156,198,178,249,240,272,269,272,248,236,216,124,153,154,194,257,364,314,327,358,322,280,241,170,216,215,295,299,334,261
FOODS_2_080,FOODS_2,FOODS,90,498,665,884,717,1023,1140,1008,681,617,506,546,666,284,2,5,2,37,812,759,889,773,771,0,2,317,682,250,9,2,11,6,4,100,474,522,1011,890,949,619,585,724,602,876,917,1132,1422,1414,1317,862,712,664,982,1154,1209,948,474,150,605,1241,1193,135,6,3,552
FOODS_2_081,FOODS_2,FOODS,51,328,370,365,384,369,317,359,294,332,312,325,353,335,355,288,309,297,363,347,342,363,343,369,444,331,303,414,408,428,410,475,470,409,347,449,436,404,403,354,274,26,20,149,455,445,462,407,425,388,417,339,107,147,405,474,524,573,576,512,646,523,523,558,401
FOODS_2_082,FOODS_2,FOODS,50,386,459,472,418,352,395,426,408,520,435,441,670,598,492,384,365,452,569,551,342,556,593,539,630,480,417,481,432,466,454,507,559,452,628,494,674,746,620,515,597,492,500,457,521,503,575,457,738,559,531,430,442,404,398,511,483,495,592,648,817,734,642,641,453
FOODS_2_083,FOODS_2,FOODS,0,111,159,175,127,116,162,193,190,147,92,75,100,118,126,89,143,219,182,182,199,231,203,287,308,334,315,257,224,206,294,252,279,231,242,240,264,260,271,207,213,40,2,4,228,222,283,298,277,223,226,267,281,54,303,386,325,309,302,361,384,287,321,292,159
FOODS_2_084,FOODS_2,FOODS,0,0,0,0,0,0,0,0,0,0,0,7,59,64,47,7,0,0,0,0,59,74,73,52,93,80,98,69,15,0,0,0,75,139,166,162,133,96,107,76,1,0,0,0,28,39,56,65,100,150,166,168,217,274,276,266,196,196,171,80,209,166,174,246,92
FOODS_2_085,FOODS_2,FOODS,0,0,60,204,465,407,399,325,294,280,157,151,159,119,133,216,366,407,466,576,361,305,244,243,206,38,3,5,7,7,8,5,3,4,69,118,124,146,240,349,325,283,298,324,268,264,146,160,173,173,311,339,337,389,406,368,311,324,196,205,254,228,298,334,279
FOODS_2_086,FOODS_2,FOODS,46,284,115,97,103,102,105,104,93,80,91,91,75,62,280,354,394,429,420,497,463,531,487,530,534,487,617,497,439,456,490,476,495,465,470,386,461,468,510,522,545,567,472,453,450,502,372,361,418,382,478,340,412,423,438,436,451,523,442,468,502,512,582,614,453
FOODS_2_087,FOODS_2,FOODS,3,37,1,0,0,64,58,42,42,35,89,86,38,46,0,0,0,3,32,45,38,31,86,75,46,33,48,39,41,61,48,68,59,75,101,99,62,54,45,4,3,13,52,68,41,66,41,42,81,40,2,1,2,74,85,68,45,58,3,3,51,85,102,72,38
FOODS_2_088,FOODS_2,FOODS,26,199,176,248,130,140,188,119,106,117,187,143,110,144,191,177,194,191,134,159,162,204,285,191,147,194,334,165,241,134,151,166,178,109,207,178,114,150,215,209,213,173,177,133,151,148,180,118,163,163,192,209,199,100,113,92,65,98,186,127,139,215,239,185,149
FOODS_2_089,FOODS_2,FOODS,0,0,0,0,0,0,0,0,0,0,0,0,0,0,0,0,0,0,0,0,0,0,0,0,0,0,0,0,0,0,0,0,0,0,0,0,0,0,0,0,39,92,135,113,106,100,106,109,113,21,62,156,151,143,161,241,192,193,204,212,228,189,243,231,178
FOODS_2_090,FOODS_2,FOODS,0,0,0,0,0,0,0,0,0,0,0,0,0,0,0,0,0,0,0,0,0,0,0,0,0,0,0,0,0,0,0,0,0,0,0,0,0,37,0,9,48,37,34,37,48,51,91,122,67,1,1,69,78,65,79,62,73,89,127,148,121,1,55,140,79
FOODS_2_091,FOODS_2,FOODS,0,0,0,0,0,0,0,0,0,0,0,0,0,0,0,0,0,0,0,0,0,0,0,0,0,0,0,0,0,0,0,0,0,0,0,0,0,0,0,108,244,255,246,272,296,268,277,272,257,251,250,119,94,90,105,114,121,409,376,361,402,310,413,397,294
FOODS_2_092,FOODS_2,FOODS,0,204,393,399,403,464,566,621,428,437,359,350,372,387,99,2,1,1,4,447,346,287,7,3,12,357,519,381,147,343,429,453,418,366,2,6,4,385,398,391,340,429,421,354,16,7,381,297,0,5,321,389,408,419,464,444,391,485,416,376,419,315,352,325,244
FOODS_2_093,FOODS_2,FOODS,68,589,580,489,513,452,438,405,425,331,440,465,327,296,293,344,394,445,387,485,494,481,515,570,567,457,517,350,506,539,373,557,662,413,431,466,488,602,112,21,20,36,137,570,460,488,496,631,699,682,553,357,275,11,10,64,537,622,571,561,513,552,565,495,381
FOODS_2_094,FOODS_2,FOODS,0,0,0,0,0,0,0,0,0,0,0,0,0,0,0,0,0,0,0,0,0,0,0,0,0,0,0,0,0,0,0,0,0,0,0,0,0,0,0,51,180,169,159,148,124,30,18,7,181,175,182,179,178,190,164,201,221,206,6,81,289,225,243,125,74
FOODS_2_095,FOODS_2,FOODS,0,0,0,0,0,0,0,0,0,0,0,0,0,0,0,0,0,0,0,0,0,0,0,0,0,0,0,0,0,0,0,0,0,0,0,0,0,49,62,146,173,319,357,189,201,238,171,90,194,219,240,318,435,295,300,381,229,196,168,132,158,209,277,355,232
FOODS_2_096,FOODS_2,FOODS,0,0,0,0,0,0,0,0,0,0,0,0,0,0,0,0,0,0,0,0,0,0,0,0,0,0,0,0,0,0,0,0,0,0,28,51,39,16,43,53,35,34,46,27,42,36,48,49,35,33,27,36,44,36,36,57,42,49,65,71,53,66,50,46,43
FOODS_2_097,FOODS_2,FOODS,0,0,0,0,0,0,0,0,0,0,0,0,0,0,0,0,0,0,0,0,0,0,0,0,0,0,0,0,0,0,0,0,0,0,0,0,0,0,0,0,0,0,0,0,0,0,0,116,227,224,212,201,216,232,204,194,83,2,3,108,172,113,143,149,123
FOODS_2_099,FOODS_2,FOODS,0,0,0,0,0,0,0,0,0,0,0,0,0,0,130,212,213,424,208,282,309,266,342,303,310,269,288,322,308,257,312,403,551,647,538,580,389,501,557,387,497,482,551,615,640,682,664,605,702,650,780,545,456,462,436,530,410,538,445,518,491,489,536,537,514
FOODS_2_100,FOODS_2,FOODS,8,177,218,182,169,171,187,208,255,225,222,197,114,166,164,214,199,173,142,215,231,184,362,453,325,372,373,349,350,424,399,389,399,207,35,4,371,407,470,378,382,303,366,306,340,334,327,306,333,235,185,3,159,432,483,574,563,659,539,473,430,495,430,488,407
FOODS_2_101,FOODS_2,FOODS,12,136,197,188,193,187,186,140,131,238,197,217,269,326,265,145,145,240,273,301,153,335,256,226,294,241,199,255,242,241,229,266,224,328,322,322,336,275,228,209,257,209,263,222,358,339,435,299,437,385,370,314,373,359,362,419,396,514,602,475,616,518,545,550,388
FOODS_2_102,FOODS_2,FOODS,0,0,0,0,0,0,0,0,0,0,0,0,0,0,0,0,0,0,0,0,0,0,0,0,0,0,0,0,0,0,0,0,0,0,0,0,0,0,0,0,0,0,0,0,0,102,162,172,141,123,133,179,157,158,166,141,162,127,98,202,159,153,229,185,153
FOODS_2_103,FOODS_2,FOODS,56,531,585,470,371,504,554,500,465,406,373,408,418,429,539,393,330,310,210,206,234,157,305,361,421,339,380,289,291,291,369,133,2,3,1,2,1,72,114,3,0,11,103,418,494,560,466,490,509,512,519,481,509,446,473,436,451,436,364,344,419,640,429,485,413
FOODS_2_104,FOODS_2,FOODS,22,447,419,277,292,270,225,248,328,304,309,392,358,415,471,449,385,438,531,552,525,547,560,449,410,332,492,372,381,367,330,404,339,327,333,296,356,88,0,0,0,0,0,0,0,0,0,0,22,216,286,311,379,322,352,422,396,340,382,429,419,355,457,376,321
FOODS_2_105,FOODS_2,FOODS,0,0,0,0,0,0,0,0,0,0,0,0,0,0,0,0,0,0,0,0,0,0,0,0,0,0,0,0,64,206,129,129,238,159,142,186,214,189,188,154,155,156,170,160,203,180,245,239,232,179,184,171,204,206,210,228,222,181,311,275,321,291,211,184,151
FOODS_2_106,FOODS_2,FOODS,0,0,0,0,0,0,0,0,0,0,0,0,0,0,0,0,97,332,319,436,501,431,385,368,376,439,421,391,401,376,445,382,412,448,402,385,379,241,331,255,280,281,281,259,224,249,214,191,207,193,247,233,212,244,203,244,253,242,233,240,300,283,279,307,203
FOODS_2_107,FOODS_2,FOODS,42,225,279,271,245,213,145,277,225,222,222,156,243,242,214,225,211,177,136,169,172,101,228,217,196,176,206,21,12,129,277,60,4,19,277,288,11,140,393,366,353,299,280,210,212,173,184,176,286,199,261,228,256,260,264,334,371,433,411,432,447,414,468,454,282
FOODS_2_108,FOODS_2,FOODS,0,0,0,0,0,0,0,0,0,0,0,0,0,0,0,0,0,0,0,0,0,0,0,0,0,0,63,214,251,245,220,237,230,221,211,213,308,245,229,261,286,221,261,214,223,256,171,176,307,292,287,183,194,248,268,308,272,172,162,171,286,231,242,262,191
FOODS_2_109,FOODS_2,FOODS,0,0,0,0,0,0,0,241,380,406,341,304,432,320,431,363,427,386,354,381,351,364,369,319,456,336,360,313,301,295,290,320,303,302,296,235,197,76,355,340,325,296,262,266,281,248,201,222,263,220,211,203,208,257,272,281,202,278,225,187,256,231,189,218,179
FOODS_2_110,FOODS_2,FOODS,0,0,0,0,0,0,0,0,0,0,0,0,0,0,0,0,0,0,0,0,0,0,0,0,0,0,0,0,0,0,0,0,0,0,0,0,0,147,287,218,228,230,213,271,259,238,73,0,0,288,365,6,9,71,522,468,310,429,422,435,584,420,428,406,264
FOODS_2_111,FOODS_2,FOODS,0,0,0,0,0,10,14,13,13,22,23,10,61,86,119,96,78,58,77,91,76,62,61,68,134,141,2,145,149,146,124,136,159,136,128,108,141,116,125,151,104,91,80,68,79,68,64,49,100,15,0,0,77,110,101,79,92,90,85,80,102,115,127,115,71
FOODS_2_112,FOODS_2,FOODS,0,0,0,0,0,0,0,0,0,0,0,0,0,0,0,0,0,0,0,0,0,0,0,0,0,0,0,72,516,663,478,840,817,829,777,751,813,734,649,649,737,802,750,869,703,608,705,797,768,649,632,660,551,559,564,484,543,581,600,571,592,567,607,565,412
FOODS_2_113,FOODS_2,FOODS,0,0,0,0,0,0,0,0,0,0,0,0,0,31,138,0,38,157,184,168,172,192,133,152,148,151,193,193,136,180,180,180,140,17,101,108,107,126,73,106,116,143,140,142,141,162,121,126,144,141,158,129,152,152,169,216,170,196,196,115,6,134,217,237,188
FOODS_2_114,FOODS_2,FOODS,0,0,0,0,0,0,0,0,0,0,0,0,0,0,0,0,0,0,0,0,0,0,0,0,0,0,0,0,0,0,0,0,0,0,0,0,0,0,0,0,0,151,240,233,226,168,225,270,242,213,266,25,11,15,6,2,5,307,288,312,273,212,264,260,202
FOODS_2_115,FOODS_2,FOODS,0,0,0,0,0,0,0,0,0,0,0,0,0,0,0,0,0,0,0,0,0,0,0,0,0,0,0,0,0,0,0,12,105,0,0,15,208,194,174,169,198,245,243,292,466,580,472,428,421,354,356,275,433,520,553,670,515,598,664,692,757,730,632,728,669
FOODS_2_116,FOODS_2,FOODS,100,529,542,562,552,487,471,486,128,76,343,387,662,577,585,448,491,482,553,550,134,0,395,360,750,502,457,542,565,504,454,364,476,513,454,229,2,230,453,386,434,393,375,374,380,379,382,306,358,396,355,306,317,368,337,376,401,445,236,275,315,238,309,272,168
FOODS_2_117,FOODS_2,FOODS,0,0,0,0,0,0,0,0,0,0,0,0,0,0,0,0,0,0,0,0,0,0,0,0,8,15,182,271,245,230,172,134,124,105,111,147,135,152,131,77,98,103,76,132,88,137,93,110,96,117,116,68,124,167,180,206,212,229,198,274,315,185,295,334,250
FOODS_2_118,FOODS_2,FOODS,8,110,120,157,176,182,154,163,173,142,182,199,201,207,222,149,166,217,259,246,37,1,38,276,285,294,125,4,201,270,272,254,90,0,2,3,30,221,239,239,148,213,171,181,193,13,1,146,177,77,0,35,216,211,187,233,220,215,144,87,133,278,327,292,269
FOODS_2_119,FOODS_2,FOODS,56,404,198,112,103,109,140,102,87,146,137,126,116,88,472,393,424,507,536,484,502,626,644,581,602,587,603,610,562,543,503,476,538,621,614,607,523,599,697,578,537,488,503,535,479,495,490,405,503,455,454,443,454,457,461,465,501,530,541,435,492,500,504,596,424
FOODS_2_120,FOODS_2,FOODS,0,0,0,0,0,0,0,0,0,0,0,0,0,0,0,0,0,0,0,0,0,0,0,0,0,0,0,0,103,350,339,302,281,280,253,221,268,257,278,201,195,188,221,176,200,214,229,239,245,212,286,265,235,201,186,204,197,234,216,212,243,223,259,159,126
FOODS_2_121,FOODS_2,FOODS,0,0,0,0,0,0,0,0,0,0,0,0,0,0,0,0,0,0,0,0,0,0,0,0,0,142,302,317,347,215,190,185,261,304,189,169,439,675,672,275,19,261,339,359,503,368,297,224,347,302,423,312,497,316,225,240,206,209,204,177,482,458,388,323,226
FOODS_2_122,FOODS_2,FOODS,0,0,0,0,0,0,0,0,0,0,0,0,0,0,0,123,148,168,154,165,164,149,151,158,190,211,211,212,196,182,163,178,179,206,175,179,230,198,231,197,204,225,212,235,266,270,218,188,263,235,242,251,222,235,224,334,300,372,325,289,341,322,303,333,233
FOODS_2_123,FOODS_2,FOODS,0,0,0,0,0,0,0,0,0,0,0,0,0,0,0,0,39,70,99,99,93,97,96,95,95,137,137,107,24,0,0,0,65,85,85,77,78,79,105,60,4,0,0,0,61,97,76,53,94,150,207,206,203,250,235,255,210,232,185,196,207,202,235,268,197
FOODS_2_124,FOODS_2,FOODS,2,0,0,0,64,104,91,112,101,109,91,76,148,127,162,160,176,151,119,114,159,128,101,75,364,225,239,151,175,142,143,126,150,84,21,87,184,34,44,136,176,128,130,108,133,101,102,118,29,52,222,221,211,185,178,185,182,204,145,109,118,81,86,92,82
FOODS_2_125,FOODS_2,FOODS,0,0,0,0,0,0,0,0,0,0,0,0,0,0,0,0,0,0,0,0,0,0,0,0,0,0,0,48,103,148,113,190,116,255,335,297,325,312,349,276,278,276,239,247,302,288,283,248,270,236,317,260,290,271,265,286,312,340,368,350,321,324,323,348,257
FOODS_2_126,FOODS_2,FOODS,23,291,360,291,267,350,317,273,252,236,215,175,233,256,301,48,4,6,2,5,81,184,197,166,235,209,282,270,61,16,16,15,218,264,184,152,178,40,13,8,14,61,306,313,290,269,163,137,191,205,285,32,0,1,0,1,117,312,231,245,236,316,372,257,51
FOODS_2_127,FOODS_2,FOODS,0,0,24,49,39,39,26,42,53,49,53,49,34,51,71,49,70,66,70,59,40,55,52,50,52,11,2,7,64,63,47,80,55,69,69,79,68,78,107,103,91,78,72,67,74,85,53,58,57,61,58,45,66,71,72,52,60,74,73,77,79,79,74,81,60
FOODS_2_128,FOODS_2,FOODS,233,2023,1958,2362,2685,3134,3259,3398,3241,3854,3274,3477,4002,3610,3371,2982,3510,3728,3720,3975,3908,4583,4433,4397,4516,3442,3909,2731,2679,3014,2864,3070,3505,2059,1088,1045,1225,828,1143,3111,2220,2419,2138,2754,390,9,5,8,21,22,2140,1823,1851,1610,1827,2309,2307,1957,36,40,29,17,2105,2509,2009
FOODS_2_129,FOODS_2,FOODS,0,0,0,0,0,0,0,0,0,0,0,0,0,0,0,21,34,19,32,29,22,35,36,48,36,24,50,30,34,28,33,44,31,34,35,33,36,37,39,44,38,37,51,41,62,63,75,39,50,45,63,42,39,51,40,52,33,60,52,69,66,74,55,53,69
FOODS_2_130,FOODS_2,FOODS,0,0,0,0,0,0,0,0,0,0,0,0,0,0,0,0,0,0,0,0,0,0,0,0,0,0,0,0,0,0,0,0,0,0,0,0,0,0,0,88,341,272,279,278,303,320,314,327,323,265,329,240,229,227,263,301,267,321,401,417,515,461,421,356,261
FOODS_2_131,FOODS_2,FOODS,0,0,0,0,0,0,0,0,0,0,0,0,0,0,0,62,516,524,586,11,397,586,532,523,574,602,637,633,672,580,615,433,547,703,573,405,616,611,552,544,511,463,372,534,515,648,538,525,639,547,659,662,698,726,696,552,1054,944,811,717,976,856,1031,971,628
FOODS_2_132,FOODS_2,FOODS,0,0,0,0,0,0,0,0,0,0,0,0,0,0,0,112,179,127,113,108,99,124,138,168,332,58,33,61,232,188,204,192,175,154,121,104,5,92,259,195,194,157,128,201,166,166,119,90,13,123,172,145,111,115,113,170,208,256,202,128,5,121,66,123,151
FOODS_2_133,FOODS_2,FOODS,11,93,99,95,89,61,3,6,1,80,108,91,187,146,153,90,14,9,49,66,58,45,61,94,177,79,39,20,93,72,74,106,71,62,70,55,7,50,176,107,131,121,97,98,127,99,89,49,7,66,112,105,109,150,155,206,223,211,206,156,2,165,278,272,192
FOODS_2_134,FOODS_2,FOODS,31,422,343,324,270,252,229,227,236,252,301,287,257,326,252,108,4,4,168,196,181,190,177,205,204,199,222,227,218,215,220,294,168,76,200,254,235,215,251,199,231,230,232,257,154,165,206,277,230,220,230,225,211,233,212,218,224,245,230,240,267,226,280,246,225
FOODS_2_135,FOODS_2,FOODS,48,437,448,314,400,483,473,569,465,173,11,16,10,5,49,329,339,239,59,7,1,5,4,57,345,276,276,231,239,217,248,233,323,272,250,202,278,502,389,430,392,308,297,321,293,436,454,440,434,428,425,423,366,345,357,480,467,503,550,552,522,536,482,528,321
FOODS_2_136,FOODS_2,FOODS,16,102,103,69,59,65,48,61,69,67,61,44,69,28,66,68,101,89,84,95,109,166,190,208,221,200,318,235,198,168,160,150,178,199,260,294,329,277,293,254,295,242,225,241,261,239,241,252,267,288,280,241,214,240,245,213,286,257,330,302,330,341,310,356,245
FOODS_2_137,FOODS_2,FOODS,14,135,221,217,183,172,208,205,196,252,213,209,200,241,251,208,248,287,254,237,203,163,280,277,280,334,398,261,218,263,220,226,224,171,17,3,262,237,289,330,255,257,178,203,232,254,251,215,204,202,90,4,120,330,332,429,386,408,309,296,337,367,353,329,222
FOODS_2_138,FOODS_2,FOODS,52,325,352,290,273,300,267,333,373,307,254,228,349,227,285,242,286,241,256,257,288,339,300,328,391,347,396,408,397,400,312,377,392,337,372,252,363,303,327,284,292,318,322,282,260,268,230,252,323,375,345,255,323,79,3,61,372,427,392,327,503,433,439,425,348
FOODS_2_139,FOODS_2,FOODS,64,694,626,634,580,483,483,545,481,478,532,443,473,610,439,211,10,7,284,442,349,351,320,453,409,381,395,365,427,428,463,305,358,152,390,453,393,384,495,385,429,370,441,446,344,358,442,443,442,362,397,420,412,481,500,493,509,483,386,450,473,386,422,431,256
FOODS_2_140,FOODS_2,FOODS,0,0,0,0,0,0,0,0,0,0,0,0,0,0,10,0,0,141,177,3,1,0,3,0,1,0,74,42,67,6,0,2,1,0,267,237,240,17,101,181,268,261,116,20,24,40,1,2,1,4,3,1,2,2,1,1,1,39,374,358,431,590,357,348,290
FOODS_2_141,FOODS_2,FOODS,47,224,288,248,255,264,291,269,233,165,106,167,264,221,236,249,212,291,235,280,259,116,308,285,411,346,349,306,284,271,310,237,260,73,2,0,0,1,1,4,6,7,20,308,312,328,376,381,411,438,402,354,403,487,425,454,419,445,420,368,494,489,436,485,349
FOODS_2_142,FOODS_2,FOODS,0,0,0,0,0,0,0,0,0,0,0,0,0,0,0,0,90,1,3,255,708,690,607,656,670,441,514,410,424,504,407,433,443,458,374,302,376,323,282,313,294,324,306,336,409,454,406,368,454,427,533,551,516,509,568,564,505,548,528,494,574,518,585,516,378
FOODS_2_143,FOODS_2,FOODS,21,171,171,160,153,154,165,185,163,169,177,150,208,165,186,191,239,206,260,254,259,302,259,344,366,329,367,283,264,260,324,390,337,320,299,234,218,197,226,115,101,72,59,130,245,210,223,245,218,235,238,220,242,253,265,269,152,105,90,176,245,209,205,200,156
FOODS_2_144,FOODS_2,FOODS,31,177,306,193,215,213,203,223,239,116,187,176,169,209,297,262,332,308,399,330,334,381,427,423,435,362,409,286,417,381,395,408,434,301,377,315,350,383,84,13,19,12,112,718,614,765,623,606,579,553,488,397,246,7,11,48,545,503,445,389,455,476,530,581,395
FOODS_2_145,FOODS_2,FOODS,0,0,0,0,0,0,0,0,0,0,0,0,0,0,0,0,0,0,0,0,0,0,0,0,0,0,0,0,0,0,0,0,0,0,0,0,0,0,0,0,0,0,156,197,105,671,636,512,15,17,110,626,671,687,253,49,441,714,719,632,819,755,648,622,462
FOODS_2_146,FOODS_2,FOODS,69,463,371,276,319,346,342,355,82,50,284,284,478,404,471,384,341,214,194,248,67,10,259,266,502,432,420,303,336,280,271,289,308,370,295,258,8,150,384,312,349,351,360,323,324,354,335,253,345,342,297,257,265,281,286,377,305,316,257,283,326,287,313,286,225
FOODS_2_147,FOODS_2,FOODS,0,0,0,0,0,0,0,0,0,0,0,0,0,0,0,0,0,0,0,0,0,0,0,0,0,0,0,0,0,0,0,0,0,0,0,0,0,0,0,0,0,0,0,0,0,18,52,27,57,81,87,72,105,124,133,117,114,176,188,181,193,193,203,203,143
FOODS_2_148,FOODS_2,FOODS,0,0,0,0,0,0,0,0,0,0,0,0,71,153,113,4,11,133,149,136,167,139,170,152,159,122,144,171,150,137,175,148,153,45,143,127,171,112,146,123,145,138,126,141,111,123,81,85,128,145,156,133,122,94,118,172,184,187,153,80,10,132,139,173,108
FOODS_2_149,FOODS_2,FOODS,15,325,367,227,18,4,1,1,2,147,413,530,587,557,489,446,432,609,546,553,557,317,536,731,859,689,725,534,396,455,407,473,753,286,2,1,0,0,0,1,3,2,15,560,796,737,707,756,889,719,832,717,732,752,717,842,769,755,728,871,773,647,546,581,479
FOODS_2_150,FOODS_2,FOODS,68,451,470,435,373,339,382,318,388,334,172,129,316,392,419,326,418,366,366,444,190,105,382,486,579,459,588,458,457,278,500,500,471,572,503,726,497,476,508,472,489,511,518,555,626,652,660,586,353,550,608,555,644,694,642,590,647,566,623,432,92,31,126,503,436
FOODS_2_151,FOODS_2,FOODS,0,0,0,0,0,0,0,0,0,0,0,0,0,0,0,0,0,0,0,0,0,0,0,0,0,48,0,0,101,578,592,630,753,724,734,686,702,656,558,568,586,584,545,571,489,528,502,596,536,504,539,575,551,537,583,604,594,714,627,609,629,605,651,618,452
FOODS_2_152,FOODS_2,FOODS,172,1436,1337,1211,1267,1166,1007,1156,1510,1369,1520,1375,1376,1315,1608,1205,1032,1124,1061,1254,1300,1470,1473,1249,1359,1374,1302,1531,1472,1252,1301,1261,1121,1086,1364,989,1661,1162,1470,13,11,1214,1020,952,1156,1093,1287,1304,1369,1167,1267,1264,1460,1658,1384,1298,1349,1665,1317,1516,1654,1448,1623,1520,1158
FOODS_2_153,FOODS_2,FOODS,83,629,542,504,510,434,380,308,378,398,87,130,483,317,356,423,387,425,398,415,162,128,521,514,407,332,530,368,376,231,347,447,339,60,156,589,361,383,354,368,224,90,360,407,332,411,451,61,19,155,500,498,423,257,397,506,492,505,529,450,87,112,508,474,327
FOODS_2_154,FOODS_2,FOODS,23,185,159,153,121,100,94,77,76,113,61,110,99,120,130,69,51,47,44,50,39,10,2,1,102,108,92,72,72,64,62,49,35,34,31,49,3,25,24,41,97,81,61,54,67,76,74,47,96,78,71,57,64,63,78,79,67,82,3,3,1,70,36,42,54
FOODS_2_155,FOODS_2,FOODS,0,0,0,0,0,0,0,0,0,0,0,0,0,0,0,0,0,0,0,0,0,0,0,0,0,0,0,0,0,0,0,0,0,0,0,0,0,0,15,105,130,122,128,35,97,113,120,117,23,20,227,204,169,184,118,167,147,184,145,153,202,130,3,15,165
FOODS_2_156,FOODS_2,FOODS,54,359,396,313,371,317,279,292,278,332,305,317,383,364,364,292,316,294,316,342,345,429,464,460,581,507,477,463,395,427,379,414,364,391,337,386,108,99,364,305,298,240,274,74,21,155,363,388,600,415,359,288,317,261,267,269,205,344,157,3,378,463,326,378,269
FOODS_2_157,FOODS_2,FOODS,11,96,110,127,124,176,253,233,155,77,99,75,119,138,123,120,159,155,163,122,103,43,135,133,154,117,144,158,148,165,161,144,113,112,92,124,157,128,170,128,170,175,140,145,177,171,124,142,145,156,161,174,165,208,206,182,171,169,157,151,201,169,180,241,150
FOODS_2_158,FOODS_2,FOODS,0,0,0,0,0,0,0,0,0,0,0,0,0,0,0,0,0,0,0,0,0,0,0,0,0,0,0,0,0,0,0,0,0,0,0,0,0,0,0,101,432,418,481,439,318,12,1,0,333,356,429,429,464,463,440,461,363,364,5,160,612,499,573,193,332
FOODS_2_159,FOODS_2,FOODS,0,0,0,0,0,0,0,0,0,0,0,0,0,0,0,0,0,0,0,0,0,0,0,0,0,0,0,0,0,0,0,0,0,0,0,0,0,0,68,10,12,11,58,110,87,135,79,61,81,73,87,90,123,112,125,114,103,107,70,90,117,85,113,120,102
FOODS_2_160,FOODS_2,FOODS,6,62,54,65,49,65,45,51,60,57,52,65,74,69,72,64,81,82,81,79,72,79,74,89,74,89,75,70,75,54,63,67,70,73,77,73,74,72,90,70,72,71,74,48,49,46,51,56,69,72,74,80,72,46,67,67,62,69,90,73,87,82,83,76,48
FOODS_2_161,FOODS_2,FOODS,0,0,18,52,58,53,55,52,50,97,46,67,59,59,60,58,73,78,61,62,39,42,48,33,31,15,6,15,63,52,68,74,61,68,65,85,83,80,104,99,87,57,64,65,71,70,70,77,72,65,79,71,88,83,83,85,74,84,85,87,87,75,87,79,53
FOODS_2_162,FOODS_2,FOODS,0,0,0,0,0,0,0,0,0,0,0,0,0,0,0,5,144,138,138,183,166,225,222,166,187,243,223,157,163,167,193,177,230,213,176,177,180,170,227,153,175,164,24,2,49,223,202,181,250,252,253,257,299,307,310,357,332,422,366,304,413,386,409,398,291
FOODS_2_163,FOODS_2,FOODS,13,119,112,87,99,81,0,5,2,106,160,151,292,191,185,189,9,0,116,159,146,87,111,147,370,166,86,39,177,150,154,125,156,99,112,54,3,48,157,98,100,113,71,92,90,85,75,75,22,112,153,115,119,120,189,246,234,227,156,122,0,151,192,189,146
FOODS_2_164,FOODS_2,FOODS,116,833,870,866,857,907,1008,958,918,1090,944,996,924,1059,1066,858,986,968,1137,1070,1035,729,1050,1028,782,963,1085,1131,1210,1292,927,1066,1197,1254,1057,925,1010,775,692,812,718,742,779,932,981,1118,1105,1043,1086,888,1084,1071,969,942,1043,1092,954,1086,1043,881,1147,987,1120,1157,953
FOODS_2_165,FOODS_2,FOODS,0,0,0,0,0,0,0,0,0,0,0,0,0,0,0,0,0,0,0,0,0,0,0,0,0,0,0,0,0,157,83,3,0,142,121,54,4,76,187,148,124,84,83,67,84,89,68,58,32,100,116,111,70,70,72,66,66,78,68,6,4,3,60,76,45
FOODS_2_166,FOODS_2,FOODS,144,1739,1705,1538,1610,1830,2306,1854,2119,1747,1479,1248,1604,675,0,3,7,119,1544,1688,1484,1235,980,2,2,540,1017,458,17,10,17,10,1,45,194,183,806,662,659,601,435,220,357,350,317,223,823,858,831,419,419,434,745,704,666,555,372,362,482,710,659,435,342,391,472
FOODS_2_167,FOODS_2,FOODS,19,199,164,182,172,161,162,174,161,152,119,115,134,141,123,141,144,150,145,136,149,90,175,174,178,174,180,176,139,178,165,189,197,112,17,9,178,167,184,146,186,189,146,179,159,152,203,183,175,204,102,6,115,274,261,276,262,321,281,278,319,324,271,269,226
FOODS_2_168,FOODS_2,FOODS,0,0,0,0,0,0,0,0,0,0,0,0,0,0,0,0,0,0,0,0,0,0,0,0,0,0,0,0,0,0,0,0,0,0,0,0,0,0,0,0,16,51,73,77,80,76,74,73,62,22,21,90,108,83,109,95,115,130,96,152,143,120,119,132,83
FOODS_2_169,FOODS_2,FOODS,0,0,0,0,0,0,0,0,0,0,0,0,160,341,386,389,386,425,448,350,247,105,179,204,177,228,209,103,97,71,85,81,83,62,61,61,84,73,70,32,9,0,0,0,0,0,0,0,0,0,0,0,0,0,49,85,114,149,162,142,148,63,61,60,101
FOODS_2_170,FOODS_2,FOODS,0,0,0,0,139,537,748,703,553,571,531,514,647,672,636,592,738,737,762,689,99,17,127,895,797,600,281,20,445,534,570,545,194,16,14,29,67,497,567,456,494,557,544,533,610,39,4,403,718,272,16,123,525,456,494,488,447,524,222,178,160,497,508,504,378
FOODS_2_171,FOODS_2,FOODS,49,345,444,465,593,487,501,503,515,485,496,498,646,591,613,470,318,335,308,337,396,481,399,459,402,418,524,448,399,421,427,497,425,458,459,627,630,600,498,504,507,424,486,510,479,516,583,510,519,551,609,537,538,476,554,652,613,540,682,820,808,739,687,516,376
FOODS_2_172,FOODS_2,FOODS,0,0,0,0,0,0,0,0,0,0,0,0,0,0,0,0,0,0,0,0,0,0,0,0,0,0,0,0,0,0,0,0,0,0,0,0,0,0,0,0,0,123,363,426,323,472,464,427,422,405,394,298,143,4,2,34,359,378,320,360,368,307,410,383,293
FOODS_2_173,FOODS_2,FOODS,15,168,181,161,203,177,157,152,146,209,107,182,167,168,192,162,211,180,199,1,223,216,357,200,249,305,255,254,321,453,394,215,246,528,365,173,508,460,369,423,290,442,251,431,420,589,344,347,493,417,404,401,509,598,512,621,686,674,514,467,664,671,680,606,478
FOODS_2_174,FOODS_2,FOODS,31,14,0,0,322,452,403,447,402,369,335,284,420,433,390,391,292,418,348,370,354,340,312,317,838,518,444,363,321,345,345,240,330,125,45,147,278,116,98,255,246,259,220,287,268,330,215,177,67,59,242,189,201,159,164,164,147,162,160,127,205,154,131,195,141
FOODS_2_175,FOODS_2,FOODS,0,0,0,0,0,0,0,0,0,0,0,0,0,0,128,109,8,0,69,8,2,6,5,45,545,563,677,593,658,512,830,744,771,593,597,633,795,971,1049,1182,880,974,962,1110,981,1029,943,1143,1243,853,1280,1060,1167,1259,1334,1399,1131,1633,1473,1324,1757,1702,1596,1547,1103
FOODS_2_176,FOODS_2,FOODS,17,28,0,1,231,200,245,255,183,214,211,157,242,278,245,246,239,228,238,267,240,221,231,240,385,355,287,222,225,185,198,162,193,117,27,121,215,145,70,186,191,203,153,152,124,111,92,116,63,93,183,128,121,176,187,245,272,220,223,154,242,188,178,183,183
FOODS_2_177,FOODS_2,FOODS,0,0,0,0,0,0,0,0,0,0,0,0,0,103,166,179,104,60,77,47,40,71,104,44,41,44,61,89,101,110,84,73,103,181,122,147,176,149,146,121,129,143,119,153,122,145,145,84,147,203,176,134,145,179,163,167,45,111,169,190,247,187,171,205,156
FOODS_2_178,FOODS_2,FOODS,0,0,0,0,0,0,0,0,0,0,0,0,0,0,0,0,0,0,0,0,0,0,0,0,0,0,0,0,0,0,0,0,0,0,0,0,0,0,21,182,284,341,240,160,265,312,293,241,34,23,310,339,276,280,263,249,245,294,239,232,294,151,3,40,247
FOODS_2_179,FOODS_2,FOODS,0,0,0,0,0,0,0,0,0,0,0,0,0,0,0,0,0,0,0,0,0,0,0,0,0,0,0,87,107,94,97,89,113,138,143,124,112,140,134,92,103,71,86,86,96,97,100,100,115,114,114,119,111,152,134,114,90,121,121,119,145,171,131,139,102
FOODS_2_180,FOODS_2,FOODS,0,0,0,0,0,0,0,0,0,0,0,0,0,0,0,0,0,0,0,0,0,0,0,0,0,105,0,2,56,165,132,151,189,183,174,146,205,276,323,289,182,196,215,219,258,237,280,259,225,234,232,242,239,287,304,252,294,372,385,338,370,398,422,427,260
FOODS_2_181,FOODS_2,FOODS,375,2787,3211,3214,2600,2873,2959,2951,3864,3547,2849,3169,3795,3463,2305,1627,1620,1783,1893,1949,1753,1685,1419,1633,1816,1628,1781,1758,1835,1745,1879,1651,1547,1777,1728,1907,2075,1796,1896,1613,2077,1957,1976,1974,1775,1691,1694,1671,1544,1837,1704,1688,1766,1834,2091,1994,2150,2531,2062,2270,3347,3117,3171,3324,1978
FOODS_2_182,FOODS_2,FOODS,65,423,381,420,368,363,338,346,223,200,265,240,338,291,309,339,343,354,394,424,439,284,397,384,478,444,479,24,6,248,451,104,6,34,388,316,7,252,472,401,343,289,232,280,294,209,185,180,329,311,378,359,369,304,345,425,447,517,481,437,497,435,455,460,353
FOODS_2_183,FOODS_2,FOODS,23,327,485,503,441,507,611,564,704,702,553,688,715,700,595,612,704,607,482,3,628,626,808,632,1036,1001,985,734,803,903,800,297,739,1143,931,466,1307,1151,873,1230,847,1010,553,712,1068,1322,944,921,1212,934,1112,731,1004,1189,1123,1428,1197,1328,1016,1055,1416,1205,1005,1164,1023
FOODS_2_184,FOODS_2,FOODS,0,6,270,322,301,359,393,500,572,554,606,622,596,520,510,437,452,530,639,637,670,480,452,493,447,491,466,359,362,216,9,12,5,10,5,11,14,452,853,618,571,542,668,608,556,612,603,674,690,626,653,529,555,657,604,653,561,556,538,546,645,558,544,498,399
FOODS_2_185,FOODS_2,FOODS,0,0,0,0,0,0,0,0,0,0,0,0,0,0,0,0,0,0,0,0,0,0,0,0,0,0,0,0,0,0,0,0,0,0,0,0,0,0,0,0,0,0,0,0,0,0,0,0,39,233,280,264,304,299,333,326,296,416,288,214,282,263,251,270,204
FOODS_2_186,FOODS_2,FOODS,0,0,0,0,0,0,0,0,0,0,0,0,0,0,0,0,0,0,0,69,185,193,193,199,170,165,170,177,152,138,88,1,2,4,2,3,1,1,2,2,65,93,59,7,10,11,158,136,170,158,152,115,132,151,119,130,133,154,181,186,189,197,196,169,145
FOODS_2_187,FOODS_2,FOODS,0,0,0,0,0,0,0,0,0,0,0,0,0,0,0,0,0,0,0,0,0,0,0,0,0,0,0,0,0,0,0,0,0,0,0,0,0,0,0,0,0,0,0,1,109,97,107,97,120,107,136,148,151,151,166,174,169,202,187,173,180,166,172,197,172
FOODS_2_188,FOODS_2,FOODS,20,122,136,121,91,62,2,0,2,86,123,96,232,165,198,158,6,4,71,113,103,101,112,130,288,158,52,36,168,162,158,120,139,100,97,80,9,81,170,101,142,110,126,136,133,132,90,69,11,92,106,93,89,90,94,168,148,168,123,96,11,73,144,154,113
FOODS_2_189,FOODS_2,FOODS,42,281,320,336,459,417,492,399,387,322,283,348,401,500,489,440,328,341,321,369,333,358,483,359,414,421,368,256,278,303,317,330,281,235,305,341,412,494,89,10,23,22,101,557,580,681,546,523,528,336,355,349,197,9,28,63,570,618,480,530,546,514,543,567,427
FOODS_2_190,FOODS_2,FOODS,26,145,207,135,188,98,1,2,4,65,107,86,181,124,139,7,28,161,185,181,165,114,140,155,344,186,66,60,232,161,152,135,148,122,90,80,13,93,229,196,143,162,127,165,137,170,152,91,22,89,124,119,143,160,159,208,198,247,177,147,0,144,258,282,231
FOODS_2_191,FOODS_2,FOODS,0,0,0,0,0,0,0,0,0,0,0,0,0,0,0,0,0,0,0,0,0,0,0,0,0,0,0,0,0,0,0,0,0,0,0,0,0,0,0,0,0,0,72,144,44,11,10,238,321,360,343,244,236,240,261,219,182,178,145,173,149,174,190,192,158
FOODS_2_192,FOODS_2,FOODS,33,230,245,214,174,165,177,216,202,234,264,243,359,249,253,224,184,211,227,204,252,244,263,215,333,275,332,292,286,206,217,204,227,259,313,284,356,285,271,230,228,254,233,226,240,305,274,292,282,293,216,315,347,62,8,75,298,341,324,361,533,437,385,381,324
FOODS_2_193,FOODS_2,FOODS,0,0,0,0,0,0,0,0,0,0,0,0,0,0,0,0,0,0,0,0,0,0,0,0,0,0,0,0,0,0,0,0,0,0,0,0,0,4,140,229,171,198,90,1,6,13,159,150,181,174,161,206,134,204,183,194,188,189,198,216,240,179,199,175,157
FOODS_2_194,FOODS_2,FOODS,0,343,507,280,278,232,316,576,580,528,409,492,708,628,516,312,451,478,522,588,453,462,531,779,750,741,844,552,502,552,631,623,612,590,636,691,695,722,815,660,710,118,12,16,524,525,768,793,726,727,834,755,710,148,692,1285,845,566,770,830,955,638,866,898,544
FOODS_2_195,FOODS_2,FOODS,6,100,105,162,185,126,117,104,96,182,112,26,167,120,184,183,109,127,134,108,118,106,55,0,66,134,141,94,91,98,106,92,99,121,19,36,155,132,114,128,139,131,120,155,89,76,254,136,114,132,172,162,93,104,92,95,96,211,286,177,181,153,211,141,98
FOODS_2_196,FOODS_2,FOODS,26,223,279,237,269,297,285,208,159,108,123,86,102,171,212,269,326,326,324,263,251,87,170,213,257,274,256,242,218,243,252,224,223,186,156,143,191,178,239,199,206,260,275,274,241,248,197,204,220,232,281,277,319,301,330,340,328,243,276,255,314,309,363,390,267
FOODS_2_197,FOODS_2,FOODS,387,2863,2319,2164,2663,3077,4063,3498,3212,3722,2618,3699,3885,3790,2786,2930,2916,3294,2919,3260,3251,3236,2636,2422,2573,1976,2304,655,2484,2911,3282,3339,2960,2905,2647,2572,2368,2444,2134,2126,2365,2573,2237,2657,2550,2360,2425,2262,2295,2055,2042,2018,1843,1995,1909,2142,1939,1942,1767,1857,2332,1755,1900,1990,1527
FOODS_2_198,FOODS_2,FOODS,38,647,516,422,488,522,493,659,376,113,63,23,0,0,54,233,511,514,486,461,568,475,438,430,457,590,456,452,410,55,4,2,2,3,4,2,2,2,1,0,2,608,319,253,475,621,522,539,529,686,746,500,571,686,620,522,451,363,348,393,505,619,451,441,298
FOODS_2_199,FOODS_2,FOODS,58,500,511,654,660,633,537,648,534,617,521,473,622,445,623,557,772,879,876,834,867,567,760,687,825,267,282,310,288,458,728,678,568,806,681,762,836,575,273,426,756,755,794,747,742,775,796,805,862,705,755,673,563,451,574,593,618,760,749,817,819,749,642,713,588
FOODS_2_200,FOODS_2,FOODS,0,0,0,0,0,0,0,0,0,0,0,0,0,0,0,0,0,0,0,0,0,0,0,154,151,147,178,170,156,109,121,113,136,135,144,140,181,157,242,212,136,109,124,142,166,171,117,111,166,133,167,112,90,95,89,159,154,142,165,141,130,149,144,173,128
FOODS_2_201,FOODS_2,FOODS,0,0,0,0,0,0,0,0,0,0,0,0,0,0,0,0,0,0,0,0,0,0,0,0,0,0,0,0,0,0,0,0,0,0,0,0,0,0,123,401,534,678,318,10,12,63,574,639,715,539,619,659,564,636,603,485,590,434,174,634,659,621,620,662,460
FOODS_2_202,FOODS_2,FOODS,5,86,85,89,84,78,87,68,78,71,67,61,93,88,108,92,95,74,36,4,1,0,1,34,137,119,124,90,115,90,102,97,106,123,130,124,133,155,175,169,155,139,140,156,151,119,101,97,137,117,153,134,122,124,161,182,171,171,200,198,180,196,218,199,185
FOODS_2_203,FOODS_2,FOODS,0,0,0,0,0,0,0,0,0,0,0,0,0,0,0,0,0,0,0,0,14,41,68,72,99,81,96,91,89,128,131,112,102,73,91,88,137,151,170,128,171,110,53,90,110,139,61,36,61,71,71,93,71,33,4,8,106,206,149,134,206,194,176,179,144
FOODS_2_204,FOODS_2,FOODS,50,395,616,601,660,697,865,881,779,820,818,824,1008,966,1060,956,875,1075,1248,1197,1022,1116,1143,1217,1279,415,449,449,336,549,1147,1066,974,1348,1165,1036,1146,853,458,544,853,958,1292,1444,1191,1282,1022,843,1147,1254,1267,1002,1075,1185,1195,1759,1567,1595,1458,1626,1655,1375,1592,1458,1397
FOODS_2_205,FOODS_2,FOODS,0,0,0,0,0,0,0,0,0,0,0,0,0,181,150,2,30,242,205,194,198,210,198,183,254,236,237,197,191,208,215,244,184,169,172,113,115,80,102,158,138,117,109,130,156,139,104,132,119,148,169,143,93,141,116,144,141,131,140,107,6,94,158,161,117
FOODS_2_206,FOODS_2,FOODS,0,0,0,0,0,0,82,112,146,143,118,153,84,163,160,112,147,151,128,1,0,2,2,1,2,2,135,88,117,12,0,0,3,2,104,109,216,21,87,137,193,163,69,30,58,46,0,2,2,1,2,3,0,1,1,2,4,23,314,248,305,341,276,210,192
FOODS_2_207,FOODS_2,FOODS,9,68,88,72,46,65,65,31,0,0,4,59,63,62,53,49,48,73,60,0,0,1,64,74,90,59,90,2,4,2,3,2,3,4,2,4,113,124,136,126,102,123,93,93,104,125,105,108,101,95,131,127,96,88,58,66,95,90,94,80,87,92,83,84,41
FOODS_2_208,FOODS_2,FOODS,8,225,331,195,34,8,6,51,60,73,224,288,289,245,235,228,171,228,255,213,217,108,237,214,246,237,228,169,143,132,151,126,219,53,2,4,2,2,3,3,1,3,20,236,346,304,371,461,442,322,349,319,276,269,274,311,291,325,369,422,426,427,399,332,245
FOODS_2_209,FOODS_2,FOODS,0,0,0,0,0,0,0,0,0,0,0,0,0,0,0,0,0,0,0,0,0,0,0,0,6,11,157,133,156,171,136,100,86,70,71,93,91,96,67,78,58,61,48,77,50,40,90,116,123,138,121,125,123,155,223,166,144,143,136,165,280,256,217,219,169
FOODS_2_210,FOODS_2,FOODS,0,0,0,0,0,0,0,0,0,0,0,0,0,0,0,0,0,0,0,0,0,0,0,0,0,0,0,0,0,0,0,0,0,0,0,0,0,0,0,0,0,0,400,438,409,350,346,419,484,350,310,268,270,317,336,271,271,262,279,291,287,294,279,341,239
FOODS_2_211,FOODS_2,FOODS,18,187,237,257,201,17,1,6,3,4,2,276,336,264,382,284,285,354,417,559,429,594,588,604,620,648,626,591,493,421,393,381,398,438,233,13,21,17,198,485,477,498,395,393,395,390,374,387,467,106,4,234,374,317,283,284,257,299,315,281,274,278,245,280,229
FOODS_2_212,FOODS_2,FOODS,74,608,705,939,1009,1333,1219,1016,994,819,573,442,480,630,660,59,7,5,7,9,161,471,440,460,421,485,666,636,180,5,7,7,706,914,564,413,519,58,2,5,7,87,466,399,361,348,285,225,314,301,451,69,1,1,2,1,247,678,439,417,452,559,622,521,203
FOODS_2_213,FOODS_2,FOODS,0,0,0,0,0,0,0,0,0,0,0,0,0,0,0,0,0,0,0,0,0,0,0,0,1,123,401,340,196,237,73,0,4,148,110,64,18,122,284,174,156,142,154,103,113,109,131,105,33,124,92,116,119,151,128,121,91,117,123,19,1,6,150,172,94
FOODS_2_214,FOODS_2,FOODS,0,0,0,0,0,0,0,0,0,0,0,0,0,0,0,0,0,0,0,0,0,0,0,0,0,0,0,0,0,0,0,0,0,0,0,0,0,0,47,176,178,252,259,125,226,322,311,245,88,15,357,384,344,255,277,282,251,254,249,175,305,209,13,40,299
FOODS_2_215,FOODS_2,FOODS,0,0,0,0,0,0,0,0,0,0,0,0,0,0,0,0,0,0,0,0,0,0,0,0,0,0,0,0,0,0,0,0,0,0,0,0,0,0,0,0,0,0,0,0,0,0,0,73,301,458,541,513,411,73,18,80,288,383,425,357,547,458,460,576,392
FOODS_2_216,FOODS_2,FOODS,0,8,89,110,118,98,127,120,127,112,141,130,131,122,116,110,101,112,124,141,130,149,160,186,142,118,110,89,81,77,73,83,82,70,69,75,83,97,94,80,84,103,121,124,136,117,164,153,163,137,154,157,173,174,206,190,181,200,218,216,298,222,220,220,165
FOODS_2_217,FOODS_2,FOODS,0,0,0,0,0,0,0,0,0,0,0,0,0,0,0,0,89,0,0,133,293,382,350,391,456,391,328,320,293,318,299,315,314,329,367,384,382,389,384,311,296,282,232,280,278,320,366,363,393,356,465,499,485,414,417,459,488,520,446,463,497,473,388,392,320
FOODS_2_218,FOODS_2,FOODS,15,84,83,97,111,109,115,133,89,75,77,64,120,131,108,107,162,131,105,120,120,43,91,106,110,104,121,101,101,95,126,95,99,95,67,61,85,89,145,89,135,155,187,197,163,169,151,107,123,127,157,186,179,182,191,189,132,107,105,169,201,204,217,231,172
FOODS_2_219,FOODS_2,FOODS,19,115,129,105,103,61,0,2,1,109,157,182,253,176,166,150,28,18,129,158,188,165,178,182,503,223,80,52,220,224,200,185,222,159,170,138,25,116,307,194,194,186,158,197,185,192,161,76,24,113,230,171,178,187,217,313,243,337,182,1,4,219,363,366,256
FOODS_2_220,FOODS_2,FOODS,36,266,237,209,165,180,200,169,118,124,126,155,264,250,300,279,277,233,252,256,219,148,228,210,394,292,294,22,14,179,314,105,15,37,220,166,19,120,412,336,312,285,199,207,231,187,129,119,127,158,180,156,161,137,169,210,309,375,392,357,469,413,373,407,311
FOODS_2_221,FOODS_2,FOODS,24,219,242,211,207,212,118,127,124,325,249,287,336,342,334,157,2,0,0,1,0,0,0,0,0,0,0,0,0,0,0,0,1,111,0,0,63,184,142,0,0,4,0,1,0,272,252,176,422,331,394,278,494,498,524,518,551,624,224,372,728,505,598,625,451
FOODS_2_222,FOODS_2,FOODS,0,0,0,0,0,0,0,0,0,0,0,0,0,0,0,0,0,0,74,1089,974,1241,1271,1198,1219,941,1090,1340,1184,1154,949,1244,1025,1735,1503,1394,1721,1813,1991,1296,1090,1026,921,1018,1256,2171,2352,1951,562,1448,1524,1203,1114,977,961,1322,1564,2193,1870,1826,2200,1912,1883,1667,1404
FOODS_2_223,FOODS_2,FOODS,0,0,127,152,216,233,323,274,247,182,147,156,166,74,8,2,6,23,226,255,257,201,193,5,8,156,286,148,16,17,12,5,4,52,160,118,267,304,327,247,215,188,235,171,219,195,256,232,241,34,0,46,222,233,230,108,3,3,161,315,346,24,3,3,201
FOODS_2_224,FOODS_2,FOODS,0,0,41,117,89,60,52,66,74,99,117,78,104,131,75,87,57,52,83,122,135,141,169,127,159,152,135,209,166,193,149,151,184,187,205,192,83,58,157,186,184,162,142,170,179,180,150,149,145,104,142,152,55,85,90,80,108,209,207,194,229,207,240,209,152
FOODS_2_225,FOODS_2,FOODS,44,297,296,215,249,248,249,281,297,204,247,291,300,327,300,299,340,287,289,379,279,308,314,323,309,258,261,142,234,265,279,256,307,248,287,278,329,312,76,11,14,18,85,469,300,406,435,423,405,359,311,261,104,4,9,47,438,501,405,417,442,312,404,442,382
FOODS_2_226,FOODS_2,FOODS,0,0,0,0,0,0,0,0,0,0,0,0,0,0,0,0,0,0,0,0,15,43,52,33,41,26,37,1,0,1,1,0,0,0,0,0,39,36,44,39,39,43,56,34,46,37,37,37,43,46,46,51,53,43,36,42,48,71,65,63,82,53,65,47,43
FOODS_2_227,FOODS_2,FOODS,0,0,0,0,0,0,0,0,0,0,0,0,0,0,0,0,0,0,0,0,0,0,0,0,0,0,0,97,0,1,106,30,1,2,1,1,0,206,193,65,270,341,240,204,217,183,165,2,6,223,313,316,107,9,81,333,263,152,331,324,325,328,280,238,171
FOODS_2_228,FOODS_2,FOODS,0,0,0,0,0,0,0,0,0,0,0,0,0,0,0,99,138,185,212,230,277,172,126,160,171,163,118,132,89,106,93,97,116,112,116,119,109,99,80,72,71,72,67,83,107,126,123,119,142,99,123,109,88,98,75,109,158,150,123,94,155,144,129,121,115
FOODS_2_229,FOODS_2,FOODS,91,1201,951,1004,973,1211,1304,1133,984,738,720,687,957,439,0,1,7,37,849,881,978,850,804,7,4,418,955,479,12,2,0,2,0,97,475,430,630,358,569,544,283,1,2,3,2,10,477,536,601,130,0,84,459,365,334,308,289,94,204,340,360,36,0,1,210
FOODS_2_230,FOODS_2,FOODS,46,315,334,285,287,226,248,250,266,194,171,160,178,62,1,7,6,10,198,188,223,292,251,1,1,125,187,103,7,12,8,8,4,61,187,194,361,357,395,265,319,288,305,315,318,270,401,320,281,68,2,61,304,291,334,144,7,5,173,292,341,22,2,1,164
FOODS_2_231,FOODS_2,FOODS,38,321,393,288,348,308,314,380,401,390,283,264,353,293,397,338,279,306,292,290,240,165,328,307,302,331,428,366,352,361,416,442,399,156,36,7,304,260,399,295,293,291,267,244,307,243,234,194,231,212,165,2,92,248,220,242,275,287,199,195,233,288,264,254,239
FOODS_2_232,FOODS_2,FOODS,30,235,263,269,215,228,241,247,320,323,266,270,293,280,270,294,292,242,223,260,222,257,297,358,335,331,399,335,310,307,307,368,318,358,371,357,397,342,379,264,246,250,271,264,297,349,258,276,287,360,372,293,283,298,352,484,627,422,337,261,267,267,301,323,189
FOODS_2_233,FOODS_2,FOODS,151,1177,1144,920,925,1059,914,983,990,775,867,883,975,765,663,554,581,671,698,612,606,595,526,529,537,516,567,480,489,509,576,565,511,496,441,495,489,499,541,533,557,622,627,576,529,506,496,457,521,488,484,400,456,512,455,480,536,930,846,1002,1059,923,1003,1014,763
FOODS_2_234,FOODS_2,FOODS,0,0,0,0,0,0,0,0,0,0,0,0,59,243,250,12,30,259,287,270,251,260,278,248,327,229,248,172,206,271,260,244,247,61,225,221,233,225,321,219,256,183,179,169,187,181,201,121,219,187,166,171,149,166,211,183,198,250,177,132,14,126,218,223,175
FOODS_2_235,FOODS_2,FOODS,0,0,0,0,84,128,0,0,0,0,0,0,0,0,0,100,6,4,103,150,146,95,143,119,248,140,50,40,144,114,114,114,119,76,99,86,7,59,165,88,127,105,111,159,124,150,118,67,13,71,130,120,161,162,242,298,285,418,380,216,4,242,356,268,210
FOODS_2_236,FOODS_2,FOODS,46,232,0,0,125,399,403,378,431,432,462,587,567,588,602,485,456,504,512,590,595,598,456,506,647,654,574,602,563,606,633,602,673,627,452,445,501,512,603,602,568,449,457,414,470,390,457,449,462,88,0,0,318,436,408,464,409,427,412,441,459,504,461,519,403
FOODS_2_237,FOODS_2,FOODS,24,203,245,256,228,252,240,206,226,206,182,141,214,183,219,191,186,154,8,5,43,213,189,188,244,53,10,45,169,156,166,112,47,39,142,83,32,139,118,148,113,100,125,164,249,188,207,197,177,110,122,121,203,203,211,240,260,234,247,215,257,255,206,244,172
FOODS_2_238,FOODS_2,FOODS,0,0,0,0,0,0,0,0,0,0,0,0,0,0,0,0,0,0,0,0,0,0,0,0,0,153,301,310,326,304,244,208,300,261,170,172,425,612,527,181,19,169,332,289,451,422,293,239,363,278,360,278,359,230,231,229,238,232,223,209,462,430,412,396,240
FOODS_2_239,FOODS_2,FOODS,0,0,0,0,0,0,0,0,0,0,0,0,0,0,0,0,0,0,0,0,0,0,0,0,0,0,0,0,0,0,4,29,20,34,26,61,37,32,29,10,7,11,13,22,27,52,129,132,65,45,32,22,13,25,47,54,27,45,76,126,40,33,46,35,41
FOODS_2_240,FOODS_2,FOODS,179,1669,1798,1611,1619,1876,2475,2407,2450,1948,1787,1700,1900,772,5,9,1,88,2068,2205,1970,1508,1329,3,9,946,1628,772,27,10,13,6,7,93,431,412,1142,868,986,838,765,229,449,274,255,183,933,1021,974,318,155,347,832,674,681,502,188,211,509,675,847,395,309,357,565
FOODS_2_241,FOODS_2,FOODS,0,0,0,0,0,0,0,0,0,0,0,0,0,0,0,0,0,0,69,1302,1287,1466,1438,1540,1858,1568,1410,1264,1293,1291,1149,1243,1234,1639,1617,1411,1328,344,1508,1258,1083,1184,25,17,272,1716,1691,1349,13,17,274,2013,1796,1995,690,120,1156,1691,1623,1432,1769,1545,1507,1612,1144
FOODS_2_242,FOODS_2,FOODS,19,155,211,263,189,270,286,267,225,200,244,254,296,256,279,315,346,396,449,439,451,487,476,443,495,444,475,298,419,418,356,396,433,388,367,342,403,390,91,16,9,15,174,871,526,710,487,503,489,411,369,365,212,5,2,68,518,655,405,551,637,541,628,609,341
FOODS_2_243,FOODS_2,FOODS,7,45,42,43,61,42,42,41,0,0,2,61,86,54,55,50,47,51,32,2,0,0,99,142,133,127,134,8,0,1,0,4,1,2,1,1,105,145,153,148,118,120,99,105,108,87,72,89,114,123,123,121,101,106,84,91,107,142,102,97,111,131,98,118,86
FOODS_2_244,FOODS_2,FOODS,213,1645,1808,1584,1478,1690,1907,1928,2004,1772,1568,1909,2263,2009,1987,2073,1933,2008,1977,1648,1889,1981,1515,1663,1846,1366,1795,2396,1912,2024,1890,1928,1658,1934,1496,1747,1703,1532,1634,1326,1361,202,16,255,1323,1334,1044,1020,1085,1021,965,1117,1441,1386,1146,1190,1184,995,975,1148,1287,1101,1150,1137,856
FOODS_2_245,FOODS_2,FOODS,26,269,264,238,237,292,273,279,252,267,266,305,225,217,240,110,0,0,257,390,365,362,362,378,419,411,379,397,375,393,328,226,282,210,306,365,373,335,391,230,302,317,331,294,189,266,285,321,341,322,345,318,281,341,300,399,310,359,350,353,327,309,376,347,260
FOODS_2_246,FOODS_2,FOODS,0,0,0,0,0,0,0,0,0,0,0,0,0,0,0,0,0,0,0,0,0,0,0,0,0,0,0,0,0,0,0,0,0,0,0,0,0,0,63,192,213,257,271,320,355,333,332,329,321,65,0,40,288,272,258,203,169,200,245,343,417,191,136,170,209
FOODS_2_247,FOODS_2,FOODS,73,772,915,828,736,701,757,757,618,584,576,542,580,545,573,577,512,544,606,606,562,478,478,494,550,531,571,563,573,713,642,621,623,360,333,528,594,534,86,11,18,434,468,465,522,462,454,404,480,431,466,463,453,457,484,513,546,604,605,647,705,695,610,649,533
FOODS_2_248,FOODS_2,FOODS,8,82,87,85,82,69,89,80,33,64,55,54,72,117,69,52,55,88,74,70,71,94,66,56,61,61,61,66,54,52,59,87,86,79,65,41,37,18,43,33,77,57,93,116,110,125,118,138,121,132,152,116,108,108,138,119,127,169,245,241,305,202,265,298,207
FOODS_2_249,FOODS_2,FOODS,0,0,0,0,0,0,0,0,0,0,0,0,0,0,0,0,0,0,0,0,0,0,0,0,0,0,0,0,0,0,0,0,0,0,0,0,0,0,0,0,0,67,236,303,349,12,0,185,266,126,2,58,383,462,472,510,541,595,287,179,214,542,597,571,411
FOODS_2_250,FOODS_2,FOODS,0,0,0,0,0,0,0,0,0,0,0,0,0,0,0,0,0,0,0,0,0,0,0,0,0,0,0,0,0,0,0,0,0,0,0,0,0,0,0,0,0,0,0,0,0,103,157,183,120,127,138,136,232,165,152,139,149,161,155,235,205,207,233,142,145
FOODS_2_251,FOODS_2,FOODS,71,512,379,435,447,454,322,168,17,11,1,0,0,0,0,0,0,0,156,362,340,368,329,494,496,2,3,71,420,351,456,528,382,480,483,409,3,27,433,506,481,486,460,474,473,475,534,341,0,0,436,482,529,381,425,472,455,449,447,609,538,589,423,383,322
FOODS_2_252,FOODS_2,FOODS,0,0,0,0,0,0,0,0,0,0,0,0,0,0,0,0,0,0,0,0,0,0,0,0,0,0,0,0,0,0,0,0,0,0,0,0,0,0,0,0,0,0,0,0,0,0,0,39,30,116,113,117,110,135,98,120,101,99,71,8,1,2,88,121,60
FOODS_2_253,FOODS_2,FOODS,0,0,0,0,0,0,0,0,0,0,0,0,0,0,0,0,0,0,0,0,0,0,0,0,0,0,0,0,0,0,0,0,0,0,0,0,0,0,0,0,0,0,0,0,0,50,70,65,97,81,99,92,57,88,74,103,118,224,199,179,309,313,323,333,204
FOODS_2_254,FOODS_2,FOODS,0,0,0,0,0,0,0,0,0,0,0,0,0,0,41,0,0,1,63,107,82,0,0,33,109,28,0,0,0,0,79,76,80,8,5,7,84,96,4,2,0,0,27,106,72,0,0,0,87,62,4,0,0,0,73,101,107,46,3,1,96,119,115,150,99
FOODS_2_255,FOODS_2,FOODS,17,109,94,207,170,156,123,130,235,347,2264,765,202,193,185,210,157,254,249,246,305,170,81,967,221,235,303,159,194,195,221,260,282,337,3427,956,247,187,173,215,150,136,195,239,263,415,3108,948,255,182,229,277,269,212,203,215,249,395,2919,1305,195,220,374,261,204
FOODS_2_256,FOODS_2,FOODS,0,0,0,0,0,0,0,0,0,0,0,0,0,0,7,104,73,192,238,251,410,469,352,428,97,138,208,217,210,207,243,173,169,292,234,254,296,265,278,312,86,309,218,274,174,442,384,367,267,239,233,335,370,318,314,249,167,260,227,254,419,416,313,357,270
FOODS_2_257,FOODS_2,FOODS,0,0,0,0,0,0,0,0,0,0,0,0,0,0,0,0,0,0,0,0,0,128,406,470,506,574,541,522,540,563,593,645,684,785,849,831,998,801,823,732,693,690,754,674,664,735,847,947,944,763,876,729,749,636,752,641,566,740,727,711,748,726,725,733,661
FOODS_2_258,FOODS_2,FOODS,12,139,136,167,147,124,181,192,224,187,150,176,225,196,186,172,256,239,212,246,239,244,240,193,240,232,237,239,233,202,198,223,200,150,159,147,218,225,246,237,196,72,0,0,0,0,37,119,174,119,198,158,180,207,200,182,134,145,137,137,172,141,197,171,151
FOODS_2_259,FOODS_2,FOODS,0,0,0,0,0,0,0,0,0,0,0,0,0,0,0,0,0,0,0,0,0,0,0,0,0,0,0,27,58,3,0,1,31,34,26,33,59,60,69,56,51,87,97,80,51,88,68,80,82,76,75,86,87,90,100,88,72,83,89,66,94,81,100,98,68
FOODS_2_260,FOODS_2,FOODS,0,0,0,0,64,79,0,0,0,104,141,140,213,141,180,148,22,0,77,117,62,62,80,94,271,188,61,48,170,136,158,146,138,74,77,78,1,61,157,109,132,54,70,74,65,68,57,28,6,63,128,112,89,94,105,120,175,250,301,189,9,191,322,248,208
FOODS_2_261,FOODS_2,FOODS,0,16,6,28,19,26,12,17,28,31,29,32,29,26,27,31,51,73,72,85,128,121,86,106,142,133,109,94,85,111,96,130,129,116,116,110,94,133,151,80,108,100,85,131,102,82,63,79,87,84,82,122,118,116,120,105,95,108,111,155,175,159,150,131,101
FOODS_2_262,FOODS_2,FOODS,59,364,385,363,273,218,242,201,259,304,209,171,303,292,288,215,233,256,267,222,271,147,264,234,332,265,296,23,8,125,244,73,9,18,280,164,7,106,312,273,246,226,178,181,190,154,140,160,285,225,279,240,252,238,260,376,375,481,409,303,475,422,402,398,277
FOODS_2_263,FOODS_2,FOODS,0,43,234,181,202,83,2,0,64,76,39,76,76,90,169,170,200,243,90,5,3,38,88,142,141,129,52,11,9,7,9,6,85,172,138,129,124,140,189,22,7,3,96,241,181,174,121,137,156,122,207,22,2,5,180,223,241,201,166,141,169,186,216,209,115
FOODS_2_264,FOODS_2,FOODS,16,111,127,107,138,110,111,113,155,145,83,102,80,96,121,148,146,135,138,172,152,167,126,153,123,109,101,11,5,6,5,7,43,143,69,108,72,110,98,6,2,9,73,133,116,155,110,69,91,95,96,161,217,256,295,275,198,245,227,200,244,264,252,232,197
FOODS_2_265,FOODS_2,FOODS,0,0,0,0,0,0,0,0,0,0,0,0,0,0,0,0,0,0,0,0,0,0,89,38,19,8,5,43,74,103,95,91,86,109,99,121,123,126,100,88,82,92,111,95,113,102,68,51,92,136,102,124,89,68,85,105,104,99,101,154,184,142,146,175,115
FOODS_2_266,FOODS_2,FOODS,0,0,0,0,0,0,0,0,0,0,0,0,0,49,0,0,92,701,641,741,609,290,484,601,381,718,746,462,233,542,2,0,86,493,548,529,405,359,640,453,449,492,361,6,2,132,412,489,487,463,435,338,387,451,523,676,502,337,341,572,592,684,690,599,461
FOODS_2_267,FOODS_2,FOODS,63,354,417,367,322,308,228,185,227,286,325,290,360,310,346,322,305,381,376,367,338,438,353,398,529,537,514,386,358,367,369,425,401,363,377,467,457,414,371,321,324,270,289,373,376,470,434,374,372,483,412,403,420,93,25,98,243,324,353,455,608,496,485,417,338
FOODS_2_268,FOODS_2,FOODS,0,0,0,0,0,0,0,0,0,0,0,0,0,0,0,0,0,0,0,0,0,0,88,33,18,9,1,39,89,97,133,140,116,115,115,84,56,64,57,49,71,47,56,76,64,58,32,27,24,53,43,58,50,57,62,73,91,91,105,105,111,108,82,94,71
FOODS_2_269,FOODS_2,FOODS,0,0,0,0,0,0,0,0,0,0,0,0,0,86,78,0,13,112,99,95,97,79,82,81,91,83,95,87,78,95,128,136,113,137,83,129,171,152,137,156,136,159,150,179,189,195,148,81,113,116,118,78,102,112,147,196,102,152,137,79,6,99,160,155,121
FOODS_2_270,FOODS_2,FOODS,0,0,0,0,0,0,0,0,0,0,0,0,0,0,0,0,0,0,0,0,0,0,0,0,2,89,302,245,296,201,56,8,5,156,175,52,14,61,168,93,97,83,99,80,57,76,62,59,33,112,123,149,110,141,102,122,105,160,128,19,1,4,156,184,102
FOODS_2_271,FOODS_2,FOODS,0,0,0,0,0,0,0,0,0,0,0,0,0,0,0,0,0,0,0,0,0,0,0,0,0,0,0,0,0,0,0,0,0,0,0,0,0,0,0,0,0,0,0,0,0,121,134,122,157,104,93,169,111,112,88,128,89,114,58,75,95,62,114,97,71
FOODS_2_272,FOODS_2,FOODS,0,0,0,0,0,0,0,0,0,0,0,0,0,0,0,0,0,0,0,0,0,0,0,0,0,230,0,0,145,558,613,574,594,576,574,555,599,567,507,494,499,488,499,500,484,580,516,650,627,488,481,512,485,431,468,568,538,793,646,575,656,670,727,710,548
FOODS_2_273,FOODS_2,FOODS,0,0,0,0,0,0,0,0,0,0,0,0,28,60,57,0,17,61,50,46,54,71,50,46,68,38,60,61,63,78,131,117,71,25,133,117,146,137,119,96,97,99,96,111,109,104,82,73,94,87,121,117,115,89,123,130,156,202,190,99,5,105,154,148,140
FOODS_2_274,FOODS_2,FOODS,32,228,281,305,292,329,367,475,381,318,292,303,442,368,412,342,383,424,391,362,476,274,506,510,782,630,743,629,615,478,571,498,512,259,15,11,20,12,16,7,11,23,74,690,801,781,659,639,986,944,816,796,840,875,865,888,890,838,670,601,804,741,673,584,461
FOODS_2_275,FOODS_2,FOODS,18,196,262,231,209,191,231,263,256,100,2,7,6,7,21,268,170,183,51,1,6,4,1,26,244,244,292,270,226,197,234,230,272,258,190,186,190,270,295,375,248,268,261,263,170,335,262,265,291,265,324,233,197,257,307,359,311,424,356,293,430,433,438,317,333
FOODS_2_276,FOODS_2,FOODS,391,3745,3994,3148,3054,3947,4224,3153,2928,3960,2935,3837,4010,4130,3176,3609,3369,3635,3258,3458,3407,2693,1886,1376,1592,1696,2158,666,2622,2864,2507,2313,2369,2475,2398,2460,2617,2316,2067,2142,2059,2043,2152,2259,2035,2498,2306,2219,1907,1645,1689,1879,1656,1543,2026,2069,1768,1929,1782,1692,2166,1732,1810,1710,1226
FOODS_2_277,FOODS_2,FOODS,0,0,0,0,0,0,0,0,0,0,0,0,0,0,0,0,0,0,0,0,0,0,0,0,0,0,0,0,0,0,0,0,0,0,0,0,0,0,0,54,253,283,259,255,179,2,1,1,260,238,213,273,204,221,235,362,329,252,1,432,386,207,220,368,249
FOODS_2_278,FOODS_2,FOODS,0,0,0,0,0,0,0,0,0,0,0,0,0,0,0,0,0,0,0,0,0,0,0,0,0,0,0,0,0,0,0,0,0,0,0,0,0,0,0,0,0,146,352,399,418,416,418,347,390,412,366,337,157,2,4,23,319,357,356,248,272,294,325,299,225
FOODS_2_279,FOODS_2,FOODS,0,0,0,0,0,0,0,0,0,0,0,0,0,0,0,0,0,0,0,176,149,238,404,402,488,291,313,307,255,252,289,276,246,366,233,193,285,267,217,284,220,190,243,239,230,296,452,372,151,283,312,290,259,297,284,262,325,335,499,471,406,336,417,387,300
FOODS_2_280,FOODS_2,FOODS,2,25,29,12,24,18,12,9,9,20,21,23,32,34,8,11,4,7,1,0,4,5,10,3,13,10,54,1,0,0,4,2,37,62,68,71,80,86,96,7,0,2,60,109,98,87,58,78,96,85,97,104,128,139,148,138,133,137,120,134,184,179,170,198,119
FOODS_2_281,FOODS_2,FOODS,18,108,100,104,76,85,83,41,0,1,3,61,71,55,77,55,52,51,55,7,0,2,84,101,99,99,125,10,6,7,9,17,10,11,7,9,73,100,102,78,52,45,45,49,43,65,87,79,79,78,68,116,71,52,35,40,53,69,51,53,63,50,53,74,60
FOODS_2_282,FOODS_2,FOODS,0,197,346,133,149,223,195,380,396,319,263,291,327,417,334,205,271,388,322,345,397,378,382,367,405,410,401,397,321,399,430,476,477,395,438,422,321,369,420,352,431,108,10,10,460,353,457,571,548,500,512,483,386,113,269,557,455,429,539,539,623,535,823,803,419
FOODS_2_283,FOODS_2,FOODS,49,408,478,570,414,475,428,412,476,431,570,841,527,496,457,443,467,459,543,534,458,614,954,984,737,732,709,487,485,513,518,521,529,568,882,962,200,100,522,495,422,366,408,74,43,281,655,878,781,416,512,325,371,331,404,306,343,456,206,45,416,367,378,360,205
FOODS_2_284,FOODS_2,FOODS,0,0,0,0,47,143,153,155,320,140,85,124,182,173,269,219,154,135,116,127,100,103,108,157,159,179,236,206,160,157,195,138,88,89,102,123,134,130,137,95,103,134,127,119,134,96,109,104,126,72,127,144,136,165,168,187,136,184,156,176,154,145,117,135,111
FOODS_2_285,FOODS_2,FOODS,106,889,1110,1260,1644,842,862,748,803,703,715,874,903,903,999,836,532,297,542,929,954,967,1247,1169,1193,1240,1468,1274,1210,636,613,879,763,621,710,543,650,763,915,955,1313,628,614,475,572,407,764,772,756,723,789,934,842,664,772,719,653,582,648,507,673,793,898,958,711
FOODS_2_286,FOODS_2,FOODS,0,0,0,0,0,0,0,0,0,0,0,0,0,0,0,0,0,0,0,0,0,0,0,0,0,0,0,0,0,0,0,0,0,0,0,0,0,0,0,134,447,483,493,493,465,569,516,587,497,441,473,443,478,482,601,749,806,898,794,856,901,701,666,616,467
FOODS_2_287,FOODS_2,FOODS,0,0,0,0,0,0,0,0,0,0,0,0,0,0,0,0,0,0,0,0,0,0,0,0,0,0,0,0,0,0,0,0,0,0,0,0,0,0,30,97,86,77,115,60,105,115,101,103,13,11,159,147,122,91,126,143,163,145,122,121,164,77,11,15,130
FOODS_2_288,FOODS_2,FOODS,27,235,241,147,186,175,0,1,0,132,208,302,440,298,262,8,37,267,299,301,268,213,239,302,563,326,130,72,367,339,291,217,248,190,251,158,21,193,458,311,306,250,284,300,336,227,244,185,36,198,294,292,231,172,166,268,240,314,324,237,6,241,402,344,305
FOODS_2_289,FOODS_2,FOODS,47,370,475,479,417,372,429,386,374,262,370,361,327,385,363,395,446,543,554,556,507,648,661,691,730,754,780,496,647,626,474,548,602,473,494,483,632,684,177,19,37,26,263,1159,674,881,810,662,735,571,476,243,246,10,8,52,422,560,600,577,731,708,671,626,530
FOODS_2_290,FOODS_2,FOODS,0,0,0,0,0,0,0,0,0,0,0,0,0,0,0,0,0,0,0,0,0,0,0,0,0,0,0,0,0,0,0,0,0,0,0,0,0,0,0,0,0,296,546,444,514,333,397,387,292,374,355,36,0,3,2,1,7,363,376,375,382,373,430,428,279
FOODS_2_291,FOODS_2,FOODS,83,790,400,44,6,5,5,2,0,237,598,638,722,655,873,698,690,724,882,749,957,637,754,860,861,826,788,551,464,429,377,307,5,2,10,2,10,55,126,4,5,20,214,587,664,779,710,802,725,561,620,574,570,662,649,576,526,502,425,384,606,609,660,628,389
FOODS_2_292,FOODS_2,FOODS,0,0,0,0,0,0,0,0,0,0,0,0,0,0,0,0,0,0,0,0,0,0,0,0,0,0,0,0,0,0,0,0,0,0,0,0,0,0,0,0,0,0,0,0,274,322,319,324,378,303,232,238,252,320,336,348,296,319,306,340,333,34,0,0,148
FOODS_2_293,FOODS_2,FOODS,70,647,706,683,568,552,509,565,647,630,629,788,745,784,745,703,892,900,898,971,1009,926,954,1204,1089,1065,1073,893,945,845,836,823,819,798,851,921,931,795,889,961,869,922,802,868,818,890,862,877,972,1120,929,875,838,672,727,822,738,906,926,909,993,897,1191,918,601
FOODS_2_294,FOODS_2,FOODS,156,1160,1257,1252,1056,915,295,399,437,1284,1192,1067,1514,1447,1478,1288,1017,1007,955,1015,1023,998,396,410,1130,877,992,961,843,626,721,632,107,54,41,46,823,636,345,53,63,61,47,39,74,756,603,660,1436,918,984,652,1050,692,911,966,981,1209,579,782,1297,1109,1133,1177,907
FOODS_2_295,FOODS_2,FOODS,36,287,219,183,231,189,173,132,97,125,106,140,222,252,231,106,76,70,86,70,75,25,3,2,182,201,160,134,148,159,138,92,66,62,69,121,15,81,46,63,143,179,98,106,127,151,160,90,256,149,124,130,117,149,122,122,121,148,0,2,0,111,161,129,121
FOODS_2_296,FOODS_2,FOODS,0,0,0,0,0,0,0,0,0,0,0,0,0,0,0,0,0,0,0,0,0,0,0,0,0,0,0,87,201,157,163,176,137,116,91,126,187,168,185,141,131,144,164,154,203,162,110,150,236,182,180,165,179,159,145,200,195,157,157,184,275,210,201,149,139
FOODS_2_297,FOODS_2,FOODS,0,223,488,463,538,675,740,687,398,526,548,576,446,483,165,4,1,3,6,436,459,301,7,2,2,496,623,496,151,526,521,563,506,478,0,4,11,431,615,474,479,526,532,481,32,2,470,332,5,0,356,504,436,399,439,497,436,477,457,454,510,392,343,418,314
FOODS_2_298,FOODS_2,FOODS,20,127,120,120,120,148,99,74,60,96,95,120,117,106,67,36,60,47,50,62,47,11,0,0,70,122,105,68,116,115,130,58,56,57,55,81,8,56,38,43,104,110,111,90,70,103,80,60,125,143,97,77,98,89,76,76,72,73,1,2,0,68,119,97,72
FOODS_2_299,FOODS_2,FOODS,74,558,611,769,717,678,651,610,647,685,806,982,820,678,592,518,441,481,471,482,484,505,510,575,538,399,422,615,504,387,417,414,369,479,405,797,604,475,500,540,594,494,453,474,475,497,511,674,620,487,501,468,579,546,463,561,692,953,1112,996,735,872,1037,816,617
FOODS_2_300,FOODS_2,FOODS,0,0,0,0,0,0,0,0,0,0,0,0,0,0,15,146,146,313,124,151,106,1,4,35,138,38,7,2,2,3,116,155,153,9,3,10,141,123,2,1,7,2,92,184,145,4,0,1,125,122,7,0,0,0,119,155,155,80,2,2,148,152,199,197,141
FOODS_2_301,FOODS_2,FOODS,0,0,0,0,0,0,0,0,0,0,0,0,0,0,0,0,0,0,0,0,0,0,0,0,0,0,0,0,0,0,0,0,0,19,241,302,308,454,446,399,497,281,338,375,384,356,414,381,435,426,436,395,311,273,297,333,301,244,238,293,331,415,355,425,295
FOODS_2_302,FOODS_2,FOODS,0,0,0,0,0,96,403,272,368,380,250,343,216,391,309,253,321,251,216,0,2,0,0,0,4,5,254,207,359,17,3,1,2,2,199,176,288,17,109,198,391,423,168,61,75,80,4,1,0,1,0,0,0,1,0,0,3,32,289,407,545,590,553,541,329
FOODS_2_303,FOODS_2,FOODS,22,286,309,278,310,428,435,493,431,381,292,293,371,141,4,8,3,15,456,435,452,458,397,2,3,254,460,240,6,11,10,3,13,55,183,182,317,310,395,238,183,73,94,76,58,83,297,335,342,74,1,58,276,275,291,144,6,7,151,269,354,36,3,1,138
FOODS_2_304,FOODS_2,FOODS,91,633,554,495,407,497,486,487,488,356,309,332,317,302,245,252,255,419,408,15,10,11,383,506,497,424,419,373,325,387,243,8,8,7,309,389,311,392,523,487,161,16,13,25,204,432,430,379,375,374,409,368,443,509,502,633,427,440,529,509,566,511,437,500,348
FOODS_2_305,FOODS_2,FOODS,3,48,68,38,44,34,31,39,47,37,48,82,66,115,133,112,85,86,81,102,136,117,78,131,118,114,110,101,93,64,87,74,60,72,65,102,84,81,2,11,55,66,56,64,65,83,152,128,64,1,0,58,79,75,86,83,87,78,132,188,97,3,41,113,67
FOODS_2_306,FOODS_2,FOODS,0,0,0,97,105,102,120,129,152,204,215,238,125,137,90,123,174,136,158,183,195,205,271,376,211,213,272,240,215,240,247,198,168,243,248,308,205,230,247,287,267,205,241,277,238,268,236,299,267,231,195,224,211,169,291,168,294,230,243,333,249,316,344,304,187
FOODS_2_307,FOODS_2,FOODS,0,0,0,0,0,0,0,0,0,0,0,0,0,0,0,0,0,0,11,330,312,478,669,771,694,400,432,545,546,485,375,506,398,749,604,586,670,712,706,460,397,428,379,370,458,816,1090,833,332,525,572,550,503,538,513,557,602,918,770,735,744,632,524,504,441
FOODS_2_308,FOODS_2,FOODS,9,22,0,0,117,183,154,164,178,187,151,110,166,221,209,147,128,126,123,161,169,170,144,155,305,224,145,169,178,194,171,150,166,97,46,128,227,72,79,179,171,165,137,129,107,154,135,127,61,64,201,161,143,174,150,204,186,182,121,103,145,127,89,104,88
FOODS_2_309,FOODS_2,FOODS,0,0,0,0,0,0,0,0,0,0,0,0,158,453,512,459,366,474,410,460,503,472,445,438,536,553,677,556,520,526,487,522,474,494,446,519,519,463,551,499,419,401,417,441,287,376,341,340,369,380,469,408,391,439,430,532,541,793,737,753,764,834,871,815,648
FOODS_2_310,FOODS_2,FOODS,0,0,0,0,0,0,0,0,0,0,0,0,0,0,0,0,0,0,0,0,0,0,0,0,0,0,0,0,0,0,0,0,0,0,0,37,0,57,181,146,122,86,106,106,107,109,78,83,44,141,116,103,104,86,110,123,119,143,86,15,1,4,119,119,96
FOODS_2_311,FOODS_2,FOODS,87,511,536,544,479,546,569,607,516,431,329,524,437,460,538,421,502,626,567,185,168,197,712,736,763,770,695,703,594,403,653,710,607,27,256,649,776,732,699,578,225,14,78,63,131,32,153,8,225,487,565,452,484,75,194,498,521,537,552,628,671,665,583,581,351
FOODS_2_312,FOODS_2,FOODS,0,0,0,0,0,0,0,0,0,0,0,0,0,0,0,0,0,0,0,87,186,79,280,1,134,196,209,159,118,121,127,80,2,4,3,2,5,33,40,40,39,39,51,91,176,178,179,186,139,187,188,195,207,199,209,185,180,228,212,238,249,269,247,218,165
FOODS_2_313,FOODS_2,FOODS,0,0,0,0,0,0,0,7,45,66,60,66,52,60,68,55,54,79,75,47,99,83,90,108,104,86,83,76,81,72,57,70,70,79,51,61,87,69,99,65,72,58,47,49,39,33,40,30,35,36,45,45,40,43,29,54,42,76,63,61,73,66,66,74,50
FOODS_2_314,FOODS_2,FOODS,4,47,81,78,86,87,85,84,76,67,71,70,68,67,70,87,132,126,147,152,102,76,143,144,111,116,121,153,129,164,124,161,190,157,171,167,146,170,320,215,110,103,92,104,79,85,119,99,125,109,141,159,155,153,172,189,165,225,196,220,236,240,232,227,180
FOODS_2_315,FOODS_2,FOODS,90,1109,1166,1168,1138,1316,1208,1461,1261,920,1193,1280,1163,1327,1570,1362,1049,1232,1322,1009,926,993,1155,1011,853,742,897,616,859,1081,924,1109,1075,875,988,1034,1044,889,150,33,28,20,399,1681,1251,1190,981,1100,1355,1098,1078,894,393,38,25,168,1240,1286,758,867,1062,1094,1066,1230,863
FOODS_2_316,FOODS_2,FOODS,0,0,0,0,4,176,178,187,225,296,214,354,302,381,409,488,423,326,333,0,0,4,1,1,1,3,196,124,154,20,2,2,3,0,424,266,428,70,230,204,282,264,157,80,108,106,2,1,3,0,0,0,0,2,2,1,3,36,411,594,570,481,422,458,494
FOODS_2_317,FOODS_2,FOODS,28,246,264,211,188,163,171,137,91,106,68,99,180,184,212,78,58,54,53,55,50,14,4,1,184,201,121,125,138,156,149,86,82,85,79,41,7,47,39,56,141,112,114,102,108,153,151,68,242,113,108,103,93,79,105,90,98,117,3,0,1,66,102,128,70
FOODS_2_318,FOODS_2,FOODS,66,90,0,0,0,0,0,0,0,0,0,0,0,0,0,0,0,0,0,0,9,14,8,15,374,1062,1006,870,686,784,772,698,790,968,612,526,600,914,947,912,865,951,597,57,427,576,586,566,618,603,741,751,698,785,667,879,846,996,871,830,1085,1080,952,1095,800
FOODS_2_319,FOODS_2,FOODS,9,0,0,0,90,122,103,95,95,106,95,86,147,147,129,105,108,122,120,120,138,155,109,102,281,177,150,174,152,129,123,94,97,53,19,61,107,56,31,112,96,101,107,108,106,116,109,80,11,15,168,129,128,125,122,157,152,139,126,78,110,87,61,105,72
FOODS_2_320,FOODS_2,FOODS,0,0,0,0,0,0,0,0,0,0,0,0,0,0,0,0,0,0,0,0,0,0,0,0,0,0,0,0,0,0,77,256,285,323,295,296,374,379,419,41,0,285,721,700,324,357,2,158,546,262,367,469,547,501,419,484,576,586,516,547,543,526,489,484,381
FOODS_2_321,FOODS_2,FOODS,0,0,0,0,0,0,0,316,298,298,223,196,201,237,229,219,192,236,282,335,314,376,353,275,390,281,268,274,281,260,274,299,249,245,202,172,188,57,235,211,215,200,206,215,242,251,210,229,216,244,280,240,231,208,246,298,284,314,238,234,280,258,278,257,166
FOODS_2_322,FOODS_2,FOODS,77,644,635,419,390,375,325,415,541,470,640,822,826,776,647,559,451,481,479,470,555,626,669,696,724,741,777,842,853,758,741,653,825,762,719,754,610,704,839,727,825,616,810,865,654,839,832,877,863,761,754,718,674,721,669,782,719,909,806,865,970,887,891,920,720
FOODS_2_323,FOODS_2,FOODS,11,81,78,88,105,112,104,67,61,90,67,75,92,78,79,77,82,111,152,118,85,143,68,105,135,123,117,8,1,5,1,4,49,115,126,115,154,139,153,11,14,6,75,101,118,102,99,115,112,101,80,141,167,172,201,176,175,183,174,176,203,201,251,254,164
FOODS_2_324,FOODS_2,FOODS,0,0,0,0,0,0,0,0,0,0,0,0,0,0,0,0,0,0,0,0,0,0,0,0,0,0,0,0,0,0,0,0,0,0,0,0,0,0,66,254,301,267,291,89,223,246,223,190,27,27,372,339,283,217,228,232,258,237,184,162,221,90,2,10,170
FOODS_2_325,FOODS_2,FOODS,0,0,0,0,0,0,0,1017,1460,1480,1570,1700,1541,1305,1350,1226,1340,1661,1595,1674,1544,1463,1687,1786,1821,1084,1537,1389,1361,1472,1325,1470,1437,1446,1513,1660,1720,1394,1284,1182,1256,1445,1541,1504,1311,1342,1346,1414,1511,1265,1461,1034,1494,1308,1175,1603,1399,1560,1389,1551,1515,1261,1405,1356,903
FOODS_2_326,FOODS_2,FOODS,92,763,931,857,952,1174,1323,1581,1542,1723,1518,1545,1765,1762,1773,1696,1813,2008,2293,2222,2206,2089,2043,2297,2138,659,686,720,761,923,2693,2082,1515,2707,2407,2341,2564,1874,1205,1409,2188,2259,2396,3167,2686,2644,2560,2539,2963,2711,2594,2449,2804,3152,3329,3346,3309,2983,2988,3259,3697,3632,3713,3674,2821
FOODS_2_327,FOODS_2,FOODS,18,267,192,213,247,243,206,232,272,329,284,358,341,307,317,288,342,292,288,288,296,402,543,472,574,589,585,395,286,302,310,275,135,128,381,439,439,436,429,370,268,273,259,336,317,298,311,225,360,323,349,276,311,281,262,306,307,400,541,459,481,467,435,435,323
FOODS_2_328,FOODS_2,FOODS,0,0,0,0,0,0,0,0,0,0,0,0,0,0,0,0,0,0,0,0,0,0,0,0,0,0,0,0,0,0,0,0,0,0,0,0,0,80,36,79,102,145,206,155,136,202,117,99,146,98,133,208,234,211,200,188,167,158,120,128,150,133,192,249,172
FOODS_2_329,FOODS_2,FOODS,8,110,111,124,110,67,95,117,104,108,78,84,79,98,101,86,99,79,85,91,87,128,100,129,121,111,110,107,126,102,101,101,145,111,126,76,102,65,53,60,53,61,63,74,65,83,34,27,50,53,60,70,95,127,137,148,150,157,156,144,150,144,151,128,102
FOODS_2_330,FOODS_2,FOODS,24,178,161,159,142,154,119,121,137,136,148,147,173,176,166,206,244,244,230,273,213,206,260,267,333,305,350,302,225,228,241,287,371,333,362,362,358,319,285,155,156,63,69,143,227,194,261,231,170,200,207,174,172,173,162,206,118,37,44,131,212,194,176,176,110
FOODS_2_331,FOODS_2,FOODS,0,0,0,0,0,0,0,0,0,0,0,0,0,152,174,8,19,177,175,168,163,151,162,149,164,169,176,142,202,185,192,201,230,218,168,163,196,158,201,182,173,142,146,174,203,183,177,156,193,170,200,174,159,163,152,257,253,234,210,132,8,154,269,211,149
FOODS_2_332,FOODS_2,FOODS,10,147,120,129,103,123,110,171,129,154,144,142,123,149,129,108,84,110,136,137,136,112,119,6,48,128,171,165,155,152,171,138,154,138,145,129,127,138,128,159,105,104,124,129,121,145,129,153,147,99,143,147,136,132,183,145,148,125,164,163,174,168,150,117,77
FOODS_2_333,FOODS_2,FOODS,53,526,616,692,645,897,921,855,791,625,386,419,486,450,522,488,505,630,685,644,577,468,366,391,386,451,387,316,310,5,5,95,543,555,383,381,452,425,447,483,381,20,53,293,431,357,308,298,403,422,461,395,543,327,275,252,366,480,413,411,451,444,489,502,378
FOODS_2_334,FOODS_2,FOODS,0,0,0,0,0,0,152,405,388,365,269,354,222,323,356,244,320,222,213,3,2,1,0,1,2,3,202,136,247,12,2,2,3,2,251,208,319,16,84,207,358,300,197,44,84,84,0,1,5,5,0,1,2,2,0,2,0,39,429,425,482,501,586,493,469
FOODS_2_335,FOODS_2,FOODS,0,23,66,53,125,149,143,173,158,152,89,133,135,109,145,118,104,106,125,98,103,98,81,1,22,68,75,104,99,117,94,75,77,85,67,90,91,67,74,108,79,87,106,110,93,74,74,70,91,68,64,87,90,97,114,130,111,123,131,104,132,127,107,122,95
FOODS_2_336,FOODS_2,FOODS,0,0,0,0,0,0,0,0,0,1,58,175,117,63,69,70,211,175,61,51,98,172,150,93,93,70,110,323,256,198,150,131,68,19,136,70,6,84,195,233,180,200,148,98,213,251,170,97,23,15,201,186,164,176,173,214,207,268,190,159,225,149,11,21,185
FOODS_2_337,FOODS_2,FOODS,0,0,0,0,0,0,0,0,0,0,0,0,0,0,54,0,2,3,86,120,111,2,0,26,126,43,1,3,2,5,91,111,101,1,1,8,130,119,2,0,0,0,60,95,93,4,1,2,100,97,7,0,1,0,74,123,119,70,1,7,107,105,145,136,115
FOODS_2_338,FOODS_2,FOODS,0,0,0,0,0,0,0,0,0,0,0,0,0,0,0,0,86,236,225,204,133,118,159,200,147,158,195,214,38,0,0,0,145,193,176,204,264,235,231,188,3,0,0,0,123,197,176,171,273,308,392,433,472,529,580,470,473,437,321,391,409,412,515,627,397
FOODS_2_339,FOODS_2,FOODS,0,142,322,352,416,423,454,404,289,343,382,364,354,381,136,2,3,2,12,336,397,198,20,17,19,444,525,352,143,415,497,481,405,399,5,15,9,354,543,460,418,415,409,444,31,1,323,225,3,4,362,405,421,438,407,431,489,448,446,509,482,376,403,414,281
FOODS_2_340,FOODS_2,FOODS,16,182,191,189,197,220,193,166,187,205,209,222,171,170,187,88,7,5,201,247,273,248,255,276,278,254,310,239,188,169,197,166,147,75,197,239,261,239,263,167,210,230,216,202,128,147,206,198,202,183,235,228,223,222,276,276,313,321,282,303,294,265,301,261,187
FOODS_2_341,FOODS_2,FOODS,0,0,0,0,0,0,0,0,0,0,0,0,0,0,0,0,0,0,0,0,0,0,0,0,0,0,0,0,0,0,0,0,0,0,0,0,0,0,70,89,90,113,118,62,129,115,138,113,31,10,175,115,138,126,150,135,146,145,124,134,153,78,7,13,150
FOODS_2_342,FOODS_2,FOODS,44,307,120,169,279,296,319,336,366,423,487,377,392,407,428,300,416,461,463,462,448,561,748,552,666,563,515,616,528,504,417,602,617,481,725,606,649,644,553,522,580,475,591,521,654,726,699,638,904,646,636,537,548,579,594,672,709,772,1001,773,1094,992,998,935,627
FOODS_2_343,FOODS_2,FOODS,7,65,83,67,63,88,102,74,64,85,67,52,51,86,101,100,99,79,95,115,107,128,93,86,95,97,102,16,2,3,5,1,46,183,124,96,92,124,166,5,1,2,102,163,151,149,132,91,134,146,122,175,208,215,251,255,193,166,160,176,191,215,278,288,183
FOODS_2_344,FOODS_2,FOODS,44,202,241,246,229,188,3,5,3,154,235,233,246,255,271,211,26,24,190,371,339,306,276,291,711,340,172,86,287,285,305,196,243,186,222,169,13,159,364,291,314,304,288,240,277,282,269,177,25,201,263,270,237,273,293,420,429,454,400,240,12,286,487,444,383
FOODS_2_345,FOODS_2,FOODS,0,0,0,0,0,0,0,0,0,0,0,0,0,0,0,0,0,0,0,0,0,0,0,0,0,0,0,0,0,0,0,0,0,50,0,0,0,210,167,138,257,149,149,203,151,151,164,0,1,102,155,77,148,124,121,155,136,181,306,268,196,225,217,184,120
FOODS_2_346,FOODS_2,FOODS,0,0,0,0,0,0,0,0,0,0,0,0,0,0,0,0,0,0,0,0,0,0,0,0,0,0,0,0,0,0,0,0,0,0,0,0,0,0,0,0,0,0,514,608,173,1217,1081,915,15,11,190,1062,1126,1169,410,78,765,1415,1469,1533,1800,1619,1402,1274,1033
FOODS_2_347,FOODS_2,FOODS,101,1245,1311,1551,1378,1472,1918,1970,2174,2081,2325,2650,1960,1922,2036,1694,1475,1586,1639,1560,1400,1428,1471,1647,1688,1524,1432,1061,1108,1369,1235,1303,1235,1417,1328,1241,956,1494,1543,1189,1449,1392,1552,1558,1328,1437,1592,1681,1533,1393,1477,1408,1551,1710,1771,1870,1892,2438,2684,2094,2882,2779,2372,2485,1762
FOODS_2_348,FOODS_2,FOODS,7,88,115,120,95,83,89,117,106,156,262,169,201,215,206,117,129,112,117,85,101,133,165,165,158,124,145,159,89,99,98,128,109,99,207,174,179,168,111,145,151,131,127,84,106,129,249,128,129,142,116,134,148,172,165,196,205,263,479,332,310,319,330,276,232
FOODS_2_349,FOODS_2,FOODS,0,0,0,0,0,0,0,0,0,0,0,0,0,0,0,72,763,761,801,10,518,831,845,800,831,783,908,839,960,912,839,570,753,910,879,555,989,878,972,744,825,872,533,770,746,903,808,773,794,747,804,962,908,873,823,658,1119,990,914,833,1129,1082,1233,1387,987
FOODS_2_350,FOODS_2,FOODS,0,0,0,0,0,0,0,0,0,0,0,0,0,0,0,0,0,0,0,0,0,0,0,0,0,0,0,0,0,11,0,127,126,173,161,168,218,197,12,150,147,154,208,213,163,159,157,141,164,46,5,94,172,154,141,182,152,184,136,144,15,8,39,133,107
FOODS_2_351,FOODS_2,FOODS,14,211,226,173,201,201,206,202,213,228,265,243,226,195,233,79,1,2,231,299,271,336,305,311,333,296,299,341,289,279,310,325,241,150,288,302,310,357,378,258,323,301,334,320,227,249,316,310,262,296,308,292,308,307,333,322,308,226,350,317,339,320,319,318,210
FOODS_2_352,FOODS_2,FOODS,0,0,0,0,28,271,287,223,300,298,157,188,140,263,241,417,417,368,364,0,3,0,1,4,0,2,140,86,125,19,0,0,1,0,261,243,320,24,149,220,286,318,175,72,70,113,1,0,2,3,2,2,2,1,2,0,3,81,660,607,960,804,941,909,617
FOODS_2_353,FOODS_2,FOODS,39,243,207,221,231,165,201,198,209,220,215,163,18,49,231,247,207,246,196,201,207,168,140,135,362,281,281,181,153,179,164,177,239,98,7,112,237,27,20,210,216,182,148,198,174,167,171,154,70,22,166,175,215,190,169,193,192,166,212,225,236,232,251,264,184
FOODS_2_354,FOODS_2,FOODS,0,0,0,0,0,0,0,0,0,0,0,0,0,0,0,0,0,0,0,0,0,0,0,0,0,0,0,0,0,23,176,137,129,170,158,126,149,177,4,121,130,128,124,97,147,122,133,125,165,38,3,83,184,140,136,115,94,144,133,157,9,2,105,161,104
FOODS_2_355,FOODS_2,FOODS,0,0,0,0,0,0,0,0,0,0,0,0,0,0,0,0,0,0,0,0,0,0,0,0,0,0,0,0,0,0,0,0,0,0,0,0,0,7,188,202,195,203,165,200,190,194,179,124,126,126,123,78,91,87,94,130,103,382,333,365,353,353,356,294,247
FOODS_2_356,FOODS_2,FOODS,42,312,353,290,304,403,367,442,335,293,330,294,341,340,361,343,410,451,456,415,415,453,472,488,500,441,393,239,428,408,413,410,389,253,340,318,327,381,62,3,6,20,133,566,455,539,583,577,615,506,490,386,204,8,8,51,609,596,501,474,541,561,578,518,406
FOODS_2_357,FOODS_2,FOODS,36,450,430,530,553,524,552,569,737,718,647,706,764,452,516,419,391,386,429,367,365,365,340,350,393,358,359,295,303,318,283,314,271,263,231,312,317,272,281,215,359,352,361,370,319,287,337,347,350,316,338,291,365,377,455,523,546,884,834,762,1252,1054,986,983,773
FOODS_2_358,FOODS_2,FOODS,20,222,234,186,193,165,185,83,74,116,202,224,83,59,62,107,239,230,63,69,90,228,199,149,57,36,67,175,205,231,259,129,110,26,181,111,16,96,171,165,167,194,188,58,182,117,147,169,26,13,229,239,167,149,186,201,185,225,202,193,201,134,5,29,215
FOODS_2_359,FOODS_2,FOODS,29,291,309,457,381,367,401,474,413,406,412,412,343,289,329,359,323,435,442,410,413,470,416,413,305,295,336,313,249,294,400,398,428,452,330,618,521,338,402,350,332,355,432,406,345,357,479,502,390,312,294,322,354,321,441,403,464,590,747,507,658,504,487,376,326
FOODS_2_360,FOODS_2,FOODS,620,5041,5245,4894,4501,5466,5228,5484,5854,6925,6325,6963,6729,6002,6108,3284,5035,5051,5341,5650,5621,5878,5640,6681,7143,6506,5840,5762,4723,4937,5207,5358,4820,2073,1089,1577,1975,1415,1664,4893,3919,3548,5016,5007,701,19,24,12,35,66,3912,4270,4179,5014,4523,4870,4885,3303,61,58,82,51,4466,5305,4004
FOODS_2_361,FOODS_2,FOODS,8,122,179,148,172,211,229,189,199,159,178,130,184,198,168,159,187,255,259,241,215,64,288,256,252,254,319,266,296,299,261,209,229,185,238,242,245,248,277,191,262,265,285,267,238,295,320,218,200,199,231,286,392,396,387,297,192,73,289,246,201,231,316,366,217
FOODS_2_362,FOODS_2,FOODS,0,0,0,0,0,0,0,0,0,0,0,0,0,0,0,0,0,0,0,0,0,0,0,0,0,0,0,0,0,0,0,0,0,0,0,0,0,0,1,0,1,28,98,97,89,62,106,86,80,63,51,54,66,84,62,78,36,1,2,95,72,87,99,113,66
FOODS_2_363,FOODS_2,FOODS,0,0,0,0,0,0,0,0,0,0,0,0,0,0,0,0,0,0,0,0,0,0,0,0,0,0,0,0,0,0,0,0,0,0,0,0,0,0,52,261,340,339,308,115,296,353,340,258,28,41,340,354,324,231,275,266,285,273,217,214,258,149,1,29,261
FOODS_2_364,FOODS_2,FOODS,122,1138,740,889,730,768,768,790,512,328,390,437,468,172,0,0,285,879,1013,983,890,891,885,880,762,832,641,589,740,845,513,461,622,734,821,933,997,816,890,207,6,6,351,965,1149,696,749,891,828,711,860,925,1146,1077,1097,1082,1019,1275,905,912,1062,899,844,1140,800
FOODS_2_365,FOODS_2,FOODS,0,0,0,0,0,0,0,0,0,0,0,0,0,0,0,0,0,0,0,0,0,0,0,0,0,0,0,0,0,0,0,0,0,0,0,0,0,0,0,0,0,0,0,0,37,176,114,299,232,220,9,2,0,190,235,300,271,317,1,0,192,295,233,257,145
FOODS_2_366,FOODS_2,FOODS,0,0,0,0,0,0,0,0,1,75,90,114,248,188,195,117,15,0,92,175,148,121,133,141,289,142,55,38,161,129,127,130,97,93,66,49,11,53,120,80,96,79,99,106,96,92,71,73,10,90,110,133,119,94,116,137,204,136,176,38,6,125,205,175,153
FOODS_2_367,FOODS_2,FOODS,9,71,85,98,107,112,109,118,96,86,135,99,105,95,100,125,195,196,178,209,144,88,146,120,184,143,167,206,139,171,183,154,122,167,164,191,169,197,377,230,196,140,152,170,168,164,195,187,182,219,212,218,225,256,230,355,368,253,280,264,287,343,285,286,197
FOODS_2_368,FOODS_2,FOODS,293,2091,1652,771,87,27,7,7,0,0,0,0,0,0,0,0,0,4,1206,1359,1581,1178,1100,1227,1046,6,2,252,1242,1098,1441,1257,1275,1288,1193,865,2,52,1253,975,871,1012,944,1079,1000,1085,1116,626,1,0,1028,1097,993,889,962,1225,1177,1344,1311,1586,1755,1497,1164,1180,874
FOODS_2_369,FOODS_2,FOODS,0,0,0,0,0,0,0,0,0,0,0,0,0,0,0,0,0,0,0,0,0,0,0,0,0,0,0,0,0,0,0,0,0,0,0,0,0,0,0,0,0,0,0,0,68,104,208,108,37,45,84,117,118,117,105,92,100,132,257,189,173,190,163,157,115
FOODS_2_370,FOODS_2,FOODS,20,71,0,0,0,0,0,330,368,315,271,315,355,176,2,5,6,1,6,3,2,3,5,3,192,528,535,389,315,385,368,344,393,331,244,277,313,460,486,349,318,283,121,28,72,234,179,210,330,310,345,383,363,310,313,311,259,372,302,400,474,421,368,382,257
FOODS_2_371,FOODS_2,FOODS,150,1170,1123,1305,1293,1380,1435,1539,1316,1513,1519,1493,1806,1387,1302,1209,1076,1132,1237,1102,1144,1093,1075,1273,1360,1196,1328,1295,1309,1255,1191,1237,1172,1219,1102,1293,1339,1075,1256,895,1043,1068,1098,1174,1097,983,948,1033,1167,1088,1117,1030,1030,915,1073,1134,1246,2154,1840,1905,2287,2092,2096,2290,1695
FOODS_2_372,FOODS_2,FOODS,0,0,0,0,0,0,0,0,0,0,0,0,0,0,0,0,0,0,0,0,0,0,0,0,0,0,0,0,0,0,0,0,0,0,0,0,0,33,76,137,75,99,39,80,93,122,103,94,120,136,121,134,157,135,136,150,139,193,122,135,197,180,200,165,120
FOODS_2_373,FOODS_2,FOODS,0,0,52,121,133,100,118,144,147,112,89,107,145,148,165,172,191,191,176,193,198,176,176,139,201,199,171,191,176,168,194,191,148,149,167,118,89,94,174,199,213,139,136,129,168,140,110,122,116,89,136,142,77,78,99,93,120,165,219,224,242,250,223,223,150
FOODS_2_374,FOODS_2,FOODS,52,234,403,466,461,495,534,550,491,482,441,500,611,468,421,374,314,389,350,323,433,440,404,536,622,460,430,386,450,477,541,495,496,380,374,471,469,407,492,345,437,422,455,534,489,505,478,488,590,473,538,537,631,629,633,715,817,1009,986,731,1137,892,925,879,709
FOODS_2_375,FOODS_2,FOODS,10,132,153,143,138,114,131,129,219,227,331,296,325,308,299,331,316,360,371,345,164,263,244,240,202,179,211,227,221,194,213,210,23,1,5,78,222,197,198,155,142,138,230,221,205,237,239,203,206,201,216,161,176,184,179,215,193,237,222,212,267,254,227,214,161
FOODS_2_376,FOODS_2,FOODS,72,529,596,531,439,412,394,449,86,66,360,299,457,478,529,512,493,452,393,390,95,19,223,360,626,461,396,303,401,402,429,403,475,464,238,225,18,149,364,320,320,326,299,341,355,395,344,252,443,335,317,308,335,364,356,401,382,367,300,260,352,292,317,314,238
FOODS_2_377,FOODS_2,FOODS,0,0,0,0,0,0,0,0,0,0,0,0,0,0,0,0,0,0,0,0,0,0,0,0,0,0,0,0,0,0,0,0,0,0,0,0,0,0,0,0,0,223,386,279,440,270,243,250,356,252,346,43,3,6,5,2,5,352,274,413,350,342,330,356,267
FOODS_2_378,FOODS_2,FOODS,21,224,171,169,128,142,122,116,142,109,118,127,93,115,98,88,98,101,149,131,144,160,143,190,203,169,179,132,102,95,0,0,0,103,124,167,164,119,159,134,194,238,192,174,148,184,213,284,246,287,261,243,264,261,225,234,210,247,261,315,198,261,178,201,169
FOODS_2_379,FOODS_2,FOODS,0,0,0,0,0,0,0,0,0,0,0,0,0,0,0,0,0,0,0,0,0,0,0,0,0,0,0,0,0,0,0,0,0,0,0,0,0,0,0,0,0,0,0,0,56,85,80,88,164,173,158,124,112,132,110,109,114,135,187,173,237,149,235,208,184
FOODS_2_380,FOODS_2,FOODS,0,0,665,0,7,3,0,1687,2167,2058,1646,1848,1671,839,18,6,6,8,11,80,3,0,0,0,0,0,0,64,1391,1377,1970,1660,1933,1928,1488,1554,1848,1585,1722,1263,1091,1231,590,764,907,919,1010,968,1186,988,1090,1191,927,964,1004,1165,1178,1360,1168,1180,1427,1213,1118,1264,993
FOODS_2_381,FOODS_2,FOODS,97,961,824,561,744,723,678,558,603,525,522,495,542,587,597,533,484,475,505,517,577,367,507,526,618,600,587,329,436,522,543,583,540,387,62,7,431,552,95,14,0,522,536,523,575,501,589,591,624,536,277,15,254,523,509,619,545,580,700,662,833,738,714,738,541
FOODS_2_382,FOODS_2,FOODS,52,366,413,397,501,523,486,431,322,316,181,162,243,212,250,37,4,4,6,3,4,211,145,161,180,200,351,356,411,392,400,362,326,355,269,241,362,290,317,177,385,402,393,142,12,86,181,203,236,182,285,150,207,335,335,324,305,361,267,253,252,310,306,207,292
FOODS_2_383,FOODS_2,FOODS,0,0,0,0,0,0,0,0,0,0,0,0,0,0,0,0,0,0,0,0,0,0,0,0,0,41,5,1,125,574,573,550,547,608,610,598,552,490,555,497,464,523,532,570,447,530,479,552,562,533,434,381,401,407,401,388,344,519,447,430,517,513,593,607,434
FOODS_2_384,FOODS_2,FOODS,74,564,449,515,481,434,441,395,414,486,448,420,516,504,591,573,595,535,532,546,605,880,853,947,957,940,1047,668,768,625,692,684,691,603,534,436,424,511,571,403,498,495,440,415,451,507,573,494,562,627,653,562,524,389,451,378,462,541,564,593,634,472,669,488,377
FOODS_2_385,FOODS_2,FOODS,0,0,0,0,0,0,0,0,0,0,0,0,0,0,0,0,0,0,0,0,0,98,525,519,613,574,554,428,424,483,505,487,454,409,364,417,409,340,458,381,380,353,10,16,58,430,436,341,7,9,101,555,270,246,687,723,682,653,693,713,718,698,643,681,491
FOODS_2_386,FOODS_2,FOODS,0,0,0,0,0,0,0,0,0,0,0,0,0,94,107,0,21,160,121,92,144,167,180,145,149,132,125,114,110,132,121,89,90,45,120,94,96,105,111,109,119,109,100,105,100,119,98,90,117,108,133,106,136,141,142,175,167,170,144,72,5,96,169,179,108
FOODS_2_387,FOODS_2,FOODS,0,0,0,0,0,0,0,0,0,0,0,0,0,0,0,0,0,0,0,0,0,0,0,0,0,0,0,0,0,0,0,0,0,0,0,0,0,0,0,0,0,6,67,63,109,109,73,59,61,77,129,170,203,260,244,225,162,153,108,103,149,188,192,154,155
FOODS_2_388,FOODS_2,FOODS,41,530,452,391,456,413,429,405,434,504,471,454,402,423,472,217,12,12,382,589,509,542,546,644,649,632,591,594,488,512,469,366,366,215,474,578,580,548,628,425,569,535,584,425,402,463,515,472,575,519,564,517,526,571,544,629,591,602,611,614,597,528,569,523,384
FOODS_2_389,FOODS_2,FOODS,9,55,95,63,73,45,69,42,13,10,1,21,68,79,76,33,21,11,14,13,17,4,2,2,67,67,48,45,69,95,70,29,19,12,12,22,8,22,12,19,65,42,51,50,54,70,71,59,111,74,77,57,56,61,52,55,63,69,0,1,1,42,30,56,56
FOODS_2_390,FOODS_2,FOODS,0,0,0,0,0,0,0,0,0,0,0,0,0,0,0,0,0,0,0,0,0,0,0,0,0,0,0,0,0,0,0,0,0,0,0,0,0,0,0,0,0,0,0,0,0,0,0,0,78,114,114,98,101,105,99,92,79,85,111,135,82,103,115,106,93
FOODS_2_391,FOODS_2,FOODS,119,1044,920,762,776,679,756,631,661,696,457,472,586,487,678,475,378,333,391,490,391,280,418,379,635,517,445,7,9,238,417,114,5,16,443,370,3,294,606,456,422,433,338,447,358,263,251,272,537,403,481,416,449,426,420,542,530,606,595,471,592,549,451,621,533
FOODS_2_392,FOODS_2,FOODS,33,309,265,215,182,220,181,189,195,220,188,239,251,347,356,269,208,231,227,206,208,120,247,242,207,280,299,235,165,195,189,176,170,189,155,203,171,136,138,121,151,155,191,177,133,185,176,215,224,199,202,139,202,183,179,209,175,206,180,209,209,177,169,202,135
FOODS_2_393,FOODS_2,FOODS,0,0,0,0,0,0,0,0,0,0,0,0,0,0,0,0,0,0,0,0,0,0,0,0,0,0,0,0,0,0,0,0,0,0,0,0,0,0,0,0,10,67,70,77,61,71,70,57,68,12,29,95,89,89,122,130,146,142,131,137,123,156,128,165,122
FOODS_2_394,FOODS_2,FOODS,12,192,219,157,168,169,177,198,138,177,176,179,147,167,153,108,84,98,102,103,90,103,163,186,165,140,102,85,100,99,7,1,0,102,136,56,123,81,120,75,88,89,117,127,136,130,105,111,130,87,90,127,112,100,125,121,151,147,116,108,135,118,118,128,124
FOODS_2_395,FOODS_2,FOODS,0,0,0,0,0,0,0,0,0,0,0,0,0,0,0,0,0,0,0,0,0,0,0,0,0,0,0,0,0,76,40,0,5,121,70,59,9,72,195,112,119,87,84,73,84,101,68,70,36,89,110,68,64,63,62,62,85,94,55,9,0,4,64,72,58
FOODS_2_396,FOODS_2,FOODS,0,0,0,0,0,0,0,139,239,299,269,220,252,231,291,288,247,277,305,345,302,350,327,313,338,292,340,297,329,324,327,350,344,343,303,291,260,74,348,312,292,289,298,351,283,297,298,272,331,301,325,272,299,307,334,344,342,390,401,397,449,404,402,413,311
FOODS_2_397,FOODS_2,FOODS,21,213,228,231,255,212,305,331,327,322,327,305,298,312,318,339,279,368,368,378,81,7,77,527,588,437,231,10,388,547,453,437,179,13,14,20,37,454,351,387,317,331,346,298,338,11,14,155,329,141,6,46,262,272,361,361,316,341,179,95,130,404,344,336,296
FOODS_2_398,FOODS_2,FOODS,51,346,358,292,265,262,223,282,235,231,161,141,211,141,275,290,286,408,409,391,389,366,335,334,292,285,502,382,518,522,549,541,599,750,781,789,907,743,771,791,842,899,1033,1171,1087,955,1139,1435,1392,1265,1449,1208,1146,1258,1421,1135,1046,1000,977,975,1373,1307,978,1346,1088
FOODS_2_399,FOODS_2,FOODS,126,783,905,833,746,520,554,456,396,423,352,316,451,433,420,376,393,424,393,431,422,241,342,317,474,363,410,13,2,193,421,101,15,22,364,254,11,202,506,407,291,254,238,267,225,184,174,159,362,302,393,307,365,397,336,391,415,487,452,474,497,468,460,498,419
FOODS_3_001,FOODS_3,FOODS,22,273,197,187,237,210,252,286,239,215,236,193,240,173,193,230,135,0,0,125,278,187,202,207,220,186,250,281,6,0,2,0,114,138,156,154,223,203,251,154,0,0,1,92,199,174,191,149,103,195,171,194,69,1,0,0,88,207,199,160,217,200,224,188,168
FOODS_3_002,FOODS_3,FOODS,0,0,0,0,0,0,0,0,0,0,0,0,0,0,0,0,0,0,0,0,0,0,0,0,0,0,0,0,0,0,0,0,0,329,1986,1997,1464,1267,1473,1512,1232,1211,1332,1183,1271,1197,960,2041,1372,1160,978,1014,879,867,1129,1257,885,916,462,1421,1383,1024,313,0,596
FOODS_3_003,FOODS_3,FOODS,0,0,0,0,0,0,0,0,0,0,0,0,0,0,0,0,0,0,0,0,0,0,0,0,0,0,0,0,0,0,0,0,0,0,0,0,0,0,0,0,0,0,0,0,0,0,0,0,152,343,316,228,294,321,415,433,254,2,0,2,0,1,184,217,149
FOODS_3_004,FOODS_3,FOODS,0,0,0,0,0,0,0,0,0,0,0,0,0,0,0,0,0,0,0,0,0,0,0,0,0,0,0,0,6,82,93,58,61,76,81,85,110,121,144,73,88,106,112,109,139,162,104,114,118,116,146,131,126,137,130,130,129,112,89,100,108,112,89,98,86
FOODS_3_005,FOODS_3,FOODS,16,291,372,340,0,0,0,0,163,268,322,401,413,402,382,301,457,449,440,337,294,250,194,199,207,318,300,237,270,244,253,215,251,223,187,205,222,297,321,279,244,198,228,255,184,138,148,140,158,163,231,256,298,243,257,271,224,192,272,290,264,328,260,275,235
FOODS_3_006,FOODS_3,FOODS,0,0,0,0,0,0,0,0,0,0,0,0,0,0,0,0,0,0,0,0,0,0,0,0,0,0,0,0,0,0,0,0,0,0,0,0,0,92,125,174,161,170,139,138,114,130,116,148,153,200,193,175,180,132,136,146,182,264,238,257,234,366,313,239,208
FOODS_3_007,FOODS_3,FOODS,456,3166,2516,2627,2454,2334,3079,3294,3402,2579,3161,2836,3753,3263,2611,3763,4649,4452,3137,3355,3052,2499,2446,3346,3167,2683,3152,3152,2797,2468,3159,3044,3123,3297,3384,3216,3023,3812,2549,3862,3056,3196,4021,3934,3049,2865,2578,2271,2591,1492,1827,2210,2917,3188,3461,3624,3036,2269,2099,2665,1938,1138,1337,2508,2212
FOODS_3_008,FOODS_3,FOODS,0,0,0,0,0,0,0,0,0,0,0,0,0,0,0,0,0,0,0,0,0,0,0,0,0,12,267,465,524,470,576,598,518,810,728,643,634,516,604,684,714,722,797,831,811,869,708,622,512,368,38,0,806,2115,2298,2596,2496,637,649,454,749,72,21,0,687
FOODS_3_009,FOODS_3,FOODS,0,0,0,0,0,0,0,0,0,0,0,0,0,0,0,0,0,0,0,0,0,0,0,0,0,0,0,0,0,0,0,0,0,0,0,0,0,0,0,0,0,0,0,50,36,122,121,2,3,50,256,195,222,236,214,210,159,198,159,163,192,190,164,141,114
FOODS_3_010,FOODS_3,FOODS,0,0,0,0,0,0,0,0,0,0,0,0,0,0,0,0,0,0,0,0,0,0,0,0,0,0,0,0,263,305,337,307,294,308,216,218,264,200,242,319,273,261,226,241,239,234,199,232,253,198,211,239,243,263,292,283,266,306,283,242,274,224,245,217,199
FOODS_3_011,FOODS_3,FOODS,37,428,423,429,406,446,517,431,462,471,475,475,544,552,589,478,451,441,403,367,270,313,246,254,320,302,291,363,318,438,380,333,250,274,248,252,329,284,349,350,443,354,369,331,303,365,369,339,406,345,415,465,394,340,296,279,245,340,332,323,416,350,421,397,286
FOODS_3_012,FOODS_3,FOODS,0,0,343,255,279,262,330,344,161,1,8,345,641,609,501,438,468,461,530,588,490,557,480,413,449,404,481,482,467,452,466,415,427,426,347,322,372,334,366,346,277,308,248,316,249,207,6,4,7,4,153,381,280,224,268,257,242,200,1,0,1,4,146,267,178
FOODS_3_013,FOODS_3,FOODS,6,130,139,137,145,75,0,4,150,148,94,85,113,121,132,119,122,104,144,143,95,138,118,116,149,144,165,150,132,151,146,185,211,44,34,121,598,513,516,406,428,419,487,466,412,443,427,351,5,1,6,532,509,377,426,443,344,390,364,347,90,5,1,377,320
FOODS_3_014,FOODS_3,FOODS,80,762,886,890,1132,1057,1085,899,906,825,766,710,886,691,695,656,715,812,179,230,168,142,106,106,124,77,118,127,409,461,422,396,358,307,228,248,313,243,335,344,372,388,424,371,326,269,288,245,296,221,275,286,257,265,298,238,245,263,223,181,247,198,211,202,181
FOODS_3_015,FOODS_3,FOODS,21,183,203,303,380,440,500,388,342,297,612,531,245,285,355,368,457,510,322,349,283,293,558,449,173,277,313,360,488,479,405,334,426,359,739,515,229,239,326,340,462,485,413,356,282,356,667,539,319,384,343,350,318,345,315,292,203,297,552,688,296,228,377,345,479
FOODS_3_016,FOODS_3,FOODS,0,0,0,0,0,0,0,0,0,0,0,0,0,0,0,0,0,0,0,0,0,0,0,0,0,0,0,0,0,0,0,0,0,0,0,0,0,0,222,186,158,156,164,74,49,58,51,52,53,134,175,147,124,105,130,123,141,136,126,160,250,285,350,392,242
FOODS_3_017,FOODS_3,FOODS,7,73,74,61,72,82,86,72,59,35,37,35,47,50,38,49,61,58,91,66,34,40,32,29,29,32,33,36,30,37,38,43,36,27,28,6,4,34,39,35,32,48,44,21,45,30,39,19,32,35,46,51,66,63,46,72,60,76,53,62,36,45,79,78,76
FOODS_3_018,FOODS_3,FOODS,0,0,0,0,0,0,0,0,0,0,0,0,0,0,0,0,0,0,0,0,0,0,0,0,0,0,0,0,0,0,0,0,0,0,0,0,0,0,0,0,4,108,190,160,5,9,159,162,241,199,227,208,210,168,55,2,140,237,231,182,225,188,247,259,191
FOODS_3_019,FOODS_3,FOODS,27,257,236,229,247,231,253,211,175,219,173,167,195,210,215,207,204,175,210,203,236,227,212,208,213,178,254,232,168,131,162,214,264,287,236,222,228,5,0,142,243,214,43,19,60,269,214,200,209,222,293,288,259,257,281,287,254,303,244,270,265,277,249,258,245
FOODS_3_020,FOODS_3,FOODS,127,1304,1592,353,76,58,78,63,0,24,1281,1184,1244,1128,1459,1472,1501,1773,1618,1514,1157,1629,1531,1417,1413,1466,1348,1100,1322,1141,1161,1112,1019,1065,815,774,861,739,147,13,874,1226,1254,218,159,1160,798,657,765,662,19,201,783,135,6,201,1659,1478,1198,1101,1232,1290,1344,1492,1050
FOODS_3_021,FOODS_3,FOODS,0,0,0,0,0,0,0,0,0,0,0,0,22,531,1336,1269,1200,978,745,714,683,608,487,503,367,5,4,206,23,11,13,285,1312,1211,991,943,841,847,954,746,918,848,604,699,709,691,590,571,605,657,647,700,449,375,340,392,330,291,280,271,280,294,324,234,218
FOODS_3_022,FOODS_3,FOODS,0,0,0,0,0,0,0,0,0,0,0,0,0,0,0,0,0,0,0,0,0,0,0,0,0,0,0,0,0,0,0,13,58,43,44,30,33,33,37,40,45,29,44,40,37,49,38,34,32,29,52,75,95,103,103,129,99,107,98,95,99,107,78,88,60
FOODS_3_023,FOODS_3,FOODS,23,505,489,470,541,555,692,586,419,535,462,477,492,478,520,434,552,511,514,432,349,386,457,466,475,416,405,423,446,455,400,320,327,332,298,314,325,264,266,302,327,332,331,324,348,339,325,319,367,330,362,325,324,375,422,414,359,320,306,329,312,306,350,360,277
FOODS_3_024,FOODS_3,FOODS,0,0,0,0,0,0,0,0,0,0,0,0,0,0,0,0,0,0,0,0,0,0,0,0,0,0,0,0,0,0,0,0,0,0,0,0,0,0,928,1234,1178,1539,1630,1845,1383,152,384,773,894,787,1019,94,0,1331,1592,1259,724,184,2,49,1146,1057,934,6,1
FOODS_3_025,FOODS_3,FOODS,26,239,323,199,216,207,153,116,131,133,101,85,135,104,102,91,97,112,134,154,202,155,142,124,181,97,126,180,157,125,148,137,147,208,227,226,306,293,387,372,289,261,172,136,173,209,206,201,301,237,224,200,167,145,150,268,210,180,152,191,280,346,374,405,310
FOODS_3_026,FOODS_3,FOODS,64,644,790,685,487,428,426,400,433,480,456,457,496,482,415,393,431,389,399,432,370,474,543,590,564,459,458,468,442,420,389,330,331,357,274,374,395,379,417,432,415,456,328,449,364,382,354,263,263,342,334,329,334,335,352,334,309,352,316,278,375,384,386,450,362
FOODS_3_027,FOODS_3,FOODS,0,0,0,0,0,0,0,0,253,624,476,531,487,616,677,439,449,127,3,0,0,4,4,1,40,449,407,248,250,323,37,23,109,363,358,309,308,60,4,1,2,1,5,2,1,1,339,564,478,328,232,170,244,199,156,62,56,60,232,244,179,157,251,65,148
FOODS_3_028,FOODS_3,FOODS,35,313,275,276,318,276,350,286,256,256,341,446,427,425,281,306,332,265,308,302,339,325,269,495,402,363,358,296,347,328,300,273,265,334,392,482,2,6,1,4,2,2,34,349,435,341,483,584,449,348,331,325,332,291,311,323,299,348,287,292,291,281,233,249,177
FOODS_3_029,FOODS_3,FOODS,93,143,1,0,0,11,10,8,124,583,637,673,639,565,502,498,558,624,687,616,568,512,618,724,581,497,485,493,503,474,515,504,769,515,349,528,495,102,306,513,156,310,426,386,345,329,372,1,382,142,200,362,163,247,382,394,378,385,384,19,356,411,444,475,323
FOODS_3_030,FOODS_3,FOODS,272,4464,1928,905,3,1,2,2727,3199,4151,3988,4138,4736,4055,4700,3638,3121,3063,3258,3315,3076,3080,3515,3638,3214,2529,2895,2420,2503,2504,3646,7905,5975,5277,7634,8857,7756,2216,719,2859,2462,2970,2719,2644,2465,1280,149,34,543,2227,870,1733,2421,2522,2517,2120,2037,811,100,55,1606,2705,2879,2697,2099
FOODS_3_031,FOODS_3,FOODS,20,122,157,134,150,146,162,168,144,154,133,132,131,129,112,99,129,112,116,90,109,117,131,149,162,160,218,121,113,81,105,108,171,222,208,172,178,203,225,222,230,204,211,273,230,233,227,224,251,268,249,227,230,234,246,245,226,223,256,271,301,301,316,296,249
FOODS_3_032,FOODS_3,FOODS,0,0,0,0,0,0,0,0,0,0,0,0,0,0,0,0,0,0,0,0,0,0,0,0,468,788,140,205,615,686,637,652,566,613,503,566,549,601,663,561,532,527,519,544,474,403,385,431,513,522,474,373,459,505,470,422,370,370,366,457,406,385,372,420,263
FOODS_3_033,FOODS_3,FOODS,0,0,0,0,0,0,0,0,0,0,0,0,0,0,0,0,0,0,0,0,0,0,0,0,0,0,0,0,0,0,0,0,0,0,0,0,21,115,140,119,128,160,157,167,130,127,99,93,127,121,147,136,172,129,186,153,146,139,125,120,131,163,190,180,120
FOODS_3_034,FOODS_3,FOODS,0,0,0,0,0,0,0,0,0,0,0,0,0,0,0,0,0,0,0,0,0,0,0,0,0,0,0,0,0,0,0,170,738,794,783,733,721,719,711,623,594,625,597,595,556,564,612,371,262,515,500,490,533,535,552,511,353,425,410,382,353,381,396,417,309
FOODS_3_035,FOODS_3,FOODS,25,269,356,343,340,382,386,294,327,379,298,319,316,289,338,325,343,345,350,370,388,409,400,405,344,329,388,348,382,380,402,387,325,340,328,321,296,283,321,304,338,283,346,332,287,275,286,272,264,247,299,308,303,290,305,318,296,313,280,250,208,214,240,241,173
FOODS_3_036,FOODS_3,FOODS,0,0,0,0,0,0,0,0,0,0,0,0,0,0,0,0,0,0,0,0,0,0,0,0,0,0,0,0,65,275,245,130,20,16,196,152,150,162,179,136,130,89,77,1,5,15,7,9,26,29,45,64,168,110,39,191,145,188,121,98,97,121,125,120,90
FOODS_3_037,FOODS_3,FOODS,0,0,0,0,0,0,0,0,0,0,0,0,0,0,0,176,770,894,1289,1145,1307,1037,1212,1405,1649,1015,1008,921,866,950,1113,1102,1136,876,914,810,885,830,895,861,816,856,744,891,896,950,966,364,30,15,700,866,817,686,15,23,181,1014,596,65,8,16,769,780,597
FOODS_3_038,FOODS_3,FOODS,0,0,0,0,0,0,0,0,0,0,0,0,0,0,0,0,0,0,0,0,0,0,0,0,0,0,0,0,0,0,0,0,0,0,0,0,0,0,0,0,0,0,0,0,0,0,0,0,39,111,149,159,173,184,171,179,217,195,144,161,148,154,159,135,120
FOODS_3_039,FOODS_3,FOODS,0,6,138,580,565,668,745,655,770,687,701,980,686,236,8,314,793,944,1042,1002,1002,1193,1243,1660,1460,1248,1327,1129,500,1501,1409,1372,1226,1330,1459,1603,1268,339,23,750,2105,1436,1509,1438,1247,1423,1490,1724,1484,908,102,7,0,0,0,0,0,0,0,0,251,1226,1391,1333,1052
FOODS_3_040,FOODS_3,FOODS,0,0,0,0,0,0,0,0,0,0,0,0,0,0,61,152,136,195,229,197,199,222,249,271,267,232,246,234,239,192,152,156,176,192,176,163,160,148,188,159,159,171,165,217,221,194,163,55,0,0,159,208,202,192,1,0,14,188,216,11,0,1,217,224,152
FOODS_3_041,FOODS_3,FOODS,0,0,0,0,0,0,0,0,0,0,0,0,3,345,587,452,331,306,375,500,380,354,303,293,437,353,390,381,596,368,509,474,574,532,375,409,518,485,752,662,562,561,530,513,543,484,489,410,606,691,169,6,9,643,802,917,793,857,678,630,759,700,697,759,591
FOODS_3_042,FOODS_3,FOODS,110,1055,1221,1199,1365,1420,1770,1723,1308,1429,1522,1707,1253,1233,1510,1449,1635,1679,1636,1727,1406,1350,1481,1663,1177,1230,1467,1237,1531,1562,1611,1608,1521,1535,1584,1707,1243,1465,1547,1487,1648,1609,1557,1775,1439,1526,1517,1546,1268,1142,1565,1320,1424,1491,1791,1768,1541,1469,1395,1520,1233,1363,1422,1517,1290
FOODS_3_043,FOODS_3,FOODS,0,0,0,0,0,0,0,0,0,0,0,0,0,0,131,235,267,298,402,351,471,341,441,483,425,341,354,305,365,325,293,307,292,248,253,259,284,233,202,179,204,231,194,235,194,188,186,47,3,1,188,195,208,173,13,10,56,355,241,31,7,8,178,190,135
FOODS_3_044,FOODS_3,FOODS,0,0,0,0,0,0,0,0,0,0,0,0,0,0,0,0,0,0,0,0,0,0,0,0,0,0,0,0,0,0,0,0,0,0,0,7,479,439,461,420,343,337,253,3,210,264,219,238,222,234,224,230,203,105,56,273,367,338,210,259,223,243,256,245,192
FOODS_3_045,FOODS_3,FOODS,25,166,191,146,160,144,135,189,241,267,214,206,268,232,224,249,206,181,184,178,185,160,142,163,242,234,291,245,221,194,176,187,215,186,174,132,146,180,175,140,126,117,81,74,104,105,96,65,70,91,105,89,102,104,85,120,103,127,100,91,120,105,121,112,101
FOODS_3_046,FOODS_3,FOODS,0,0,0,0,0,0,0,0,0,0,0,0,0,0,0,0,0,0,0,0,0,184,461,466,521,495,495,471,387,462,500,446,406,394,356,305,370,334,338,337,388,315,370,354,345,284,291,251,254,216,235,188,213,214,220,235,213,223,201,187,207,211,229,250,167
FOODS_3_047,FOODS_3,FOODS,0,0,0,0,0,0,0,0,0,0,0,0,0,0,0,0,0,0,0,0,0,0,0,0,0,0,0,0,0,0,0,0,0,0,0,0,0,0,0,0,0,0,0,0,0,0,0,0,79,534,512,521,446,607,587,672,507,547,408,481,635,591,618,548,416
FOODS_3_048,FOODS_3,FOODS,0,0,0,0,0,0,0,0,0,0,0,0,0,0,93,216,416,362,254,347,263,298,337,401,433,424,480,471,558,507,504,548,568,479,359,346,378,372,417,452,441,441,503,528,485,376,438,465,453,533,616,663,645,636,671,769,732,706,573,567,592,593,754,622,617
FOODS_3_049,FOODS_3,FOODS,0,0,0,0,0,0,0,0,0,0,0,0,0,0,0,0,0,8,121,126,58,3,0,22,82,94,101,92,77,64,74,109,133,122,116,94,98,109,155,121,110,91,86,25,3,66,137,107,140,93,137,158,162,124,137,156,169,171,185,129,168,149,170,181,130
FOODS_3_050,FOODS_3,FOODS,48,336,343,353,346,345,350,329,249,321,273,279,282,255,223,211,218,246,211,214,227,241,216,218,242,193,177,205,185,193,169,164,150,157,149,127,151,178,169,125,156,128,115,150,136,91,114,98,111,100,100,74,110,100,93,85,73,87,85,83,120,124,95,73,56
FOODS_3_051,FOODS_3,FOODS,0,0,0,0,0,0,0,0,0,0,0,0,0,0,0,0,0,0,0,0,0,0,0,0,0,0,0,0,0,0,0,3,239,417,381,417,673,374,476,430,559,431,456,499,494,490,403,376,490,389,479,441,289,285,350,516,533,647,462,423,554,468,457,426,404
FOODS_3_053,FOODS_3,FOODS,0,0,0,0,0,0,0,0,0,0,0,0,0,0,0,0,90,111,127,104,92,127,119,143,196,136,125,138,146,82,68,45,74,296,327,327,357,360,330,317,449,441,429,519,485,513,458,403,422,404,501,507,497,583,576,590,492,540,432,410,408,379,407,568,384
FOODS_3_054,FOODS_3,FOODS,69,967,1105,1028,1294,1503,1799,1322,1311,1207,1242,1480,1035,1044,1055,887,1471,1827,1789,1856,1716,1697,1692,1832,1532,1443,1396,1248,1264,1249,1268,1223,1097,1169,1297,1451,1076,1124,1045,1101,1209,955,923,816,610,677,695,849,618,472,581,683,248,76,70,58,58,58,46,72,39,58,48,57,647
FOODS_3_055,FOODS_3,FOODS,0,0,0,0,0,0,0,0,0,0,0,0,15,0,249,273,265,240,247,272,276,259,236,295,300,214,208,192,197,166,170,191,206,195,57,3,2,3,5,1,2,8,12,5,3,1,183,200,229,213,231,225,260,203,218,245,171,173,134,135,130,162,180,177,144
FOODS_3_056,FOODS_3,FOODS,62,555,539,501,0,0,1,1,480,493,421,360,576,22,0,4,0,2,1,22,5,2,1,0,3,262,279,273,237,264,253,292,204,175,144,108,200,69,0,0,0,0,0,0,0,0,0,0,97,170,187,137,174,161,167,162,172,161,109,103,146,143,154,118,109
FOODS_3_057,FOODS_3,FOODS,23,247,297,237,308,300,309,346,263,188,1,0,0,0,0,0,0,0,0,255,328,235,189,136,133,119,170,129,74,153,224,229,288,330,68,11,33,225,260,99,0,0,0,0,0,58,278,335,218,208,213,193,207,248,220,213,176,180,139,160,205,192,74,80,111
FOODS_3_058,FOODS_3,FOODS,0,0,0,0,0,0,0,0,0,0,0,0,0,0,0,0,0,0,0,0,0,0,0,0,0,0,0,0,0,0,0,0,161,312,301,279,366,308,358,332,447,366,252,403,420,384,277,265,329,256,285,297,294,276,315,419,402,453,339,337,384,391,397,406,308
FOODS_3_059,FOODS_3,FOODS,129,1233,1523,991,1292,1379,1828,1811,1186,766,683,679,611,709,918,715,618,816,869,842,807,679,536,604,491,261,361,251,190,169,137,227,412,450,509,478,556,461,475,516,452,201,187,169,241,405,309,44,0,12,4,0,0,0,1,1,0,1,0,0,1100,1423,1519,1373,834
FOODS_3_060,FOODS_3,FOODS,0,0,0,0,0,0,0,0,0,0,0,0,0,0,0,0,0,0,0,0,0,0,0,0,0,0,0,0,0,0,29,264,262,245,169,229,230,213,246,253,255,195,228,186,171,201,188,166,209,216,210,213,217,194,223,196,185,232,209,227,229,243,393,377,212
FOODS_3_061,FOODS_3,FOODS,0,0,0,0,0,0,0,0,0,0,0,0,0,0,0,0,0,0,0,0,0,0,0,0,227,309,84,24,143,258,242,227,223,183,156,158,218,200,248,182,175,164,180,157,130,148,111,124,159,141,147,135,123,136,160,160,160,146,146,130,185,172,203,190,143
FOODS_3_062,FOODS_3,FOODS,10,53,112,86,110,94,98,130,141,168,135,126,133,151,127,134,132,160,148,148,131,122,123,130,178,227,145,117,147,154,133,139,196,169,158,172,224,175,166,180,30,6,23,160,192,206,205,171,167,156,163,157,189,232,304,357,286,272,296,285,327,299,290,272,164
FOODS_3_063,FOODS_3,FOODS,46,352,443,487,587,598,500,495,484,476,505,421,504,392,459,521,510,445,471,400,430,346,216,235,210,131,189,158,73,12,18,6,14,332,419,458,462,392,439,490,516,408,365,392,381,504,382,376,410,312,342,310,321,355,354,381,351,429,351,350,324,341,281,308,210
FOODS_3_064,FOODS_3,FOODS,0,0,0,0,0,1,0,0,0,0,0,0,0,0,97,522,740,964,1072,1355,1254,1641,1102,981,1195,1144,1382,1492,1423,1295,1246,1164,1210,1304,1256,1307,1437,1792,1850,1846,2059,1805,1662,1601,1526,1624,1364,1138,1438,1345,1744,1806,1929,2212,2372,2243,1924,2253,1943,1691,1719,2017,2102,2657,2058
FOODS_3_065,FOODS_3,FOODS,12,86,203,348,349,343,334,305,310,368,355,54,499,410,443,493,472,480,465,444,401,479,360,354,506,422,365,345,352,363,304,256,238,227,224,247,239,234,233,201,195,184,178,194,183,174,195,169,200,201,179,192,163,164,155,156,141,128,161,171,189,179,180,204,149
FOODS_3_066,FOODS_3,FOODS,0,0,0,0,0,0,0,0,0,0,0,0,0,0,156,514,691,528,627,910,830,769,799,1029,1014,838,917,438,5,0,0,175,46,53,48,17,15,656,881,806,1010,192,6,312,274,530,7,16,13,865,1136,1070,18,12,18,779,802,1256,1303,1397,1891,1484,1239,1137,831
FOODS_3_067,FOODS_3,FOODS,17,554,614,563,594,603,746,711,614,647,483,490,540,573,600,640,699,748,720,713,548,448,464,473,467,409,435,387,381,461,467,401,465,432,454,485,492,434,444,404,462,509,533,501,501,522,442,397,492,424,482,453,389,443,504,577,462,379,373,419,425,342,461,434,398
FOODS_3_068,FOODS_3,FOODS,19,88,0,0,100,156,152,160,141,117,110,111,120,124,166,126,12,16,6,300,366,264,317,316,273,343,210,181,154,110,43,53,125,203,183,197,212,11,1,98,183,118,10,15,5,13,136,130,138,37,7,3,164,163,123,41,2,138,130,131,169,26,93,314,162
FOODS_3_069,FOODS_3,FOODS,32,173,182,233,372,305,324,327,211,582,1707,2140,408,431,201,135,133,152,169,195,148,470,1080,3949,470,296,417,481,280,215,245,244,190,344,1089,2868,391,547,548,390,222,211,217,271,245,268,843,2734,802,479,189,299,264,206,236,175,196,200,828,2619,345,222,202,190,136
FOODS_3_070,FOODS_3,FOODS,0,0,0,0,0,0,0,0,0,0,0,0,0,0,0,0,0,0,0,0,0,0,0,291,2012,2471,2923,2980,3119,2763,2655,2881,2478,3110,2989,2479,2286,2169,1953,1920,1667,2098,2324,2729,2659,2184,2045,1749,2125,2250,1705,2081,2460,2744,2680,2099,1798,2169,1834,2088,2676,2127,2514,2523,1501
FOODS_3_071,FOODS_3,FOODS,0,0,0,0,0,0,0,0,0,0,0,0,0,0,0,0,0,0,0,0,0,0,0,0,0,0,12,582,969,1071,955,1002,682,623,636,672,750,539,678,778,806,723,855,697,693,727,622,542,856,647,788,798,857,848,852,704,578,559,672,718,846,793,658,747,770
FOODS_3_072,FOODS_3,FOODS,0,0,0,0,0,0,0,0,0,0,0,0,0,0,0,0,0,0,0,0,0,0,0,0,0,0,0,0,0,0,0,0,0,0,0,7,55,311,377,246,18,114,139,161,154,186,164,116,182,122,125,124,265,263,297,312,307,317,271,248,239,234,298,294,229
FOODS_3_073,FOODS_3,FOODS,0,0,0,0,0,0,0,0,0,0,0,0,0,0,0,0,0,0,0,0,0,0,0,0,0,0,0,0,0,0,0,0,0,0,261,1481,1363,681,1384,0,737,337,25,531,961,709,4,6,8,1162,0,0,0,0,0,634,649,373,501,639,565,507,41,0,0
FOODS_3_074,FOODS_3,FOODS,0,0,0,0,0,0,0,0,0,0,0,0,0,0,0,0,0,0,0,0,0,0,0,0,0,0,190,337,316,270,211,251,309,308,232,62,213,282,387,376,366,315,235,342,268,313,209,266,327,287,332,310,301,220,221,370,408,492,361,317,443,445,407,443,375
FOODS_3_075,FOODS_3,FOODS,0,0,0,0,0,0,0,0,0,0,0,0,0,0,0,0,0,0,0,0,0,0,0,0,0,0,0,90,207,265,275,187,23,33,206,272,276,329,284,241,256,256,169,1,127,274,301,287,279,243,274,228,219,136,60,265,230,313,256,217,285,304,322,255,198
FOODS_3_076,FOODS_3,FOODS,29,319,327,401,328,394,443,530,471,415,476,482,350,319,271,1000,1438,1362,1301,915,811,482,517,580,476,372,547,793,911,949,827,748,729,941,929,791,301,57,626,868,537,736,938,805,1418,1279,1058,4,1148,1375,1131,1088,1191,810,629,527,712,1017,872,995,867,1013,1210,1169,838
FOODS_3_077,FOODS_3,FOODS,0,0,0,0,0,0,0,0,0,0,0,0,0,0,0,0,0,0,0,0,0,0,0,0,0,0,0,0,0,0,0,0,0,0,1724,2480,2237,1548,1548,81,3,158,1476,792,0,202,1115,2184,2060,1891,1726,1901,1374,1536,1546,1547,1520,1160,567,2448,2564,1858,550,0,930
FOODS_3_078,FOODS_3,FOODS,29,239,410,259,207,154,129,139,123,190,131,88,215,143,152,122,133,104,137,116,115,98,125,131,140,93,118,105,113,78,63,83,96,104,85,72,47,5,6,88,147,108,95,126,108,107,126,122,119,117,132,96,101,105,102,112,132,122,119,108,149,93,125,101,75
FOODS_3_079,FOODS_3,FOODS,8,117,261,525,697,899,1024,955,1006,697,423,363,573,611,908,806,1093,1210,1034,1073,970,694,516,390,624,449,875,910,1341,1558,1506,1472,1054,900,556,584,830,654,861,979,1194,653,1015,1282,983,833,916,810,598,684,969,942,864,984,693,3,257,589,440,532,513,596,653,709,437
FOODS_3_080,FOODS_3,FOODS,492,4316,4668,5039,5094,5205,5360,5784,5220,5730,5274,5704,4370,4154,4732,4747,5132,5014,4852,5377,4769,4844,4811,4769,3940,3934,4336,4169,4280,4418,4505,4534,3857,3899,3584,4035,3297,3254,3443,3596,3925,3914,4518,4455,3526,3726,3517,3614,2894,2801,3141,2956,3346,3665,3879,4078,3377,3649,3512,3604,2977,3101,3281,3261,2556
FOODS_3_081,FOODS_3,FOODS,20,76,0,0,146,260,264,403,263,283,156,182,196,207,236,223,208,204,174,224,239,247,185,171,214,173,215,217,210,172,194,259,201,253,226,205,228,231,244,237,211,180,152,51,10,120,197,171,204,184,192,159,210,169,164,237,182,217,183,199,220,206,247,195,131
FOODS_3_082,FOODS_3,FOODS,66,446,480,528,416,444,532,512,509,519,518,394,473,405,465,555,627,539,123,136,122,90,102,117,71,91,60,82,393,398,360,318,331,339,291,266,298,264,227,298,281,295,409,366,301,291,278,264,255,226,281,253,268,266,276,217,175,223,143,150,182,183,163,177,162
FOODS_3_083,FOODS_3,FOODS,43,345,402,412,409,398,426,435,374,506,374,439,409,439,454,378,368,378,356,338,358,347,315,329,304,344,403,352,294,0,4,3,4,8,5,10,6,6,13,13,280,675,573,550,510,544,597,540,493,465,555,499,548,572,562,548,439,478,450,483,463,447,474,535,400
FOODS_3_084,FOODS_3,FOODS,0,0,0,0,0,0,0,0,0,0,0,0,0,0,0,0,0,0,0,0,0,0,0,0,0,0,0,0,0,0,0,0,0,0,0,190,714,891,787,1020,933,830,582,525,483,447,228,212,358,195,219,328,205,178,340,311,198,224,222,218,235,235,241,202,150
FOODS_3_085,FOODS_3,FOODS,0,0,0,0,0,0,0,0,0,0,0,0,0,0,0,0,0,0,0,0,0,0,0,0,0,0,0,0,0,0,0,0,0,0,0,0,0,0,103,196,153,128,115,140,189,203,172,163,177,197,218,187,177,188,154,202,219,250,251,212,232,274,266,252,163
FOODS_3_086,FOODS_3,FOODS,78,884,962,851,659,780,981,914,768,641,706,780,609,622,643,2373,3674,4014,3646,2429,3072,1522,1352,1607,1160,1065,1461,2234,2613,2239,2228,2078,1767,2160,2800,1923,887,172,1706,2307,1390,1889,1976,1659,2915,3280,3277,2,4035,2217,2039,2657,3001,1801,1467,1217,2654,3521,2777,2155,2414,3022,3248,3459,2792
FOODS_3_087,FOODS_3,FOODS,0,0,0,0,0,0,0,0,0,0,0,0,0,0,0,0,0,0,0,0,0,0,0,0,0,0,0,0,369,1116,1154,1163,1192,1236,1160,1055,1053,961,1216,1092,1051,1115,1007,1154,1170,1166,1178,597,1406,1191,1115,1017,1073,1084,1065,1192,1005,1073,1006,697,1113,1172,1184,1003,757
FOODS_3_088,FOODS_3,FOODS,0,0,0,0,0,0,0,0,0,0,0,0,0,0,0,0,0,0,0,0,0,0,0,0,0,0,0,0,0,0,0,0,0,0,0,0,0,0,29,53,81,57,76,57,78,61,74,54,77,52,60,78,107,106,87,96,114,107,104,114,120,122,142,136,102
FOODS_3_089,FOODS_3,FOODS,77,764,644,560,556,487,570,575,466,700,545,594,794,708,601,599,709,877,825,981,845,634,512,481,530,512,507,398,494,605,611,622,673,616,560,535,583,590,591,550,643,574,741,711,624,654,569,543,547,477,535,430,510,568,497,608,560,483,375,372,406,580,519,494,364
FOODS_3_090,FOODS_3,FOODS,2755,6306,0,0,0,0,0,0,6169,30156,29115,32163,26323,21347,20779,18544,19091,17740,21255,22325,22007,20073,25228,29760,22766,19123,20320,18185,19155,19112,19763,30095,45377,20969,8075,16338,17613,3939,12732,16228,7326,11500,17646,16606,16921,17005,17480,55,16344,6519,10456,16226,8737,10233,19051,17231,16841,17375,17333,929,13459,15796,16921,16926,12074
FOODS_3_091,FOODS_3,FOODS,23,270,383,332,341,128,140,107,145,246,246,299,286,305,279,251,277,248,274,262,307,266,269,312,208,17,20,20,5,5,0,1,0,0,4,1,41,271,338,300,250,256,224,267,239,261,230,240,211,215,4,1,87,218,226,262,264,249,202,219,172,165,214,188,151
FOODS_3_092,FOODS_3,FOODS,62,206,0,0,3,5,6,1,4,13,9,11,14,499,761,725,780,685,705,669,609,628,560,698,634,610,674,659,646,647,674,110,63,77,617,739,604,770,1172,1005,680,677,794,646,544,502,595,561,506,386,425,397,354,335,512,425,380,447,456,433,444,450,487,499,1
FOODS_3_093,FOODS_3,FOODS,128,1275,1383,951,1062,1189,1593,1334,860,924,772,1129,1205,1291,1318,1323,1369,1487,1520,1484,1314,1311,1009,927,703,395,457,449,368,358,300,470,703,744,592,977,910,704,594,597,431,303,327,376,258,452,371,81,4,14,1,1,0,1,6,1,0,3,2,0,863,884,1020,989,745
FOODS_3_094,FOODS_3,FOODS,0,0,0,0,0,0,0,0,0,0,0,0,0,0,0,0,0,0,0,0,0,0,0,0,328,658,144,125,489,558,510,558,437,363,380,433,421,464,504,361,390,406,371,273,226,217,299,298,302,298,330,336,343,384,367,351,388,385,342,360,375,327,317,367,237
FOODS_3_095,FOODS_3,FOODS,7,98,110,96,113,106,106,111,86,115,228,285,125,110,98,102,125,112,135,30,1,8,231,321,178,126,132,123,147,230,180,129,144,173,361,278,155,128,136,113,119,116,124,127,110,101,234,211,111,103,103,106,114,158,144,125,110,135,183,208,130,119,120,125,119
FOODS_3_096,FOODS_3,FOODS,21,173,202,206,191,235,236,277,279,318,279,250,260,277,262,266,278,314,317,316,271,266,303,255,308,288,335,302,359,331,363,342,271,315,236,263,211,219,109,175,254,87,208,77,207,213,224,226,208,200,135,147,235,95,239,85,198,276,278,268,306,253,283,246,210
FOODS_3_097,FOODS_3,FOODS,72,568,583,571,555,506,514,526,469,497,381,366,526,490,545,427,599,603,586,590,548,602,406,357,499,498,552,594,505,581,444,500,553,629,569,496,624,551,722,682,563,549,672,563,596,453,376,287,540,645,610,503,553,587,642,614,486,459,321,351,657,838,907,906,620
FOODS_3_098,FOODS_3,FOODS,24,268,233,222,241,247,315,347,360,399,401,420,396,456,430,421,585,387,431,385,378,379,429,430,392,382,486,441,458,444,488,470,380,441,367,405,357,308,162,229,326,79,274,71,310,330,329,317,305,261,208,156,314,95,351,149,274,427,382,385,437,400,400,435,300
FOODS_3_099,FOODS_3,FOODS,0,3597,3953,3318,3344,3355,3315,3003,2820,3106,3101,3924,3607,3675,3652,3037,2896,2987,3075,3150,3350,3976,4062,4211,4439,3860,3874,3033,3059,3273,3406,3134,3413,3720,3654,3751,3463,2835,3804,3203,3264,3299,3216,2784,2860,2624,3624,4093,4243,3702,3563,3135,3212,3237,3107,3242,3091,2734,2787,3264,4502,3561,3432,3181,2279
FOODS_3_100,FOODS_3,FOODS,0,0,0,0,0,0,0,0,0,0,0,0,0,68,101,138,195,137,210,235,197,193,325,255,233,292,434,398,765,549,489,391,381,699,390,886,633,432,380,532,447,393,427,443,339,345,243,352,428,333,401,419,514,409,520,554,306,309,281,371,361,294,355,358,297
FOODS_3_101,FOODS_3,FOODS,0,0,0,0,0,0,0,759,1549,1475,1484,1504,1666,1823,1861,2069,1771,1541,1839,15,963,1204,1178,1181,1287,1249,1138,689,969,1189,883,457,1149,1079,1194,940,1276,1270,1381,1199,998,967,1060,1023,1347,1119,895,906,505,892,1069,1087,912,860,994,947,704,837,778,773,929,875,955,912,655
FOODS_3_102,FOODS_3,FOODS,65,588,652,518,766,786,698,725,584,548,461,490,503,462,419,458,504,564,150,77,59,73,89,81,38,61,66,77,335,387,372,412,296,334,239,211,236,246,278,265,305,415,434,405,334,311,265,217,259,236,234,262,288,265,310,279,226,248,181,184,198,193,182,198,139
FOODS_3_103,FOODS_3,FOODS,27,285,333,330,309,301,265,237,268,284,318,419,397,367,310,307,294,293,317,340,342,372,391,527,425,397,420,343,343,317,337,374,360,385,316,437,342,369,333,285,277,275,294,316,279,312,304,398,348,306,294,251,279,323,269,246,251,350,316,405,340,346,323,285,217
FOODS_3_104,FOODS_3,FOODS,0,0,0,0,0,0,0,0,0,1,0,8,73,114,134,83,220,229,222,159,136,139,126,94,123,105,136,133,113,95,116,121,119,95,122,131,168,170,192,187,168,155,126,156,146,152,120,102,132,133,196,199,217,167,186,333,209,165,264,239,295,328,287,344,220
FOODS_3_105,FOODS_3,FOODS,0,0,0,0,0,0,0,0,0,0,0,0,0,0,0,0,0,0,0,0,0,0,0,0,0,0,0,0,0,0,0,0,0,0,0,5,341,490,452,441,367,312,253,0,185,250,201,212,272,198,318,238,270,141,75,299,488,462,343,304,444,379,342,456,277
FOODS_3_106,FOODS_3,FOODS,0,0,0,0,0,0,0,0,0,0,0,0,0,0,0,0,0,0,0,0,0,0,0,0,0,0,58,248,333,451,793,637,533,600,546,481,511,686,887,624,565,556,753,712,549,458,446,320,426,416,550,518,632,476,406,668,657,639,576,666,621,1000,913,828,588
FOODS_3_107,FOODS_3,FOODS,135,1342,1431,1306,1176,1246,1324,1373,1129,1254,1236,1195,1323,989,927,1206,1229,1229,1392,1415,1136,317,17,15,25,18,25,32,17,31,40,55,50,921,1027,1275,1318,1172,1340,1216,1247,1243,1247,1220,1292,1258,1271,1334,1301,1213,1310,1068,1056,1106,1042,1144,986,993,914,926,1006,930,914,927,703
FOODS_3_108,FOODS_3,FOODS,0,0,0,0,0,0,0,928,1222,1434,1318,1241,1546,1554,1543,1668,1109,1259,1293,5,828,1089,905,837,840,1033,1094,533,635,919,685,263,787,567,638,567,788,832,1011,943,943,990,905,871,954,917,773,729,432,780,882,706,820,776,797,830,713,817,755,728,836,814,768,728,561
FOODS_3_109,FOODS_3,FOODS,126,1814,2099,2212,2644,3947,3074,3280,2470,2193,2033,2087,2304,2219,3592,2350,4187,3731,2452,2111,2212,2857,1610,2137,1676,1612,2093,2583,2846,3464,3442,3036,3002,1985,2118,956,1211,1990,3242,3020,847,2871,2391,2497,2127,1182,1191,946,866,1450,1733,1303,1674,1966,2662,2113,2051,1800,1530,1357,1303,1960,1766,1763,1109
FOODS_3_110,FOODS_3,FOODS,0,0,0,0,0,0,0,0,0,0,0,0,0,0,0,0,0,0,0,0,0,0,0,0,0,0,0,0,0,0,0,0,51,11,0,1,169,184,197,149,175,161,154,157,144,136,149,149,150,144,145,123,134,147,114,126,135,147,114,149,143,125,140,136,93
FOODS_3_111,FOODS_3,FOODS,0,0,0,0,0,0,0,0,0,0,0,0,0,0,0,0,0,0,0,0,0,0,0,0,0,0,0,0,0,0,0,0,0,0,0,0,0,0,0,0,0,88,108,160,153,120,100,146,184,143,106,151,157,145,156,104,92,138,117,157,185,157,173,173,153
FOODS_3_112,FOODS_3,FOODS,0,0,0,0,0,2,52,0,158,141,108,48,51,63,81,142,146,134,161,196,219,226,166,201,143,159,222,127,93,229,250,294,227,245,202,263,341,256,344,365,310,266,294,290,334,383,316,356,364,361,504,488,452,584,583,628,474,467,413,423,439,514,463,482,391
FOODS_3_113,FOODS_3,FOODS,94,830,1138,950,1217,1453,1594,2021,2605,2298,1987,1960,2256,2050,2447,2355,2268,2150,1702,1761,1790,1824,1673,1534,1947,1699,1455,1238,1212,1110,1022,1237,1428,1556,1324,1101,1206,1397,1320,1201,993,852,887,1058,1110,917,721,665,655,816,834,865,877,773,698,913,1003,952,875,711,862,765,825,830,618
FOODS_3_114,FOODS_3,FOODS,0,0,0,0,0,0,0,0,0,0,0,0,0,0,0,0,160,168,2,0,0,0,0,0,1,0,0,0,0,49,92,97,84,188,60,0,5,0,1,2,255,276,255,276,281,224,2,0,3,5,24,495,462,344,346,381,355,239,6,5,4,5,192,456,300
FOODS_3_115,FOODS_3,FOODS,33,378,454,386,446,366,504,574,672,829,697,696,740,687,721,551,637,617,602,562,564,532,572,526,491,476,602,555,607,579,655,563,494,456,465,293,422,328,193,413,468,139,448,134,468,422,356,400,417,294,219,224,456,129,399,194,374,511,421,405,412,439,363,390,295
FOODS_3_116,FOODS_3,FOODS,176,1924,2112,2441,2236,2166,2150,2170,1964,1479,1240,1229,1192,923,1047,901,970,1053,1076,1061,976,955,993,935,830,787,793,663,907,1021,908,942,758,794,559,580,514,463,782,692,278,14,17,539,693,874,680,574,790,682,771,773,904,762,363,6,8,5,0,364,736,718,873,859,569
FOODS_3_117,FOODS_3,FOODS,271,2493,2548,1780,2107,2426,2533,2380,1927,1515,1723,1661,1978,1816,2003,2098,1906,1758,2257,2364,2218,2458,1706,1501,1141,547,702,405,415,390,404,562,707,806,580,1060,1055,789,775,649,290,77,80,145,111,691,669,125,0,14,0,1,0,1,0,1,0,0,0,1,1157,1271,1157,954,807
FOODS_3_118,FOODS_3,FOODS,158,1898,2012,2330,2140,2000,1977,1975,2060,1407,1196,1001,1054,910,887,802,829,895,881,974,826,819,855,832,849,729,808,675,687,680,714,803,775,912,853,708,771,722,764,758,281,14,5,665,716,798,596,516,644,522,696,719,861,796,448,4,9,9,0,367,789,759,812,830,624
FOODS_3_119,FOODS_3,FOODS,0,0,0,0,0,0,0,0,0,0,0,0,0,0,0,0,0,0,0,0,0,0,0,0,0,0,0,0,0,0,0,0,0,0,0,0,0,0,0,0,0,0,0,0,0,0,0,0,41,169,283,290,271,267,238,187,163,204,228,233,322,266,223,249,196
FOODS_3_120,FOODS_3,FOODS,0,0,0,0,0,0,0,0,0,0,0,0,34,3342,3694,4620,5314,5223,6604,7812,7751,3733,1486,1322,1534,3254,4500,3929,4429,5346,5357,4148,4925,4480,2475,1591,2964,1902,6396,4520,4989,4857,6172,6880,6425,6958,6251,6880,8558,6864,7044,6200,7740,8789,8812,9450,8280,8006,6836,7825,8027,7403,4847,7876,5478
FOODS_3_121,FOODS_3,FOODS,0,0,0,0,0,0,0,0,0,0,0,0,0,0,0,0,0,0,0,0,0,0,0,689,1938,1687,756,491,1003,973,1188,1036,1005,1327,937,947,1081,855,927,1434,994,1127,973,991,862,1110,1238,1113,848,897,818,661,814,1116,1072,992,849,898,720,887,914,1064,875,1105,716
FOODS_3_122,FOODS_3,FOODS,0,0,0,0,0,0,0,0,0,0,0,0,0,0,0,0,0,0,0,0,0,0,0,0,0,0,0,0,0,0,0,0,0,0,0,0,76,256,224,209,217,218,180,220,161,168,131,117,167,169,194,174,208,176,207,203,235,180,162,170,191,205,226,259,186
FOODS_3_123,FOODS_3,FOODS,26,221,220,228,212,189,192,210,169,193,164,195,188,214,278,242,293,333,284,279,210,204,190,143,143,189,270,269,261,290,115,90,99,55,13,11,6,0,3,168,195,232,224,173,193,175,125,126,157,150,184,48,28,28,29,29,37,30,0,8,7,1,11,193,195
FOODS_3_124,FOODS_3,FOODS,78,678,868,1102,1181,1823,2118,2577,1878,961,660,565,718,721,848,857,1085,1472,1590,2356,1470,1200,854,616,702,731,1008,1345,1638,2073,2432,2563,1745,1306,1050,885,1218,975,1334,1462,984,368,362,443,396,1082,746,621,759,825,1061,560,5,0,1235,1551,1438,953,745,716,839,896,948,932,817
FOODS_3_125,FOODS_3,FOODS,0,0,0,0,0,0,0,0,0,0,0,0,0,0,0,0,0,0,0,0,0,0,0,0,0,0,0,0,0,0,0,0,0,0,0,0,0,0,0,0,0,0,0,268,6,244,493,307,334,376,415,246,284,232,251,196,155,150,121,137,135,317,256,416,555
FOODS_3_126,FOODS_3,FOODS,0,44,100,288,496,530,455,436,359,317,415,494,430,403,412,353,323,389,359,405,518,507,577,795,678,598,480,473,557,504,512,583,546,627,522,543,557,439,548,635,750,668,698,577,526,626,690,800,765,591,521,520,593,564,642,513,589,656,685,874,740,739,763,709,549
FOODS_3_127,FOODS_3,FOODS,73,665,484,519,577,578,572,456,469,477,385,554,656,485,432,403,481,567,602,538,656,670,713,880,876,779,655,540,671,729,738,636,644,687,654,786,842,894,689,734,750,762,766,796,772,770,869,1021,942,767,665,749,840,716,888,880,854,724,688,900,816,840,791,765,548
FOODS_3_128,FOODS_3,FOODS,47,509,495,328,272,272,312,302,377,428,351,394,418,349,367,381,381,351,354,341,369,357,391,383,401,355,385,328,324,329,328,357,341,333,229,5,2,100,324,275,296,258,273,275,259,233,116,1,1,125,229,246,250,223,236,251,222,249,47,4,6,7,3,179,209
FOODS_3_129,FOODS_3,FOODS,0,0,0,0,0,0,0,0,0,0,0,0,0,0,0,0,0,0,0,0,0,0,0,0,0,0,0,0,0,247,458,427,374,431,394,493,538,441,526,299,355,367,367,296,307,337,265,247,319,276,275,282,287,304,307,366,367,381,300,321,309,249,316,325,230
FOODS_3_130,FOODS_3,FOODS,0,0,0,0,0,0,0,0,0,0,0,261,410,435,353,399,434,268,6,16,3,2,5,0,2,8,3,4,5,129,311,307,323,349,99,15,13,19,14,14,321,400,334,347,378,268,5,2,9,13,25,447,419,387,356,386,338,294,12,6,3,4,217,447,330
FOODS_3_131,FOODS_3,FOODS,0,0,0,0,0,0,0,1012,1566,1615,1278,1161,1475,1365,1399,1276,1424,1115,1151,8,779,1195,1161,1154,1206,1309,1402,546,859,1057,655,283,1018,811,959,699,1254,1146,1232,1025,1026,984,1036,799,975,1092,839,750,285,725,860,811,877,875,823,910,778,819,788,698,885,846,839,856,586
FOODS_3_132,FOODS_3,FOODS,61,481,919,1078,978,1141,1404,709,567,1588,1419,1211,978,1068,1127,1129,1081,1234,1267,1101,770,712,788,612,544,586,785,852,826,827,962,938,751,724,705,619,539,530,459,413,484,502,609,491,433,350,348,335,260,181,264,249,218,238,449,397,323,436,437,416,361,307,293,300,217
FOODS_3_133,FOODS_3,FOODS,154,1790,2368,1555,0,16,3,0,0,1432,1399,1346,1391,1209,1735,1849,1908,2544,2389,2249,1816,1925,1789,1637,1778,1781,1695,1661,1995,2113,2198,2138,1744,1460,1209,1173,1234,1026,1396,1395,1582,1717,1481,1667,1328,1392,1114,1013,1230,1212,1395,1211,1149,1489,1878,426,16,1765,1366,1320,1604,1538,1473,1392,948
FOODS_3_134,FOODS_3,FOODS,0,0,0,0,0,0,0,0,26,617,452,484,610,691,693,617,662,864,938,843,865,973,885,843,850,887,980,788,112,732,376,0,0,1096,1000,902,931,875,974,736,726,498,317,0,0,1067,1022,1021,1035,1960,2381,2238,2105,2,6,7,437,1776,1449,1647,1587,1703,1732,1891,1500
FOODS_3_135,FOODS_3,FOODS,0,0,0,0,0,178,176,184,398,200,84,91,59,64,98,102,139,114,82,148,90,77,67,82,40,52,77,48,23,75,107,157,100,177,144,82,22,100,145,124,131,535,732,1489,1642,1304,1377,1389,1126,1500,2048,1931,1959,2153,2746,2803,2196,2278,2086,2250,1576,1887,2000,1911,1500
FOODS_3_136,FOODS_3,FOODS,117,1363,1500,1427,1237,1259,1619,1599,1802,2164,2250,2203,1921,1989,2236,1900,2074,2038,1949,1749,1702,1697,1664,1794,1356,1453,1882,1630,1822,1865,2078,1837,1563,1501,1556,950,1392,1451,731,1276,1751,429,1483,348,1759,1468,1610,1740,1473,1468,1064,937,2011,487,1819,802,1399,2094,1808,2057,1788,1861,1825,1879,1397
FOODS_3_137,FOODS_3,FOODS,0,0,0,0,0,0,0,0,0,0,0,0,0,0,0,0,0,0,0,0,0,0,0,0,0,0,0,0,0,0,0,0,0,0,0,0,0,40,166,286,245,224,200,216,163,167,115,148,136,137,130,113,130,108,162,151,150,144,119,188,153,156,142,164,125
FOODS_3_138,FOODS_3,FOODS,0,0,0,0,0,0,0,0,0,0,0,0,273,335,409,390,428,862,717,1153,884,674,790,886,697,721,728,1091,657,806,532,543,525,516,442,529,565,499,514,710,754,810,445,651,674,697,646,671,647,536,622,498,519,465,510,603,512,509,503,378,428,527,460,492,402
FOODS_3_139,FOODS_3,FOODS,41,337,366,328,392,380,411,436,344,339,349,490,424,373,362,359,379,431,309,273,375,502,509,607,493,475,586,583,632,416,292,585,536,590,339,405,307,504,631,589,551,542,470,289,482,504,395,647,513,505,575,615,630,662,665,495,443,507,461,674,444,546,627,591,431
FOODS_3_140,FOODS_3,FOODS,0,0,0,0,0,0,0,0,0,16,38,44,91,383,439,411,474,346,347,335,382,389,406,410,421,471,577,494,536,549,547,455,438,504,551,559,491,476,808,695,721,666,602,545,356,480,506,558,391,389,479,444,460,544,630,660,619,605,556,576,477,502,620,612,459
FOODS_3_141,FOODS_3,FOODS,24,207,261,218,286,339,289,281,298,272,210,212,266,223,252,219,279,243,226,239,235,221,220,229,212,223,214,220,236,117,15,9,87,148,167,213,198,204,190,212,197,173,20,6,169,215,195,195,190,189,183,181,197,168,161,181,146,177,156,144,159,171,155,157,112
FOODS_3_142,FOODS_3,FOODS,0,0,0,0,0,0,0,0,0,0,106,22,20,174,223,465,750,843,803,649,571,556,375,360,360,308,460,445,343,347,342,274,224,254,262,271,292,287,366,339,387,429,431,427,340,383,256,261,211,272,329,446,550,423,488,425,439,354,354,368,405,351,429,543,405
FOODS_3_143,FOODS_3,FOODS,0,0,0,0,0,0,0,0,0,0,0,0,0,0,0,0,0,0,0,0,0,0,0,0,0,0,0,0,21,16,0,0,110,210,139,165,162,36,3,7,7,33,266,121,9,55,238,194,215,71,1,1,202,197,233,44,2,174,207,180,227,57,260,237,184
FOODS_3_144,FOODS_3,FOODS,75,782,725,798,842,867,825,830,794,864,866,845,738,758,799,699,743,697,726,718,625,629,624,566,515,489,480,469,430,423,403,379,356,426,383,343,316,412,479,487,464,496,594,468,489,475,488,563,565,512,553,587,656,624,797,653,661,602,609,611,586,678,722,713,529
FOODS_3_145,FOODS_3,FOODS,16,101,74,85,106,149,150,145,120,117,115,99,138,102,128,152,127,137,150,126,93,98,99,191,122,107,117,106,77,85,94,63,66,71,75,46,52,65,55,60,68,55,61,101,75,75,75,80,87,102,82,85,82,78,64,71,97,112,78,85,102,79,102,102,73
FOODS_3_146,FOODS_3,FOODS,12,165,207,139,261,470,505,468,318,105,96,100,168,144,153,169,339,369,450,564,467,398,257,251,250,233,262,324,327,538,512,451,379,346,198,174,240,244,292,267,262,174,183,184,217,367,230,237,211,134,239,172,0,0,533,963,731,704,490,485,485,426,573,613,497
FOODS_3_147,FOODS_3,FOODS,0,0,0,0,0,0,0,0,0,0,0,0,0,0,0,0,0,0,0,0,0,0,0,0,0,0,21,65,117,120,152,174,130,105,93,106,62,44,81,56,105,94,89,80,83,77,231,163,141,217,428,413,515,500,582,553,441,0,0,0,0,0,1053,1597,191
FOODS_3_148,FOODS_3,FOODS,115,831,1134,349,43,37,55,52,0,0,936,901,875,944,1223,1312,1470,1157,1272,958,901,896,999,783,918,1042,775,829,780,828,640,601,571,560,483,398,380,320,99,16,673,805,921,55,148,921,731,697,536,504,9,128,595,85,6,179,1162,1053,874,989,879,923,1016,873,718
FOODS_3_149,FOODS_3,FOODS,0,0,0,0,0,0,0,0,0,0,0,0,143,182,215,270,136,0,0,127,278,251,218,211,254,234,257,265,5,1,3,0,253,189,126,180,219,185,281,134,1,1,1,110,222,154,155,119,136,109,111,131,57,0,2,3,67,145,105,132,149,150,153,143,168
FOODS_3_150,FOODS_3,FOODS,787,6614,6754,5475,6112,6953,5977,6135,4930,3940,4040,5099,4082,4436,3871,4217,3755,4266,3775,3146,2382,1879,1911,2425,1890,911,1165,670,538,884,1016,1092,2364,2453,1956,2701,2266,1801,1530,1793,1555,856,907,798,761,1576,1242,279,8,58,5,3,6,7,5,16,8,15,10,15,2651,3251,3108,2877,1822
FOODS_3_151,FOODS_3,FOODS,56,563,516,591,635,632,662,742,616,607,589,553,507,522,625,654,846,1053,1026,996,928,922,947,984,690,654,769,681,748,665,747,731,684,702,671,766,594,597,699,654,667,656,644,764,678,659,567,574,215,0,0,3,0,0,2,0,0,2,2,38,614,856,854,772,610
FOODS_3_152,FOODS_3,FOODS,0,0,0,0,0,0,0,0,0,0,0,0,0,0,0,0,0,0,0,0,0,0,0,0,0,0,0,0,0,0,0,0,0,0,0,0,0,0,0,48,835,776,577,660,483,353,593,798,490,452,619,554,3,1,1,576,546,0,0,31,633,579,414,117,552
FOODS_3_153,FOODS_3,FOODS,61,384,488,308,0,0,0,0,394,607,493,406,466,17,3,0,0,2,1,24,3,2,2,6,3,346,452,440,357,374,343,324,311,261,292,260,219,136,0,0,0,0,0,0,0,0,0,29,186,191,264,288,143,228,187,209,185,164,156,135,151,179,258,249,221
FOODS_3_154,FOODS_3,FOODS,98,831,962,1609,2502,3321,4401,2722,2706,2192,1615,1742,2020,2231,2931,3411,4630,5136,5405,2997,2399,1806,1332,1251,1082,1143,2250,1814,1552,1742,1616,1016,903,1023,562,798,522,661,962,627,1586,1271,902,712,609,571,444,291,454,580,868,853,1487,536,1024,1833,1513,1187,925,833,923,1146,1306,1382,966
FOODS_3_155,FOODS_3,FOODS,60,532,567,507,773,738,615,550,518,564,483,395,374,385,368,346,331,510,136,88,89,69,59,102,83,79,81,76,384,391,402,354,272,285,218,201,285,264,279,235,295,292,271,278,242,255,203,190,265,158,149,201,168,212,185,206,211,215,167,172,207,200,171,192,130
FOODS_3_156,FOODS_3,FOODS,65,662,822,798,809,757,826,764,755,873,706,769,695,617,741,720,715,751,766,822,754,771,821,767,719,661,689,681,706,758,716,797,726,791,725,711,654,646,660,664,715,695,744,719,601,636,585,627,608,567,666,588,640,633,670,599,576,670,563,529,451,465,465,474,359
FOODS_3_157,FOODS_3,FOODS,0,0,0,0,0,0,0,0,0,0,0,0,0,0,0,0,0,0,0,0,0,0,0,0,0,0,0,0,0,0,0,0,0,20,0,0,81,114,126,107,132,134,125,184,208,205,186,183,200,185,184,194,208,231,225,263,331,408,352,306,278,216,220,244,183
FOODS_3_158,FOODS_3,FOODS,0,0,0,0,0,0,0,0,0,0,0,0,0,0,0,0,0,0,0,0,0,0,0,0,0,0,116,212,220,181,171,152,156,160,187,184,169,160,162,154,183,176,214,236,203,194,174,187,163,149,159,133,140,120,135,119,100,110,109,105,82,114,93,102,88
FOODS_3_159,FOODS_3,FOODS,0,0,0,0,0,0,0,0,0,0,0,0,0,0,185,183,192,249,319,276,260,222,213,259,258,178,225,249,190,178,118,170,168,226,237,265,255,188,202,183,155,150,119,200,146,146,160,162,166,127,127,125,125,131,108,152,147,151,143,112,148,113,142,126,119
FOODS_3_160,FOODS_3,FOODS,34,310,384,340,381,374,403,448,444,337,322,339,277,295,307,301,324,364,319,370,275,294,251,214,274,234,266,305,333,344,134,99,108,82,8,0,3,1,2,226,226,286,286,285,247,238,202,186,156,157,163,37,31,20,29,42,31,2,0,0,0,0,4,247,167
FOODS_3_161,FOODS_3,FOODS,11,87,138,128,192,195,187,158,96,89,85,94,95,148,135,133,227,210,215,170,198,156,153,133,139,141,172,123,127,110,133,122,110,117,86,23,16,88,67,74,103,119,149,123,73,90,87,68,88,112,112,74,122,93,92,100,101,84,82,81,90,77,71,131,114
FOODS_3_162,FOODS_3,FOODS,75,477,475,477,539,533,600,532,427,421,377,436,505,440,383,294,297,451,119,67,83,67,37,43,65,52,70,74,382,441,479,374,309,298,254,221,333,257,265,248,319,292,377,335,288,251,222,187,198,175,203,229,237,239,219,299,240,221,185,199,184,196,190,209,148
FOODS_3_163,FOODS_3,FOODS,54,282,350,280,257,316,297,333,321,297,251,230,318,346,364,351,335,337,368,345,347,334,269,226,376,357,451,369,364,370,376,354,342,359,244,284,366,378,371,313,330,369,411,441,408,390,322,277,435,393,483,494,487,420,396,426,479,390,290,288,463,394,545,609,373
FOODS_3_164,FOODS_3,FOODS,0,0,0,0,0,0,0,0,0,0,0,0,0,0,0,0,0,0,0,0,0,0,0,0,0,0,0,0,0,0,0,0,0,0,0,0,0,0,0,0,0,0,24,131,85,160,113,107,75,91,156,139,151,141,117,152,101,148,142,114,83,85,167,162,106
FOODS_3_165,FOODS_3,FOODS,2,29,39,42,36,20,38,36,33,39,31,29,38,28,25,13,28,42,38,41,26,35,62,48,55,44,55,47,37,44,60,47,54,46,54,62,44,52,63,46,34,56,47,44,38,53,47,48,63,46,52,40,47,46,58,44,47,64,56,49,76,71,71,58,49
FOODS_3_166,FOODS_3,FOODS,0,0,0,0,0,0,0,0,0,0,0,0,0,0,0,0,0,0,0,0,0,0,0,0,0,0,0,0,0,0,0,0,0,0,0,0,0,0,0,0,0,0,0,0,0,0,0,0,83,288,424,373,376,489,521,582,461,484,441,381,401,433,417,411,328
FOODS_3_167,FOODS_3,FOODS,0,0,0,0,0,0,0,0,0,0,0,0,0,0,0,0,0,0,0,0,0,0,0,0,0,0,0,0,0,0,0,109,252,324,353,544,402,363,436,478,415,369,403,438,610,592,467,764,389,509,479,524,497,466,446,445,393,376,446,530,319,472,641,684,427
FOODS_3_168,FOODS_3,FOODS,0,317,442,315,271,257,191,220,274,226,196,176,232,248,246,233,256,258,274,281,246,28,1,1,6,2,2,6,4,6,10,95,302,296,265,268,289,263,275,279,261,224,258,257,216,259,241,204,206,217,265,269,256,269,264,330,333,351,306,275,274,245,302,331,221
FOODS_3_169,FOODS_3,FOODS,0,0,0,0,14,156,206,254,300,348,290,277,362,346,394,454,500,442,426,2,380,521,348,432,504,436,661,524,486,395,394,379,373,426,322,327,441,506,396,572,461,439,376,481,516,475,417,441,490,577,598,550,537,506,480,539,500,486,468,512,511,593,533,512,400
FOODS_3_170,FOODS_3,FOODS,0,0,0,0,0,0,0,0,0,0,0,0,0,0,0,0,0,0,0,0,0,0,0,0,0,0,0,0,0,0,0,39,219,321,324,284,248,308,324,285,363,273,231,267,339,305,225,214,299,207,268,278,233,214,223,324,364,373,306,269,340,340,243,275,244
FOODS_3_171,FOODS_3,FOODS,0,0,0,0,0,0,0,0,0,0,0,0,0,0,0,0,0,0,0,0,0,0,0,0,0,0,0,0,0,0,0,0,0,0,0,0,0,0,0,12,65,51,41,43,42,50,43,40,31,54,62,62,47,50,43,44,43,60,69,51,43,34,19,26,17
FOODS_3_172,FOODS_3,FOODS,0,0,0,0,0,0,0,0,0,0,0,0,0,0,0,0,0,0,0,0,0,0,0,0,0,0,0,0,0,0,0,0,0,0,0,0,0,0,0,0,0,0,0,0,0,99,264,290,401,338,397,396,432,477,509,543,525,639,640,565,545,597,536,533,434
FOODS_3_173,FOODS_3,FOODS,0,0,0,0,0,0,0,0,0,0,0,0,0,0,0,0,0,0,0,0,30,121,87,158,84,5,9,5,3,8,16,24,7,8,0,5,23,90,93,110,96,108,86,76,90,64,75,84,62,69,52,56,80,77,86,118,104,100,109,138,78,108,87,80,60
FOODS_3_174,FOODS_3,FOODS,10,207,239,258,230,264,297,270,274,279,246,273,286,238,306,251,277,310,241,219,198,179,183,210,213,173,226,199,222,226,259,271,233,210,157,171,211,171,174,116,144,165,182,272,229,270,252,212,228,231,287,235,265,306,274,208,61,16,91,280,341,352,334,359,290
FOODS_3_175,FOODS_3,FOODS,0,0,29,157,187,162,190,200,240,206,187,174,218,225,254,252,199,277,229,273,249,204,182,194,214,187,255,162,194,175,167,259,263,175,32,7,20,194,186,128,137,19,30,220,166,168,125,73,6,5,41,134,151,121,23,23,16,177,136,102,148,25,191,218,119
FOODS_3_176,FOODS_3,FOODS,0,0,0,0,0,0,0,0,0,0,0,0,0,0,0,0,212,440,403,440,333,369,380,422,436,311,393,386,433,450,596,542,390,406,434,421,356,421,555,558,649,531,519,465,440,367,382,294,333,243,359,311,340,374,406,414,352,196,41,6,292,397,411,475,404
FOODS_3_177,FOODS_3,FOODS,0,0,2,0,326,429,534,595,446,328,213,309,400,469,541,435,456,406,383,377,365,374,339,368,380,322,360,350,398,359,371,310,298,298,84,6,13,258,293,285,286,268,296,269,272,74,4,10,331,303,350,308,376,351,368,314,288,316,14,8,228,374,373,311,184
FOODS_3_178,FOODS_3,FOODS,51,461,439,660,692,699,750,653,525,510,504,492,502,479,522,564,574,714,726,784,711,726,683,679,600,664,717,653,643,656,649,721,698,664,673,622,617,571,556,609,583,603,621,718,661,654,665,610,692,582,596,573,670,599,676,685,610,581,562,606,618,774,987,912,709
FOODS_3_179,FOODS_3,FOODS,0,0,0,0,0,0,0,0,0,2,0,0,70,76,122,95,103,82,90,100,82,83,122,90,145,114,106,94,89,84,69,92,60,60,153,117,190,176,197,129,67,89,97,85,83,97,68,77,108,76,88,106,101,82,90,97,90,96,176,129,122,103,100,103,87
FOODS_3_180,FOODS_3,FOODS,0,0,0,0,0,0,0,0,0,0,0,0,0,0,0,0,0,0,0,0,0,0,0,0,0,0,0,0,0,0,0,2,65,75,104,122,98,78,71,70,84,77,81,85,83,89,81,81,56,59,96,72,126,120,107,128,130,144,8,1,97,148,147,137,104
FOODS_3_181,FOODS_3,FOODS,0,0,0,0,0,0,0,0,0,1,0,0,0,0,43,163,170,199,223,260,257,250,212,185,180,175,258,218,229,354,353,349,320,322,270,281,269,283,324,296,314,315,321,347,348,349,297,294,318,308,422,467,449,526,498,481,480,542,443,424,471,439,492,490,329
FOODS_3_182,FOODS_3,FOODS,66,476,526,552,467,524,607,601,500,552,569,571,523,362,335,291,332,415,126,90,89,92,69,65,76,60,51,54,313,363,333,306,286,288,261,242,276,245,190,214,308,282,302,261,217,216,188,187,214,202,225,170,167,179,148,198,163,188,192,169,205,177,192,219,130
FOODS_3_183,FOODS_3,FOODS,0,0,184,172,0,0,51,236,231,285,212,251,249,234,221,244,213,237,282,292,281,280,308,299,281,292,323,325,369,366,329,330,374,370,444,381,356,340,414,332,200,260,332,278,325,544,432,364,320,372,417,349,352,330,358,474,430,424,511,623,568,528,467,479,458
FOODS_3_184,FOODS_3,FOODS,102,664,748,703,707,682,712,748,653,735,558,597,928,768,891,615,733,687,748,701,696,664,575,562,537,397,565,486,523,479,493,514,517,591,567,534,377,618,762,604,763,727,617,665,731,676,695,605,590,659,729,661,540,503,596,532,519,534,504,317,16,9,265,587,425
FOODS_3_185,FOODS_3,FOODS,0,0,0,0,0,0,0,0,0,0,0,0,225,1430,1483,1414,1318,1241,859,786,709,562,373,360,277,55,54,210,16,9,2,107,299,306,218,258,262,126,6,5,2,8,11,12,0,1,3,25,507,661,788,904,653,696,647,469,437,420,289,365,391,449,463,425,355
FOODS_3_186,FOODS_3,FOODS,0,0,0,0,0,0,0,0,0,0,0,0,0,0,0,0,0,65,237,268,295,226,409,399,451,360,348,301,315,349,318,433,402,368,428,530,457,459,389,327,313,373,442,389,430,401,215,2,5,58,299,300,356,385,225,237,212,243,217,190,223,226,199,179,134
FOODS_3_187,FOODS_3,FOODS,50,374,334,313,338,431,598,507,362,350,313,350,291,336,512,558,292,5,6,192,314,198,52,152,190,290,341,312,26,14,6,4,347,332,280,356,355,353,404,250,6,4,2,85,89,276,260,264,196,321,394,403,108,0,0,0,185,430,317,261,292,445,425,460,392
FOODS_3_188,FOODS_3,FOODS,13,115,129,128,99,85,84,65,72,83,101,127,101,110,82,71,57,85,87,93,112,99,118,160,140,104,118,90,88,75,112,97,86,98,71,94,68,65,87,75,78,83,73,100,99,102,103,124,99,98,78,59,62,90,98,87,83,101,90,109,109,113,102,106,87
FOODS_3_189,FOODS_3,FOODS,0,0,0,0,0,0,0,0,0,0,0,0,0,0,0,0,0,0,0,0,0,0,0,0,0,0,0,0,0,158,323,336,315,343,296,317,323,288,262,204,259,162,236,298,315,380,223,104,366,230,259,241,318,242,233,252,256,241,233,203,229,228,191,161,124
FOODS_3_190,FOODS_3,FOODS,0,0,0,0,0,0,0,0,0,0,0,0,0,0,0,0,0,0,0,0,0,0,0,0,0,0,0,0,0,0,0,0,0,0,0,0,10,220,594,519,691,827,798,715,679,590,464,526,644,591,559,490,596,635,613,662,646,670,545,632,727,680,646,596,465
FOODS_3_191,FOODS_3,FOODS,109,833,619,533,766,991,1034,1175,1088,1042,920,928,1058,909,958,865,765,886,793,838,607,534,455,348,419,370,284,219,377,454,533,604,604,634,538,599,731,642,700,493,518,551,662,689,619,552,522,511,463,414,423,420,463,496,509,468,512,527,362,290,341,430,450,443,282
FOODS_3_192,FOODS_3,FOODS,0,0,0,0,0,0,0,0,0,0,0,0,0,0,0,0,0,0,0,0,0,0,0,0,0,0,0,0,0,26,176,264,315,359,349,266,272,314,312,327,308,280,271,270,261,258,296,284,335,311,276,304,280,319,334,514,476,487,519,577,523,547,522,472,366
FOODS_3_193,FOODS_3,FOODS,24,131,117,107,114,112,99,104,120,94,82,105,116,115,89,93,112,121,74,117,89,105,86,104,111,105,109,98,112,99,111,103,90,104,105,88,101,85,104,84,89,90,82,88,82,76,85,69,90,82,88,74,92,89,78,93,86,91,101,75,72,69,74,89,63
FOODS_3_194,FOODS_3,FOODS,0,293,732,499,556,533,560,329,484,556,498,507,436,423,449,448,489,481,523,458,427,432,515,457,404,382,450,503,529,522,480,439,356,454,441,536,487,532,583,687,573,657,706,618,669,665,594,591,518,555,540,471,481,489,529,463,503,594,651,1012,627,522,525,559,429
FOODS_3_195,FOODS_3,FOODS,41,388,848,987,867,926,1145,616,588,1207,1317,1311,973,816,943,941,789,948,829,852,817,724,732,590,692,740,906,823,882,826,931,767,683,625,623,520,478,396,507,386,455,542,690,608,604,572,531,532,452,364,450,309,265,357,621,514,468,576,527,546,482,365,359,384,292
FOODS_3_196,FOODS_3,FOODS,5,62,49,59,49,52,53,97,59,90,70,79,85,73,104,91,138,128,95,108,129,205,147,150,182,176,229,202,211,152,201,572,432,271,200,134,158,201,165,108,176,120,130,221,171,171,153,139,174,154,180,149,283,137,109,220,195,231,193,144,235,220,232,194,144
FOODS_3_197,FOODS_3,FOODS,0,0,0,0,0,0,0,0,0,0,0,0,0,0,0,0,0,0,0,0,0,194,377,458,479,404,406,381,343,317,310,269,268,229,169,166,197,185,200,228,240,251,252,252,196,208,162,114,145,123,188,197,168,220,194,248,208,216,176,156,157,142,154,179,127
FOODS_3_198,FOODS_3,FOODS,0,0,0,0,0,0,0,0,0,0,0,0,0,0,0,0,0,0,0,0,0,0,0,0,0,1,3,1,130,161,118,277,179,193,150,118,180,172,148,185,159,158,166,57,5,18,159,156,194,202,195,162,148,145,139,152,136,110,100,110,8,7,6,119,102
FOODS_3_199,FOODS_3,FOODS,0,0,0,0,39,0,0,388,389,544,571,618,658,647,660,545,529,689,640,522,498,507,493,603,481,401,509,466,16,0,25,363,318,297,297,297,325,299,259,266,11,21,241,291,213,185,255,219,251,205,2,0,115,253,252,271,249,233,232,20,0,0,198,195,198
FOODS_3_200,FOODS_3,FOODS,48,299,251,74,132,295,155,291,463,730,308,270,102,3,5,97,158,114,3,0,1,2,5,7,8,0,2,0,2,61,214,631,452,421,273,231,287,388,348,288,233,222,220,243,204,173,171,139,201,250,343,292,394,451,371,486,319,361,297,299,384,419,552,189,219
FOODS_3_201,FOODS_3,FOODS,0,564,886,680,685,675,595,580,516,611,504,643,616,602,625,591,541,625,673,737,784,848,855,814,923,873,889,817,853,840,842,497,793,819,745,803,825,744,869,774,792,760,535,727,758,778,803,909,859,671,812,805,798,775,751,762,689,507,453,534,711,730,628,652,462
FOODS_3_202,FOODS_3,FOODS,284,3390,3790,3475,3089,3200,4586,4696,4997,7155,6633,6089,5554,6195,6518,5187,5575,5174,5814,5651,5004,4885,5251,5203,4004,4119,5396,4760,5601,5859,6429,5730,4330,4234,4562,2681,4012,3982,1771,4037,5272,1358,5198,1083,5777,4854,4583,5031,4532,4142,2959,2857,5554,1469,6075,2622,4761,6343,5572,6141,5384,5267,5250,5595,3948
FOODS_3_203,FOODS_3,FOODS,50,439,523,537,487,355,712,1621,985,747,582,490,544,687,831,675,503,404,433,453,648,630,470,405,533,595,638,621,526,416,486,388,728,676,569,500,539,548,657,624,729,496,488,722,629,593,478,421,499,405,597,524,624,481,356,728,628,706,633,484,628,606,607,612,479
FOODS_3_204,FOODS_3,FOODS,0,0,0,0,0,0,0,0,0,0,0,0,0,0,0,0,0,0,0,0,0,0,261,256,301,223,301,223,304,291,118,86,95,148,143,196,201,194,202,193,195,170,203,173,178,140,142,89,121,108,135,134,147,162,153,154,146,150,142,148,129,151,190,164,158
FOODS_3_205,FOODS_3,FOODS,0,0,0,0,0,0,0,0,0,0,0,0,0,0,0,0,0,0,0,0,0,0,0,0,0,0,0,0,0,0,0,0,0,0,0,0,1027,1391,1317,1284,1341,1279,1101,1252,907,881,740,700,650,596,599,690,675,683,749,963,818,735,661,712,570,47,0,0,441
FOODS_3_206,FOODS_3,FOODS,4,182,219,191,167,105,0,5,190,208,103,125,158,156,184,154,161,133,100,150,150,159,124,182,191,168,272,247,211,181,187,225,217,66,21,135,566,488,469,370,335,340,319,346,331,295,308,257,2,1,3,331,407,356,304,388,343,346,198,248,87,0,1,271,281
FOODS_3_207,FOODS_3,FOODS,55,567,585,586,795,921,893,971,843,671,553,518,616,514,589,462,454,496,176,123,80,135,121,69,94,93,105,95,407,438,384,416,326,307,279,261,253,246,298,325,373,326,389,355,369,241,269,237,254,250,307,315,304,365,382,386,333,288,221,271,316,297,290,337,246
FOODS_3_208,FOODS_3,FOODS,0,0,0,0,0,0,0,0,0,0,0,0,0,0,0,0,0,0,0,0,154,152,171,215,201,181,346,333,358,385,397,339,327,330,319,338,365,335,399,452,471,438,480,405,326,353,264,236,224,277,356,378,365,411,488,485,380,341,267,338,305,333,374,325,309
FOODS_3_209,FOODS_3,FOODS,0,0,0,0,0,0,0,0,0,0,0,0,0,0,0,0,0,0,0,0,0,0,0,0,0,0,0,0,0,0,0,0,0,0,0,0,0,0,0,0,0,23,63,75,86,86,89,73,100,66,101,97,104,120,146,172,130,130,121,120,157,150,146,112,86
FOODS_3_210,FOODS_3,FOODS,0,0,0,0,0,0,0,0,0,0,0,0,0,0,1,75,120,151,128,108,85,106,111,121,121,117,144,122,145,151,133,135,114,113,146,94,118,144,131,152,150,146,142,128,100,81,99,103,102,108,103,65,70,104,116,112,61,83,64,92,65,2,0,0,42
FOODS_3_211,FOODS_3,FOODS,15,132,151,143,134,137,183,171,191,213,192,546,171,191,247,234,381,391,366,325,225,220,187,272,183,161,199,156,158,162,166,176,155,167,209,263,175,187,186,153,179,165,190,141,137,175,223,438,172,144,143,179,200,195,211,221,212,208,240,332,206,236,250,241,184
FOODS_3_212,FOODS_3,FOODS,60,561,838,565,503,426,381,468,448,375,380,331,413,387,454,315,396,434,403,408,415,303,239,263,320,285,316,271,355,569,460,457,267,232,195,109,161,193,221,184,225,185,186,194,190,185,178,153,167,149,235,265,321,280,193,252,220,222,4,0,160,281,245,228,190
FOODS_3_213,FOODS_3,FOODS,200,1299,1416,1655,1480,1244,1593,853,854,649,472,171,0,0,1,0,0,0,0,13,0,0,0,216,305,311,355,214,0,2,61,505,448,349,349,275,360,378,353,453,384,405,454,366,430,321,334,340,348,342,557,620,620,631,585,471,526,491,383,343,252,347,321,279,221
FOODS_3_214,FOODS_3,FOODS,70,424,511,213,35,38,53,61,36,3,432,441,470,492,500,499,694,722,746,460,450,572,531,488,612,600,627,428,464,557,505,528,519,485,510,494,497,406,108,0,466,602,638,35,118,536,473,398,376,339,17,129,403,43,5,112,624,743,635,512,693,709,552,603,405
FOODS_3_215,FOODS_3,FOODS,32,194,295,197,242,288,387,433,496,467,581,678,712,719,664,542,430,374,322,432,667,680,632,825,969,673,678,641,652,613,484,642,564,766,748,805,802,649,713,716,648,608,613,661,746,877,793,505,637,766,821,756,760,645,624,576,592,534,467,486,669,553,673,788,672
FOODS_3_216,FOODS_3,FOODS,0,0,0,0,0,0,0,0,0,0,0,0,0,0,165,151,213,203,182,223,260,226,198,190,201,199,230,199,218,204,174,180,150,167,143,146,164,123,167,164,157,152,164,179,161,155,144,60,4,3,126,171,143,149,0,1,25,165,183,16,1,2,175,150,116
FOODS_3_217,FOODS_3,FOODS,72,617,680,647,689,591,498,581,579,653,573,706,614,491,532,436,420,486,551,574,554,673,685,875,614,673,700,578,560,556,525,585,658,625,531,645,540,609,729,662,714,688,673,642,582,604,553,614,456,504,492,466,543,533,514,545,516,438,380,562,431,430,398,425,304
FOODS_3_218,FOODS_3,FOODS,0,0,0,0,0,0,0,0,0,0,0,0,0,0,0,0,0,0,0,0,0,0,0,0,0,0,0,0,0,0,0,0,0,0,0,0,55,349,503,274,321,406,209,227,179,152,164,123,214,211,268,231,237,184,201,243,280,247,182,162,211,174,181,220,125
FOODS_3_219,FOODS_3,FOODS,829,2032,0,0,0,0,0,0,481,2308,2317,2302,2313,1840,2056,1769,2220,2016,1820,1890,1750,1853,1873,2081,2028,1725,1895,1452,1669,1486,1363,2750,2904,1856,2846,861,1417,1402,1774,632,1181,1603,955,1138,1279,1331,343,96,1397,1166,443,588,1443,1144,976,773,1430,1502,203,138,88,1277,1705,1652,1161
FOODS_3_220,FOODS_3,FOODS,0,0,0,0,0,0,0,0,0,0,0,0,0,0,0,0,0,0,0,0,0,0,0,0,0,0,0,0,0,0,0,0,0,0,2,0,31,45,52,39,39,51,48,66,41,33,33,25,0,0,0,0,0,1,1,8,1,4,0,17,61,83,86,67,51
FOODS_3_221,FOODS_3,FOODS,0,0,0,0,0,0,0,0,0,0,0,0,0,0,0,0,0,0,0,0,0,0,0,0,0,0,0,0,0,0,0,0,0,0,0,0,0,0,0,0,0,123,260,206,223,234,129,142,183,163,205,202,156,173,192,232,236,264,240,322,367,234,239,281,182
FOODS_3_222,FOODS_3,FOODS,0,70,135,29,142,326,360,351,252,198,154,158,197,254,248,203,212,192,126,240,233,183,181,179,181,191,297,199,167,159,148,150,167,173,151,283,244,226,197,153,186,285,231,177,187,145,155,128,239,265,391,309,257,168,164,193,247,292,239,245,280,324,259,273,225
FOODS_3_223,FOODS_3,FOODS,0,0,0,0,0,0,0,0,0,72,85,113,123,92,110,90,89,123,165,161,170,158,157,141,117,152,143,131,155,179,188,202,162,207,179,213,167,206,211,183,165,180,198,173,199,196,178,199,146,213,177,207,198,174,195,143,126,161,176,175,200,225,195,210,174
FOODS_3_224,FOODS_3,FOODS,45,241,0,2,0,1,0,610,594,652,657,635,533,550,545,689,782,732,686,782,673,507,1325,1567,1789,868,864,782,793,847,790,695,632,623,615,617,647,846,653,1362,1217,762,385,489,361,437,665,713,404,71,540,436,108,387,626,566,33,619,467,554,424,482,520,521,402
FOODS_3_225,FOODS_3,FOODS,78,648,592,576,477,346,308,298,294,442,363,371,422,365,353,390,376,391,377,291,330,375,435,333,372,341,347,317,318,299,294,257,286,323,249,353,357,380,379,372,442,429,335,336,270,353,317,246,306,344,344,284,370,364,354,420,345,333,255,275,277,339,323,320,216
FOODS_3_226,FOODS_3,FOODS,497,4789,4858,4737,4654,4532,5498,5270,4108,4574,4925,5870,4252,4143,4774,5056,5899,6405,5937,6283,5635,5466,6321,6640,4974,6201,6978,5840,6498,6266,6671,7065,6606,6125,6135,6443,4808,5651,6167,6064,6245,6256,6859,7485,6206,6163,6140,6669,5294,5524,5666,5314,5260,5475,6540,6864,5942,6083,5683,6167,4976,5873,6109,5668,4293
FOODS_3_227,FOODS_3,FOODS,243,1943,1619,1698,1667,1823,1874,1658,1432,1412,1520,1756,1735,1627,10,6,32,1531,1681,1513,1421,1318,1237,1712,1362,1219,1176,931,1160,1267,1390,1300,1171,1190,1174,1304,1220,223,40,1214,1310,1351,1304,1115,1023,1027,1040,1325,1352,1111,1049,699,39,965,1158,1121,1330,1140,1140,1201,1215,1101,1151,982,1081
FOODS_3_228,FOODS_3,FOODS,235,2006,2391,2450,2574,2624,2691,3018,2882,3048,2851,3019,2463,2334,2516,2560,2727,2758,2623,3095,2637,2640,2588,2536,2075,2092,2484,2191,2367,2585,2579,2685,2202,2286,2248,2360,1778,1699,1882,1941,2007,2070,2471,2717,1999,1944,1804,1853,1536,1449,1561,1586,1990,1980,1993,2142,1711,1760,1782,1811,1485,1563,1645,1651,1275
FOODS_3_229,FOODS_3,FOODS,0,0,0,0,0,0,0,0,0,0,0,0,0,0,0,0,0,0,0,0,0,0,0,0,0,0,0,0,0,0,0,0,0,0,0,31,274,88,119,73,129,140,265,285,301,330,445,485,485,346,369,355,375,356,381,382,445,448,384,426,403,411,319,315,265
FOODS_3_230,FOODS_3,FOODS,64,643,664,564,599,679,671,509,517,482,381,545,707,559,540,575,509,560,651,560,695,745,778,1047,970,912,769,741,809,889,990,825,822,767,830,925,1005,970,967,865,893,896,930,865,728,756,827,1080,997,815,775,792,856,805,828,872,837,770,789,909,893,904,912,819,617
FOODS_3_231,FOODS_3,FOODS,63,725,911,1188,1209,2010,2790,2381,1750,1050,625,472,540,561,572,628,924,1253,1373,1958,1159,1218,809,593,682,618,916,1022,1573,2032,2376,2150,1800,1443,1060,991,1172,922,1306,1423,857,402,381,390,373,1104,684,687,860,873,1204,655,6,5,1175,1531,1514,975,605,646,815,785,869,835,717
FOODS_3_232,FOODS_3,FOODS,48,339,326,347,345,345,342,414,422,511,455,517,463,445,464,495,521,603,600,662,579,618,573,555,608,481,500,565,543,601,691,621,651,576,554,578,494,465,448,499,568,586,594,610,567,538,504,474,509,441,517,477,555,480,598,597,480,571,607,624,534,626,542,552,420
FOODS_3_233,FOODS_3,FOODS,0,0,0,0,0,0,0,0,0,0,0,0,0,0,0,0,0,0,0,0,0,0,0,0,0,0,894,3111,103,11,772,3033,3114,3129,3361,3257,3176,2804,3178,2779,172,283,2819,2679,1867,1699,1708,1592,1883,1894,6,1,1011,2566,2570,2067,2122,2628,2307,192,2,11,2662,2314,2031
FOODS_3_234,FOODS_3,FOODS,443,4224,4701,4488,4081,4280,5152,5741,5659,5754,4790,3595,2574,3286,2745,1552,1944,3441,3516,4669,4175,5047,4730,5370,5052,5517,5741,3213,3588,3389,3290,4208,4451,4545,3855,3507,3646,5903,4720,4919,4903,4337,4624,5178,4522,3851,3759,2685,3082,2654,3435,3096,2853,3343,2991,3912,3736,3842,3734,4602,4018,2771,1551,2738,2729
FOODS_3_235,FOODS_3,FOODS,0,0,251,180,0,0,0,0,202,324,232,227,271,11,4,3,1,3,8,11,4,1,3,5,1,293,310,303,304,322,263,249,274,234,207,167,166,31,0,0,0,0,0,0,0,0,0,5,182,181,194,200,249,236,278,220,212,211,194,145,191,160,186,213,144
FOODS_3_236,FOODS_3,FOODS,0,0,0,0,0,0,0,0,0,0,0,0,0,0,0,0,0,0,0,0,0,0,0,0,552,999,1366,1165,39,11,244,955,821,906,1005,970,944,872,988,939,80,92,1187,1335,889,910,865,903,821,752,2,0,321,923,856,746,754,857,799,68,4,1,778,836,610
FOODS_3_237,FOODS_3,FOODS,0,0,0,0,0,0,0,0,0,0,0,0,0,0,0,0,0,0,0,0,0,0,0,151,675,790,534,406,1307,1939,773,675,610,439,312,351,356,458,2450,1520,1130,2340,1716,1247,855,1045,703,482,498,373,473,414,412,429,448,454,341,328,375,357,319,407,341,322,253
FOODS_3_238,FOODS_3,FOODS,86,688,694,726,567,572,629,601,547,599,473,477,391,490,543,491,534,437,482,528,543,565,498,517,474,446,486,447,292,378,478,510,446,524,626,556,473,569,568,622,687,584,621,523,567,535,534,634,518,409,0,0,0,0,0,0,0,0,0,0,0,272,964,901,657
FOODS_3_239,FOODS_3,FOODS,21,271,297,284,261,266,289,237,242,215,169,221,168,158,169,226,283,293,256,307,256,215,276,229,209,202,219,216,236,270,259,237,224,218,213,188,192,182,234,278,302,287,225,283,241,216,264,255,262,218,208,233,279,267,300,249,251,259,245,231,214,225,256,254,277
FOODS_3_240,FOODS_3,FOODS,0,0,0,0,0,0,0,0,0,0,0,0,0,0,0,0,0,0,0,0,0,0,0,128,303,163,236,164,138,581,210,165,119,182,182,198,172,141,171,157,200,163,177,209,227,250,132,141,174,162,154,188,180,170,199,185,155,185,114,145,157,139,189,171,118
FOODS_3_241,FOODS_3,FOODS,0,315,693,590,572,562,622,959,1358,1295,1031,1423,1254,805,992,423,436,620,997,1314,1271,977,792,632,534,453,577,171,115,722,414,333,333,435,120,10,9,603,824,757,872,159,26,464,584,499,74,6,7,474,706,796,773,573,38,6,8,376,179,11,11,442,536,617,415
FOODS_3_242,FOODS_3,FOODS,22,151,172,197,247,267,288,250,240,252,230,256,179,236,238,242,303,319,332,387,314,313,329,395,271,318,382,319,352,315,347,397,384,394,217,196,191,323,334,335,373,329,329,292,257,275,273,312,298,260,315,328,276,271,296,311,280,266,300,280,241,263,295,288,195
FOODS_3_243,FOODS_3,FOODS,26,301,349,292,297,230,235,192,162,304,284,335,362,341,340,359,388,312,252,253,260,244,281,168,274,229,208,215,162,163,162,200,161,154,138,188,146,164,190,138,90,129,115,95,118,145,155,153,131,100,125,182,181,170,182,221,163,171,245,240,245,283,261,206,207
FOODS_3_244,FOODS_3,FOODS,6,56,83,90,76,83,70,74,81,86,71,96,64,69,83,80,93,106,113,135,98,112,106,104,83,112,142,114,123,129,103,123,135,114,51,70,63,80,131,117,96,76,68,76,88,87,67,69,73,68,83,80,58,57,62,79,66,82,77,51,56,80,96,116,60
FOODS_3_245,FOODS_3,FOODS,0,0,0,0,0,0,0,0,0,0,0,0,92,1818,4220,4084,3937,2966,1666,1579,1666,1104,1050,830,1287,112,101,1299,48,10,5,742,2424,2548,2585,3224,3437,3722,2976,4408,3772,3786,4540,2993,2816,2370,1904,1747,1855,2025,1946,2315,1486,1361,1350,1238,1237,1232,901,948,1058,1222,1331,1135,891
FOODS_3_246,FOODS_3,FOODS,16,240,201,205,260,214,230,209,190,215,228,196,218,175,213,211,213,236,236,271,257,277,242,253,219,228,269,256,257,241,228,272,244,249,191,193,182,211,246,208,237,202,34,27,77,216,215,211,223,204,182,156,160,168,204,303,232,238,285,260,312,296,294,236,200
FOODS_3_247,FOODS_3,FOODS,0,0,0,0,0,0,0,0,0,0,0,0,0,0,0,0,0,0,0,0,0,0,0,0,0,0,0,0,0,68,109,97,84,73,81,86,69,55,114,137,147,158,150,151,163,156,171,187,206,199,208,176,196,204,203,189,158,228,230,250,235,219,195,237,172
FOODS_3_248,FOODS_3,FOODS,36,282,234,258,284,320,346,344,278,316,244,260,333,344,353,262,234,296,261,252,281,265,275,251,245,222,336,266,319,333,358,377,411,387,354,326,289,5,2,269,349,321,55,9,69,332,304,276,297,289,266,214,246,276,289,280,280,286,287,292,330,292,282,302,230
FOODS_3_249,FOODS_3,FOODS,60,792,778,576,467,587,584,589,282,13,10,1128,1153,1169,775,1035,987,495,10,27,11,10,2,13,8,5,13,11,2,241,689,679,634,523,126,3,1,4,35,16,438,556,506,491,531,446,9,5,7,8,42,739,610,600,635,577,546,424,19,10,12,7,396,649,467
FOODS_3_250,FOODS_3,FOODS,0,0,0,255,709,714,721,744,707,674,551,593,590,661,626,543,601,350,8,0,0,0,0,0,0,0,0,0,65,309,344,429,436,388,362,395,387,346,416,412,439,428,447,453,402,411,395,391,428,347,330,401,454,422,423,491,434,437,420,427,338,320,321,307,234
FOODS_3_251,FOODS_3,FOODS,0,0,0,0,0,0,0,0,0,1,0,0,47,68,73,79,127,100,91,90,95,88,65,56,87,95,117,150,116,131,110,117,94,95,111,95,104,144,149,165,151,140,160,126,108,78,55,79,81,103,107,112,91,148,152,159,208,155,194,191,238,227,239,246,210
FOODS_3_252,FOODS_3,FOODS,719,7187,7838,8562,9077,10255,11445,13079,10520,9590,8238,8044,6479,7267,8392,8258,10052,11018,10972,11974,9843,8952,8439,8281,6162,7083,8469,7836,9429,10982,11028,12633,9447,8079,7946,7406,6036,6594,8033,7927,9845,9710,10128,11107,8862,9214,7636,7981,6099,7092,8330,8387,8519,10305,12137,13461,10004,9559,8154,8802,6659,8159,8522,8698,6782
FOODS_3_253,FOODS_3,FOODS,0,0,0,0,0,0,0,0,0,0,0,0,0,0,0,0,0,0,0,0,0,0,0,0,0,0,314,406,390,356,318,411,383,398,317,296,232,306,444,352,359,335,277,274,260,411,345,329,332,394,424,384,354,346,380,365,389,395,352,328,406,427,419,368,272
FOODS_3_254,FOODS_3,FOODS,0,0,0,0,0,0,0,0,0,0,0,0,0,0,0,0,0,0,0,0,0,0,0,0,0,0,0,0,0,0,0,0,0,0,0,0,0,0,0,0,0,0,0,0,0,0,0,0,68,116,131,186,135,178,162,186,176,197,132,132,129,160,157,176,129
FOODS_3_255,FOODS_3,FOODS,0,0,0,0,0,0,0,0,0,0,0,0,0,0,0,0,0,0,0,0,0,0,0,0,0,0,0,0,0,0,0,0,0,0,0,0,0,0,0,0,0,0,0,0,0,0,0,13,43,25,21,83,119,77,79,104,106,101,66,57,87,73,109,125,106
FOODS_3_256,FOODS_3,FOODS,8,44,48,34,45,43,49,41,29,26,33,30,24,26,33,34,35,50,44,38,29,31,11,36,36,24,37,41,39,38,39,34,27,31,30,23,28,21,35,39,44,31,28,40,18,32,26,19,22,16,30,27,48,35,43,35,38,56,42,31,35,33,32,43,27
FOODS_3_257,FOODS_3,FOODS,47,190,0,0,0,0,0,463,576,571,671,610,552,535,676,667,627,683,642,775,774,494,1165,1438,1628,879,953,866,887,800,756,764,671,732,761,705,775,900,796,1247,1124,750,358,505,397,525,729,706,549,84,615,554,125,414,671,676,40,658,596,700,618,679,725,780,543
FOODS_3_258,FOODS_3,FOODS,0,0,0,0,0,0,0,0,0,0,96,1299,1343,1191,1113,1006,1229,1221,1226,1339,1295,1149,1203,1157,1139,1002,1055,1012,1048,1033,1086,1166,1057,1161,1151,1238,1178,1104,1424,1327,1398,1466,1539,1301,1235,1182,960,1030,1170,829,818,778,892,981,996,1120,1013,1089,1040,965,912,921,885,1018,822
FOODS_3_259,FOODS_3,FOODS,0,0,0,0,0,0,0,0,0,0,21,866,1178,1114,1184,995,1263,1149,1113,1059,926,933,1106,1185,1031,838,793,832,880,960,862,940,866,861,878,992,1093,1078,1150,880,727,490,566,772,752,797,828,742,923,684,845,823,970,1016,1033,838,641,692,758,749,800,728,852,944,690
FOODS_3_260,FOODS_3,FOODS,0,0,0,0,0,0,0,0,0,0,0,0,0,0,0,0,0,0,0,0,0,0,0,0,0,0,0,0,0,0,0,0,0,0,0,0,0,0,0,0,0,0,0,0,0,0,0,10,102,84,80,86,23,0,91,152,144,120,89,66,84,97,87,123,120
FOODS_3_261,FOODS_3,FOODS,25,225,292,292,338,272,307,244,293,344,314,288,256,258,291,313,300,251,248,271,287,241,293,256,199,260,195,230,224,142,193,175,182,140,174,148,146,180,221,217,194,138,166,166,133,210,242,328,343,255,0,0,0,0,0,0,0,0,0,0,0,203,508,597,454
FOODS_3_262,FOODS_3,FOODS,0,0,0,0,0,0,0,0,0,0,0,0,0,0,0,0,0,0,0,0,0,0,0,0,0,0,0,0,0,0,0,0,0,0,0,0,0,0,0,0,0,24,89,128,133,152,32,118,193,189,178,177,194,76,102,194,180,209,177,154,209,198,162,180,146
FOODS_3_263,FOODS_3,FOODS,109,945,1072,1080,1125,1162,1303,1343,1288,1316,1236,1198,1110,1127,1290,1519,1637,1657,1731,1757,1631,1564,1703,1717,1369,1509,1834,1726,1836,1459,1578,1748,1708,1690,1752,1703,1452,1466,1691,1536,1642,1510,1688,1699,1590,1648,1453,1442,612,0,0,3,0,0,2,0,4,10,9,98,1808,2381,2728,2806,2319
FOODS_3_264,FOODS_3,FOODS,1,9,21,41,21,31,25,69,88,95,84,155,69,91,73,54,50,58,64,94,71,62,100,119,43,74,71,52,112,104,90,62,79,101,116,122,108,109,148,131,116,100,138,124,100,134,132,99,99,144,145,128,91,77,109,135,174,259,253,262,239,218,229,269,149
FOODS_3_265,FOODS_3,FOODS,50,600,712,617,555,644,887,821,787,731,598,613,576,573,588,576,651,667,738,692,588,555,487,561,549,466,465,481,435,556,595,576,555,511,492,451,475,476,501,433,435,416,467,450,446,352,306,334,401,405,406,399,366,427,484,469,445,409,324,348,375,355,405,340,292
FOODS_3_266,FOODS_3,FOODS,0,0,141,121,156,170,187,205,183,211,200,174,4,1,12,274,220,117,154,136,138,156,180,199,313,212,259,174,224,174,112,111,117,88,92,112,230,173,142,128,63,2,2,96,103,118,74,86,112,76,121,117,112,97,91,115,60,3,1,0,0,102,144,149,105
FOODS_3_267,FOODS_3,FOODS,84,679,664,729,7,0,2,4,599,566,469,592,690,490,405,543,616,678,643,756,615,498,475,567,571,564,451,421,361,429,418,451,426,515,540,45,508,510,389,434,425,402,656,708,559,663,648,574,629,647,485,205,287,324,580,497,460,670,461,312,185,340,403,462,223
FOODS_3_268,FOODS_3,FOODS,0,0,0,0,0,0,0,0,0,0,33,52,53,110,86,93,100,168,176,180,146,199,170,204,217,172,143,158,201,186,193,208,193,191,150,195,143,125,142,153,119,129,110,121,113,131,111,121,105,96,111,89,83,118,92,102,107,98,84,85,87,83,96,97,64
FOODS_3_269,FOODS_3,FOODS,42,320,312,235,282,355,300,261,263,285,307,343,334,359,372,409,343,400,384,425,380,346,362,321,304,256,285,327,305,315,308,299,310,327,258,189,222,245,282,305,278,249,260,292,242,242,155,154,190,172,199,239,248,260,255,220,224,244,218,213,235,221,206,254,143
FOODS_3_270,FOODS_3,FOODS,0,0,0,0,0,0,0,0,0,0,0,0,0,0,0,0,0,0,0,0,0,0,0,0,0,0,0,0,0,0,0,0,0,0,0,27,116,108,145,160,126,99,125,120,90,125,82,60,124,105,19,0,0,101,139,144,162,145,137,90,100,153,174,159,128
FOODS_3_271,FOODS_3,FOODS,17,168,264,208,168,32,0,6,229,221,147,139,162,136,198,258,516,724,783,1066,982,634,485,446,510,552,593,406,423,490,479,429,435,386,405,309,334,376,406,416,456,454,412,412,401,489,366,314,344,383,465,356,320,50,1,181,503,556,433,344,365,433,159,1,0
FOODS_3_272,FOODS_3,FOODS,0,0,0,0,0,0,0,0,0,0,0,0,0,0,17,67,63,47,56,61,41,49,45,44,32,35,91,94,108,139,131,131,116,127,87,90,98,122,110,103,116,159,133,137,150,124,100,117,141,120,112,160,183,194,186,190,159,145,106,111,166,128,136,147,90
FOODS_3_273,FOODS_3,FOODS,31,313,323,329,327,325,297,307,303,327,255,220,331,364,370,350,348,430,442,431,409,389,338,282,410,406,380,474,469,425,360,437,407,400,336,276,392,393,515,472,501,501,536,511,398,438,355,263,424,479,526,420,427,515,358,325,356,345,258,176,411,304,420,462,359
FOODS_3_274,FOODS_3,FOODS,108,232,0,10,39,4,31,34,290,1131,1231,1338,1087,915,843,726,792,867,1183,1020,1026,912,1342,1586,1200,998,935,1010,997,909,887,1268,1627,1053,531,769,774,229,633,617,394,531,717,726,636,655,660,40,562,229,448,611,330,421,673,674,636,592,607,79,496,564,552,532,448
FOODS_3_275,FOODS_3,FOODS,0,0,0,0,0,0,0,0,0,0,0,0,0,0,0,0,0,0,0,0,0,0,0,0,0,0,0,0,0,0,0,0,0,0,0,79,325,37,2,109,439,307,3,6,7,60,437,476,492,83,3,2,1,5,29,528,432,420,418,384,419,54,2,252,289
FOODS_3_276,FOODS_3,FOODS,13,167,239,218,162,52,0,14,241,220,159,138,153,155,227,274,446,749,849,1106,955,620,460,448,536,563,592,484,477,508,480,505,461,461,401,335,404,403,456,449,465,399,447,434,444,499,373,320,363,393,455,394,407,43,2,175,442,560,421,376,401,437,189,2,1
FOODS_3_277,FOODS_3,FOODS,0,0,0,0,0,0,0,0,0,0,0,0,0,0,0,0,0,0,0,0,0,0,0,0,0,0,0,0,0,0,0,0,0,0,0,0,0,412,1189,868,564,582,903,1453,1142,891,823,695,913,715,622,663,730,784,814,676,593,643,578,505,613,485,553,742,618
FOODS_3_278,FOODS_3,FOODS,0,0,0,0,0,0,0,0,0,0,0,0,0,0,0,0,0,0,0,0,0,0,0,0,0,0,0,0,0,0,0,0,0,0,0,0,0,0,0,0,0,0,0,0,0,0,0,0,84,391,449,496,458,485,510,548,426,497,514,464,625,610,616,644,401
FOODS_3_279,FOODS_3,FOODS,0,0,0,0,345,367,354,438,343,396,290,387,377,374,415,349,336,358,340,359,347,321,342,376,340,374,454,342,310,309,297,281,303,346,79,3,17,223,300,303,300,291,311,318,275,85,1,1,301,272,323,276,277,302,293,319,339,267,1,3,211,311,332,291,181
FOODS_3_280,FOODS_3,FOODS,25,158,162,216,278,203,239,246,200,196,211,231,300,231,236,203,197,208,239,245,197,213,274,188,198,149,161,128,120,98,110,146,137,179,180,143,149,135,143,153,184,149,209,229,182,211,190,169,206,166,146,145,180,185,183,218,202,162,188,163,195,151,176,152,124
FOODS_3_281,FOODS_3,FOODS,0,3534,3507,1453,0,0,0,0,943,112,13,15,9,49,4383,9614,10388,10554,8514,5719,3753,4548,4441,4115,3263,2930,2799,2356,2706,2590,2717,4669,4106,6603,5401,10430,9914,681,40,2993,2709,2502,2641,2550,2468,538,16,23,14,1959,673,1762,2119,1802,2036,1939,1859,107,46,26,2066,2286,2719,2492,1926
FOODS_3_282,FOODS_3,FOODS,0,0,0,0,0,0,0,0,0,0,0,0,0,0,0,0,0,0,0,0,0,0,0,0,0,0,0,0,0,0,427,5191,6260,6574,6263,8290,8175,5877,5536,5089,5202,6136,5906,5676,4903,4319,5361,4402,8620,6182,4384,3965,4977,5813,5290,4958,4524,5473,4459,4361,7148,6043,6217,5636,3489
FOODS_3_283,FOODS_3,FOODS,0,0,0,0,513,566,689,693,651,550,609,652,616,714,764,638,640,612,584,612,601,690,769,896,714,677,701,652,678,592,620,591,580,635,225,16,65,471,544,540,515,522,567,637,553,176,7,8,581,505,524,507,543,563,604,573,536,499,13,7,346,547,513,492,304
FOODS_3_284,FOODS_3,FOODS,0,0,0,0,0,0,0,0,0,0,0,0,0,0,0,0,0,0,0,0,0,0,0,0,0,0,0,0,0,0,0,23,102,86,69,84,83,94,86,89,89,63,75,56,35,46,48,54,50,55,71,89,116,142,193,140,124,118,69,113,101,132,127,144,110
FOODS_3_285,FOODS_3,FOODS,0,992,1225,497,1,9,7,10,260,35,30,7,16,31,1023,2463,2581,2505,1865,1440,1316,1364,1233,1358,1184,1079,1302,1049,1192,1108,1068,1543,1433,1643,1245,2154,2028,180,37,1022,1049,973,973,953,934,215,38,10,28,702,314,555,766,722,844,748,743,88,20,33,674,870,866,873,550
FOODS_3_286,FOODS_3,FOODS,0,0,2,206,535,421,409,395,332,350,308,316,373,319,369,313,287,279,34,0,0,0,0,0,0,0,0,0,41,181,174,187,213,252,244,164,97,123,167,135,107,133,182,216,181,184,187,193,176,181,202,217,254,227,249,242,220,206,203,177,222,201,196,202,173
FOODS_3_287,FOODS_3,FOODS,0,0,0,223,378,396,416,364,277,257,235,252,281,265,269,248,238,236,235,241,209,174,168,159,190,20,30,9,3,1,3,3,2,9,2,6,40,247,251,266,237,252,262,261,267,212,211,234,262,257,257,214,180,216,202,234,213,235,221,212,217,237,186,204,89
FOODS_3_288,FOODS_3,FOODS,0,0,0,0,0,0,0,0,0,0,0,0,0,0,0,0,0,0,0,0,0,0,0,0,0,2620,3580,3268,1998,5114,6274,6064,5124,4742,4008,4174,5114,4310,4914,3425,4243,3227,4666,5389,4515,3587,3359,2797,4122,3184,3975,3197,4210,1583,3749,3305,4232,4236,4129,4411,4163,4283,4718,4934,3086
FOODS_3_289,FOODS_3,FOODS,30,259,316,328,345,495,369,424,384,331,230,250,353,303,345,379,414,354,301,388,356,341,280,258,271,249,339,299,302,184,10,7,110,285,273,259,250,261,316,325,343,300,21,7,235,251,214,220,216,229,288,241,243,256,262,281,247,260,219,184,196,196,182,235,165
FOODS_3_290,FOODS_3,FOODS,165,1182,1169,1030,1226,1366,1542,1517,1464,1411,1188,1328,1296,1172,1149,1103,1026,1119,1069,1046,1069,1158,769,720,1126,1358,1325,1162,1116,1041,1083,943,1094,837,930,814,1010,1014,933,858,897,872,941,976,939,853,812,767,785,690,636,705,594,671,753,818,531,634,617,663,651,722,738,819,570
FOODS_3_291,FOODS_3,FOODS,0,0,182,220,277,298,342,329,359,338,322,311,324,317,386,313,350,412,394,375,360,342,383,314,230,213,215,315,357,338,289,270,339,406,340,376,448,420,282,320,313,332,267,332,321,534,513,412,488,398,444,464,506,428,439,530,454,574,511,503,542,541,550,548,395
FOODS_3_292,FOODS_3,FOODS,0,0,0,0,0,0,0,0,0,0,0,0,0,0,0,0,0,0,0,0,0,0,0,0,1,336,392,870,334,359,646,395,403,466,772,492,749,936,1314,1237,666,652,732,851,727,1116,991,848,1071,1022,695,771,607,861,1433,623,582,580,909,657,1015,923,1094,1236,1018
FOODS_3_293,FOODS_3,FOODS,27,230,228,239,235,236,310,315,278,337,292,238,316,318,343,311,317,391,102,104,82,66,72,65,27,21,43,52,233,200,187,229,205,168,146,177,179,150,147,158,141,140,163,108,116,89,76,71,84,85,74,113,95,112,93,92,77,112,96,73,82,75,79,69,83
FOODS_3_294,FOODS_3,FOODS,32,161,154,154,145,223,201,232,209,235,209,183,185,204,184,209,284,208,262,279,166,340,286,223,252,248,285,215,237,230,177,366,286,269,251,232,246,175,254,397,266,312,291,353,273,270,239,182,217,199,276,354,351,422,419,420,415,435,333,403,407,302,293,471,399
FOODS_3_295,FOODS_3,FOODS,324,3126,3900,2549,0,3,0,7,2466,4188,3151,2797,3028,2897,3630,3511,4189,6393,5768,5461,3805,4209,3520,3477,3489,3523,3785,3421,4007,5254,5155,4053,3668,3230,2892,2844,2806,2818,4022,3125,3881,4750,3869,3871,3746,3201,2755,2331,2620,2630,2980,2649,2731,3289,4037,830,47,3855,2399,2418,3048,3454,3562,3144,2498
FOODS_3_296,FOODS_3,FOODS,0,0,0,0,0,0,0,0,0,0,0,0,0,0,0,0,0,0,0,0,0,0,0,0,0,0,0,0,0,0,0,0,0,0,0,0,0,0,0,0,0,0,0,7,184,75,25,5,14,8,13,0,8,0,0,7,0,0,0,0,110,242,448,343,308
FOODS_3_297,FOODS_3,FOODS,0,0,0,0,0,0,0,0,0,0,0,0,0,0,0,0,0,0,0,0,0,0,0,0,0,0,0,92,212,190,221,116,19,31,229,220,215,235,290,287,206,227,123,5,122,244,236,200,332,273,252,222,192,111,50,226,208,193,226,251,231,258,217,231,172
FOODS_3_298,FOODS_3,FOODS,14,145,134,198,162,148,155,162,169,208,175,162,166,159,152,138,167,144,160,139,131,153,116,122,102,123,129,135,82,4,11,4,5,13,4,15,7,11,8,22,89,175,202,155,143,165,173,145,183,155,157,176,214,168,175,179,171,177,149,147,173,144,167,171,114
FOODS_3_299,FOODS_3,FOODS,0,0,0,0,0,0,0,0,0,0,0,0,0,0,0,0,0,0,0,0,0,0,0,0,0,215,987,1053,547,1484,1242,1130,1016,974,681,874,968,385,645,747,938,773,1304,1469,995,866,774,731,898,673,795,822,713,237,742,1028,863,975,893,814,924,895,1111,1096,755
FOODS_3_300,FOODS_3,FOODS,51,543,322,191,445,684,769,709,803,724,500,614,706,542,1108,648,645,722,673,717,641,726,683,633,709,708,1090,807,682,846,706,670,962,784,529,682,753,694,1214,1073,1180,1495,1226,1192,996,1731,1044,842,909,979,1397,1116,1040,1165,1056,1076,1211,1080,760,653,782,819,809,1168,713
FOODS_3_301,FOODS_3,FOODS,33,325,462,456,502,455,489,434,424,470,416,327,449,371,505,367,405,416,372,431,408,349,321,353,376,400,449,496,329,368,378,479,459,528,463,394,419,16,12,348,408,356,52,16,82,420,382,339,403,364,314,264,293,337,332,382,347,398,372,301,271,237,262,240,193
FOODS_3_302,FOODS_3,FOODS,18,36,49,75,112,12,215,87,144,148,216,239,289,385,374,307,348,473,424,551,475,362,329,327,423,30,7,42,376,483,503,365,228,320,580,593,630,542,608,546,398,407,353,323,428,436,601,472,762,741,793,826,668,852,981,1047,1051,831,896,881,1098,1036,998,1043,656
FOODS_3_303,FOODS_3,FOODS,24,152,175,177,158,161,214,204,229,247,202,196,298,227,211,195,202,223,210,186,202,224,190,197,274,205,233,221,201,208,188,194,202,210,172,139,148,223,238,186,179,137,150,162,147,139,136,121,113,131,154,138,141,132,140,161,152,159,116,124,161,161,133,184,128
FOODS_3_304,FOODS_3,FOODS,53,1167,1128,1077,1203,1182,1243,1189,1173,1186,1224,1041,1027,811,875,943,788,849,927,934,886,766,838,954,930,739,1085,966,813,805,652,721,738,828,700,894,957,933,868,753,738,754,660,630,605,692,641,620,708,638,694,556,527,577,605,650,550,599,536,546,644,648,677,629,469
FOODS_3_305,FOODS_3,FOODS,106,902,963,919,893,873,913,1063,1168,1146,1054,1222,1235,1198,1078,993,1080,1070,1049,922,982,984,855,915,1058,1022,1026,921,923,815,919,954,1045,1019,984,1010,1020,977,1010,872,773,813,904,901,906,915,983,880,979,725,839,743,713,322,25,31,0,8,0,0,0,0,442,617,447
FOODS_3_306,FOODS_3,FOODS,0,0,0,0,0,0,0,0,0,0,0,0,0,0,0,0,15,20,136,56,82,95,145,116,104,265,431,479,454,523,558,589,484,551,538,427,373,318,529,482,513,531,533,556,529,508,413,377,411,463,588,599,668,670,797,854,734,713,646,678,649,735,1037,985,854
FOODS_3_307,FOODS_3,FOODS,0,0,0,0,0,0,0,0,0,85,104,30,40,36,0,170,453,524,600,533,605,787,855,1032,829,795,907,812,676,1058,935,855,789,881,928,1087,1019,229,18,601,1734,1114,1158,1184,1057,1121,1134,1270,1221,599,60,1,0,0,0,0,0,0,0,0,243,1304,1489,1385,985
FOODS_3_308,FOODS_3,FOODS,0,0,0,0,0,0,0,265,295,379,374,302,311,346,454,336,348,355,406,396,417,463,436,425,387,394,493,431,414,404,441,381,396,261,330,332,329,349,329,313,297,360,495,422,431,258,387,536,743,525,361,354,355,375,500,260,267,410,286,326,262,183,218,296,247
FOODS_3_309,FOODS_3,FOODS,0,4,75,81,72,74,71,67,79,85,74,84,108,84,71,78,93,97,159,143,136,153,168,194,205,188,166,144,142,158,147,152,96,124,119,136,122,109,106,98,125,113,106,114,128,114,138,151,137,108,116,123,93,103,81,88,78,67,92,136,106,126,100,96,106
FOODS_3_310,FOODS_3,FOODS,0,0,0,0,0,0,0,436,662,697,590,640,738,771,743,850,702,603,720,0,545,785,718,684,625,719,779,372,495,593,352,184,498,366,441,385,508,656,654,569,503,605,530,505,582,517,431,466,247,516,482,454,455,417,433,535,408,459,436,386,464,495,507,502,353
FOODS_3_311,FOODS_3,FOODS,82,701,1228,824,717,616,632,634,647,536,510,490,522,524,566,514,530,572,506,565,573,519,451,435,555,476,460,450,450,751,847,754,555,498,335,318,264,262,305,266,337,259,258,358,341,345,335,303,318,270,308,404,578,537,313,390,314,356,16,6,246,365,353,374,251
FOODS_3_312,FOODS_3,FOODS,0,0,0,0,0,0,0,0,0,0,0,0,0,0,0,0,0,0,0,0,0,0,0,0,0,0,0,114,233,213,245,79,14,23,208,174,186,208,206,189,157,197,121,0,106,172,209,191,219,232,180,206,191,129,24,255,249,275,273,252,245,265,283,255,180
FOODS_3_313,FOODS_3,FOODS,0,0,5114,3467,0,0,418,2371,2046,1843,1231,1115,1220,1151,1315,1360,5552,7104,4489,3407,1721,1702,1239,1125,1293,1123,1086,1023,1067,1032,1058,1138,910,946,711,874,958,874,1203,1168,1306,1320,1323,1229,910,1158,1307,1303,1291,969,1137,1077,1235,1293,1333,1545,1539,2013,1777,1830,2042,2009,2030,1854,1284
FOODS_3_314,FOODS_3,FOODS,14,172,154,167,219,218,271,239,221,256,200,217,224,215,255,247,322,359,336,388,339,312,274,230,260,219,292,282,280,256,135,120,134,67,10,3,3,2,7,227,275,221,217,221,187,178,202,168,167,158,200,48,42,35,41,22,47,65,32,37,49,11,44,242,153
FOODS_3_315,FOODS_3,FOODS,0,0,0,0,0,0,0,0,0,0,0,7,166,8,0,0,0,0,0,3,0,0,0,1,0,293,311,319,309,359,313,300,287,226,246,215,245,34,0,0,0,0,0,0,0,0,0,7,95,117,135,143,173,244,273,220,154,241,175,158,162,155,166,190,157
FOODS_3_316,FOODS_3,FOODS,0,0,0,0,0,0,0,0,0,0,0,0,0,0,0,119,321,326,354,259,251,354,342,370,380,289,372,346,341,338,394,336,311,313,302,296,269,296,328,290,263,276,281,317,310,315,236,112,0,3,219,299,294,247,4,1,47,288,301,24,2,3,246,271,190
FOODS_3_317,FOODS_3,FOODS,81,756,1066,554,96,96,46,71,66,13,600,639,552,664,818,789,865,1003,737,534,599,630,637,540,657,776,849,795,763,717,561,544,474,477,455,481,516,475,208,85,632,807,735,76,84,634,478,514,537,477,14,153,499,78,6,150,775,813,712,673,690,800,783,845,611
FOODS_3_318,FOODS_3,FOODS,3636,10243,0,0,2,2,2,0,1345,6556,7071,7415,6896,4965,5363,5226,6068,6127,5499,5628,5120,5262,5614,6273,5924,4862,5082,4568,4521,4399,4149,10708,10701,5965,11490,3645,6433,4380,4578,1601,3307,4326,2744,3022,3465,3476,766,32,3990,3114,895,1678,3591,3484,3109,1602,3963,4091,353,0,0,3856,4738,4540,3384
FOODS_3_319,FOODS_3,FOODS,104,1111,1528,2042,2799,6064,6626,4369,2735,1894,1122,1454,2404,2740,3685,3778,5192,5839,5000,6049,5949,4366,2486,2215,2669,2580,3885,3659,4295,6949,9462,8504,4530,1512,2615,2238,2539,2533,3589,4342,4311,5637,5487,5631,3993,151,731,2024,2384,2352,3391,424,3,3515,3930,4467,3858,914,2,166,2540,2341,2649,4,6
FOODS_3_320,FOODS_3,FOODS,0,0,0,0,0,0,0,0,0,0,0,0,214,598,613,639,508,594,64,0,4,1,4,3,0,0,2,41,418,401,477,498,377,461,444,395,463,425,403,413,404,409,240,395,389,361,358,378,368,256,316,275,321,298,291,352,292,375,298,339,372,339,321,334,245
FOODS_3_321,FOODS_3,FOODS,0,0,0,0,0,0,0,0,0,0,0,2,2,5,3,0,0,0,0,57,71,44,20,34,17,24,106,133,211,233,264,318,281,465,459,449,371,319,307,317,358,401,641,922,816,854,812,988,751,944,909,1081,1146,1467,1601,1761,1362,1318,1330,1337,1273,1349,1507,1331,1059
FOODS_3_322,FOODS_3,FOODS,0,0,0,0,0,0,0,0,0,0,0,0,0,0,0,0,0,0,0,0,0,0,0,144,375,379,528,459,15,0,177,509,248,306,305,377,449,439,517,459,35,30,488,558,538,482,540,544,599,429,2,2,159,483,481,500,462,429,457,48,0,0,461,508,395
FOODS_3_323,FOODS_3,FOODS,0,0,0,0,0,0,0,0,0,0,0,0,0,0,0,0,0,0,0,0,0,32,167,180,211,150,229,208,184,158,73,68,88,143,118,88,123,152,171,168,138,188,144,153,202,149,140,78,142,127,173,159,156,145,181,181,175,187,141,139,157,163,191,184,104
FOODS_3_324,FOODS_3,FOODS,79,719,820,774,933,739,873,953,868,753,632,651,655,600,671,661,819,692,688,862,702,667,800,889,1130,1063,1343,1105,928,1113,1246,1340,1237,1392,1145,1284,1204,1159,1240,1372,1422,1289,1406,1384,742,1272,1652,1755,1862,1680,1776,903,1031,1691,376,1782,1053,1356,1931,1819,1361,36,60,823,1562
FOODS_3_325,FOODS_3,FOODS,0,0,0,0,0,0,0,0,0,0,0,0,0,0,180,159,289,292,319,368,385,394,377,422,391,360,315,219,270,259,259,317,278,259,262,310,254,250,283,291,259,264,285,253,276,292,265,93,1,3,230,238,307,212,2,5,39,328,317,42,1,5,270,322,237
FOODS_3_326,FOODS_3,FOODS,265,680,0,2,4,16,14,11,172,934,970,908,1015,756,898,855,906,958,965,966,955,946,954,1051,1119,949,1065,956,975,927,840,1403,1379,1047,1414,1590,727,871,1079,320,614,803,506,524,744,687,174,20,617,696,190,303,679,665,550,339,730,803,81,13,25,755,1006,983,679
FOODS_3_327,FOODS_3,FOODS,0,0,0,0,0,0,197,637,1328,1219,1443,1910,1389,1216,952,1081,1030,1133,1299,1448,1404,1964,2104,2204,1425,1198,1938,1312,1209,1218,1432,1073,1002,903,1968,2077,1456,1419,1465,1351,1178,1251,1120,1068,1167,569,1758,2203,1549,1327,1490,1247,1181,1091,888,873,1206,1146,1374,1075,936,893,1007,852,693
FOODS_3_328,FOODS_3,FOODS,13,124,217,196,226,209,216,239,216,223,233,200,269,225,198,164,187,203,190,250,259,232,183,243,179,209,211,223,221,199,198,212,257,233,220,195,3,4,0,5,9,4,27,179,200,168,202,64,129,149,165,139,128,148,138,149,115,151,130,122,146,122,160,140,117
FOODS_3_329,FOODS_3,FOODS,0,0,0,0,0,0,0,0,0,0,0,0,0,0,0,0,0,0,0,0,0,0,0,4072,7182,6632,2523,2009,4948,4302,4370,5105,4068,4926,4080,5825,4932,4658,4696,4851,3851,4725,5074,4941,4191,4740,5580,2952,4850,0,0,0,215,314,0,0,70,1095,3608,4002,4785,4270,4211,4312,3276
FOODS_3_330,FOODS_3,FOODS,44,362,90,65,247,498,479,370,432,471,353,318,454,386,596,350,319,463,420,415,441,457,400,426,526,511,770,626,517,493,440,444,567,471,348,320,340,293,691,691,719,968,889,775,705,903,599,456,452,575,790,677,718,828,772,751,787,823,521,439,484,577,581,779,540
FOODS_3_331,FOODS_3,FOODS,77,645,639,495,430,463,470,471,435,483,435,593,704,664,741,622,619,538,521,565,562,531,499,485,441,265,376,288,347,354,275,314,325,310,274,241,201,279,261,236,302,287,277,332,281,264,230,244,238,234,287,341,361,377,411,490,446,428,518,539,483,508,497,474,444
FOODS_3_332,FOODS_3,FOODS,0,0,0,0,13,0,0,895,620,944,644,820,1011,1098,876,813,1320,1093,960,963,1093,889,664,522,683,475,563,533,761,488,477,404,871,839,493,866,1266,648,745,676,859,806,478,750,866,536,746,694,853,587,517,628,557,339,518,577,427,456,462,486,542,603,469,511,359
FOODS_3_333,FOODS_3,FOODS,0,0,0,0,0,0,0,0,0,0,0,0,0,0,0,0,0,0,0,0,0,0,0,0,0,0,0,0,0,0,0,0,0,0,0,0,0,0,162,755,894,2439,1993,1257,766,497,466,376,374,377,444,973,1640,1257,1149,644,607,569,375,278,287,351,412,1023,676
FOODS_3_334,FOODS_3,FOODS,0,272,422,327,368,370,386,524,790,713,595,1006,990,667,656,652,379,445,793,955,920,745,474,326,290,269,499,124,74,510,292,185,233,253,84,3,10,474,530,402,426,83,16,348,363,328,46,4,5,345,600,668,547,383,37,2,6,257,117,5,4,352,463,444,282
FOODS_3_335,FOODS_3,FOODS,0,0,0,0,0,0,0,0,0,0,0,0,11,115,321,304,309,379,269,323,311,186,229,257,161,3,7,168,17,31,19,107,467,427,342,374,327,327,522,544,593,632,422,546,489,478,394,331,373,470,481,486,370,341,323,366,417,415,298,256,296,260,294,338,229
FOODS_3_336,FOODS_3,FOODS,35,369,373,456,423,502,412,474,445,465,393,292,348,299,351,389,420,458,489,474,385,313,312,277,336,368,426,389,448,456,191,175,199,114,18,0,3,11,15,341,210,404,364,355,321,268,304,204,266,234,310,64,52,33,48,47,42,23,3,5,3,4,14,267,245
FOODS_3_337,FOODS_3,FOODS,0,0,0,0,0,0,0,0,0,0,0,0,0,0,0,0,0,0,0,0,0,0,0,0,0,0,0,0,0,0,0,0,0,0,0,0,0,0,0,0,0,0,0,8,71,72,64,60,95,109,123,90,102,106,115,101,106,90,86,85,123,133,108,125,74
FOODS_3_338,FOODS_3,FOODS,0,0,0,0,0,0,0,0,0,0,0,0,0,0,0,0,0,0,0,0,0,0,0,0,0,0,0,0,0,0,0,0,0,0,0,0,0,15,39,31,60,51,44,64,41,65,40,50,49,57,57,66,96,104,101,102,77,56,61,89,81,71,89,84,60
FOODS_3_339,FOODS_3,FOODS,92,745,956,757,0,4,0,0,2,927,752,690,825,718,899,733,1103,1470,1292,965,784,688,700,774,698,802,849,880,997,1119,1215,1054,872,787,730,730,814,771,935,1065,1265,1394,1209,1336,1376,981,995,859,1016,903,962,1055,1230,1588,1624,268,31,1208,1056,1065,1351,1252,1384,1281,932
FOODS_3_340,FOODS_3,FOODS,0,0,0,0,0,0,0,0,0,0,0,0,0,0,0,0,0,0,0,0,0,0,0,0,0,0,0,0,0,0,0,0,0,0,0,0,0,160,254,247,207,179,178,240,301,271,250,257,271,225,251,225,224,202,224,246,275,255,187,204,243,270,255,228,190
FOODS_3_341,FOODS_3,FOODS,14,203,247,222,217,196,221,167,176,182,137,134,153,143,146,41,0,2,0,3,0,1,0,0,2,0,2,6,6,5,43,187,170,158,148,129,126,138,124,115,156,117,118,121,117,139,131,81,126,132,109,132,110,117,124,147,112,114,101,103,112,97,102,99,70
FOODS_3_342,FOODS_3,FOODS,4,824,1330,462,0,0,0,0,251,42,11,12,18,14,970,2403,2289,2125,2213,1646,1618,1637,1927,2219,1734,1644,1624,1384,1294,1416,1375,2105,1935,2422,3559,266,2577,279,29,1476,1498,1321,1334,1353,1345,210,28,37,17,1102,452,1002,1176,1087,1142,1155,1085,52,19,27,1246,1352,1486,1493,1032
FOODS_3_343,FOODS_3,FOODS,10,41,42,55,49,60,55,64,49,51,36,57,49,54,69,63,56,72,63,70,63,50,41,61,64,55,68,72,62,66,87,90,58,57,66,77,66,56,76,66,68,71,76,66,71,70,71,59,73,59,63,63,63,42,69,79,84,89,76,91,103,100,82,91,71
FOODS_3_344,FOODS_3,FOODS,0,0,0,0,0,0,0,0,0,0,0,0,0,0,0,0,0,0,0,0,0,0,0,0,0,0,0,0,0,0,0,0,95,367,298,231,263,262,405,386,451,400,463,411,393,378,293,237,401,440,451,425,405,393,361,406,427,278,236,192,432,497,519,534,430
FOODS_3_345,FOODS_3,FOODS,17,193,250,298,265,252,295,242,214,260,191,199,179,229,187,205,206,243,280,248,196,180,150,177,174,186,198,195,231,252,103,95,88,54,9,1,2,2,6,129,132,131,132,157,126,107,110,103,91,88,80,18,13,11,14,26,15,6,0,0,1,1,3,84,56
FOODS_3_346,FOODS_3,FOODS,178,1498,1520,1355,1275,1248,1428,1673,1373,1679,1348,1419,1728,1754,1545,1423,1677,1207,1329,1159,1320,1278,816,923,1064,940,968,1004,1081,708,819,826,983,1143,545,967,1011,972,1094,893,1064,967,651,686,743,805,945,944,911,879,880,938,805,796,864,871,912,825,701,634,894,728,650,767,545
FOODS_3_347,FOODS_3,FOODS,113,885,942,855,984,1121,1421,1168,1049,822,830,921,1040,1082,1124,937,947,888,949,955,822,751,654,639,476,249,300,238,210,177,236,271,415,372,310,569,596,588,486,559,363,210,289,279,212,509,393,76,1,16,0,0,0,0,0,0,2,6,1,0,517,637,694,656,543
FOODS_3_348,FOODS_3,FOODS,144,1404,1655,1413,1,0,2,3,3,2117,1884,1742,1778,1640,2046,1911,2402,3299,3715,2904,2326,2323,2228,1955,1968,1837,2014,1932,2182,2654,2771,2338,2095,1647,1545,1551,1459,1384,2147,1866,1946,2056,1864,2126,1908,1751,1551,1230,1500,1598,1675,1462,1562,1836,2248,464,15,2205,1766,1534,1718,1630,1631,1671,1192
FOODS_3_349,FOODS_3,FOODS,42,695,1267,1456,1499,1863,1996,1509,1398,901,801,901,676,708,875,694,751,837,816,622,622,552,711,771,599,890,904,544,830,864,1091,1230,851,1011,1030,1142,1180,1080,1335,1237,1327,1399,1412,1586,929,1151,791,1025,932,845,1389,1247,1507,1877,2258,2346,2092,1920,1758,1905,1478,1979,2278,2225,1890
FOODS_3_350,FOODS_3,FOODS,0,0,0,0,0,0,0,0,0,0,0,0,0,0,0,0,0,0,0,0,0,0,0,0,0,0,0,0,0,0,0,0,0,0,0,0,0,49,92,55,40,23,40,11,21,17,137,90,52,55,49,79,50,59,65,95,53,0,0,0,0,0,283,331,59
FOODS_3_351,FOODS_3,FOODS,233,1762,2423,587,113,159,141,127,0,10,1943,2136,2064,2083,2625,2306,2339,2425,2409,2384,1915,2126,1992,1885,1923,1795,1932,1876,2119,1936,1837,1445,1176,1306,1034,1228,1112,1246,391,27,1296,1439,1404,244,114,1129,952,813,821,716,1,197,870,126,7,201,1340,1368,1017,1092,1161,1211,1311,1389,995
FOODS_3_352,FOODS_3,FOODS,35,451,470,375,332,275,415,378,321,272,219,231,246,261,294,191,358,193,27,5,6,0,4,2,8,4,7,14,13,93,342,579,495,405,342,322,422,564,341,377,358,348,327,495,274,406,363,354,311,372,378,303,329,266,282,270,279,46,3,0,3,2,209,252,235
FOODS_3_353,FOODS_3,FOODS,0,0,0,0,0,0,0,0,0,0,0,0,0,0,0,0,0,0,0,0,0,0,0,0,0,0,0,0,0,0,0,0,0,0,0,0,0,0,0,0,0,0,0,0,0,0,0,0,59,0,385,599,252,174,136,224,120,175,115,119,146,185,243,251,177
FOODS_3_354,FOODS_3,FOODS,0,0,0,0,0,0,0,0,0,0,0,0,0,0,0,0,0,0,0,0,0,0,0,0,0,0,0,0,0,9,137,229,276,273,232,234,230,207,224,276,231,218,222,236,184,204,220,223,238,215,268,276,268,227,243,266,241,234,197,189,231,188,307,283,167
FOODS_3_355,FOODS_3,FOODS,161,1221,1591,381,60,83,113,92,0,0,1393,1550,1248,1363,1644,1544,1696,1816,1606,1086,1049,1099,971,995,974,1151,1163,1221,1266,1032,988,873,599,787,691,685,670,651,157,2,722,752,776,74,69,716,559,502,527,468,0,125,396,99,0,110,710,803,728,788,749,788,670,630,486
FOODS_3_356,FOODS_3,FOODS,25,273,286,310,360,484,451,366,326,313,325,321,279,327,363,371,437,439,454,434,337,384,336,503,421,351,399,375,376,434,449,480,430,362,356,416,353,302,409,358,395,415,307,242,268,262,289,115,67,290,300,342,357,321,353,414,391,365,377,415,353,418,381,423,303
FOODS_3_357,FOODS_3,FOODS,19,306,414,348,393,302,332,184,326,304,179,209,222,265,251,202,232,180,22,4,2,4,2,7,1,1,8,4,3,79,178,352,330,338,224,244,358,403,347,333,329,256,228,315,251,315,260,262,251,260,246,214,195,266,252,247,215,176,177,207,196,205,202,190,151
FOODS_3_358,FOODS_3,FOODS,0,0,0,0,0,0,0,0,0,0,0,0,0,0,0,0,0,0,0,0,0,0,0,0,0,0,0,23,158,140,173,61,13,21,160,184,151,149,204,173,139,107,75,6,85,196,157,166,188,185,187,169,155,77,18,137,130,127,126,122,112,147,109,120,103
FOODS_3_359,FOODS_3,FOODS,0,0,0,0,0,0,0,0,0,0,0,0,0,0,0,0,0,0,0,0,0,0,0,0,0,0,0,0,0,0,0,0,0,0,0,41,83,115,206,162,131,108,2,0,15,141,124,79,99,68,87,84,94,83,112,57,40,58,65,67,75,112,116,93,65
FOODS_3_360,FOODS_3,FOODS,155,865,1111,1146,970,826,970,692,644,476,345,165,0,0,0,0,0,0,0,11,0,0,0,114,173,237,215,135,0,0,24,315,298,194,181,150,138,164,181,277,252,231,237,340,220,193,199,162,180,198,337,315,327,315,314,277,189,181,121,120,99,142,134,127,114
FOODS_3_361,FOODS_3,FOODS,0,0,0,0,0,0,0,0,0,0,0,0,0,0,0,0,0,0,0,0,0,0,0,0,0,0,299,396,364,330,341,401,360,323,237,252,264,262,350,348,358,336,258,293,335,347,303,291,244,281,356,351,342,353,396,369,344,388,319,317,363,384,357,358,265
FOODS_3_362,FOODS_3,FOODS,0,0,0,0,0,0,0,0,0,0,0,0,0,0,0,0,0,0,0,0,0,0,0,3625,7381,6845,6838,6126,141,30,799,2946,5173,5251,5267,5014,5154,4390,4955,4545,365,418,5358,5628,4007,3551,3497,3662,4202,3866,14,11,1607,4416,4853,4451,4088,4906,4285,291,13,11,4770,3887,1219
FOODS_3_363,FOODS_3,FOODS,130,1146,1170,1068,1273,1130,1396,1315,1183,1007,1215,1542,805,839,779,929,1100,1396,1217,1378,1159,1098,1438,1530,818,979,1332,1226,1338,1557,1599,1285,1199,1221,1567,1740,997,1093,1227,1176,1403,1382,1408,1388,1243,1395,1599,1811,1123,1029,1262,1354,1286,1436,1493,1460,1327,1460,1488,1617,781,974,1061,1068,959
FOODS_3_364,FOODS_3,FOODS,0,0,0,0,0,0,0,0,0,0,0,0,0,0,0,0,0,0,0,0,0,0,0,0,0,0,0,0,0,0,0,0,0,0,0,0,5,68,169,155,127,97,13,0,14,117,139,139,116,99,102,117,133,167,157,184,153,81,102,76,93,129,128,118,101
FOODS_3_365,FOODS_3,FOODS,13,104,82,87,55,57,54,56,77,141,172,134,151,128,154,128,108,77,97,85,101,119,120,118,151,118,157,138,150,140,106,123,132,165,163,175,142,149,166,133,152,115,116,115,133,102,121,108,110,105,112,128,116,104,97,118,120,170,171,124,157,196,189,143,122
FOODS_3_366,FOODS_3,FOODS,0,0,0,0,0,0,0,0,0,0,0,0,0,0,0,0,0,0,0,0,0,0,0,0,0,0,0,0,0,0,0,0,0,0,0,0,0,0,0,0,0,0,0,0,0,0,0,0,51,130,223,214,220,248,209,199,217,244,132,172,208,233,210,208,162
FOODS_3_367,FOODS_3,FOODS,55,382,539,380,403,432,469,482,510,408,438,456,421,389,415,390,344,290,279,308,265,252,322,342,243,385,393,293,351,321,304,374,295,400,512,610,576,536,598,605,651,553,515,601,498,520,557,722,632,667,809,638,669,678,748,642,571,657,663,682,650,612,597,638,410
FOODS_3_368,FOODS_3,FOODS,47,1049,1054,1127,1149,1044,1292,1632,1506,1040,506,343,604,902,812,888,1002,1149,1459,1152,1329,697,421,509,602,657,971,902,1139,1276,1321,1689,1198,776,567,496,538,639,666,809,929,763,895,1343,1018,663,352,305,371,591,648,605,701,714,535,5,419,816,491,626,750,691,688,796,594
FOODS_3_369,FOODS_3,FOODS,35,487,557,549,573,613,746,716,634,670,529,565,573,577,440,380,439,426,428,342,332,360,414,329,420,337,405,386,389,449,538,510,474,400,385,408,441,361,393,359,355,349,412,372,340,355,286,290,353,335,379,365,336,388,421,442,367,362,344,295,312,369,358,333,281
FOODS_3_370,FOODS_3,FOODS,0,0,0,0,0,0,0,0,0,0,0,0,0,0,0,0,0,0,0,0,0,0,0,0,0,0,0,0,0,0,0,0,0,0,0,0,0,107,167,249,179,211,45,0,0,529,562,887,1121,1200,1663,1646,1540,33,12,19,377,1579,1330,1540,1467,1579,1895,1918,1500
FOODS_3_371,FOODS_3,FOODS,0,0,0,0,0,0,0,0,0,0,0,0,0,0,0,0,0,0,0,0,0,0,0,0,0,0,0,0,0,0,0,0,0,0,0,0,13,41,56,42,6,107,157,128,138,101,55,55,82,25,35,39,100,110,113,132,125,80,120,111,149,161,177,161,92
FOODS_3_372,FOODS_3,FOODS,0,0,0,0,0,0,0,0,0,0,0,0,0,0,0,0,0,0,0,0,0,0,0,0,0,0,0,0,0,0,0,0,0,0,0,0,0,0,0,0,708,1046,1141,1125,921,1006,1003,1132,947,915,1134,1083,1172,1208,1507,1411,1121,1094,1088,1433,1326,1176,1139,1021,792
FOODS_3_373,FOODS_3,FOODS,78,620,583,318,0,0,0,0,365,442,359,352,417,13,3,0,2,7,4,19,3,2,4,4,3,343,333,309,320,325,317,303,297,247,251,216,262,149,0,0,0,0,0,0,0,0,0,0,164,184,210,208,191,157,202,254,186,186,159,118,161,131,161,194,141
FOODS_3_374,FOODS_3,FOODS,16,77,0,1,124,199,197,200,203,186,161,170,176,151,174,114,19,8,4,244,232,258,194,193,237,267,156,181,167,68,12,8,95,182,163,171,168,26,1,65,192,119,1,5,2,15,147,130,145,19,0,7,266,260,179,51,2,150,208,184,216,26,0,4,167
FOODS_3_375,FOODS_3,FOODS,37,304,261,175,0,0,0,0,254,319,279,288,329,4,0,1,4,4,1,24,10,0,2,10,4,298,317,289,247,235,225,230,180,180,150,131,153,78,0,0,0,0,0,0,0,0,0,0,104,197,166,162,155,168,174,120,160,161,119,119,178,198,189,165,133
FOODS_3_376,FOODS_3,FOODS,209,3381,3599,4079,4925,5892,5462,6740,4814,4023,3113,3298,3898,4310,5594,3556,5528,4744,3131,3707,3403,3779,2415,3431,2637,2689,3301,4805,5361,6289,6107,4676,4135,2898,3471,1285,1934,3148,5400,5428,1525,4668,3565,3761,3109,1821,1626,1634,1725,2263,2683,2489,3415,3974,4640,3965,3628,2972,2005,1900,2070,2901,2752,3385,2215
FOODS_3_377,FOODS_3,FOODS,436,4034,4569,4804,4692,5038,5080,4966,3493,3975,4284,5336,4111,4426,4554,4394,4389,4584,4798,5048,4471,4522,4498,4808,3753,4141,4603,3962,4409,4245,4548,4698,3914,4328,4224,4323,3354,3629,3960,3794,3986,4171,4337,5173,4250,4249,4545,4446,3451,3688,3810,4045,4270,4317,4820,5058,4284,4505,4460,4941,3999,4226,3880,3951,2932
FOODS_3_378,FOODS_3,FOODS,23,76,0,0,169,235,269,861,349,261,232,187,218,239,226,214,287,277,256,473,341,307,359,346,392,346,381,355,336,303,291,389,389,422,340,331,340,381,371,291,300,274,257,84,9,230,308,243,292,252,345,357,402,334,413,546,381,360,288,282,331,311,267,267,223
FOODS_3_379,FOODS_3,FOODS,0,0,0,0,0,0,0,0,0,0,0,0,0,0,0,0,85,151,173,165,129,164,134,114,49,19,18,4,0,1,7,3,3,2,1,2,128,185,168,185,169,130,157,183,162,198,155,134,128,154,195,194,200,185,166,209,221,226,139,138,178,206,187,227,199
FOODS_3_380,FOODS_3,FOODS,11,108,103,144,130,111,111,105,76,66,80,81,81,93,73,73,77,91,68,85,86,67,59,95,59,60,72,91,95,101,95,104,90,89,72,64,58,81,91,81,64,74,90,75,68,67,69,69,57,72,84,48,85,84,63,68,71,64,69,63,55,55,80,54,38
FOODS_3_381,FOODS_3,FOODS,0,0,0,0,0,0,0,0,0,0,0,0,0,0,0,0,0,0,0,0,0,0,2,308,406,498,486,609,844,861,863,929,785,637,525,506,492,361,345,474,586,130,0,61,34,0,0,0,0,165,461,466,30,19,16,416,405,534,490,484,613,760,16,170,762
FOODS_3_382,FOODS_3,FOODS,0,0,0,0,0,0,0,0,0,0,0,0,0,0,0,0,0,0,0,0,0,0,0,0,0,0,0,0,0,0,0,0,0,0,0,0,0,177,439,415,340,335,474,578,502,523,613,463,550,468,313,266,314,402,373,278,290,348,354,373,477,372,1241,448,402
FOODS_3_383,FOODS_3,FOODS,184,1198,480,246,0,2,0,576,733,1255,982,1074,1202,1069,1155,906,908,823,832,830,866,813,889,909,869,716,810,702,721,700,776,1343,1166,981,1205,1475,1185,461,329,548,535,678,573,515,536,292,64,14,145,400,158,362,470,473,455,382,334,284,55,17,302,577,575,568,427
FOODS_3_384,FOODS_3,FOODS,0,0,0,0,0,0,0,0,0,0,0,0,0,0,122,177,186,224,233,247,235,177,154,201,223,186,288,323,275,286,263,256,323,302,201,181,182,183,136,115,145,117,157,196,199,143,133,121,121,144,184,164,170,157,109,169,199,151,117,130,167,144,132,149,108
FOODS_3_385,FOODS_3,FOODS,50,437,424,442,443,421,431,363,482,589,480,539,564,517,576,557,550,499,556,518,477,497,436,470,504,460,181,68,269,305,300,285,310,357,274,295,302,318,468,344,338,287,309,292,309,258,222,242,263,280,266,235,256,210,302,343,354,37,80,175,226,267,293,337,245
FOODS_3_386,FOODS_3,FOODS,0,0,0,0,0,0,0,0,0,0,0,0,0,0,5,304,317,430,570,457,576,418,690,768,938,605,470,413,395,394,367,460,573,391,429,512,543,458,368,396,405,475,467,471,465,403,585,186,1,6,377,431,507,396,1,5,86,538,500,47,0,2,503,483,328
FOODS_3_387,FOODS_3,FOODS,55,437,472,341,361,360,383,381,194,4,2,410,679,648,498,458,422,293,2,8,2,5,3,3,1,6,6,16,11,161,420,416,433,437,140,14,12,14,9,6,443,483,517,508,443,375,4,3,3,3,23,539,436,384,365,381,387,317,16,11,12,3,260,458,289
FOODS_3_388,FOODS_3,FOODS,99,1196,1045,924,887,746,810,581,706,717,595,654,719,823,673,946,627,435,35,5,6,10,3,13,7,4,9,8,5,121,706,524,411,306,253,271,297,443,372,376,332,422,358,547,287,314,287,304,310,429,331,229,289,395,318,339,286,340,272,237,301,332,409,379,305
FOODS_3_389,FOODS_3,FOODS,198,2058,1785,1882,2018,2040,2421,2749,2314,2457,2418,2544,1774,2029,2130,2007,2081,2312,2347,2668,2265,2262,2299,2877,2403,2336,2848,2619,2458,2868,2984,3006,2513,2316,2368,2695,2831,2832,3275,3088,3261,3116,3370,3648,3123,3153,3028,3437,2759,2689,2844,2855,2574,2953,3456,3910,3165,3280,2914,3267,2466,2924,2967,3162,2244
FOODS_3_390,FOODS_3,FOODS,0,0,0,0,0,0,0,0,0,0,0,0,0,0,0,0,0,0,0,0,0,0,0,0,0,0,0,0,0,0,0,0,0,0,0,0,19,208,306,184,268,255,206,232,242,278,301,351,376,377,355,312,375,353,318,367,363,410,347,320,367,486,494,437,365
FOODS_3_391,FOODS_3,FOODS,0,0,0,0,0,0,0,0,46,279,171,359,411,202,250,246,110,193,437,498,380,343,213,128,73,67,242,55,27,189,155,112,93,121,23,2,6,242,276,226,246,41,11,238,248,225,32,2,1,191,202,451,466,402,26,1,5,194,67,3,3,255,278,352,201
FOODS_3_392,FOODS_3,FOODS,23,232,266,228,272,300,272,244,218,255,258,256,265,230,211,243,277,341,288,344,358,408,373,305,250,381,436,420,331,326,341,297,311,461,406,418,354,337,294,271,329,249,220,188,201,216,199,256,214,188,269,237,301,271,280,238,222,199,282,289,253,292,297,275,244
FOODS_3_393,FOODS_3,FOODS,0,0,0,0,0,0,0,0,0,0,0,0,0,0,0,0,0,0,0,0,0,0,0,0,0,748,894,828,643,1043,1328,952,1122,1161,1085,971,1216,1138,1408,1505,1423,968,1021,725,885,634,965,1224,1267,1034,1109,1354,1796,1048,1321,947,850,840,1468,1626,1960,1879,1646,1881,1509
FOODS_3_394,FOODS_3,FOODS,26,216,219,224,246,254,271,292,296,239,184,216,244,231,290,282,265,243,239,262,219,262,237,274,279,205,252,245,234,173,5,3,84,203,175,239,244,219,256,235,227,219,18,5,203,256,185,235,196,203,281,261,243,192,213,207,210,242,199,174,170,189,168,174,163
FOODS_3_395,FOODS_3,FOODS,27,306,361,303,266,296,302,309,262,311,280,277,308,272,348,329,291,301,243,272,284,287,270,256,296,297,310,271,272,236,212,242,238,232,209,194,209,225,235,214,201,192,175,204,176,154,180,172,178,177,201,197,215,210,221,236,231,195,195,180,227,210,219,233,154
FOODS_3_396,FOODS_3,FOODS,0,0,0,0,0,0,0,0,0,0,0,0,0,0,0,0,0,0,0,0,9,75,78,112,89,8,7,9,8,3,7,11,6,9,8,11,21,162,192,172,161,168,145,185,154,149,137,132,120,129,193,163,188,166,202,189,155,161,140,151,175,137,96,114,86
FOODS_3_397,FOODS_3,FOODS,15,80,121,100,91,97,45,2,0,45,102,79,50,73,80,61,119,149,133,91,104,124,171,199,97,99,137,146,74,117,103,104,104,107,139,132,88,81,95,105,91,107,103,98,88,136,141,160,91,107,90,98,99,130,91,91,128,121,158,157,83,107,121,102,73
FOODS_3_398,FOODS_3,FOODS,39,528,566,426,342,275,442,418,375,371,377,457,434,351,376,330,320,355,336,360,336,374,370,371,316,18,25,19,5,3,12,8,12,7,6,5,37,250,267,303,339,311,319,309,268,261,288,331,280,247,13,10,128,339,313,294,247,323,287,296,279,256,243,254,185
FOODS_3_399,FOODS_3,FOODS,0,0,0,0,0,0,0,0,0,0,0,0,0,0,0,0,0,0,0,0,0,0,0,0,0,563,903,1150,761,977,1363,1368,520,1064,1524,1399,1675,798,1352,2043,1430,1222,1226,1377,1427,1343,1453,900,1300,1177,1165,1304,1511,335,1962,822,988,921,1466,1430,1668,1763,1380,1791,1331
FOODS_3_400,FOODS_3,FOODS,74,592,684,642,539,609,480,524,485,541,518,570,483,480,423,389,387,441,445,492,452,532,657,620,549,558,613,548,550,606,609,665,678,704,625,673,538,549,667,586,575,598,601,581,583,589,498,573,463,387,446,416,444,430,449,450,441,432,384,538,403,396,367,317,249
FOODS_3_401,FOODS_3,FOODS,24,178,189,179,167,161,148,121,146,142,145,184,157,170,170,137,161,221,234,255,226,198,201,273,253,224,221,188,198,217,174,190,186,222,206,262,223,262,276,250,195,228,245,196,162,202,182,201,160,156,133,168,177,193,172,186,186,223,209,231,229,217,222,203,164
FOODS_3_402,FOODS_3,FOODS,0,0,0,0,0,0,0,0,0,0,0,7,52,74,55,52,71,28,16,16,32,21,10,18,20,34,27,22,32,139,161,135,114,138,112,133,136,136,193,192,163,208,196,158,147,97,127,120,118,97,126,96,92,97,140,140,163,179,164,157,149,145,163,124,115
FOODS_3_403,FOODS_3,FOODS,0,0,0,0,0,0,0,0,0,0,0,0,0,0,0,0,0,0,0,0,0,0,0,0,0,1176,1955,1606,773,1831,2233,2139,1938,1978,1639,1720,1383,1417,2103,1398,1634,1223,1940,2046,1822,1531,1191,975,1324,1034,1119,1586,1299,439,1166,1032,1453,1489,1145,1222,1191,1291,1651,1758,1195
FOODS_3_404,FOODS_3,FOODS,89,737,840,952,1279,1522,2652,2075,1472,1115,913,1018,1706,1878,2651,2074,2006,2098,2708,2785,1756,1383,1367,1323,1483,1427,2819,1615,2058,2313,2696,2255,2081,1768,1078,1219,1629,1356,1453,1452,1785,2108,2199,1803,2185,141,481,1616,1375,1428,2245,322,1,4424,4319,4712,3890,960,13,100,2068,2537,2222,11,2
FOODS_3_405,FOODS_3,FOODS,31,310,268,278,260,262,257,215,254,309,308,258,310,333,278,239,222,260,257,242,211,239,282,265,275,275,291,247,239,254,202,238,204,182,195,196,218,248,271,212,205,213,195,173,187,140,163,159,187,226,259,75,61,56,66,76,65,90,60,78,302,284,291,335,260
FOODS_3_406,FOODS_3,FOODS,262,2128,2644,1708,0,0,0,0,1696,3038,2255,2112,2274,1987,2808,2683,2916,4114,4162,3694,2548,2826,2380,2267,2321,2182,2474,2401,2858,3339,3514,3060,2603,2185,2080,1923,1938,1707,2928,2214,2863,3450,2629,2795,2985,2158,2053,1798,2016,1877,1963,1710,1941,2209,2853,713,49,3092,1961,1749,2108,2328,2153,2107,1605
FOODS_3_407,FOODS_3,FOODS,124,1122,1167,920,889,675,842,906,1030,1124,1072,1047,1137,1193,1427,1239,1134,965,1049,1212,1275,1259,1181,1222,1248,1236,1270,1091,961,827,806,976,1076,1087,910,771,823,847,908,829,782,616,601,758,789,776,745,700,683,616,684,523,535,508,556,626,759,840,757,749,822,792,785,713,535
FOODS_3_408,FOODS_3,FOODS,19,116,141,152,121,116,148,117,111,106,104,131,150,163,108,113,109,118,129,143,113,116,146,124,141,131,103,123,135,115,104,96,96,107,125,106,124,94,111,100,125,126,133,130,123,120,104,108,148,112,113,91,105,110,106,133,105,132,129,145,128,123,128,134,98
FOODS_3_409,FOODS_3,FOODS,0,0,0,0,0,0,0,0,0,0,0,0,0,0,0,0,0,0,0,0,0,0,0,0,0,0,0,0,0,0,0,0,0,0,0,0,0,0,0,0,265,161,59,9,0,95,26,21,7,43,118,224,226,144,197,152,184,170,150,115,130,128,176,180,116
FOODS_3_410,FOODS_3,FOODS,30,258,370,306,409,374,388,201,138,364,413,407,385,346,449,379,422,417,440,440,325,439,404,285,355,330,375,328,421,421,494,448,375,384,313,367,329,313,361,292,318,302,347,361,304,252,247,253,226,214,219,225,174,205,285,244,196,225,209,231,213,234,249,256,186
FOODS_3_411,FOODS_3,FOODS,54,422,365,364,278,271,300,361,434,384,341,251,339,285,308,281,293,276,342,375,361,323,233,280,357,284,325,296,319,380,332,400,367,384,373,350,453,333,368,214,220,192,170,227,222,224,160,145,183,182,325,371,349,323,340,360,314,307,281,296,329,309,326,350,223
FOODS_3_412,FOODS_3,FOODS,153,1163,1207,1404,1851,1448,3013,2575,3603,3001,3254,3005,2316,1251,1540,1623,2171,2735,3224,3810,3354,2877,3160,2970,3340,2990,3004,2721,2784,2360,2444,3679,3008,2436,2435,2203,2281,2234,2140,1984,1833,2267,2819,3096,2324,2865,2069,2210,2204,2204,1770,1986,2526,2507,2413,2047,2125,1679,2115,1573,1473,2264,1912,1819,1719
FOODS_3_413,FOODS_3,FOODS,0,0,0,0,0,0,0,1454,2411,2387,2068,2153,2465,2490,2438,1426,2220,2253,2467,13,1420,1889,1574,1658,1539,1539,1390,490,1128,1775,1097,636,1442,1208,1512,943,1474,1571,1721,1578,1511,1479,1338,1573,1605,1397,1102,1231,664,1242,1185,1387,1258,1205,1250,1333,1092,1242,1093,1061,1203,1113,1161,1159,678
FOODS_3_414,FOODS_3,FOODS,0,0,0,0,0,0,0,0,0,0,0,0,0,0,142,197,160,207,190,187,199,180,172,156,181,138,167,127,144,126,124,204,155,194,158,105,112,115,107,84,152,166,166,206,249,36,22,11,192,170,173,198,210,144,31,40,133,303,279,280,284,282,294,221,193
FOODS_3_415,FOODS_3,FOODS,0,0,0,44,1,0,916,731,554,558,407,520,511,511,499,469,502,427,394,285,266,168,380,536,498,483,484,388,8,6,60,365,392,454,418,420,398,396,370,353,39,26,347,393,342,379,297,285,323,247,1,1,94,329,391,329,345,330,313,23,0,0,298,283,290
FOODS_3_416,FOODS_3,FOODS,0,0,0,0,0,0,0,0,0,0,0,0,0,0,0,0,0,0,0,0,0,0,0,0,0,0,0,0,141,177,157,135,154,165,179,153,133,127,157,149,157,204,195,187,183,184,224,188,139,118,159,102,105,100,206,204,193,205,187,244,223,223,207,212,167
FOODS_3_417,FOODS_3,FOODS,0,0,0,0,0,0,0,0,0,0,0,0,0,0,0,0,0,0,0,0,0,0,0,0,0,0,0,0,0,0,0,0,0,0,0,0,0,0,0,0,1,73,45,53,9,23,87,119,172,153,199,165,176,179,56,0,92,246,211,136,194,148,198,207,166
FOODS_3_418,FOODS_3,FOODS,0,0,0,0,40,281,296,365,410,535,425,457,532,608,589,542,560,466,441,0,360,535,337,449,544,477,523,510,563,545,398,453,507,545,385,397,431,537,390,521,592,572,467,575,558,520,459,471,451,556,590,463,485,529,514,575,527,525,492,516,572,624,551,504,352
FOODS_3_419,FOODS_3,FOODS,0,0,0,0,0,0,0,0,0,0,0,0,0,0,0,0,0,0,0,0,0,0,0,0,0,0,0,0,0,0,0,0,0,0,0,0,0,0,0,0,0,0,0,0,262,309,1,0,326,478,507,571,336,384,410,468,456,345,415,599,641,466,147,0,263
FOODS_3_420,FOODS_3,FOODS,5,85,108,127,214,308,376,435,282,163,131,123,148,137,160,184,238,379,355,380,222,165,132,89,108,115,159,161,188,314,244,295,190,152,124,82,109,112,108,115,169,221,216,184,134,114,44,42,69,64,91,90,78,168,213,231,186,139,106,76,86,111,113,115,101
FOODS_3_421,FOODS_3,FOODS,0,0,0,0,0,0,0,0,0,0,0,0,0,0,0,0,0,0,0,0,0,0,143,147,213,87,182,194,202,195,84,68,62,151,120,99,106,109,124,124,115,141,116,179,135,146,104,65,65,69,93,74,79,138,119,106,95,97,69,71,95,80,99,140,83
FOODS_3_422,FOODS_3,FOODS,89,818,640,524,636,777,1001,870,540,412,440,463,423,412,524,487,639,781,851,743,716,728,751,890,720,397,414,274,246,141,120,185,260,334,248,299,241,222,192,189,167,88,122,91,49,198,291,39,0,12,0,0,0,0,0,1,1,1,0,2,890,825,861,1097,877
FOODS_3_423,FOODS_3,FOODS,0,0,0,0,0,0,0,0,0,0,0,0,6,300,474,394,293,370,391,271,217,259,236,230,294,289,338,300,318,308,299,440,382,376,360,189,307,296,333,399,393,369,454,469,386,346,373,333,484,489,98,2,6,503,520,695,560,535,511,443,434,494,513,539,442
FOODS_3_424,FOODS_3,FOODS,48,348,321,297,366,347,372,330,260,293,410,429,438,459,364,294,293,278,300,317,350,353,332,480,465,311,319,259,295,295,290,289,288,375,458,459,0,0,1,2,4,2,39,398,428,309,525,542,484,299,305,286,358,302,289,324,278,318,303,328,313,310,283,265,178
FOODS_3_425,FOODS_3,FOODS,0,0,0,0,0,0,0,0,0,0,0,0,0,0,0,0,0,0,0,0,0,0,0,171,257,192,267,283,310,344,134,124,92,138,102,95,108,138,153,111,129,119,162,186,154,171,89,62,147,116,165,147,167,174,152,145,173,143,105,80,121,127,162,179,126
FOODS_3_426,FOODS_3,FOODS,0,0,0,0,0,0,0,0,0,0,0,0,0,0,0,0,0,0,0,0,0,0,0,0,232,294,65,27,171,268,280,334,327,288,183,246,266,241,252,212,243,236,209,191,201,208,165,140,195,186,209,179,177,146,217,197,185,198,162,178,197,212,223,223,159
FOODS_3_427,FOODS_3,FOODS,0,0,0,0,0,0,0,0,0,0,0,0,0,0,0,0,0,0,0,0,0,0,0,132,260,128,212,214,193,254,71,48,56,114,106,112,120,145,141,147,113,143,151,134,108,127,100,92,127,103,143,158,124,190,148,96,127,131,94,75,94,124,120,123,88
FOODS_3_428,FOODS_3,FOODS,0,0,0,0,0,0,0,0,0,0,0,0,364,565,614,691,649,783,125,0,0,0,0,0,0,0,0,18,396,440,420,389,365,378,283,311,306,383,331,305,340,303,349,327,296,292,220,277,243,211,288,251,231,235,237,252,209,278,222,202,249,239,244,231,178
FOODS_3_429,FOODS_3,FOODS,0,0,0,0,0,0,0,0,0,0,0,0,0,0,0,0,0,0,0,0,0,0,0,0,0,0,0,0,0,0,0,0,0,0,0,2,475,300,944,409,477,443,431,410,390,405,432,395,422,577,382,430,357,282,321,414,309,308,262,292,368,320,323,310,298
FOODS_3_430,FOODS_3,FOODS,0,0,0,0,0,0,0,0,0,0,0,0,0,0,0,0,0,0,0,0,0,0,0,0,0,0,72,70,48,74,82,79,98,86,37,69,64,36,51,32,57,51,63,47,85,107,111,95,102,108,148,127,119,165,156,159,141,118,149,121,123,138,130,153,123
FOODS_3_431,FOODS_3,FOODS,0,0,0,0,0,0,0,344,350,458,327,344,474,369,317,377,376,449,414,9,358,601,573,535,527,613,701,304,409,521,279,138,504,428,482,294,637,622,679,608,569,531,546,418,506,383,383,315,168,463,434,363,347,400,438,488,403,436,432,470,536,541,509,535,387
FOODS_3_432,FOODS_3,FOODS,42,249,0,0,0,0,0,534,551,585,578,544,438,456,479,689,691,616,632,645,613,448,1498,2047,2159,797,692,582,665,669,609,569,483,504,541,508,557,831,453,2036,1836,707,330,393,263,312,533,528,307,43,325,341,77,341,564,440,30,406,342,373,314,368,443,407,355
FOODS_3_433,FOODS_3,FOODS,0,0,0,0,0,0,0,346,665,651,495,493,708,726,672,579,462,459,496,19,373,530,384,380,282,259,272,83,259,425,240,139,485,308,348,228,393,411,512,410,443,412,412,321,379,324,271,312,119,366,354,297,329,351,345,491,498,455,365,434,427,471,468,407,315
FOODS_3_434,FOODS_3,FOODS,0,3,1,195,529,531,628,770,681,686,649,691,810,759,655,658,612,572,569,743,730,627,577,492,623,609,694,534,422,426,405,155,11,14,417,347,516,473,439,385,293,516,284,10,361,681,559,536,664,588,486,456,475,239,79,420,321,387,425,375,472,386,301,379,252
FOODS_3_435,FOODS_3,FOODS,851,2348,0,1,9,3,0,0,506,2331,2081,2409,2520,1838,1867,1764,1843,1865,1797,1817,1658,1943,2028,2208,2130,1867,1938,1725,1668,1517,1483,3373,3929,2252,4396,5393,2497,1964,2059,588,1416,1637,1010,1087,1425,1421,252,9,1518,1487,501,716,1716,1558,1357,849,1754,1761,195,0,2,1563,2132,1871,1509
FOODS_3_436,FOODS_3,FOODS,0,0,0,0,0,0,0,0,0,0,0,0,0,0,0,0,0,0,0,0,0,0,0,0,0,0,0,0,0,0,0,0,0,0,0,0,0,0,0,0,0,0,0,236,268,269,248,209,151,240,212,211,35,2,1,5,89,207,214,209,267,212,231,312,260
FOODS_3_437,FOODS_3,FOODS,0,0,0,0,0,0,0,0,0,0,0,0,0,0,0,0,0,0,0,0,0,0,0,0,0,0,0,0,0,0,0,96,469,568,416,390,487,443,555,305,396,336,291,288,403,373,253,291,336,282,330,344,456,414,328,285,377,392,373,382,436,347,292,370,289
FOODS_3_438,FOODS_3,FOODS,0,0,0,0,0,0,0,370,607,549,483,472,609,605,566,403,408,374,400,0,343,543,456,399,345,484,476,160,394,521,318,177,519,395,418,287,487,550,641,587,551,516,436,324,474,444,454,406,241,589,626,506,572,538,456,425,478,502,403,400,482,465,464,494,471
FOODS_3_439,FOODS_3,FOODS,0,0,0,0,0,0,0,0,0,0,0,0,0,0,0,0,0,0,0,0,0,0,0,0,0,0,0,0,0,0,0,0,133,440,463,511,543,443,543,567,526,764,919,858,760,738,693,659,583,696,806,820,804,789,795,749,795,839,814,710,752,750,851,724,463
FOODS_3_440,FOODS_3,FOODS,0,0,0,0,0,0,0,0,0,0,0,0,0,0,0,0,0,0,0,0,0,0,0,0,0,0,0,0,0,0,0,0,0,0,0,0,0,0,117,166,184,168,175,157,130,192,183,193,187,153,179,189,143,182,210,222,234,233,264,267,231,244,236,212,195
FOODS_3_441,FOODS_3,FOODS,0,0,0,0,0,0,0,0,0,0,0,0,0,0,2893,3747,3302,3310,2648,1455,2201,1607,1387,0,0,0,0,0,0,0,0,0,30,2239,1386,2857,983,1703,2324,2621,2065,432,1208,234,44,3179,665,613,721,954,3553,3491,3209,37,20,3,800,1873,0,0,0,0,0,0,0
FOODS_3_442,FOODS_3,FOODS,0,0,0,0,0,0,0,0,0,0,0,0,0,0,0,0,0,0,0,0,0,87,226,209,271,226,192,197,196,188,84,92,67,126,127,94,149,118,146,104,150,99,116,122,136,134,96,110,84,102,105,101,102,112,98,116,103,123,86,110,97,118,93,131,87
FOODS_3_443,FOODS_3,FOODS,0,0,0,0,0,0,0,0,0,0,0,0,0,0,0,0,0,0,0,0,0,0,0,0,0,0,0,0,0,0,0,1,144,157,113,138,204,112,184,124,1,1,2,45,146,124,97,73,127,79,109,113,24,1,1,0,76,176,146,143,140,124,162,139,125
FOODS_3_444,FOODS_3,FOODS,0,0,0,0,0,0,0,0,0,0,0,0,0,0,4603,5272,4970,4985,4352,1442,0,0,0,0,0,0,0,0,0,0,0,0,28,4109,2482,5025,1728,3055,5922,5503,5006,4364,2316,57,73,5774,3745,3719,2264,3636,5634,5401,4930,43,6,22,1084,3994,0,0,0,0,0,0,3593
FOODS_3_445,FOODS_3,FOODS,0,0,0,0,0,0,0,0,0,0,0,0,0,0,0,0,0,0,0,0,0,133,250,237,323,184,204,240,236,176,137,85,94,139,141,144,192,218,247,211,181,181,184,190,174,168,137,126,144,140,181,165,175,168,198,188,156,173,177,100,161,166,193,223,131
FOODS_3_446,FOODS_3,FOODS,206,2617,3227,4050,3649,3287,3655,3372,3504,2742,2297,1974,2050,1594,1736,1834,1802,1625,1715,1764,1462,1569,1735,1833,1511,1176,1323,1436,1515,1357,1376,1535,1378,1355,883,1304,1384,1251,1797,1523,613,14,6,961,1130,1256,1289,1092,1314,1118,1142,1373,1467,1342,704,5,10,17,4,439,1085,940,845,925,808
FOODS_3_447,FOODS_3,FOODS,0,0,252,184,0,0,0,0,209,333,221,245,280,10,0,0,0,0,0,19,0,4,0,3,0,352,279,297,332,375,366,347,354,329,264,167,269,62,0,0,0,0,0,0,0,0,0,7,140,164,202,210,228,254,264,244,218,242,130,114,167,174,168,158,114
FOODS_3_448,FOODS_3,FOODS,38,293,285,255,238,232,278,279,282,234,143,178,153,161,189,212,204,217,231,250,231,252,267,336,369,382,824,482,403,404,419,444,424,484,433,407,463,413,442,458,522,495,540,475,217,421,586,633,609,584,598,291,359,535,134,593,388,467,700,605,457,7,8,279,527
FOODS_3_449,FOODS_3,FOODS,157,1410,1415,1392,1251,1586,1559,1645,1608,1636,1440,1426,1392,1247,1432,1161,1361,1695,1240,1773,1471,1452,1424,1725,1612,1497,1407,1641,1156,1295,1061,1086,1055,986,891,1109,936,1034,1155,993,946,1227,734,791,837,1117,1059,979,838,926,975,995,898,922,960,1052,1039,1110,863,882,900,786,983,1638,922
FOODS_3_450,FOODS_3,FOODS,19,189,200,191,194,214,206,240,323,366,298,333,327,330,423,442,391,383,450,470,365,387,374,391,402,331,411,380,425,340,417,420,339,382,358,380,341,286,303,304,349,311,342,337,354,314,303,254,287,286,290,297,284,310,357,340,361,351,287,299,326,354,349,363,281
FOODS_3_451,FOODS_3,FOODS,0,0,0,10,197,429,500,372,293,288,203,247,221,221,217,249,300,377,323,377,223,187,180,177,197,165,170,141,209,298,374,339,214,190,163,167,162,170,169,167,200,238,339,348,190,175,168,217,193,136,174,175,174,327,541,505,437,405,284,309,299,286,335,373,429
FOODS_3_452,FOODS_3,FOODS,8,160,124,174,212,211,196,160,170,177,169,150,185,211,194,177,158,150,149,135,123,132,179,188,172,182,168,139,121,128,139,110,112,133,186,165,132,137,162,157,142,135,140,137,33,5,3,119,148,147,163,137,110,127,155,152,132,152,130,143,128,126,146,118,74
FOODS_3_453,FOODS_3,FOODS,0,0,0,0,76,79,102,118,100,66,29,73,111,122,160,147,64,47,35,38,48,53,55,43,51,128,137,79,96,61,66,82,74,77,18,0,6,87,78,74,105,105,110,109,88,28,0,2,111,100,133,148,139,153,126,153,143,154,4,4,87,159,131,173,120
FOODS_3_454,FOODS_3,FOODS,0,0,0,0,0,0,0,0,0,0,0,0,2015,3277,3350,3086,2513,2547,2138,2912,2483,2327,2086,2071,2419,2228,2022,2671,2611,2508,2145,2215,1790,1898,1715,1272,2253,1483,1661,1394,1237,1506,1534,1855,1722,1454,1451,1317,1940,1572,2080,1205,1731,2545,1747,2064,1633,1364,1112,1107,1318,1369,1783,1377,1462
FOODS_3_455,FOODS_3,FOODS,0,0,0,0,0,0,0,0,0,0,0,0,85,4,4568,4104,4027,3597,2512,2111,2100,1963,2110,1883,1835,289,143,1498,66,20,15,1543,6620,5945,4285,4253,4313,4231,4261,4397,4668,4096,4500,2752,2994,2961,2487,2408,2362,2440,2616,3431,2533,2233,2221,2122,2204,2091,1586,1849,1592,2078,2266,1803,1669
FOODS_3_456,FOODS_3,FOODS,0,0,0,0,0,0,0,0,0,0,0,0,0,0,0,0,0,86,100,203,179,195,169,177,270,220,223,223,206,199,170,195,205,189,196,192,197,169,193,143,121,131,104,140,176,165,145,137,153,118,150,157,145,144,102,129,120,138,124,117,175,140,130,128,75
FOODS_3_457,FOODS_3,FOODS,0,0,0,0,0,0,0,0,0,0,0,0,86,143,175,189,110,0,0,101,233,166,200,158,199,172,164,147,3,4,1,1,169,134,109,142,180,159,246,127,1,0,1,80,168,150,124,154,149,139,150,115,37,3,1,1,72,158,166,116,127,130,162,165,111
FOODS_3_458,FOODS_3,FOODS,278,2815,2790,2887,2910,2902,3145,3165,2865,3003,3182,3292,2674,2848,3180,2633,2727,2666,2486,2641,2745,2711,2646,2526,2322,2333,2251,2080,1968,1920,2126,2248,2174,2161,2226,1931,1691,2021,2589,2554,2562,2242,2530,2732,2418,2547,2520,2824,2849,2431,2595,2732,2578,2694,3179,3210,2718,2706,3026,2955,2672,2905,3172,3047,2260
FOODS_3_459,FOODS_3,FOODS,0,0,0,0,0,0,0,0,0,0,0,0,0,224,696,865,1397,1285,889,1236,1123,1194,1038,1318,1359,1256,1633,1364,1428,1285,1284,1240,912,862,513,968,845,658,812,870,975,1324,928,788,764,801,803,599,559,659,744,744,1009,877,781,647,648,713,558,647,738,819,890,726,714
FOODS_3_460,FOODS_3,FOODS,127,891,862,1079,930,634,792,733,1139,1339,859,647,549,486,648,1038,1146,1303,1351,1313,995,992,857,1071,1186,960,1319,919,412,306,529,694,772,716,628,631,533,0,6,853,854,707,180,4,226,755,764,626,583,612,783,678,835,848,841,741,665,753,744,695,814,737,730,723,660
FOODS_3_461,FOODS_3,FOODS,51,560,654,657,106,0,13,3,295,491,311,223,360,391,601,798,1540,1578,968,528,524,341,264,246,274,478,525,545,707,750,713,714,549,406,277,237,348,426,739,813,985,1078,927,719,490,470,253,204,288,316,468,582,1065,817,1035,883,868,481,221,199,236,448,502,1075,867
FOODS_3_462,FOODS_3,FOODS,192,2166,2177,3156,2762,4480,4577,4149,3214,3105,2341,2894,2949,3178,3962,2803,4572,3404,2263,2297,2457,3470,1871,2849,2260,1653,2809,3752,4046,5599,5185,4790,4719,2598,3077,1374,1894,3047,5199,5352,1504,5131,4088,3866,3196,1793,1944,1609,1621,2351,2987,2748,3600,3352,3471,2853,2331,2263,1941,1763,1892,2569,2491,2574,1932
FOODS_3_463,FOODS_3,FOODS,0,0,0,0,0,0,0,0,0,0,0,0,0,0,0,0,0,345,1630,1016,804,1149,460,678,392,290,789,596,876,315,166,391,434,560,318,463,566,446,633,479,463,717,859,479,413,452,284,381,250,273,569,251,184,185,346,222,244,296,163,130,177,226,236,350,261
FOODS_3_464,FOODS_3,FOODS,0,355,502,629,629,463,539,586,336,430,465,464,416,403,343,282,227,234,156,162,174,211,187,204,429,511,344,299,274,225,254,315,199,138,126,103,239,219,182,151,58,109,120,134,160,131,161,241,8,1,2,306,238,204,198,190,92,21,111,279,260,206,222,243,179
FOODS_3_465,FOODS_3,FOODS,86,748,684,406,0,0,0,0,447,671,503,522,543,18,5,8,2,2,3,27,2,4,0,0,0,364,359,333,362,401,403,357,250,238,267,235,283,45,0,0,0,0,0,0,0,0,0,19,177,184,228,207,196,251,253,212,156,196,115,143,161,147,167,185,132
FOODS_3_466,FOODS_3,FOODS,0,0,0,0,0,0,0,0,0,0,0,0,0,0,0,0,0,0,0,0,0,0,0,0,0,0,0,0,0,0,0,0,0,0,0,0,0,0,0,0,0,0,0,0,0,0,0,0,50,51,0,0,0,17,171,157,180,198,186,240,205,165,3,5,1
FOODS_3_467,FOODS_3,FOODS,41,391,376,364,357,300,315,384,330,306,259,237,241,301,326,325,266,360,341,310,323,321,310,314,300,253,345,274,301,251,275,323,302,299,264,277,209,193,228,253,276,272,52,2,64,277,276,217,270,223,233,244,255,243,243,258,282,292,271,267,294,291,273,261,236
FOODS_3_468,FOODS_3,FOODS,207,2197,2558,3470,2988,2616,2735,2466,2580,2724,1875,1682,1840,1415,2123,1678,2201,1439,2430,1935,2518,1884,1810,1484,1319,1378,1471,1269,1290,1302,1371,1548,1173,1129,846,1056,1222,890,1232,791,421,30,17,705,786,1026,956,836,1025,914,1030,1064,1132,1123,564,10,21,9,4,470,1011,883,818,781,716
FOODS_3_469,FOODS_3,FOODS,110,874,1002,982,916,877,1236,1154,938,916,800,842,647,1141,1490,1310,1501,1445,1232,1390,1200,961,915,966,885,894,887,868,1069,1091,894,862,730,843,765,852,710,1106,1304,1089,1188,1114,1250,1276,1188,1074,1185,1385,1139,1051,1232,1214,1226,1145,1196,1265,1020,785,1033,984,1039,1025,1053,1147,1085
FOODS_3_470,FOODS_3,FOODS,58,475,486,576,0,0,0,0,604,623,463,407,636,23,0,0,10,13,7,29,4,1,12,1,7,378,437,475,559,612,531,459,327,324,309,322,371,143,0,0,0,0,0,0,0,0,0,19,241,227,280,256,303,308,309,327,269,260,211,187,250,235,227,251,156
FOODS_3_471,FOODS_3,FOODS,0,0,0,0,0,0,0,0,0,0,0,0,0,0,0,0,0,0,0,0,0,0,0,0,0,0,0,0,0,0,0,0,0,0,0,0,7,112,126,110,100,111,108,113,120,105,77,62,104,106,117,111,104,113,157,150,164,137,110,104,102,105,140,107,84
FOODS_3_472,FOODS_3,FOODS,0,0,0,0,0,0,0,0,0,0,0,0,0,0,0,0,0,0,0,0,0,0,0,0,0,0,0,0,0,0,0,0,0,0,0,0,0,0,0,0,0,0,0,0,0,0,0,0,70,72,89,82,25,0,37,43,75,94,70,43,96,78,70,119,120
FOODS_3_473,FOODS_3,FOODS,138,1461,1754,1930,1693,1683,1888,1659,1671,1856,1649,1599,1457,1293,1590,1518,1660,1652,1648,1731,1659,1695,1766,1816,1397,1428,1615,1443,1571,1661,1646,1771,1435,1554,1489,1562,1385,1338,1428,1572,1663,1519,1735,1762,1478,1506,1458,1504,1450,1411,1637,1382,1522,1658,1768,1711,1572,1714,1476,1423,1222,1115,1206,1228,1018
FOODS_3_474,FOODS_3,FOODS,0,0,0,0,0,0,0,0,0,0,0,0,20,285,1849,1860,2102,2051,2630,2854,2098,2000,1787,2219,2073,2841,2302,1792,1954,2086,2247,1032,1011,1644,1278,1378,1789,1869,2161,2486,1704,2872,1912,2054,1294,1258,1206,1117,931,1153,1123,1069,1677,1275,1939,690,1204,1124,1191,1147,866,1287,1347,1731,1071
FOODS_3_475,FOODS_3,FOODS,172,1525,1257,1225,1089,979,1199,1128,1025,1060,872,902,1037,884,793,876,751,889,789,884,733,622,457,557,633,643,635,565,568,755,757,655,774,716,589,710,882,577,494,613,528,616,530,672,720,652,581,428,582,444,537,562,539,584,630,657,619,629,417,499,450,544,506,579,372
FOODS_3_476,FOODS_3,FOODS,34,799,979,1265,1454,1676,1806,2094,1615,1316,741,690,979,1310,1252,1049,1699,1850,2110,1700,1390,1061,694,696,860,696,1230,1170,1574,1952,1990,1846,1210,938,728,709,674,682,770,1152,1444,1078,1337,1958,1620,1076,1086,836,657,926,1155,1013,1036,1310,801,4,386,813,621,590,897,893,1055,1098,764
FOODS_3_477,FOODS_3,FOODS,173,1448,1625,1790,1921,1868,1937,1827,1127,1115,1082,1484,1272,1214,1434,1274,1417,1456,1479,1695,1523,1519,1481,1485,1183,1130,1422,1218,1284,1272,1377,1392,1140,1356,1197,1198,1067,1039,1125,1108,1124,1183,1259,1385,1065,1151,1083,1091,897,894,1077,1032,1120,1285,1250,1283,1151,1242,1126,1316,1121,1062,971,1009,720
FOODS_3_478,FOODS_3,FOODS,30,309,276,156,0,0,0,0,187,306,316,271,212,10,1,0,0,1,0,22,3,5,7,4,9,338,370,357,272,352,268,212,272,265,193,187,195,47,0,0,0,0,0,0,0,0,0,8,205,163,203,229,270,292,245,253,239,241,163,157,224,202,199,249,233
FOODS_3_479,FOODS_3,FOODS,0,0,176,377,337,352,319,253,249,263,192,196,361,332,347,355,325,368,423,476,436,349,284,205,317,362,364,413,380,429,316,325,405,368,261,237,381,372,438,444,405,435,423,502,474,497,423,392,424,301,471,434,496,491,514,652,497,481,440,389,587,553,439,482,270
FOODS_3_480,FOODS_3,FOODS,69,556,575,564,529,477,527,712,581,578,453,387,534,443,440,365,380,332,300,371,454,449,388,332,432,342,442,390,374,276,237,362,400,362,304,243,317,321,312,280,261,226,233,284,279,292,228,207,265,268,283,268,312,270,222,259,257,273,232,209,252,196,235,240,173
FOODS_3_481,FOODS_3,FOODS,65,422,668,509,584,597,546,434,537,538,641,632,548,465,470,518,460,534,489,547,512,569,432,730,598,558,586,539,564,488,531,541,606,691,751,831,90,112,116,76,115,59,132,560,608,494,585,363,539,408,459,427,422,429,409,453,419,455,551,424,469,330,397,372,283
FOODS_3_482,FOODS_3,FOODS,0,0,0,0,0,0,0,0,0,0,0,0,0,0,0,0,0,0,0,0,0,0,0,0,0,0,0,0,0,0,0,0,0,0,0,29,172,135,283,259,274,312,342,271,266,265,167,161,320,245,56,2,1,304,397,472,411,436,357,251,378,391,399,415,303
FOODS_3_483,FOODS_3,FOODS,0,0,0,0,0,0,0,0,0,0,0,0,0,0,0,0,0,0,0,0,0,0,0,231,369,367,402,556,677,647,715,764,591,446,359,396,358,309,281,292,459,89,0,37,27,0,0,0,0,139,315,370,31,1,4,288,287,313,321,311,324,433,6,70,386
FOODS_3_484,FOODS_3,FOODS,18,139,129,166,138,119,138,77,78,67,98,106,101,76,106,85,150,167,136,112,142,103,116,124,130,137,191,139,117,150,159,137,119,94,96,75,99,106,148,115,140,86,113,104,76,89,104,81,107,88,106,136,132,141,133,130,98,91,110,101,104,117,156,132,112
FOODS_3_485,FOODS_3,FOODS,59,453,420,334,388,441,427,446,389,624,492,545,474,392,607,414,417,401,537,528,522,521,631,612,582,504,529,513,419,396,402,375,403,495,445,521,431,427,436,371,402,365,395,418,408,517,536,647,473,444,476,150,153,129,176,169,185,183,180,178,549,591,511,498,454
FOODS_3_486,FOODS_3,FOODS,19,120,0,0,90,171,154,154,164,200,165,158,215,121,191,195,199,185,208,193,216,244,199,193,169,180,129,95,108,102,135,136,151,148,44,4,294,163,153,11,2,26,182,123,100,70,1,1,96,129,176,156,160,114,102,160,145,211,26,2,0,151,175,154,110
FOODS_3_487,FOODS_3,FOODS,21,358,365,329,226,238,218,245,270,279,179,136,102,134,153,97,385,580,587,661,554,524,517,562,452,441,417,255,194,244,303,259,236,228,284,272,208,213,237,201,162,284,371,827,753,767,742,873,670,783,794,718,862,838,1008,1058,905,954,847,783,609,808,856,739,618
FOODS_3_488,FOODS_3,FOODS,0,0,0,0,0,0,0,0,86,261,280,343,303,314,287,269,249,292,199,250,278,277,284,398,224,239,300,266,310,296,323,346,328,323,330,391,339,346,395,357,369,346,369,367,394,358,322,363,350,326,353,331,354,271,199,62,11,79,243,323,263,270,319,361,243
FOODS_3_489,FOODS_3,FOODS,0,0,0,0,0,0,0,0,0,0,0,0,0,0,0,0,0,0,0,0,0,0,0,0,0,0,0,0,0,0,0,0,0,0,0,0,0,0,510,674,667,667,810,1180,710,751,720,671,650,550,614,610,636,597,642,781,712,797,619,769,736,600,637,635,485
FOODS_3_490,FOODS_3,FOODS,0,58,214,262,290,242,238,195,161,250,219,264,253,192,247,213,216,257,272,288,264,241,230,240,272,200,223,200,227,212,173,185,200,234,242,228,216,199,227,172,93,210,202,234,181,174,198,176,7,4,3,124,154,124,190,117,57,27,54,198,192,203,224,176,128
FOODS_3_491,FOODS_3,FOODS,630,1257,0,0,2,2,2,9,1443,6191,6422,6432,5349,4656,4064,3593,3634,3697,4228,4381,4226,4060,5307,5819,4727,3922,4361,4000,4168,3785,3660,5770,7645,4379,1822,3069,3742,892,2606,3176,1463,2309,3518,3048,3286,3261,3061,12,3102,1172,1854,2957,1419,1852,3411,3259,3138,3127,2974,256,2547,3001,3031,3033,1980
FOODS_3_492,FOODS_3,FOODS,17,193,199,266,232,231,213,200,228,271,253,231,226,254,213,235,234,185,189,218,261,234,207,238,239,235,131,77,231,268,255,227,311,322,265,282,268,303,287,174,45,19,226,268,273,257,284,245,272,166,69,171,250,273,310,332,310,363,325,345,318,314,270,286,228
FOODS_3_493,FOODS_3,FOODS,0,0,16,258,385,450,472,512,446,488,289,319,489,462,554,498,436,507,471,604,548,460,381,474,538,478,517,454,390,300,348,440,513,414,109,11,38,361,371,310,341,26,19,413,344,278,249,160,3,0,58,335,286,255,35,7,12,284,285,263,320,42,513,476,299
FOODS_3_494,FOODS_3,FOODS,37,198,287,143,193,209,274,221,230,298,279,252,265,244,296,247,274,287,293,271,257,258,206,226,242,236,272,253,248,283,260,247,193,177,197,164,200,193,256,218,203,190,208,203,182,183,111,142,185,196,205,186,159,154,157,183,181,147,147,157,204,188,204,209,143
FOODS_3_495,FOODS_3,FOODS,30,452,420,547,594,619,604,636,441,472,417,395,389,350,350,447,487,527,517,524,483,434,428,479,469,452,579,615,576,564,515,568,458,447,447,428,460,439,407,451,469,529,471,608,438,481,481,416,555,457,508,449,475,484,510,552,510,529,517,510,609,739,881,789,622
FOODS_3_496,FOODS_3,FOODS,0,0,0,0,0,0,136,214,2,0,0,0,0,0,0,0,0,0,79,951,324,13,4,1,11,0,146,561,386,291,368,762,651,578,343,425,624,608,528,448,438,320,323,565,428,500,446,412,384,465,534,505,377,452,493,439,381,363,365,410,488,466,486,382,423
FOODS_3_497,FOODS_3,FOODS,45,352,397,336,386,452,589,557,512,398,397,420,442,342,394,408,143,0,0,145,305,158,22,84,310,305,362,361,14,1,6,4,274,313,312,407,448,419,483,322,1,3,6,119,165,281,384,302,218,313,318,369,92,0,0,0,158,441,410,322,378,320,325,333,257
FOODS_3_498,FOODS_3,FOODS,269,2949,2643,2453,2698,3142,3555,3086,2947,3031,2333,2369,2929,2667,2241,2733,3311,3734,3217,3542,3220,4038,3489,3692,3436,2272,2951,1923,2467,2482,2711,2880,2368,1919,2084,1673,2577,2442,2159,1913,2029,2330,2978,2774,2470,1980,2879,2161,2447,2069,2368,2530,2576,3200,2036,2837,2343,2097,1953,2174,2115,2899,2642,2244,1678
FOODS_3_499,FOODS_3,FOODS,0,0,0,0,0,0,0,0,0,0,0,0,0,0,0,0,0,0,0,0,0,0,0,0,0,0,0,0,19,2281,3491,2898,2787,3257,3100,3545,3571,2798,3578,3051,3058,3291,3414,3697,3685,3313,4075,4239,3289,1716,2664,3023,3446,4034,3386,4457,3808,4939,4712,4841,5441,4720,2633,3497,2246
FOODS_3_500,FOODS_3,FOODS,0,0,0,0,0,0,0,0,0,0,0,0,0,0,0,0,0,0,0,0,0,0,0,0,0,0,0,0,0,0,0,0,0,0,0,0,0,0,0,0,0,0,0,0,0,0,0,0,42,119,127,186,63,0,1,0,88,212,166,176,209,184,219,173,150
FOODS_3_501,FOODS_3,FOODS,293,3968,4165,2722,0,6,0,3,2559,4009,3200,2771,3233,2969,3704,3421,4133,6133,5902,5358,3666,3871,3402,3371,3425,3513,3636,3623,4017,5125,5336,4052,3564,2964,2874,2650,2772,2432,3960,3289,4043,5027,3646,3946,3795,3156,2749,2344,2558,2499,2653,2492,2606,3157,3734,875,51,3964,2343,2335,2690,3292,3347,2958,2499
FOODS_3_502,FOODS_3,FOODS,0,0,0,0,0,0,0,0,0,0,0,0,0,0,0,0,0,0,0,0,0,0,0,0,0,0,0,0,0,0,320,594,634,635,563,510,555,552,562,470,504,513,528,603,577,550,476,552,740,474,455,409,535,391,472,529,451,499,420,405,526,397,483,456,285
FOODS_3_503,FOODS_3,FOODS,0,259,1719,1824,1876,1860,2123,1818,2188,1843,1622,1406,1120,1354,1458,1401,1537,1596,1714,1952,1764,1282,1314,1335,1332,1195,1348,1291,1392,1315,1225,1254,1297,1570,1370,1557,1643,1504,1721,1862,2035,1531,1756,1537,1175,1128,1394,1483,1319,1003,1034,877,994,1259,1498,1365,1242,1255,1311,1553,1690,1558,1693,1735,1065
FOODS_3_504,FOODS_3,FOODS,193,600,0,0,0,0,0,0,118,609,670,697,592,584,576,575,675,703,574,633,710,667,771,836,741,668,685,607,620,622,584,1062,1015,715,1126,533,675,591,652,248,389,632,398,394,508,466,113,2,432,479,145,219,494,454,465,283,508,599,57,0,8,467,728,721,513
FOODS_3_505,FOODS_3,FOODS,0,0,0,0,0,0,0,0,0,0,0,0,0,0,510,828,726,723,734,699,788,890,1192,1247,715,697,727,624,652,519,493,576,747,999,1088,952,764,115,41,14,509,594,609,638,716,769,1018,1093,783,604,642,696,609,591,548,563,624,754,868,1136,782,722,689,717,460
FOODS_3_506,FOODS_3,FOODS,33,176,175,167,140,102,103,134,139,159,144,122,191,194,171,157,155,168,140,161,158,187,138,135,175,181,226,161,152,159,122,120,120,168,133,100,125,120,120,106,101,90,91,79,98,102,78,69,64,90,108,77,83,74,79,91,67,77,74,70,87,89,84,95,54
FOODS_3_507,FOODS_3,FOODS,0,0,0,0,0,0,0,0,0,0,0,0,0,0,0,0,0,0,0,0,0,0,0,0,0,0,0,0,0,0,18,26,41,53,76,70,53,26,27,12,42,43,66,70,100,117,101,181,143,121,110,124,111,92,103,94,127,135,86,88,115,74,102,120,84
FOODS_3_508,FOODS_3,FOODS,120,1038,981,791,819,796,935,1116,937,869,742,602,667,579,618,562,598,740,872,757,599,607,530,444,546,583,556,478,542,661,755,714,687,559,462,312,419,454,509,450,412,587,547,597,450,465,408,297,311,425,486,453,366,443,456,509,571,498,406,421,451,462,401,410,348
FOODS_3_509,FOODS_3,FOODS,0,0,0,0,0,0,0,0,0,0,0,0,0,0,0,0,0,0,0,0,0,226,477,526,655,719,699,679,676,696,654,526,608,567,498,432,447,476,452,383,416,439,332,386,314,325,374,361,347,344,333,279,280,341,351,380,360,368,305,331,361,337,341,368,270
FOODS_3_510,FOODS_3,FOODS,0,0,0,0,0,0,0,0,0,0,0,0,0,0,0,0,0,0,0,0,0,0,0,0,0,0,0,0,0,0,0,0,0,0,0,0,0,0,0,0,0,206,237,290,332,386,199,120,120,79,32,129,176,106,24,29,27,56,149,167,167,139,202,167,148
FOODS_3_511,FOODS_3,FOODS,0,0,0,0,0,0,0,0,484,3389,2887,3014,3231,3095,491,0,0,0,0,0,0,58,600,2720,2811,2748,3294,2986,852,2423,1104,59,4,1181,1274,0,0,0,0,0,681,2065,735,0,496,696,2438,2616,2445,2279,0,0,0,0,452,0,414,1423,2428,2700,2713,2735,2762,2759,2293
FOODS_3_512,FOODS_3,FOODS,0,0,0,0,0,0,0,0,0,0,0,0,0,0,0,0,0,0,0,0,0,0,0,0,0,0,0,0,0,0,16,23,24,36,29,38,33,42,38,42,29,26,35,44,63,88,77,96,88,72,67,77,81,76,70,63,62,89,56,90,84,77,69,66,45
FOODS_3_513,FOODS_3,FOODS,19,242,282,259,239,174,158,325,480,508,238,388,439,432,593,522,395,353,331,447,614,608,389,350,438,403,475,412,395,311,398,331,621,554,413,355,356,410,458,369,462,330,341,543,456,413,334,328,340,373,409,313,465,321,253,471,404,451,353,308,352,384,375,338,300
FOODS_3_514,FOODS_3,FOODS,0,0,0,0,0,0,0,0,0,0,0,0,0,0,0,0,0,0,0,0,0,0,0,0,0,0,0,0,0,0,179,966,781,415,173,184,197,433,278,191,414,511,486,733,341,502,775,450,291,692,608,464,510,378,448,400,407,504,374,345,432,527,555,657,758
FOODS_3_515,FOODS_3,FOODS,0,0,0,0,0,0,0,0,0,0,0,0,0,0,0,0,0,0,0,0,0,0,0,0,0,0,0,179,545,513,432,160,34,24,511,481,649,690,644,715,627,885,468,1,385,935,670,682,668,483,635,681,602,299,144,520,518,456,647,625,781,620,787,558,489
FOODS_3_516,FOODS_3,FOODS,0,169,316,1517,2438,2550,2475,2166,2660,2198,1883,2573,3478,3018,2443,2324,2597,2956,2698,2374,2638,2527,2323,2765,2650,2448,2125,2130,2195,2271,2406,2392,2333,2006,1690,0,0,0,0,0,0,0,0,1595,2733,2662,2645,3442,3352,2289,2288,2074,2268,2252,2593,2651,2506,2555,2578,3003,3577,3648,3219,2821,2076
FOODS_3_517,FOODS_3,FOODS,0,0,0,0,0,0,0,0,0,0,0,0,0,0,0,0,0,0,0,0,0,0,0,0,0,0,0,0,0,0,0,0,0,0,0,0,0,0,0,0,0,0,0,0,0,0,0,16,69,65,65,77,86,95,122,141,124,132,132,137,159,120,123,116,93
FOODS_3_518,FOODS_3,FOODS,0,0,0,0,0,0,0,0,0,0,0,0,0,0,0,0,0,0,0,0,0,0,0,0,0,0,0,98,178,151,149,125,15,19,177,184,187,156,208,168,149,161,114,0,105,210,242,205,218,206,219,178,208,124,37,232,232,236,192,223,239,235,244,195,197
FOODS_3_519,FOODS_3,FOODS,0,0,0,0,0,0,0,0,0,0,0,0,0,0,0,0,0,0,0,0,0,0,0,0,0,0,87,190,232,479,648,587,579,621,571,714,814,1111,1225,675,521,587,773,762,568,409,526,524,495,459,535,587,639,496,471,669,640,708,624,681,745,765,874,782,876
FOODS_3_520,FOODS_3,FOODS,34,327,383,304,267,278,274,292,266,301,258,230,187,218,230,228,252,240,247,264,226,181,212,239,223,228,286,335,292,281,301,325,269,263,252,287,272,246,319,282,320,304,311,300,199,281,235,223,249,229,274,303,281,295,337,345,350,408,363,333,375,305,323,351,211
FOODS_3_521,FOODS_3,FOODS,0,0,0,0,0,0,0,0,0,0,0,0,0,0,0,0,0,0,0,0,0,0,0,0,0,0,0,0,0,0,0,0,0,0,0,0,64,74,119,108,86,104,96,77,50,87,38,64,88,68,103,93,95,134,120,130,106,123,118,130,160,95,161,143,114
FOODS_3_522,FOODS_3,FOODS,14,99,112,99,84,156,153,131,127,99,127,93,137,97,98,129,120,116,139,150,133,178,182,152,161,122,192,165,147,176,101,69,81,47,9,0,0,16,7,70,76,122,113,84,85,104,96,107,156,84,98,25,15,12,9,7,5,6,5,3,8,7,30,99,69
FOODS_3_523,FOODS_3,FOODS,0,0,0,0,0,0,0,0,0,0,0,0,0,0,0,0,0,0,0,0,0,0,0,0,0,0,0,0,0,0,0,37,488,895,961,920,1006,903,1035,861,1023,799,798,619,694,573,514,470,504,426,580,636,564,561,677,820,871,1135,745,634,866,809,829,890,664
FOODS_3_524,FOODS_3,FOODS,77,740,865,709,1296,1294,1817,1554,1241,1324,1069,1303,1795,1736,1669,1724,1935,2135,2161,2097,2134,1560,1029,1166,1375,1243,1279,1128,1466,1738,2282,2075,1900,1599,1455,1097,1336,1298,985,1237,1225,1756,2560,2126,2503,253,466,1362,1550,1220,1843,238,15,3325,3558,3537,2987,677,1,70,1818,1819,1532,1,1
FOODS_3_525,FOODS_3,FOODS,0,0,0,0,0,0,0,0,0,0,0,0,0,0,0,0,0,0,0,0,0,0,0,0,0,0,0,0,0,0,0,0,0,0,0,5,262,539,723,633,656,677,507,445,430,388,339,356,351,304,388,364,432,493,629,552,448,415,263,417,473,564,726,968,414
FOODS_3_526,FOODS_3,FOODS,120,1083,1215,1306,1325,1358,1453,2044,1618,2103,1846,1728,1998,2089,1820,1665,2224,2128,2211,2206,2277,1995,1280,1412,1464,1404,1322,1461,1490,1028,1134,1125,1382,1250,714,1290,1329,1101,1327,1040,1428,1518,904,1025,1071,1097,1217,1093,1229,943,931,1193,1000,944,1057,1121,1282,1175,872,838,1120,929,1040,1365,699
FOODS_3_527,FOODS_3,FOODS,0,0,0,0,0,0,0,0,0,0,0,0,0,0,0,0,0,0,0,0,0,0,0,0,0,0,0,0,0,0,0,0,0,0,0,0,0,0,0,79,102,119,121,166,150,178,157,137,129,142,153,174,181,154,151,177,153,159,112,119,135,123,137,148,102
FOODS_3_528,FOODS_3,FOODS,14,127,150,136,115,72,79,74,71,77,88,98,70,105,106,113,126,134,95,122,118,128,188,225,216,218,211,153,187,177,167,163,167,142,236,179,143,155,174,198,176,163,169,192,39,1,0,141,223,184,175,178,159,152,158,157,128,148,138,127,157,173,165,150,134
FOODS_3_529,FOODS_3,FOODS,0,0,0,0,0,0,0,0,0,0,0,0,0,0,0,0,0,0,0,0,0,0,0,0,0,0,0,0,0,0,0,0,0,0,0,0,0,0,0,0,0,58,151,122,118,125,149,143,152,112,146,141,117,108,128,181,149,147,182,224,219,202,188,169,138
FOODS_3_530,FOODS_3,FOODS,0,0,0,0,1,0,1,0,74,87,90,81,75,88,85,145,253,340,649,850,728,841,605,657,490,204,223,247,296,270,308,293,291,287,308,338,242,342,646,953,1207,1266,1108,1527,1415,1433,1210,1321,1292,1139,1495,1333,1519,1522,1690,1941,1690,1679,1562,1457,1341,1565,1585,1387,1158
FOODS_3_531,FOODS_3,FOODS,0,0,0,0,0,0,0,0,0,0,0,0,0,0,0,0,0,0,0,0,0,0,194,180,222,223,337,294,262,251,117,113,95,188,159,109,102,173,162,219,147,202,214,247,193,199,120,115,177,192,206,179,193,190,178,179,148,149,140,130,164,167,155,202,154
FOODS_3_532,FOODS_3,FOODS,0,0,0,0,0,0,0,0,0,0,0,0,0,0,0,0,0,0,0,0,0,0,0,0,0,0,0,0,0,0,0,0,155,453,440,500,488,447,487,474,474,773,840,809,735,791,575,550,263,704,820,856,929,895,971,924,1063,952,838,845,936,936,1086,821,499
FOODS_3_533,FOODS_3,FOODS,47,503,377,427,501,500,592,457,470,505,436,460,518,539,539,487,469,353,309,334,455,391,411,487,476,504,548,509,567,514,503,488,393,388,542,419,400,345,442,428,397,356,343,344,70,6,4,355,597,423,490,466,445,455,472,394,407,374,360,388,452,443,498,389,275
FOODS_3_534,FOODS_3,FOODS,62,641,695,707,781,694,797,877,839,895,819,834,734,702,763,811,834,797,742,752,699,581,508,539,464,488,596,652,712,730,661,648,579,430,474,452,373,396,531,571,661,613,716,663,622,551,490,555,423,505,561,541,607,730,799,692,620,553,456,597,468,477,554,527,497
FOODS_3_535,FOODS_3,FOODS,37,257,293,322,301,292,402,388,349,326,263,263,219,333,516,477,466,468,439,512,450,458,354,383,369,346,351,349,390,432,398,296,288,313,273,253,219,313,387,368,326,324,336,376,386,304,366,331,295,302,310,296,339,341,345,291,234,192,285,259,335,320,330,305,251
FOODS_3_536,FOODS_3,FOODS,26,157,182,137,157,115,120,180,138,176,123,164,156,171,204,172,130,113,135,146,156,156,139,155,146,133,141,169,145,133,122,138,156,164,164,140,157,163,187,156,185,153,164,205,223,193,139,130,174,199,240,232,231,173,199,254,259,277,283,279,335,299,305,317,216
FOODS_3_537,FOODS_3,FOODS,0,0,0,0,2,0,0,105,186,189,166,136,192,204,206,253,273,277,197,318,302,259,201,213,260,289,328,313,329,311,280,229,265,240,250,188,234,238,304,260,294,309,272,242,321,368,315,238,294,290,282,243,313,311,343,379,357,346,327,292,287,307,331,391,287
FOODS_3_538,FOODS_3,FOODS,0,0,0,0,0,0,0,0,0,0,0,0,0,0,0,0,0,0,61,257,245,233,294,433,339,287,322,328,488,444,553,542,366,443,382,468,280,342,246,198,187,309,348,335,239,203,200,238,207,156,260,295,283,311,411,281,244,326,340,389,324,237,268,292,256
FOODS_3_539,FOODS_3,FOODS,8,73,104,124,100,90,90,93,113,148,109,109,119,144,108,104,98,85,96,125,120,137,91,73,113,88,107,119,98,76,75,80,130,103,97,99,61,123,82,77,45,55,47,67,74,79,59,46,66,56,112,142,154,110,132,163,124,138,140,92,155,124,141,138,127
FOODS_3_540,FOODS_3,FOODS,0,0,1,931,504,449,584,558,617,596,456,802,1834,1631,1523,1591,1872,2011,1909,2043,1944,1643,1553,2005,1747,1496,1293,1021,1098,1103,1172,778,96,75,63,0,0,146,280,1633,1147,0,0,938,690,0,1,0,0,255,1613,1685,47,13,11,464,387,387,1580,1797,1974,2152,2176,2141,1701
FOODS_3_541,FOODS_3,FOODS,383,2856,3884,4380,5099,8045,8471,6389,3741,2579,1381,2027,3434,3286,5479,5283,7460,9145,8304,7565,5615,5708,3255,2914,3023,3708,5994,4969,6332,9590,10516,10173,6269,2079,3295,2685,3484,3110,4282,4994,5851,6994,7259,6789,5601,225,762,2319,2745,2491,4458,636,7,4353,3759,5138,4247,1150,2,197,2329,2093,2033,0,8
FOODS_3_542,FOODS_3,FOODS,0,194,230,193,160,124,123,128,175,233,253,299,251,239,200,177,162,146,145,181,229,246,326,400,305,272,222,140,104,105,98,95,145,291,292,279,223,193,151,172,144,113,115,154,208,309,322,352,387,273,251,219,202,179,177,161,208,324,328,341,332,299,216,202,101
FOODS_3_543,FOODS_3,FOODS,0,0,259,98,170,198,231,214,221,256,273,173,1,4,16,302,224,194,171,147,170,176,130,167,282,203,328,137,236,124,119,129,150,138,127,134,150,141,176,168,71,2,0,97,116,127,144,152,145,113,157,138,103,108,136,140,85,5,0,0,2,130,176,153,81
FOODS_3_544,FOODS_3,FOODS,0,0,0,0,0,0,0,0,0,0,0,0,0,0,0,0,0,0,0,0,0,0,0,0,241,385,106,38,219,345,283,316,261,308,231,224,149,266,373,290,279,241,294,241,228,248,193,162,158,203,257,187,211,207,228,243,207,223,185,193,210,223,252,230,187
FOODS_3_545,FOODS_3,FOODS,0,0,0,0,0,0,0,0,0,0,0,0,0,0,0,0,0,0,0,0,0,0,0,0,0,0,0,0,0,0,0,13,195,325,268,251,277,372,493,399,393,305,287,368,439,474,415,332,310,287,239,282,441,374,391,461,546,551,415,362,408,443,500,490,379
FOODS_3_546,FOODS_3,FOODS,50,1004,1332,1379,1494,1631,2062,1745,1920,1266,620,629,831,1157,1192,1048,1641,1647,1750,1464,1667,1172,713,631,681,787,1160,1130,1494,1789,1715,1683,1088,885,660,663,766,803,826,1060,1590,1056,1702,1827,1461,1100,814,881,716,876,1129,1104,1269,1423,822,7,526,1197,800,768,769,828,978,1075,754
FOODS_3_547,FOODS_3,FOODS,370,2889,2804,2047,2919,3425,3686,3845,3773,3489,3173,3904,4288,3836,3545,2495,3674,3542,2919,3235,2627,3212,3197,3563,4096,3022,2789,2633,2704,2891,2645,3563,2501,3201,2972,2641,3008,3665,2625,2689,2719,3250,4006,3109,2341,2360,1833,2302,2273,1869,1650,2052,1667,2210,2527,2888,1918,2032,2578,2421,2530,1926,2132,1775,1438
FOODS_3_548,FOODS_3,FOODS,8,31,19,21,37,26,52,37,32,27,22,16,25,26,28,28,70,94,45,62,34,33,50,68,43,76,67,80,47,75,69,76,63,52,44,50,60,73,42,52,85,51,55,44,45,55,30,62,51,44,37,49,61,64,76,63,89,72,94,65,74,82,52,83,64
FOODS_3_549,FOODS_3,FOODS,0,0,0,0,0,0,0,0,0,0,0,0,0,0,0,0,0,0,0,0,0,0,0,0,0,0,0,0,0,0,0,0,0,0,0,0,46,245,365,230,238,280,326,249,265,239,224,170,238,193,196,48,43,44,44,38,54,56,29,29,47,58,51,204,148
FOODS_3_550,FOODS_3,FOODS,0,0,0,0,0,0,0,0,0,0,0,0,0,0,0,0,0,0,0,0,0,0,0,0,169,332,141,16,148,323,222,221,232,242,265,246,112,211,261,209,244,218,158,175,204,202,183,172,202,173,199,177,189,164,180,193,176,165,142,127,198,193,181,178,95
FOODS_3_551,FOODS_3,FOODS,13,50,0,0,234,310,349,447,287,334,284,287,297,299,252,275,253,280,263,302,370,387,301,346,352,370,430,324,352,320,287,305,402,389,318,349,312,351,431,413,352,293,396,82,18,220,356,311,389,351,454,437,448,376,361,378,340,358,356,261,346,339,371,348,278
FOODS_3_552,FOODS_3,FOODS,0,0,0,0,0,0,0,0,0,0,0,0,0,0,0,0,0,0,0,0,0,0,0,0,0,0,0,0,0,0,0,0,0,0,0,0,0,20,327,360,328,297,306,436,503,487,496,480,524,470,528,400,514,379,372,451,482,566,490,478,534,511,583,448,386
FOODS_3_553,FOODS_3,FOODS,0,0,0,0,0,0,0,0,0,0,0,0,0,0,0,0,0,0,0,0,0,0,0,0,0,0,0,0,0,0,0,0,46,260,256,195,225,228,256,217,207,203,193,191,188,193,210,184,217,206,214,182,205,212,218,237,237,246,248,223,252,259,238,245,161
FOODS_3_554,FOODS_3,FOODS,0,0,155,99,130,186,156,145,147,197,172,126,4,3,8,204,180,153,133,118,112,123,157,144,106,137,164,115,90,125,109,104,117,121,105,78,88,107,147,121,64,6,8,67,99,138,111,69,101,96,82,102,55,53,79,59,35,1,0,1,0,68,120,147,84
FOODS_3_555,FOODS_3,FOODS,850,7863,8909,9139,9202,9539,10719,12284,10373,10441,9776,10308,7745,8270,9288,8693,9378,9637,9538,10840,8729,8859,8979,9219,6828,7648,7368,6605,7411,7937,7884,8689,6897,7017,6967,7498,5697,6115,6453,6501,6854,7022,6987,6622,5980,6177,6271,7244,5658,6034,6475,5911,5966,6304,7394,8149,6833,7419,6805,7524,6025,6647,7009,7221,5257
FOODS_3_556,FOODS_3,FOODS,9,65,0,0,75,169,178,183,127,122,110,438,370,409,314,30,0,0,0,80,170,96,36,10,30,76,51,38,15,22,0,0,0,80,12,39,19,33,52,23,25,2,0,22,43,49,104,142,86,69,109,108,110,134,163,149,146,111,108,142,115,107,88,96,74
FOODS_3_557,FOODS_3,FOODS,0,0,0,0,0,0,0,0,0,0,0,0,0,0,0,0,0,0,0,0,0,0,0,0,0,0,0,0,0,0,0,0,0,0,0,205,839,226,6,360,964,922,50,9,7,177,1082,870,980,236,4,2,4,6,55,1074,907,1090,941,884,914,105,8,860,767
FOODS_3_558,FOODS_3,FOODS,30,226,234,229,200,168,152,164,210,281,266,221,256,210,240,178,183,219,172,159,154,174,174,212,204,152,242,189,201,165,152,161,169,183,122,1,0,40,170,169,165,135,128,183,141,161,60,0,2,66,130,136,129,126,125,139,128,157,27,2,7,4,3,123,113
FOODS_3_559,FOODS_3,FOODS,45,341,405,372,381,389,370,387,372,304,345,383,506,389,425,374,350,365,367,420,451,440,350,390,471,452,466,402,359,298,342,492,404,365,304,268,307,363,390,305,308,302,284,318,301,308,279,221,295,280,290,284,265,254,227,266,263,278,253,243,309,243,232,236,170
FOODS_3_560,FOODS_3,FOODS,0,0,0,0,0,0,0,0,0,0,0,0,0,0,0,36,120,68,77,175,234,199,175,192,444,192,192,171,242,196,217,146,140,219,194,228,295,306,354,282,261,263,258,248,258,187,193,170,594,268,199,242,208,221,183,221,196,231,258,220,278,342,530,626,425
FOODS_3_561,FOODS_3,FOODS,0,0,0,0,0,0,0,0,0,0,0,0,0,0,0,0,0,0,0,0,0,0,0,0,0,0,0,0,0,0,47,952,993,992,825,854,849,780,819,990,916,891,830,824,848,836,776,730,838,824,886,919,952,819,922,981,1010,934,854,797,741,781,1481,1095,701
FOODS_3_562,FOODS_3,FOODS,50,376,424,324,298,275,322,319,338,562,357,403,493,467,714,638,582,652,544,581,547,564,540,450,416,527,558,617,530,533,505,463,515,592,586,634,698,623,770,771,797,790,1005,1063,956,941,905,815,795,611,678,728,871,864,905,901,710,815,915,802,839,804,744,819,704
FOODS_3_563,FOODS_3,FOODS,0,0,0,0,0,0,0,0,0,0,0,0,0,0,0,0,0,0,0,0,0,0,0,0,0,0,0,0,0,0,0,0,0,0,0,0,0,0,0,0,0,0,0,0,0,0,0,0,79,46,0,0,0,22,201,230,188,232,224,259,254,189,2,2,0
FOODS_3_564,FOODS_3,FOODS,83,523,536,402,0,0,0,0,525,605,390,408,439,8,2,3,0,2,5,27,10,10,6,0,0,241,202,210,251,231,304,242,225,164,188,214,187,59,0,0,0,0,0,0,0,0,0,45,193,205,217,207,187,218,254,298,240,217,190,144,161,179,206,228,138
FOODS_3_565,FOODS_3,FOODS,30,315,384,432,464,447,462,463,469,483,404,356,315,329,432,429,456,416,365,347,335,371,322,329,322,239,315,265,241,219,248,248,242,305,245,330,276,285,399,357,470,390,417,452,497,406,383,422,343,318,367,417,515,598,591,571,533,538,577,540,514,538,551,579,467
FOODS_3_566,FOODS_3,FOODS,0,0,0,0,0,0,0,0,0,0,0,0,23,2,0,0,0,0,0,0,9,123,310,235,334,267,321,358,459,718,1155,801,745,819,733,908,1171,1673,1644,952,658,713,957,843,867,653,721,755,660,697,853,657,1008,732,670,1021,861,1048,878,955,1029,1262,1263,1050,1197
FOODS_3_567,FOODS_3,FOODS,46,407,366,232,0,0,0,2,201,216,183,200,193,8,0,0,0,0,0,15,2,0,2,1,0,202,224,241,193,190,191,145,128,154,66,111,135,140,0,0,0,0,0,0,0,0,0,1,168,163,172,158,133,172,161,230,128,163,104,96,144,144,138,147,109
FOODS_3_568,FOODS_3,FOODS,0,0,0,0,0,0,0,0,0,0,0,0,15,0,0,0,0,0,0,0,13,109,247,216,256,330,286,261,256,392,937,792,553,465,507,563,715,702,892,655,568,482,625,643,646,577,524,499,599,479,569,552,707,531,420,689,617,731,593,686,627,698,782,775,557
FOODS_3_569,FOODS_3,FOODS,65,819,705,541,516,401,509,446,528,470,307,338,410,366,307,261,234,190,15,5,4,6,7,6,8,4,7,1,5,94,274,501,513,376,233,272,339,409,377,371,390,352,342,448,385,416,382,342,291,431,402,294,328,288,291,255,266,338,220,267,406,431,409,391,358
FOODS_3_570,FOODS_3,FOODS,0,0,0,0,0,0,0,0,0,0,377,1480,1700,1394,1410,1161,1407,1518,1679,1635,1627,1471,1384,1523,1755,1660,1609,1711,1973,1956,1847,1712,1496,1531,1382,1522,1694,1517,1609,1630,1650,1876,1822,1701,1473,1453,1317,1482,1587,1424,1346,1377,1350,1241,1350,1221,1238,1225,1141,1168,1210,1011,1411,1268,1086
FOODS_3_571,FOODS_3,FOODS,0,0,0,0,55,176,293,252,255,127,4,768,468,239,213,208,184,230,177,220,236,370,492,469,209,169,223,251,177,145,114,143,124,23,9,17,355,199,174,148,160,164,173,159,123,80,6,4,312,225,222,208,184,212,193,225,178,121,6,4,92,173,183,154,155
FOODS_3_572,FOODS_3,FOODS,100,833,923,987,963,1037,1054,1192,1085,1140,1027,1110,938,1017,1162,1235,1431,1505,1577,1619,1498,1451,1662,1743,1365,1506,1720,1725,1720,1414,1589,1564,1575,1801,1654,1679,1503,1354,1678,1478,1434,1483,1535,1712,1418,1535,1426,1352,597,0,0,0,0,0,0,0,0,0,0,99,1698,1975,2365,2647,2134
FOODS_3_573,FOODS_3,FOODS,0,0,0,0,0,0,0,0,0,0,0,0,18,3,12,0,0,0,0,0,16,120,252,281,345,332,292,236,306,622,929,946,595,680,607,721,925,1328,1210,704,506,546,814,766,643,656,583,587,668,563,642,702,708,679,502,868,772,814,689,980,771,940,982,830,893
FOODS_3_574,FOODS_3,FOODS,62,1303,1444,1957,1872,1899,3037,2683,2651,1950,1089,1030,1384,1562,1524,1545,1946,2291,2580,2228,1970,1006,676,679,789,939,1350,1483,1862,2176,1966,2120,1583,1003,663,597,680,824,898,1212,1546,1175,1526,2006,1356,975,1035,958,607,825,1102,1230,1331,1471,1063,7,325,834,841,816,1116,1071,1165,1247,994
FOODS_3_575,FOODS_3,FOODS,0,0,0,0,0,0,0,0,0,0,0,0,0,0,0,0,0,0,0,0,0,0,0,0,0,0,0,0,0,0,0,0,0,0,0,0,0,0,0,0,0,25,50,29,18,13,19,19,123,140,147,195,86,51,99,159,103,54,108,155,185,179,187,144,122
FOODS_3_576,FOODS_3,FOODS,0,0,0,0,0,0,0,0,0,0,0,0,0,0,0,0,0,0,0,0,0,0,0,0,0,0,0,0,0,0,0,0,0,0,0,0,16,117,129,107,125,157,147,155,133,116,91,87,123,113,129,127,153,188,157,183,133,125,139,152,163,189,206,207,134
FOODS_3_577,FOODS_3,FOODS,63,664,678,698,614,723,797,789,733,850,739,617,779,675,816,735,742,673,500,454,588,642,534,524,622,466,636,566,565,488,470,531,447,439,376,474,580,587,641,681,564,587,577,583,551,502,412,371,532,512,521,587,465,453,444,453,392,399,395,257,9,4,181,439,337
FOODS_3_578,FOODS_3,FOODS,42,405,438,431,357,401,421,425,404,318,268,234,198,216,304,321,367,329,298,309,322,254,441,535,692,751,976,788,719,784,786,777,844,833,781,794,752,740,797,956,991,834,952,805,399,931,1037,1176,1518,1120,1299,664,753,1321,248,1405,1089,965,1565,1422,956,2,0,642,1303
FOODS_3_579,FOODS_3,FOODS,0,0,0,0,0,0,0,0,0,0,0,0,0,0,0,0,0,0,0,0,0,0,0,0,0,207,1334,496,318,297,272,357,292,287,316,260,314,264,285,248,233,243,236,234,258,301,241,243,100,181,184,171,165,184,163,169,193,171,212,177,192,157,195,172,110
FOODS_3_580,FOODS_3,FOODS,297,2165,2223,1846,2167,2208,2706,2861,3151,3505,2647,3480,3281,3024,2823,2387,2827,2253,3263,2963,2731,2535,2131,1979,2541,2120,2743,1984,2277,1854,2638,2212,1863,1900,2107,1893,2482,1361,1347,1149,1577,1556,2469,2278,1586,1725,1848,2110,2141,1767,1540,1926,1877,3126,1934,1958,1766,1643,1583,1795,2085,1716,1728,1318,1056
FOODS_3_581,FOODS_3,FOODS,30,238,225,201,197,186,196,174,175,235,318,315,229,177,213,203,178,182,182,160,151,144,256,279,184,166,166,164,178,202,179,179,195,228,283,335,266,206,250,262,200,192,232,132,197,198,295,272,229,187,216,192,182,191,200,158,167,194,296,355,215,194,235,247,179
FOODS_3_582,FOODS_3,FOODS,3,51,112,222,222,241,242,203,145,103,78,109,98,168,223,303,529,448,392,299,237,167,105,125,133,200,268,292,350,412,497,371,251,267,185,148,195,179,314,297,293,239,248,210,165,118,103,92,66,140,287,341,155,0,1,77,169,166,184,176,169,208,291,412,377
FOODS_3_583,FOODS_3,FOODS,0,0,0,0,0,0,0,0,0,0,0,0,0,0,0,0,0,0,0,0,0,0,0,0,0,0,0,0,0,0,0,0,0,0,0,26,15,2,352,1119,832,531,582,685,683,444,436,485,669,506,573,384,389,150,187,295,360,395,456,370,410,373,409,403,305
FOODS_3_584,FOODS_3,FOODS,78,953,773,633,566,708,704,666,680,724,646,627,661,631,616,557,560,569,665,785,619,682,652,715,864,667,639,484,549,686,650,556,557,595,459,425,537,482,518,528,465,512,523,515,433,544,427,347,431,412,355,324,280,434,495,402,425,490,440,385,300,376,454,360,259
FOODS_3_585,FOODS_3,FOODS,23,344,369,375,422,411,382,431,334,408,314,378,444,410,435,100,1,1,0,2,10,12,2,2,5,2,5,373,409,421,452,473,486,529,481,414,446,398,501,531,547,495,435,479,460,554,439,418,451,416,539,445,428,457,460,383,376,378,351,331,326,277,305,373,285
FOODS_3_586,FOODS_3,FOODS,1323,13154,14416,15067,15437,15797,17017,19722,17292,18026,17153,18380,13819,14352,15666,15379,16086,16275,16271,18535,16306,16315,16141,17597,12920,13379,14443,12928,13940,15049,15352,17342,13858,13637,13627,14197,11000,11202,12239,12108,12818,13663,16799,18391,14442,14374,13355,14530,11123,11175,11721,11911,13398,14290,16012,16993,13416,14543,13733,14603,11367,12222,12556,12415,9639
FOODS_3_587,FOODS_3,FOODS,885,9979,9084,10215,9197,7798,8063,8825,7619,8079,8126,7168,8189,7377,8204,7381,8045,6050,5599,5895,5990,7316,6572,7050,7799,186,784,402,47,94,63,631,992,1616,1850,2101,3074,7248,7980,6828,6856,7632,6912,4747,3860,6627,9052,8141,8744,7397,8064,6918,7800,8212,8155,7570,7484,7907,6864,6839,8101,8204,7624,7149,4899
FOODS_3_588,FOODS_3,FOODS,0,0,0,0,0,0,0,0,0,0,0,0,0,0,0,0,0,0,0,0,0,0,0,0,0,0,0,0,0,0,0,5,217,290,276,268,236,220,279,288,273,248,295,283,287,293,344,413,410,361,362,396,385,407,356,348,347,400,410,447,467,431,453,351,318
FOODS_3_589,FOODS_3,FOODS,0,0,0,0,0,0,0,0,0,0,0,0,0,0,0,0,0,0,0,0,0,0,0,0,0,156,1552,1318,1292,988,745,712,589,438,513,556,654,664,644,786,851,920,1002,1140,781,763,694,578,544,527,548,616,711,568,689,940,807,761,637,567,561,74,11,12,471
FOODS_3_590,FOODS_3,FOODS,96,998,844,710,588,760,776,691,382,3,7,917,1633,1405,1192,1461,1472,746,7,31,3,5,3,1,0,2,2,6,3,300,755,710,823,800,245,11,10,20,13,15,529,571,625,752,670,510,20,7,11,4,79,1217,881,734,780,778,735,645,20,15,9,15,528,858,557
FOODS_3_591,FOODS_3,FOODS,32,298,341,329,415,345,289,330,299,267,222,188,209,261,228,294,248,229,211,299,277,280,251,202,298,317,256,323,287,251,296,283,223,239,227,256,277,206,273,313,269,342,339,425,484,279,209,138,231,227,226,174,179,236,235,204,174,233,215,167,210,190,228,214,186
FOODS_3_592,FOODS_3,FOODS,0,1,389,650,784,799,863,964,916,879,553,606,895,789,936,850,567,546,182,586,611,525,473,532,675,706,728,788,677,662,670,719,909,684,204,27,92,649,687,603,609,77,57,785,625,552,484,306,24,13,117,551,546,449,75,14,19,597,567,508,640,93,890,918,597
FOODS_3_593,FOODS_3,FOODS,0,0,0,0,0,0,213,279,245,301,224,296,189,216,216,211,184,223,185,266,237,210,229,315,181,15,25,12,9,5,0,3,0,1,2,3,23,159,178,125,119,138,112,88,91,100,99,136,100,107,151,120,119,116,173,155,133,137,156,203,146,178,206,173,165
FOODS_3_594,FOODS_3,FOODS,117,827,992,1076,1216,1809,2178,2512,1548,738,549,835,947,1400,1917,1512,1374,1913,2034,1873,1252,1550,938,775,887,959,1185,865,1071,1245,1562,1410,1250,1031,836,739,922,882,1030,974,1063,1069,1359,1470,1290,138,221,744,673,681,914,75,0,1408,1465,1328,1298,361,15,78,921,974,942,0,9
FOODS_3_595,FOODS_3,FOODS,0,0,0,0,0,0,0,0,0,0,0,0,0,0,0,0,0,0,0,0,0,0,0,0,0,0,0,0,0,0,0,12,73,216,203,179,205,193,220,214,211,215,247,271,310,302,316,324,325,371,273,0,0,0,136,220,267,252,303,237,237,306,296,325,226
FOODS_3_596,FOODS_3,FOODS,67,508,558,510,530,502,524,483,219,515,497,483,605,590,535,552,514,458,481,561,675,705,661,683,768,713,794,636,456,473,615,655,537,507,451,417,446,430,540,437,461,423,315,437,559,742,520,407,437,471,466,398,429,452,386,472,448,500,480,433,478,492,401,435,356
FOODS_3_597,FOODS_3,FOODS,0,0,0,0,0,0,0,0,0,0,0,0,0,0,0,0,0,0,0,0,0,0,0,0,0,0,0,0,157,188,161,136,140,134,110,136,139,143,185,156,165,152,126,137,119,112,97,128,154,115,127,123,118,141,139,132,103,117,96,80,105,74,72,98,78
FOODS_3_598,FOODS_3,FOODS,0,0,0,0,0,0,0,0,0,0,0,0,0,0,0,452,780,705,739,906,752,756,696,785,855,870,986,947,915,770,771,808,833,750,787,922,959,846,811,690,568,594,523,178,324,802,817,828,860,754,842,869,555,725,659,775,791,1024,1111,1071,964,983,1122,1129,904
FOODS_3_599,FOODS_3,FOODS,0,0,0,0,0,0,0,0,0,0,0,0,0,0,0,0,0,0,0,0,0,0,0,0,0,0,0,0,0,0,0,0,0,0,0,0,0,0,0,0,0,0,139,453,384,399,441,453,502,402,335,291,419,389,519,402,451,586,487,494,600,432,409,506,372
FOODS_3_600,FOODS_3,FOODS,0,0,0,0,0,0,0,0,0,0,0,0,0,0,0,0,0,0,0,0,0,0,0,0,0,0,19,317,5,0,64,313,280,293,244,239,243,228,249,216,24,13,277,292,253,227,237,234,249,211,0,0,92,312,279,248,204,256,216,8,0,0,182,167,146
FOODS_3_601,FOODS_3,FOODS,0,0,0,0,0,0,0,0,0,0,0,0,0,0,0,0,0,0,0,0,0,0,0,0,0,0,0,0,0,0,7,28,36,38,33,26,43,27,21,10,8,10,12,33,58,68,51,60,69,47,75,55,50,33,53,52,66,52,59,72,69,61,72,65,39
FOODS_3_602,FOODS_3,FOODS,0,0,0,0,0,0,0,0,0,0,0,0,0,0,0,0,0,0,0,0,0,0,0,0,0,0,0,0,0,0,0,0,0,0,0,0,0,0,0,0,0,0,0,8,96,168,1,0,0,0,19,396,323,331,341,352,398,315,4,3,4,2,425,752,398
FOODS_3_603,FOODS_3,FOODS,0,0,0,0,0,0,0,0,0,0,0,0,0,0,0,0,0,0,0,0,0,0,0,0,0,0,0,0,0,0,0,0,0,0,0,0,0,194,346,219,304,142,224,245,134,188,441,481,560,582,678,628,698,621,556,780,769,771,562,738,765,983,881,856,845
FOODS_3_604,FOODS_3,FOODS,0,0,0,0,0,0,0,0,0,0,0,0,0,0,0,0,0,0,0,0,0,0,0,0,0,0,0,0,0,0,0,0,315,542,522,500,520,463,457,386,374,389,416,412,394,420,405,353,401,418,416,418,419,379,382,471,396,422,397,434,477,447,432,463,303
FOODS_3_605,FOODS_3,FOODS,24,432,417,334,268,235,218,232,134,5,3,231,420,395,396,268,259,208,6,13,11,4,4,2,3,2,4,5,7,127,223,364,309,367,137,8,6,9,2,5,344,431,393,418,395,323,7,0,5,1,24,619,440,385,376,400,348,303,7,9,8,6,273,527,327
FOODS_3_606,FOODS_3,FOODS,0,0,0,0,0,0,0,0,0,0,0,0,0,0,0,0,0,0,0,0,0,0,0,0,0,0,0,154,339,327,298,154,11,11,328,336,493,461,392,397,320,514,276,9,211,485,311,218,327,239,265,358,323,224,84,427,455,456,450,412,397,369,414,421,331
FOODS_3_607,FOODS_3,FOODS,0,0,0,0,0,0,0,0,0,0,0,0,205,3244,7041,6789,7537,5654,3232,3047,3494,3660,3380,3197,2748,490,262,2453,133,35,30,2090,8118,6340,6557,6782,6750,7653,6543,8390,7860,8091,7256,7395,6337,6063,4852,4979,4629,4237,4069,4309,2860,2917,2808,3332,3326,3490,3113,3023,2600,3264,3797,2580,2395
FOODS_3_608,FOODS_3,FOODS,0,0,234,235,0,0,0,0,336,325,250,272,340,8,3,3,1,5,2,15,8,0,0,0,1,324,369,392,385,366,366,339,257,229,211,196,251,51,0,0,0,0,0,0,0,0,0,3,201,195,203,299,289,244,262,283,251,252,203,250,227,182,204,240,209
FOODS_3_609,FOODS_3,FOODS,0,0,0,0,0,0,0,0,0,0,0,0,0,0,0,0,0,0,0,252,122,2,5,64,171,144,424,241,348,296,430,310,140,254,141,118,198,202,191,172,211,240,202,217,277,304,321,237,385,385,109,3,4,480,557,685,508,545,502,392,513,548,494,542,475
FOODS_3_610,FOODS_3,FOODS,35,303,442,502,417,384,432,426,526,563,477,530,500,530,528,470,635,671,542,615,577,538,491,558,582,552,620,462,473,478,441,425,478,506,418,350,394,400,474,466,459,447,343,360,360,386,365,345,440,316,388,350,323,405,491,382,315,358,306,297,306,267,318,320,224
FOODS_3_611,FOODS_3,FOODS,105,1237,1226,1102,873,695,813,903,839,902,973,1089,1079,716,685,717,534,473,424,355,465,398,390,498,407,104,94,35,3,8,3,45,82,126,116,160,202,442,354,268,248,213,288,201,186,342,344,342,429,407,420,311,372,383,352,479,547,576,410,462,517,477,362,344,290
FOODS_3_612,FOODS_3,FOODS,0,4,0,0,28,116,119,104,83,245,174,165,201,113,153,146,115,206,140,163,195,188,163,155,188,183,189,266,208,251,311,247,162,196,240,297,347,213,219,184,154,199,171,169,161,188,152,134,194,250,256,269,229,154,101,140,115,106,178,157,234,255,231,193,148
FOODS_3_613,FOODS_3,FOODS,0,0,0,0,0,0,0,0,0,0,0,0,0,0,0,0,0,0,0,0,0,0,0,0,0,0,0,0,0,0,0,0,0,0,0,0,0,0,0,0,0,0,0,0,0,0,0,2,249,219,163,219,188,113,78,280,325,256,182,153,259,173,164,147,122
FOODS_3_614,FOODS_3,FOODS,88,694,1093,940,1215,1199,1385,1696,1088,706,578,627,847,1051,1706,1461,995,1271,1558,1189,1008,882,589,654,759,628,629,779,755,866,956,515,578,488,445,413,536,410,504,544,669,829,701,666,742,96,159,540,712,514,645,97,13,1137,1097,1035,842,257,31,46,543,626,616,0,4
FOODS_3_615,FOODS_3,FOODS,23,304,362,366,373,384,403,395,437,482,451,388,464,458,423,434,539,532,477,493,395,418,483,448,434,355,429,454,485,430,429,405,402,362,316,321,330,295,182,233,323,105,279,126,346,303,282,315,323,250,150,182,304,84,297,145,262,379,346,337,338,347,355,337,225
FOODS_3_616,FOODS_3,FOODS,53,399,424,516,487,408,428,507,584,497,362,283,420,379,412,306,334,251,274,335,324,386,319,304,367,337,337,281,270,231,259,251,318,390,292,327,393,346,399,312,294,245,214,292,275,273,257,250,288,297,366,362,413,320,348,439,467,447,397,324,431,365,461,403,355
FOODS_3_617,FOODS_3,FOODS,51,367,426,366,438,320,401,985,653,473,344,358,463,506,510,427,420,398,442,523,479,504,392,425,493,410,501,463,453,400,375,599,691,662,491,523,580,635,710,480,613,575,755,740,655,654,636,572,594,543,668,653,611,516,620,878,672,660,612,523,659,586,651,619,510
FOODS_3_618,FOODS_3,FOODS,0,0,0,0,0,0,0,0,0,0,0,0,0,0,0,0,0,0,0,0,490,933,1424,1200,1213,929,14,395,816,309,0,0,0,423,541,0,0,0,0,0,0,0,0,751,989,352,0,0,0,0,0,0,0,0,0,298,497,340,538,0,0,0,867,1412,490
FOODS_3_619,FOODS_3,FOODS,0,0,0,0,0,0,0,0,0,0,0,0,0,0,0,0,0,0,0,0,0,0,0,0,0,87,94,137,143,138,130,153,130,144,21,0,10,102,125,122,136,121,127,134,140,31,0,3,77,93,81,71,84,100,102,142,109,90,4,0,62,101,80,103,80
FOODS_3_620,FOODS_3,FOODS,0,0,0,0,0,0,0,0,113,191,256,245,240,283,308,305,341,276,235,228,211,186,157,177,161,9,14,8,7,15,14,9,7,12,3,2,27,127,146,122,103,115,123,136,131,108,105,132,117,92,117,140,147,203,199,215,189,207,173,228,239,237,237,240,162
FOODS_3_621,FOODS_3,FOODS,0,0,0,0,0,0,0,0,0,0,0,0,0,0,0,0,0,0,0,0,0,0,0,0,0,0,0,0,0,0,0,0,0,0,0,0,0,0,0,0,0,0,0,0,15,208,363,359,406,392,424,385,419,430,460,409,430,294,391,435,508,387,434,424,320
FOODS_3_622,FOODS_3,FOODS,19,176,186,156,149,138,189,193,138,185,152,123,150,172,152,103,232,204,179,142,118,153,174,129,97,161,178,177,126,185,200,185,170,174,174,167,167,154,171,171,157,112,148,154,124,133,155,119,138,115,147,143,140,118,121,110,104,121,125,119,108,141,160,155,123
FOODS_3_623,FOODS_3,FOODS,0,0,0,0,0,0,0,0,0,0,0,0,0,0,0,0,0,0,0,0,0,0,0,0,106,212,108,14,118,179,176,160,161,190,192,242,256,225,231,135,187,167,169,154,153,151,130,133,170,114,182,96,133,109,151,153,114,140,105,107,128,127,144,114,94
FOODS_3_624,FOODS_3,FOODS,0,0,0,0,0,0,0,0,0,0,0,0,0,0,0,0,0,0,0,0,0,171,386,303,385,224,411,407,521,386,166,185,135,275,226,198,289,222,295,299,241,336,367,335,301,332,226,218,259,223,250,302,269,309,334,361,335,322,261,236,331,271,245,282,195
FOODS_3_625,FOODS_3,FOODS,0,0,0,0,0,0,0,0,0,0,0,4,38,145,163,141,197,170,182,152,150,177,167,196,214,206,232,238,250,286,256,233,212,219,241,221,215,209,330,272,322,289,283,238,167,218,203,220,153,199,213,223,242,251,287,307,290,279,270,268,257,233,278,271,190
FOODS_3_626,FOODS_3,FOODS,0,0,0,0,0,0,0,0,0,0,0,0,0,0,0,0,0,0,0,0,0,0,0,0,0,0,0,0,0,0,0,0,0,0,0,0,0,0,0,0,0,28,91,107,85,66,66,77,78,75,83,92,72,65,95,103,136,124,111,92,130,134,104,98,82
FOODS_3_627,FOODS_3,FOODS,0,0,1,52,180,176,185,177,179,193,181,141,149,138,137,111,111,183,175,188,171,179,215,189,176,212,156,206,225,153,210,87,20,18,150,158,193,143,179,163,145,126,107,5,87,165,161,116,81,170,141,137,113,70,13,86,165,175,170,153,143,181,189,208,115
FOODS_3_628,FOODS_3,FOODS,66,674,541,626,564,555,619,641,520,479,512,723,655,256,3,224,678,720,718,653,682,772,761,1177,916,891,935,855,1019,970,1028,980,981,748,820,919,877,750,707,768,798,721,790,843,691,839,761,966,750,735,630,565,653,607,581,0,0,250,780,963,871,979,974,924,761
FOODS_3_629,FOODS_3,FOODS,10,113,140,165,136,138,146,135,117,170,356,395,144,139,141,137,130,162,141,57,9,15,429,410,201,167,213,177,161,283,294,240,204,206,467,306,192,138,147,134,155,178,156,198,154,177,328,308,175,146,141,147,184,200,173,156,184,161,252,267,163,174,165,166,138
FOODS_3_630,FOODS_3,FOODS,21,140,138,112,156,164,172,131,155,103,83,91,116,113,160,141,142,175,210,160,171,165,133,154,156,154,154,171,198,169,91,83,63,33,5,5,1,3,3,162,157,165,152,159,143,138,97,107,101,115,102,22,19,22,23,17,20,18,15,0,0,2,10,120,116
FOODS_3_631,FOODS_3,FOODS,22,297,257,295,287,295,250,286,245,287,278,284,301,259,264,243,242,223,241,254,188,251,270,279,269,248,268,256,234,234,226,269,261,274,282,294,326,221,273,235,241,223,280,252,237,254,319,279,332,229,270,223,226,204,248,282,270,288,255,306,352,313,296,265,196
FOODS_3_632,FOODS_3,FOODS,31,256,95,77,197,353,389,382,330,313,298,311,282,379,510,428,299,274,318,326,336,325,296,356,284,281,308,299,313,312,305,307,357,327,339,287,328,304,387,436,502,525,643,599,568,567,503,457,389,375,501,504,508,538,615,549,569,596,396,396,416,419,430,594,357
FOODS_3_633,FOODS_3,FOODS,0,0,0,0,0,0,0,0,0,0,0,0,0,0,0,0,0,0,0,0,0,0,0,0,0,0,0,0,0,0,0,0,0,0,0,0,0,0,0,0,69,98,48,4,77,118,141,74,103,64,49,16,1,0,17,49,60,83,205,322,305,129,139,146,108
FOODS_3_634,FOODS_3,FOODS,61,634,598,650,643,657,641,563,575,502,404,649,634,212,0,233,651,663,694,690,765,830,939,1225,1024,1055,1096,948,384,1147,1163,1199,1187,983,985,1161,1098,923,866,917,1023,884,1079,1189,960,1067,993,1331,1025,991,807,701,845,763,812,0,0,349,892,1171,1282,1182,1005,1028,810
FOODS_3_635,FOODS_3,FOODS,399,2828,3745,4769,6071,8962,7774,5161,3678,2261,2054,2400,3654,3813,4097,4524,7883,9680,8440,9010,6335,5086,3020,2859,3199,4202,6326,5684,7325,10491,10423,10655,6108,2428,2612,2695,3161,3552,5131,5153,5373,6693,8055,7840,5461,248,758,2527,2785,2776,4668,729,8,3564,4380,5087,4356,1117,6,180,3033,2521,2320,12,29
FOODS_3_636,FOODS_3,FOODS,0,0,0,0,0,0,0,0,0,0,0,0,0,0,0,0,0,0,0,0,0,0,0,0,0,0,0,0,0,0,112,370,453,589,487,436,577,488,1492,1433,1253,1298,1302,2057,1990,1784,1770,1115,1036,952,1302,1329,1481,273,1394,1569,1371,817,837,1193,1359,1099,733,1261,1019
FOODS_3_637,FOODS_3,FOODS,0,0,0,0,0,0,0,0,0,0,0,0,0,0,0,0,0,0,0,0,0,0,0,0,108,189,78,18,117,191,180,150,129,154,155,141,172,153,180,136,141,135,158,138,153,126,144,124,184,140,147,127,123,123,140,149,165,163,129,163,170,181,177,147,104
FOODS_3_638,FOODS_3,FOODS,0,0,0,0,0,0,0,0,0,0,0,0,0,0,0,0,0,0,0,0,0,0,0,0,0,372,905,866,602,1379,1087,1106,943,957,751,677,888,727,739,874,890,663,930,1026,854,744,583,518,523,565,612,681,682,326,429,649,543,561,481,577,613,529,686,759,484
FOODS_3_639,FOODS_3,FOODS,0,0,0,0,0,0,0,0,0,0,0,0,0,0,0,0,0,0,0,0,0,0,0,0,0,0,0,0,0,0,0,0,0,0,0,0,0,235,750,684,468,503,481,498,604,578,544,529,528,528,494,484,572,541,560,623,668,707,568,536,507,611,789,631,404
FOODS_3_640,FOODS_3,FOODS,0,0,0,0,0,0,0,0,0,0,0,0,0,0,0,0,0,0,0,0,0,0,0,0,0,0,0,45,166,61,46,1,0,0,0,0,0,0,0,0,0,0,0,0,10,166,276,283,364,353,383,318,314,400,418,434,418,442,429,400,466,454,467,425,303
FOODS_3_641,FOODS_3,FOODS,0,0,0,0,0,0,0,0,0,0,0,0,0,0,0,0,0,0,0,0,0,0,0,0,0,0,0,0,0,0,0,0,60,282,180,136,233,270,256,173,227,155,183,195,222,184,127,146,225,192,254,269,231,192,233,220,208,211,203,168,278,306,310,348,272
FOODS_3_642,FOODS_3,FOODS,0,0,0,0,0,0,0,0,0,0,0,0,4,0,242,272,211,192,144,163,170,194,188,226,202,175,179,191,174,188,165,177,183,176,47,4,8,3,6,3,2,6,10,2,3,2,104,200,168,169,185,228,222,217,211,211,245,251,169,192,227,233,230,243,183
FOODS_3_643,FOODS_3,FOODS,0,0,287,204,0,0,0,0,336,423,315,302,365,11,0,0,0,5,3,21,8,6,2,1,3,419,445,640,628,652,476,502,410,446,304,272,325,297,0,0,0,0,0,0,0,0,0,19,368,282,295,190,323,338,267,336,246,287,222,239,276,269,225,247,211
FOODS_3_644,FOODS_3,FOODS,35,251,278,242,283,306,388,400,338,340,277,335,268,239,297,373,388,366,354,259,276,364,408,408,259,377,312,187,272,301,340,380,201,214,219,237,218,254,493,553,562,585,600,550,563,574,435,488,598,543,690,662,915,933,752,945,1144,1140,1066,1237,1035,1155,45,2,0
FOODS_3_645,FOODS_3,FOODS,59,211,0,0,308,548,525,664,533,558,375,384,412,372,446,375,28,5,14,711,533,386,553,464,445,482,318,324,322,197,54,133,268,494,372,320,317,15,3,136,316,305,20,5,3,64,221,243,283,67,0,6,245,331,317,62,1,304,375,319,427,51,180,773,361
FOODS_3_646,FOODS_3,FOODS,61,920,870,505,501,595,561,539,319,10,3,887,1188,1176,918,1133,1052,610,6,42,7,17,2,7,4,9,4,10,6,247,619,600,638,645,207,3,9,8,10,3,537,484,457,483,498,356,10,8,5,5,42,780,479,361,506,570,454,440,12,5,12,5,452,630,458
FOODS_3_647,FOODS_3,FOODS,0,0,0,0,0,0,0,0,0,0,0,0,0,0,0,0,0,0,0,0,0,0,0,0,0,0,0,0,0,0,0,0,0,0,0,0,0,0,0,0,0,0,0,0,0,0,0,0,39,885,647,474,543,647,546,703,637,620,403,434,386,43,0,0,260
FOODS_3_648,FOODS_3,FOODS,0,0,199,297,284,337,391,443,273,294,285,264,327,281,315,297,262,282,254,363,223,290,267,294,243,381,376,376,344,490,512,526,489,480,385,319,349,382,403,460,447,427,400,529,373,400,243,314,355,442,424,450,448,540,494,493,451,450,401,368,492,449,355,460,349
FOODS_3_649,FOODS_3,FOODS,0,0,0,0,0,0,0,0,0,0,0,0,0,0,66,227,258,303,258,186,206,201,155,62,1,5,5,5,125,181,145,156,153,175,180,132,138,151,132,135,137,147,143,21,2,5,95,119,144,141,132,104,132,103,98,105,85,77,66,58,1,1,3,86,87
FOODS_3_650,FOODS_3,FOODS,0,0,0,0,0,0,0,0,0,0,0,0,0,0,0,0,0,0,0,0,0,0,0,0,0,0,0,0,0,0,22,172,185,218,226,231,266,199,226,239,193,189,192,196,190,160,177,210,203,206,223,219,214,163,214,222,190,208,182,219,283,243,392,349,200
FOODS_3_651,FOODS_3,FOODS,67,583,594,556,540,640,556,581,576,603,652,631,654,544,608,620,624,579,575,540,475,506,537,486,519,451,540,487,501,478,398,37,36,49,19,4,1,5,20,9,5,9,208,478,458,462,417,471,473,491,621,597,601,710,675,752,590,654,446,499,499,503,619,511,324
FOODS_3_652,FOODS_3,FOODS,0,0,0,0,96,636,669,647,783,947,670,597,860,929,910,981,939,828,799,1,732,982,702,771,988,752,790,1010,972,1056,1031,947,981,916,887,818,778,951,887,1417,1809,1547,1027,1081,1305,1193,983,1045,994,1313,1615,1549,1527,1419,1429,1675,1546,1395,1249,1145,1338,1395,1647,1497,1097
FOODS_3_653,FOODS_3,FOODS,0,0,0,0,0,0,0,0,0,0,0,0,0,0,0,0,0,0,0,0,4,155,153,143,95,194,347,171,132,135,659,698,360,379,359,429,590,650,482,448,396,426,362,516,547,599,539,530,597,593,740,642,659,537,526,618,528,553,368,531,463,534,458,487,357
FOODS_3_654,FOODS_3,FOODS,30,526,588,744,806,1023,1234,959,662,516,409,458,290,342,417,386,402,425,490,452,403,405,491,419,220,392,585,576,619,757,780,957,659,701,694,770,716,711,964,885,893,969,1104,1214,715,698,608,683,605,714,913,925,1250,1387,1756,1966,1716,1534,1375,1306,1051,1389,1596,1737,1403
FOODS_3_655,FOODS_3,FOODS,103,1039,1348,1357,1619,1607,1565,1518,1508,1146,685,1117,1107,917,1044,817,968,1016,308,261,194,170,152,123,135,167,153,173,806,811,844,692,687,682,625,537,558,633,672,619,568,559,541,617,550,547,551,426,530,493,511,514,503,446,505,550,570,530,430,465,503,432,415,455,349
FOODS_3_656,FOODS_3,FOODS,0,391,759,793,622,805,703,504,470,537,518,564,467,480,461,414,324,345,337,346,404,391,423,434,590,478,298,402,331,371,343,352,253,240,229,151,270,254,231,147,67,144,202,269,240,202,276,231,8,2,2,328,230,235,188,146,103,26,55,333,319,255,264,236,151
FOODS_3_657,FOODS_3,FOODS,9,424,688,625,589,587,960,883,702,794,753,743,664,818,837,690,665,705,621,700,700,865,813,865,710,594,533,466,431,453,452,444,378,408,430,395,466,518,427,689,180,8,5,6,2,2,9,0,462,52,587,566,92,374,701,540,33,633,554,492,536,382,379,365,267
FOODS_3_658,FOODS_3,FOODS,0,0,0,0,0,0,0,0,0,0,0,0,0,0,0,0,0,0,0,0,0,0,0,0,0,0,0,0,247,292,328,337,305,351,234,220,239,221,259,224,206,215,157,181,167,165,189,191,198,191,216,173,176,183,223,246,209,233,221,162,176,150,166,211,144
FOODS_3_659,FOODS_3,FOODS,0,0,0,135,213,234,223,198,225,232,260,318,280,303,278,339,371,375,448,444,352,321,428,485,405,302,306,280,311,384,372,410,348,332,362,400,435,353,309,326,339,430,529,374,315,360,277,357,330,178,40,1,0,0,0,0,0,0,0,0,0,89,272,327,213
FOODS_3_660,FOODS_3,FOODS,28,270,386,518,77,0,0,0,139,231,156,192,203,212,281,377,854,1057,763,599,377,319,322,420,327,294,372,398,455,474,342,361,261,268,267,222,283,232,270,415,728,1094,985,676,429,332,205,240,130,122,179,274,912,768,483,421,300,157,150,176,86,171,328,554,410
FOODS_3_661,FOODS_3,FOODS,0,0,0,0,0,0,0,0,0,0,0,0,0,0,0,0,0,0,0,0,0,0,0,0,0,0,0,0,0,0,0,0,0,0,0,0,0,0,0,66,1012,1025,1159,1006,935,976,1038,1109,970,976,1134,1133,1234,1323,1524,1410,1104,1151,1149,1337,1228,1156,1258,1272,907
FOODS_3_662,FOODS_3,FOODS,0,0,0,0,0,0,0,0,0,0,0,0,0,0,0,0,0,0,0,0,0,0,0,0,0,0,0,0,0,0,0,0,0,0,7,24,81,336,260,140,12,256,311,351,281,158,163,114,153,65,21,43,114,145,144,148,143,86,111,113,142,146,146,161,125
FOODS_3_663,FOODS_3,FOODS,78,712,674,638,0,0,0,0,624,714,480,525,660,13,4,5,4,3,2,35,4,1,0,3,2,512,466,469,446,564,452,355,341,378,319,329,381,159,0,0,0,0,0,0,0,0,0,41,305,314,352,368,368,299,326,379,313,288,216,206,279,307,275,313,248
FOODS_3_664,FOODS_3,FOODS,300,2597,2391,2309,2389,2803,2324,2404,1809,1299,1541,2029,2103,1992,2226,2418,2054,2332,2297,2167,1655,1323,1257,1324,1212,624,656,501,452,485,565,630,1193,1273,859,1100,1132,917,798,780,604,376,414,344,305,692,487,84,0,24,0,0,0,1,2,0,1,3,1,0,915,1265,1237,1180,1103
FOODS_3_665,FOODS_3,FOODS,0,0,0,0,0,0,0,0,0,0,0,0,0,0,0,0,0,0,0,0,0,0,0,0,110,2893,1084,874,1288,98,17,485,964,1894,1054,728,640,536,673,543,448,160,272,629,516,731,662,557,536,547,513,494,486,543,309,334,513,272,336,440,481,478,419,458,328
FOODS_3_666,FOODS_3,FOODS,42,347,326,278,304,349,474,383,353,330,328,353,378,282,350,323,377,385,363,410,326,356,327,319,387,382,443,390,418,421,233,203,183,76,21,2,9,8,4,300,326,288,425,356,254,244,261,234,310,219,233,60,25,15,38,52,55,26,0,3,4,2,14,306,215
FOODS_3_667,FOODS_3,FOODS,20,168,170,159,180,180,222,193,213,139,121,91,94,137,149,140,161,196,155,129,102,87,126,94,115,149,127,166,207,194,224,157,121,125,99,32,18,84,161,161,177,133,184,110,112,96,79,50,105,112,108,106,145,157,141,127,128,126,102,103,89,103,140,161,117
FOODS_3_668,FOODS_3,FOODS,240,2251,2459,2612,2448,2490,2487,2489,2113,1978,2121,2434,1866,1768,2007,2118,2474,2801,2619,2539,2291,2200,2417,2611,1960,2147,2551,2229,2474,2498,2624,2637,2317,2428,2104,2089,1629,1734,1957,2068,2220,2168,2408,2425,2088,2123,2042,2209,1785,1584,1837,1726,2035,2050,2314,2325,1965,2001,1774,2068,1576,1643,1831,1806,1435
FOODS_3_669,FOODS_3,FOODS,0,0,0,0,0,0,0,0,0,33,544,349,428,619,1114,734,445,379,515,714,564,356,376,297,300,252,268,303,317,238,291,343,234,141,73,50,32,7,88,149,192,221,351,403,423,500,271,259,176,216,284,349,204,129,135,304,466,291,156,174,236,526,496,470,368
FOODS_3_670,FOODS_3,FOODS,9,126,131,113,101,85,35,1,1,57,85,88,79,101,99,62,93,121,114,80,85,89,98,123,102,106,109,109,112,113,126,92,84,81,63,82,98,79,103,91,97,88,81,81,74,62,58,56,40,87,90,117,124,151,131,117,84,130,124,129,93,101,108,120,86
FOODS_3_671,FOODS_3,FOODS,28,285,338,343,0,0,0,0,272,364,353,290,268,284,369,423,667,476,407,409,353,400,385,379,335,448,462,409,487,519,430,371,389,402,398,26,374,395,425,425,519,423,355,347,318,282,252,237,254,232,277,158,288,291,316,323,276,333,280,263,283,253,265,367,296
FOODS_3_672,FOODS_3,FOODS,73,797,920,2500,2293,1770,2096,2078,1903,1457,1456,1282,919,983,1340,1857,1773,1656,2455,1982,1282,1341,1519,1516,1810,1346,1410,1396,1293,1289,2457,1827,1724,1422,1122,906,1172,963,1059,925,1170,2744,1548,1249,1453,1279,1189,1031,1442,1203,1591,1478,1353,1406,1229,1255,1168,1057,1112,820,1133,1210,1234,1151,932
FOODS_3_673,FOODS_3,FOODS,0,0,0,0,0,0,0,0,0,0,0,0,0,0,0,0,0,0,0,0,0,0,0,0,0,0,0,0,0,0,0,9,240,216,155,121,156,181,241,161,146,124,120,199,210,209,220,213,250,225,279,247,232,288,234,243,247,282,235,250,267,237,236,224,177
FOODS_3_674,FOODS_3,FOODS,74,571,622,646,633,651,707,670,650,723,669,687,657,701,704,721,683,733,702,664,743,586,583,725,858,755,390,260,611,658,619,637,639,607,519,614,570,524,524,565,533,507,505,543,473,407,402,542,580,500,498,558,512,712,684,606,451,427,388,380,459,589,583,405,303
FOODS_3_675,FOODS_3,FOODS,0,0,0,0,0,0,0,0,0,0,0,0,404,493,415,469,555,650,666,674,749,831,716,662,771,712,732,453,354,333,321,82,8,22,306,340,345,363,357,282,390,455,1009,769,499,436,420,407,531,373,310,292,400,454,400,349,360,531,503,442,471,356,423,471,476
FOODS_3_676,FOODS_3,FOODS,0,0,33,289,365,359,409,441,453,398,324,337,407,477,490,513,387,457,383,491,486,350,315,354,345,365,475,362,344,269,327,357,344,261,92,11,34,333,307,236,221,39,16,313,245,250,207,120,8,9,55,261,267,214,20,5,17,266,244,218,281,42,483,367,219
FOODS_3_677,FOODS_3,FOODS,23,207,233,227,240,174,179,167,158,178,133,133,151,168,204,38,1,2,1,6,2,4,3,2,1,3,3,200,181,165,187,215,211,235,214,187,208,205,227,205,187,224,211,238,212,205,194,187,229,218,232,198,220,200,196,177,164,167,158,141,168,169,177,202,133
FOODS_3_678,FOODS_3,FOODS,0,0,0,0,0,0,0,319,280,457,393,365,490,410,487,426,359,420,485,479,535,559,557,514,575,509,592,518,474,484,614,458,313,341,448,392,502,455,289,442,438,453,618,627,673,426,593,562,1096,818,589,528,667,762,835,599,544,617,556,574,553,465,472,467,382
FOODS_3_679,FOODS_3,FOODS,0,768,888,759,643,635,568,674,693,707,607,450,622,567,600,530,538,499,453,537,406,71,3,8,3,10,22,17,16,10,23,172,579,563,454,432,469,476,494,431,455,438,391,493,377,465,423,359,406,425,484,499,408,404,437,557,559,517,422,427,458,399,427,465,319
FOODS_3_680,FOODS_3,FOODS,0,0,0,0,0,0,0,0,0,0,0,0,0,0,136,246,255,238,247,244,317,286,299,330,337,286,304,259,261,242,271,273,253,222,205,245,232,204,212,218,221,209,240,256,215,226,208,51,0,1,183,176,238,205,8,7,31,215,196,22,0,1,144,168,143
FOODS_3_681,FOODS_3,FOODS,216,2196,2786,2482,2278,2081,2788,2849,2758,2324,2109,2458,1866,1638,1672,4397,6365,7069,6505,4789,5745,2683,2808,3006,2424,2109,2826,4298,4615,4175,4037,4066,4242,4390,5667,4334,1811,376,2945,4113,3255,3785,4584,3827,5966,7013,6949,6,6952,4240,3974,5343,6567,3431,2836,2604,4875,6954,5723,6352,5944,5550,5888,6274,4946
FOODS_3_682,FOODS_3,FOODS,0,0,0,0,0,0,0,0,0,0,0,0,0,0,0,0,0,0,0,0,0,0,0,0,0,727,1200,892,1076,962,1629,1189,989,1409,1590,1524,1292,839,1652,2542,2139,1345,1541,672,1155,1426,1365,1084,1377,1062,1545,1868,2490,308,1606,587,1017,1262,2210,2282,2653,2711,2434,2604,2303
FOODS_3_683,FOODS_3,FOODS,0,0,0,0,0,0,0,0,0,0,0,0,0,0,0,0,0,0,0,0,0,0,0,0,0,0,0,0,0,0,7,635,767,723,695,667,527,631,774,686,699,681,626,634,614,586,666,469,70,365,618,533,686,639,694,743,652,696,734,797,747,789,779,805,571
FOODS_3_684,FOODS_3,FOODS,0,0,0,0,0,0,0,0,0,0,0,0,0,0,0,72,189,211,198,213,133,128,169,200,272,245,262,367,353,391,422,396,414,380,276,362,322,226,335,304,371,288,258,303,222,257,271,215,267,203,431,303,325,276,342,385,259,325,363,335,350,368,397,400,301
FOODS_3_685,FOODS_3,FOODS,66,485,560,510,485,532,603,589,489,440,439,390,434,454,458,560,309,0,2,257,476,162,14,244,354,349,432,379,10,0,4,0,350,385,424,429,482,473,567,437,2,0,1,162,164,159,223,287,263,452,448,530,149,1,0,0,32,30,135,488,499,547,555,560,319
FOODS_3_686,FOODS_3,FOODS,10,169,204,220,218,212,156,196,169,194,144,42,70,144,138,155,170,138,124,165,160,209,177,226,210,175,158,175,183,148,175,165,174,148,219,202,2,9,13,10,12,13,29,199,154,141,126,72,116,106,142,109,133,135,134,136,142,158,154,144,155,127,142,133,109
FOODS_3_687,FOODS_3,FOODS,22,188,214,187,197,230,207,205,200,304,279,257,332,346,315,310,306,266,335,325,405,359,348,348,389,384,396,356,212,300,393,396,292,275,299,257,293,290,313,227,241,217,228,220,227,378,270,192,215,241,197,185,193,183,197,229,204,227,247,219,237,212,172,220,150
FOODS_3_688,FOODS_3,FOODS,0,0,0,0,0,0,0,0,0,0,0,0,50,818,2108,2259,2167,1597,2457,2664,2833,2725,2111,2353,2163,2998,2848,2059,2275,2080,2557,1604,1626,2030,1301,1590,1748,1649,1804,2098,1463,2070,1565,1753,1315,1349,1355,1249,1125,1111,1222,1326,1518,1313,1679,788,1361,1195,966,975,773,1018,1137,1746,1142
FOODS_3_689,FOODS_3,FOODS,0,0,0,0,0,0,0,0,0,0,0,0,0,0,0,0,0,0,0,0,0,0,0,0,0,9,393,496,514,513,507,440,502,494,128,2,35,516,575,484,516,528,560,588,584,177,0,13,546,503,620,603,630,556,591,581,481,519,8,5,310,559,620,590,354
FOODS_3_690,FOODS_3,FOODS,0,0,0,0,0,0,0,0,0,0,0,0,0,0,0,0,0,0,0,0,0,0,0,0,0,0,0,0,0,0,0,0,0,0,0,0,0,0,0,0,0,0,0,12,129,92,105,99,112,78,83,97,87,108,104,113,109,111,102,135,170,188,193,166,95
FOODS_3_691,FOODS_3,FOODS,0,0,0,0,0,0,0,0,0,0,0,0,0,0,0,0,0,0,0,0,0,0,0,0,0,0,0,0,0,0,0,0,0,0,0,0,0,0,27,48,49,52,44,67,103,109,108,78,80,105,116,68,110,73,85,122,143,161,116,108,110,129,111,100,83
FOODS_3_692,FOODS_3,FOODS,97,1070,969,616,0,1,1,0,2,755,668,577,663,615,742,756,1016,1258,1191,973,736,779,753,803,807,812,772,872,990,1168,1235,1062,826,733,684,673,746,687,855,939,1224,1247,1287,1249,958,1004,915,731,927,803,809,892,1120,1408,1508,275,46,1006,888,913,994,1083,1108,1040,788
FOODS_3_693,FOODS_3,FOODS,0,0,0,0,0,0,0,0,0,0,0,0,0,0,0,0,0,0,0,0,0,0,0,4,21,8,1,0,0,1,0,0,3,0,0,19,37,69,105,82,52,87,5,8,18,81,54,64,70,53,69,69,68,76,91,80,69,56,49,59,58,73,93,78,63
FOODS_3_694,FOODS_3,FOODS,708,6362,6260,6366,6118,6183,6830,7229,5621,5850,5880,7217,5155,4976,5621,5788,6487,7366,7289,7599,6701,6068,6831,7493,4909,6478,7665,6310,6743,6653,6683,7622,7090,7169,6817,6701,4749,5651,5994,5462,5754,5689,6313,6971,5635,5657,6012,6180,4921,5111,5716,5255,5764,5557,6182,6512,5674,6094,5990,6204,4745,5756,6496,6269,4786
FOODS_3_695,FOODS_3,FOODS,69,657,278,188,564,920,926,884,934,655,616,675,831,770,1295,763,762,852,750,795,696,882,810,738,903,990,1485,1343,1109,1220,1030,1034,1301,1025,777,1121,1169,920,1868,1788,1926,2645,1813,1710,1393,2637,1323,1240,964,1133,1970,1384,1350,1781,1992,1558,2001,2065,1088,1026,1058,1230,1309,1871,1233
FOODS_3_696,FOODS_3,FOODS,0,0,0,0,0,0,0,0,0,0,0,0,0,0,0,0,0,0,0,0,0,0,0,0,0,0,0,0,0,0,0,0,0,0,0,0,0,0,0,0,0,0,8,35,0,2,68,87,90,115,142,149,140,108,43,1,98,203,128,105,130,122,159,156,132
FOODS_3_697,FOODS_3,FOODS,79,751,824,868,825,868,866,1111,1229,1244,1240,1401,1260,1326,1503,1514,1599,1618,1619,1734,1573,1642,1655,1665,1619,1560,1779,1691,1713,1713,1855,1960,1776,1682,1905,1782,1746,1434,1579,1644,1776,1612,1641,1771,1598,1651,1462,1522,1426,1552,1572,1550,1680,1666,2007,1887,1685,1860,1827,2007,1802,2070,1949,1988,1457
FOODS_3_698,FOODS_3,FOODS,0,0,0,0,0,0,0,0,0,0,0,0,0,0,0,0,0,0,0,0,0,0,0,0,0,0,0,0,0,0,0,0,0,0,0,0,3,148,811,649,583,780,740,762,582,643,537,581,639,438,528,393,422,439,509,640,596,623,408,299,508,541,527,597,425
FOODS_3_700,FOODS_3,FOODS,38,374,357,151,204,229,210,285,130,7,6,253,428,324,350,358,352,248,4,11,5,5,3,3,3,3,6,9,7,94,253,248,269,261,120,2,4,3,4,5,279,339,352,309,334,294,15,6,5,7,34,627,459,387,367,463,397,319,6,4,8,3,153,395,327
FOODS_3_701,FOODS_3,FOODS,0,0,0,0,0,0,0,0,0,0,0,0,0,0,0,0,0,0,0,0,0,0,0,0,4,18,0,0,0,66,95,92,88,113,101,88,109,85,131,118,117,85,98,144,229,221,231,214,308,360,337,276,295,274,238,290,261,282,265,262,344,309,310,288,255
FOODS_3_702,FOODS_3,FOODS,69,759,776,724,1301,2945,2899,1388,1069,1014,1040,1276,1071,906,1030,1240,1754,3065,2704,2113,1052,789,974,1334,1011,935,1332,1861,2135,3866,3268,1646,1602,1302,1551,1815,1520,1362,1732,2592,4510,4631,4810,2697,2121,1891,1803,1058,1775,1515,1638,2556,4126,4494,4574,2714,1931,1776,1625,1505,1700,1507,1420,2868,3241
FOODS_3_703,FOODS_3,FOODS,0,0,0,0,0,0,0,0,0,0,0,0,0,0,0,0,0,0,0,0,0,0,0,0,0,0,0,0,0,0,0,0,0,0,0,0,0,0,79,216,189,181,218,239,227,196,181,186,126,136,234,294,311,277,228,219,182,204,163,254,209,179,236,302,220
FOODS_3_704,FOODS_3,FOODS,89,958,1154,1089,1025,1029,1382,1506,1543,1842,1838,1584,1573,1513,1627,1304,1677,1446,1502,1367,1252,1250,1414,1322,1131,1010,1250,1245,1412,1314,1397,1429,1068,1161,1155,700,1078,1057,513,859,1211,354,1116,328,1211,1116,1064,1125,1129,957,654,631,1234,373,1192,545,1084,1378,1103,1213,1111,1003,962,1036,715
FOODS_3_705,FOODS_3,FOODS,12,218,226,203,251,242,315,255,205,211,336,396,376,360,263,231,233,218,222,227,268,296,289,423,338,241,265,231,258,285,256,224,205,215,264,305,0,4,3,9,2,2,26,302,283,177,347,421,356,216,215,191,227,199,249,233,234,247,266,244,235,255,219,192,166
FOODS_3_706,FOODS_3,FOODS,0,0,0,0,0,0,0,0,0,0,0,0,0,0,0,0,0,0,0,0,0,0,0,0,0,0,0,0,0,0,0,2,383,600,578,686,895,599,554,547,740,492,544,805,920,935,736,675,766,682,888,782,632,613,780,955,995,1189,654,593,819,768,754,812,783
FOODS_3_707,FOODS_3,FOODS,0,0,0,0,0,0,0,0,0,0,0,0,0,0,0,0,0,0,0,0,0,0,0,0,0,0,0,0,0,0,0,0,0,0,0,0,780,898,937,843,877,858,741,863,667,572,533,453,439,400,455,478,478,487,501,653,618,567,524,508,436,49,0,2,307
FOODS_3_708,FOODS_3,FOODS,0,0,0,0,0,0,0,401,485,613,447,464,565,556,561,509,560,527,491,721,523,509,502,440,513,443,498,472,366,375,337,388,379,420,312,262,405,408,508,409,369,390,338,283,299,289,287,302,351,366,498,407,383,381,280,5,71,349,319,259,335,326,309,345,235
FOODS_3_709,FOODS_3,FOODS,0,0,0,0,0,0,0,0,0,0,0,0,0,0,0,0,0,0,0,0,0,0,0,0,0,0,0,0,0,0,0,3,157,195,173,193,177,138,174,140,136,147,128,153,149,109,161,209,186,202,243,209,196,191,140,205,209,279,353,384,395,403,357,340,190
FOODS_3_710,FOODS_3,FOODS,0,0,0,0,0,0,0,0,0,0,0,0,0,0,0,0,0,0,0,0,0,0,0,0,0,0,0,0,0,0,130,162,162,183,183,207,181,136,160,208,163,150,128,143,125,107,132,105,142,131,163,142,156,125,126,149,128,151,122,104,133,115,112,132,91
FOODS_3_711,FOODS_3,FOODS,402,3574,3259,3548,3656,3705,3380,4090,3488,3267,2448,3013,2631,2390,1925,1571,3229,4623,3825,4967,4506,3505,2696,2445,2966,2320,2879,2881,2769,3181,3638,3594,2962,3525,3693,2788,2950,4025,3583,4007,3070,3808,3896,3953,2952,2755,3671,2594,2950,2109,1693,1919,2837,3294,2681,3013,2182,1309,1745,2889,2229,2372,1966,1922,1691
FOODS_3_712,FOODS_3,FOODS,38,474,529,442,384,352,255,180,222,225,176,209,229,59,1,3,0,2,0,11,2,1,2,2,5,266,442,436,402,379,322,333,368,338,342,304,311,389,410,340,285,275,244,331,328,320,367,399,323,305,361,366,363,382,414,388,408,416,428,401,367,363,377,388,267
FOODS_3_713,FOODS_3,FOODS,0,0,0,0,0,0,0,0,0,0,0,0,0,0,0,0,160,201,232,183,148,102,94,69,1,0,0,1,2,2,8,3,3,7,5,30,51,64,77,63,77,75,3,4,19,87,69,46,55,44,46,40,69,79,82,68,54,44,58,47,65,52,61,100,52
FOODS_3_714,FOODS_3,FOODS,594,5401,5867,6754,7110,7687,9394,8710,5880,5353,5266,5529,4277,5058,5988,5888,6845,8883,8689,8127,6218,5574,5475,5259,3693,5405,6946,6334,7096,8034,7825,8109,6801,6542,5866,5829,4473,4836,6232,6537,7368,7649,8422,8946,6485,6101,5857,5859,4807,4839,5229,4796,5623,6318,7513,8010,6341,5854,5041,4941,4096,5035,5747,6125,4725
FOODS_3_715,FOODS_3,FOODS,0,0,0,0,4,0,0,123,150,114,118,125,163,133,137,148,237,217,190,329,325,270,173,170,212,233,282,254,344,325,307,344,340,300,189,155,220,253,307,257,324,300,287,243,284,354,249,233,204,281,162,228,314,278,265,356,298,282,261,232,234,280,277,287,244
FOODS_3_716,FOODS_3,FOODS,19,163,211,208,254,245,287,275,265,349,377,299,415,392,391,369,425,310,414,402,251,310,316,275,362,313,370,336,368,251,248,300,263,234,272,258,264,271,332,403,369,289,415,340,330,356,357,301,440,302,411,331,329,275,329,280,286,296,261,255,371,387,440,398,300
FOODS_3_717,FOODS_3,FOODS,19,140,202,169,176,173,166,132,147,150,140,195,180,159,190,144,162,186,203,214,197,207,194,235,242,204,214,156,149,141,152,206,207,200,157,206,211,198,178,159,136,146,160,170,156,166,169,140,149,179,148,157,184,146,119,143,156,160,129,174,163,125,158,153,120
FOODS_3_718,FOODS_3,FOODS,142,334,0,0,4,0,0,0,84,474,520,575,487,406,471,445,528,545,440,423,478,384,417,482,456,416,512,454,437,405,426,713,620,441,670,197,324,419,451,167,261,417,266,324,384,381,66,2,310,298,74,149,342,329,239,183,365,385,54,2,1,303,442,376,344
FOODS_3_719,FOODS_3,FOODS,0,0,0,0,0,0,0,0,0,0,0,0,0,239,1013,438,488,520,729,692,547,449,371,328,395,441,480,348,274,295,302,317,262,194,144,116,154,149,184,167,12,316,325,350,307,239,158,161,222,125,134,107,250,255,242,268,260,207,146,173,216,218,283,248,213
FOODS_3_720,FOODS_3,FOODS,0,0,0,0,0,0,0,0,0,0,0,0,0,0,0,0,0,0,0,0,0,0,0,0,0,0,0,0,0,0,0,0,0,0,0,0,0,1,89,157,123,122,142,132,121,124,159,112,116,105,87,132,168,151,135,225,165,171,159,127,134,124,159,151,154
FOODS_3_721,FOODS_3,FOODS,50,550,523,530,407,441,525,574,527,568,628,602,615,472,465,396,506,690,229,97,108,75,48,36,21,33,63,68,435,519,497,442,494,491,408,372,460,380,377,353,366,383,416,386,314,348,322,327,335,270,327,281,326,327,325,327,302,307,267,262,329,259,299,298,207
FOODS_3_722,FOODS_3,FOODS,0,0,0,0,0,0,0,0,0,0,0,0,0,0,0,0,0,0,0,0,0,0,0,0,0,0,0,0,0,0,0,0,0,0,0,0,0,0,0,0,0,13,166,305,346,218,208,225,233,180,5,0,92,241,286,204,202,256,261,19,0,1,189,202,133
FOODS_3_723,FOODS_3,FOODS,744,1958,0,0,3,1,0,0,1391,6780,7508,7985,6156,6086,5890,5160,4826,4585,5505,5592,5705,5446,7294,9718,6504,6368,6545,5112,5124,4710,4863,7184,10466,6005,5470,7519,5358,1210,3760,4868,2183,3037,4749,4298,4415,4168,4681,31,4430,1816,2863,4836,2422,3981,5781,5320,5063,4750,5024,348,4833,5588,5760,5563,3831
FOODS_3_724,FOODS_3,FOODS,11,68,97,69,37,4,1,1,2,0,1,0,1,39,108,98,123,118,115,132,115,105,85,84,91,85,98,89,96,103,116,98,101,85,99,108,94,107,125,126,131,147,133,134,129,114,92,91,89,96,98,107,133,106,92,88,103,127,102,99,147,148,126,121,99
FOODS_3_725,FOODS_3,FOODS,0,0,0,194,524,591,642,803,835,619,643,780,901,1040,796,763,648,537,753,650,636,654,544,483,739,551,587,651,713,676,575,235,45,47,587,568,596,534,544,509,469,433,317,4,406,614,636,636,681,652,721,770,650,308,168,625,629,729,679,653,766,757,729,718,487
FOODS_3_726,FOODS_3,FOODS,0,0,0,0,0,0,0,0,0,0,0,0,0,0,0,0,0,0,0,0,0,0,0,0,77,480,618,581,19,2,99,511,434,516,424,457,493,413,440,424,70,34,391,430,365,366,394,379,428,321,3,2,126,391,381,345,298,373,311,23,1,3,314,300,304
FOODS_3_727,FOODS_3,FOODS,56,190,0,0,0,0,0,651,702,687,655,676,509,482,510,620,670,671,784,751,719,418,1145,1634,1777,909,834,728,843,859,842,839,735,689,678,672,642,739,607,1696,1288,877,380,734,390,513,703,665,446,69,787,870,201,644,1127,1007,45,937,725,793,643,592,619,677,513
FOODS_3_729,FOODS_3,FOODS,37,320,377,301,292,251,241,313,280,271,248,247,311,287,311,67,1,5,0,5,7,5,7,3,3,4,6,346,328,310,267,292,306,350,299,304,314,329,338,315,366,276,249,315,314,308,299,206,219,278,314,278,284,293,252,259,266,277,257,217,280,251,287,301,219
FOODS_3_730,FOODS_3,FOODS,57,431,413,494,490,401,388,399,413,388,418,488,434,389,326,336,374,369,344,418,434,501,495,646,513,448,482,444,436,379,431,495,427,473,471,569,486,474,454,378,451,410,390,384,326,384,414,522,476,393,422,384,404,404,350,369,301,428,420,510,469,453,408,387,280
FOODS_3_731,FOODS_3,FOODS,0,0,0,0,0,0,0,0,0,0,0,0,0,0,0,0,0,0,0,0,0,0,0,233,479,554,266,186,310,398,386,306,90,61,338,381,375,305,403,367,330,369,316,234,281,369,341,345,405,366,356,365,372,344,392,494,462,485,431,399,464,456,416,449,340
FOODS_3_732,FOODS_3,FOODS,113,934,971,980,982,959,1093,1305,1099,961,827,1063,926,875,889,754,865,872,972,862,852,778,871,968,786,821,753,640,714,561,602,623,565,659,645,660,566,642,507,553,422,520,484,462,431,383,401,398,343,327,282,329,105,16,5,15,30,36,22,12,15,23,8,17,406
FOODS_3_733,FOODS_3,FOODS,0,0,0,0,0,0,0,0,0,0,0,0,0,0,0,0,0,0,0,0,0,0,0,0,0,0,0,0,0,0,0,0,0,0,0,0,519,768,991,907,866,882,578,464,496,481,242,202,282,187,301,502,371,396,564,400,229,190,217,228,243,195,217,199,117
FOODS_3_734,FOODS_3,FOODS,177,1362,2047,1844,1848,1648,1557,1630,1846,1913,1184,1303,1255,1257,1372,1354,1483,1462,1582,1519,1472,1788,1631,1727,1779,1691,1755,1421,1277,1263,1173,1478,1592,1740,1669,1964,2026,1743,1938,1643,1426,1389,1431,1497,1589,1814,1719,1298,1626,1896,1630,1331,1275,1400,1290,1316,1507,2066,1557,1394,1541,1376,1457,1477,980
FOODS_3_735,FOODS_3,FOODS,0,0,0,0,0,0,0,0,0,0,0,0,0,0,0,0,0,0,0,0,0,0,0,0,0,0,0,0,0,0,0,0,0,0,0,0,0,0,0,0,0,0,0,0,0,48,116,118,120,135,182,200,191,200,332,291,212,242,257,266,245,234,253,258,215
FOODS_3_736,FOODS_3,FOODS,23,303,237,88,0,0,0,0,68,132,134,120,122,3,0,1,7,0,1,5,0,4,1,0,0,96,111,101,133,177,149,126,162,154,114,113,112,125,0,0,0,0,0,0,0,0,0,8,91,75,78,122,112,130,101,123,118,65,89,67,52,68,79,93,62
FOODS_3_737,FOODS_3,FOODS,0,0,0,0,0,0,0,0,0,0,0,0,0,0,0,0,0,0,0,0,0,0,0,0,0,0,0,0,0,0,0,0,0,0,0,0,17,73,101,98,58,50,1,1,10,62,65,63,59,46,68,64,70,85,73,70,92,102,65,66,47,43,63,61,43
FOODS_3_738,FOODS_3,FOODS,250,441,9,0,6,5,17,2,427,1930,2214,2448,2190,1856,1630,1482,1448,1360,1687,1757,1808,1566,2037,2360,2131,1632,1730,1476,1548,1585,1544,2164,2638,1762,636,1083,1272,344,972,1172,562,745,1122,1136,1092,1038,1074,85,1083,436,635,1097,551,600,1240,1085,1007,1052,1013,89,937,1050,1049,1003,734
FOODS_3_739,FOODS_3,FOODS,0,0,0,0,0,0,0,0,0,0,0,0,0,0,0,0,0,0,0,0,0,0,0,0,0,1956,3939,3858,2284,4981,5601,4944,4424,4010,2224,3195,4372,3862,3949,4066,3598,3448,4923,5551,4746,3633,3529,2853,4187,3117,4270,3351,3699,1565,2897,2773,3725,3345,3258,3382,3516,3650,3762,3760,2105
FOODS_3_741,FOODS_3,FOODS,53,2469,3212,3156,3003,204,189,469,3394,2776,2253,2452,2691,2685,3218,2965,3028,2591,2490,2657,2466,2267,2009,1997,1988,2123,1594,1437,1544,1203,1253,1074,1040,1113,1023,1098,1174,1121,1308,1692,1875,1804,1604,1515,1755,1319,1179,1345,1206,1293,1968,1372,1500,1613,1642,1821,1787,1595,1481,1392,1475,1478,1563,1778,1290
FOODS_3_742,FOODS_3,FOODS,0,482,670,246,0,0,0,0,157,22,1,4,7,9,648,1421,1518,1453,1263,957,894,855,767,907,802,816,759,679,715,717,671,1015,944,1022,869,1029,1061,140,57,580,649,686,641,653,565,115,7,16,32,456,220,385,509,499,556,504,426,92,21,20,389,420,512,579,449
FOODS_3_743,FOODS_3,FOODS,0,0,0,0,0,0,0,0,0,0,0,0,0,0,0,0,0,0,0,0,0,0,0,0,0,0,0,0,0,0,0,0,0,0,0,0,0,0,0,0,0,0,0,0,0,0,0,41,247,158,28,2,1,174,199,274,329,284,170,158,225,235,231,259,190
FOODS_3_744,FOODS_3,FOODS,201,1741,2365,1499,0,3,1,0,1095,1789,1642,1332,1514,2215,2238,1764,2595,1243,776,683,1120,1051,980,1322,1673,1521,2162,2287,3317,3740,3195,2803,2022,1598,1621,1888,1890,1964,2667,2477,2815,3446,3150,2736,2089,1838,1695,1661,1617,1677,1955,1196,2448,2744,2701,2928,2520,1947,1704,1891,2187,1946,2055,2088,1634
FOODS_3_745,FOODS_3,FOODS,0,0,0,0,0,0,0,0,0,0,0,0,0,0,11,54,77,112,117,91,111,119,129,113,117,92,81,81,125,136,113,136,120,145,196,108,107,124,141,98,131,112,118,93,91,83,81,72,53,77,75,64,65,81,56,45,77,84,92,69,48,1,1,2,40
FOODS_3_746,FOODS_3,FOODS,154,1314,1343,1246,1257,1247,1650,1577,1413,1155,934,705,913,972,1234,873,996,1051,973,1137,1098,1078,894,1074,984,1042,1171,1203,1044,1238,1266,1337,1259,1396,1315,1195,1040,12,11,773,981,973,150,8,218,1106,926,805,897,868,1086,1023,1056,1127,1176,1101,1023,1122,1046,906,1104,1124,1136,999,633
FOODS_3_747,FOODS_3,FOODS,0,0,0,0,0,0,0,0,0,0,0,0,0,0,0,0,0,0,0,0,0,0,0,0,0,0,0,0,175,27,145,107,275,430,381,403,238,229,425,543,478,500,721,696,608,545,557,510,590,553,628,602,647,535,509,817,608,749,756,652,719,818,867,813,624
FOODS_3_748,FOODS_3,FOODS,0,0,0,143,503,407,465,406,375,371,338,352,366,369,430,374,374,263,56,4,0,0,0,0,0,0,0,0,17,100,167,154,170,197,192,126,60,88,137,95,124,127,147,157,139,180,177,177,182,169,202,168,202,190,210,200,214,194,174,165,216,194,213,181,136
FOODS_3_749,FOODS_3,FOODS,60,442,429,248,0,0,0,0,352,282,192,212,278,14,1,2,0,1,1,15,1,1,3,0,0,412,482,433,497,569,529,471,371,344,367,316,368,147,0,0,0,0,0,0,0,0,0,7,277,234,268,226,212,254,250,208,157,207,116,195,189,194,204,243,192
FOODS_3_750,FOODS_3,FOODS,0,0,702,488,425,356,354,373,188,1,2,913,1068,1126,1103,1035,869,666,523,567,545,585,772,669,644,654,729,679,725,708,712,710,746,706,681,786,817,811,1067,1016,799,817,710,695,746,537,33,8,1,2,378,854,793,602,687,720,621,485,9,0,9,1,350,626,397
FOODS_3_751,FOODS_3,FOODS,0,0,0,0,0,0,0,0,0,0,0,0,0,0,0,0,0,0,0,0,0,0,0,0,0,0,0,0,0,100,155,129,125,118,87,122,177,144,129,176,133,63,67,62,70,98,93,67,89,71,81,123,117,96,133,82,212,214,190,164,246,242,243,277,232
FOODS_3_752,FOODS_3,FOODS,483,3203,3477,2821,2534,2764,3302,3848,4584,5120,4006,4274,3703,3576,3315,3395,2996,5147,4914,3951,3091,3736,3405,3537,4330,3853,4366,3636,3212,2727,3197,3558,3271,2489,2507,2315,3593,3059,2242,2532,2593,2759,3086,3402,2994,2751,3509,2786,3191,2414,3075,2389,2569,2997,2914,3097,2786,3292,2498,2907,2136,1881,1745,2762,2201
FOODS_3_753,FOODS_3,FOODS,52,437,509,856,886,1325,1782,1677,1983,1000,519,372,437,413,524,498,629,850,960,1433,1114,1091,793,689,767,703,918,1241,1453,1664,2161,2125,1740,1463,1082,927,1233,1079,1392,1413,968,493,597,564,485,607,532,485,562,758,866,509,8,5,1016,1377,1307,736,534,504,654,733,778,732,631
FOODS_3_754,FOODS_3,FOODS,0,0,0,0,0,0,0,0,0,0,0,0,0,0,0,0,0,0,0,0,0,0,0,0,0,0,114,189,218,209,168,138,160,185,165,144,176,155,175,176,192,183,221,221,196,220,194,168,145,144,159,172,134,151,143,113,115,129,117,104,95,91,91,86,90
FOODS_3_755,FOODS_3,FOODS,395,2739,3715,1002,236,162,198,223,2,0,2505,2701,2404,2385,2956,2624,2859,2950,2827,2893,2448,2623,2283,2394,2193,2085,2447,2189,2422,2322,2209,1490,1383,1340,1325,1321,1309,1467,425,30,1591,1564,1515,206,160,1136,954,950,891,867,0,210,851,131,0,173,1627,1482,1140,1114,1162,1283,1364,1373,1002
FOODS_3_756,FOODS_3,FOODS,129,1353,1475,1522,1612,1632,1847,1813,1728,1759,1562,1602,1315,1571,1813,1524,1642,1516,1494,1533,1434,1474,1510,1553,1361,1342,1215,1265,1051,1200,1299,1342,1399,1395,1390,1893,1552,1688,2347,1999,2272,2057,2186,2282,1992,2052,1985,2098,1815,2065,1946,1901,2389,2429,2656,2591,2342,2270,2265,2264,2096,2159,2264,2156,1750
FOODS_3_757,FOODS_3,FOODS,116,2421,2026,1173,936,1542,1512,1624,799,22,24,1904,2857,2231,1705,2326,2461,1154,9,57,12,5,9,8,7,6,7,9,11,561,1683,1527,1878,1907,536,14,14,30,23,19,1381,1655,1698,1764,1756,1317,29,19,24,20,137,2309,1724,1798,1722,1894,1637,1410,44,26,28,31,1085,2115,1351
FOODS_3_758,FOODS_3,FOODS,0,0,0,0,0,0,0,0,0,0,0,0,63,93,86,103,56,0,2,71,164,154,114,112,137,95,142,102,1,0,5,2,169,132,89,107,153,137,147,81,0,1,1,49,142,115,87,87,91,119,123,108,24,1,0,3,95,138,106,90,104,132,102,117,105
FOODS_3_759,FOODS_3,FOODS,0,0,0,0,0,0,0,0,0,0,0,0,0,0,0,0,0,0,0,0,0,0,0,0,0,0,0,0,0,0,0,232,399,363,308,310,535,426,546,399,303,387,363,391,563,369,367,324,376,508,347,247,363,579,277,237,357,171,166,209,349,279,299,318,226
FOODS_3_760,FOODS_3,FOODS,0,0,0,0,0,0,0,0,0,0,0,0,0,0,0,0,0,0,0,0,0,0,0,0,0,0,0,0,0,0,0,0,0,0,0,0,0,0,0,0,0,0,0,0,0,0,0,267,1132,1034,1722,1938,1615,978,575,2215,2528,2301,2038,1949,2564,2367,2072,2264,1208
FOODS_3_761,FOODS_3,FOODS,0,0,0,0,0,0,0,0,0,0,0,0,0,0,0,0,0,0,0,0,0,0,0,0,206,456,539,531,515,430,562,685,613,552,423,457,580,481,382,394,503,472,357,520,442,390,330,290,330,292,309,276,387,322,282,282,290,313,276,263,307,317,260,259,200
FOODS_3_762,FOODS_3,FOODS,20,191,186,192,164,143,154,137,148,185,107,108,91,115,148,127,133,126,124,102,109,104,103,106,79,105,101,70,66,78,80,96,83,115,108,92,92,110,122,124,128,124,110,90,96,87,85,79,89,81,0,0,0,0,0,0,0,0,0,0,0,62,181,200,134
FOODS_3_763,FOODS_3,FOODS,0,0,267,428,0,0,102,391,300,324,317,268,298,238,333,260,292,247,220,153,136,124,141,134,12,12,25,11,4,4,6,4,9,3,3,23,57,63,73,78,83,74,6,2,14,76,56,61,82,49,76,59,50,76,80,81,79,102,61,64,75,73,92,90,49
FOODS_3_764,FOODS_3,FOODS,0,0,0,0,0,0,0,0,1029,3795,3438,4327,4313,4611,5948,4131,3933,3913,3917,4004,3647,4247,3789,4773,5509,3951,1805,1663,4176,3918,4050,3585,3152,3588,3340,3793,3440,3283,2773,2818,2180,2886,2895,2490,2173,2216,2712,3433,2468,0,0,0,122,233,0,0,40,0,655,2923,2126,1818,1820,1947,1566
FOODS_3_765,FOODS_3,FOODS,32,287,321,293,285,294,310,268,291,390,292,328,358,356,329,339,288,369,338,396,454,412,359,401,440,416,435,410,374,368,451,540,401,368,338,287,341,302,421,314,293,283,293,323,386,475,322,249,326,294,318,288,285,278,266,308,307,297,313,282,315,317,276,290,207
FOODS_3_766,FOODS_3,FOODS,28,279,304,278,322,458,340,349,356,299,186,240,329,281,326,310,346,306,233,245,257,224,237,265,265,238,265,258,219,157,6,5,86,186,204,241,248,221,266,285,306,251,16,7,191,183,201,181,223,210,255,223,200,203,228,211,214,188,159,148,163,143,169,163,126
FOODS_3_767,FOODS_3,FOODS,154,1025,1119,1109,1236,1647,2214,1798,1310,1105,826,960,986,996,1221,1439,1971,2744,2691,2839,2486,1497,980,936,1120,1050,1504,1743,1842,3521,3947,2185,1903,728,1242,981,1384,1026,1529,1856,2158,3749,3453,2447,1670,73,408,1199,1296,1191,1623,126,0,3002,2592,3092,2284,558,1,78,1150,1035,1151,3,1
FOODS_3_768,FOODS_3,FOODS,0,0,0,0,0,0,0,0,0,0,0,0,0,0,0,0,0,0,0,0,0,0,0,0,0,0,0,0,0,0,0,0,0,0,0,0,0,0,0,303,504,454,935,1034,672,546,635,596,587,594,370,252,454,723,727,902,842,919,814,626,662,626,785,853,660
FOODS_3_769,FOODS_3,FOODS,0,1039,1265,549,0,0,0,0,316,115,26,23,43,39,1683,3895,3816,4551,3866,2542,1489,1749,1938,1562,1379,1289,1383,1160,1288,1308,1326,2159,2018,3138,2244,2460,3292,326,31,1223,1209,1219,1294,1204,1191,256,10,6,3,858,333,786,1044,1029,1101,1042,907,71,5,7,932,1012,1114,1118,856
FOODS_3_770,FOODS_3,FOODS,0,0,0,0,0,0,0,0,0,0,0,0,0,0,0,0,0,0,0,0,0,0,166,0,144,513,656,557,531,455,390,380,733,539,375,339,419,533,342,356,292,362,314,479,539,417,237,233,270,366,249,258,254,218,269,252,217,196,185,190,239,263,283,267,211
FOODS_3_771,FOODS_3,FOODS,0,0,0,0,0,0,0,0,0,0,0,0,0,0,0,44,372,633,618,620,558,625,583,614,830,577,544,457,473,494,534,476,539,442,408,413,487,432,400,376,364,396,433,455,416,363,329,130,3,1,374,385,374,332,5,1,71,424,377,33,4,1,313,327,228
FOODS_3_772,FOODS_3,FOODS,45,483,606,725,872,1206,1626,1626,1431,773,432,343,427,479,434,384,412,551,638,522,325,421,385,359,494,341,386,623,838,1113,1094,1072,830,602,332,388,440,435,582,597,388,277,202,278,325,655,396,422,532,473,786,403,3,0,1076,1625,1369,1156,837,615,647,731,855,976,866
FOODS_3_773,FOODS_3,FOODS,0,0,0,0,0,0,0,0,0,0,0,0,0,0,0,0,0,0,0,0,0,0,0,0,0,0,0,0,0,0,0,0,0,0,0,0,0,0,0,109,97,137,97,208,230,229,202,235,252,214,187,213,177,161,142,191,175,175,146,161,132,150,155,175,128
FOODS_3_774,FOODS_3,FOODS,0,0,0,27,176,304,267,258,267,219,194,249,258,294,236,233,221,210,186,155,166,215,196,229,219,10,7,5,2,6,7,11,8,4,5,1,37,269,334,227,209,250,238,232,245,277,228,226,281,274,255,199,219,194,194,226,237,212,237,219,267,217,170,191,104
FOODS_3_775,FOODS_3,FOODS,13,148,143,167,162,150,207,154,164,202,167,187,191,164,178,174,148,149,172,182,196,170,204,185,205,175,137,160,151,157,165,191,205,236,200,233,203,179,200,187,153,169,166,191,164,163,221,188,180,178,191,175,164,164,182,208,197,199,209,245,224,227,241,217,158
FOODS_3_776,FOODS_3,FOODS,0,0,0,0,0,0,0,0,0,0,0,0,0,0,0,0,0,0,0,0,0,0,0,0,0,0,0,0,0,0,0,0,0,0,0,0,228,1060,1368,574,382,289,337,541,457,737,508,429,495,515,530,642,647,470,521,644,558,619,476,478,471,536,477,620,478
FOODS_3_777,FOODS_3,FOODS,0,0,0,0,0,0,0,0,0,0,0,0,0,0,0,0,0,0,0,0,0,0,0,0,0,0,0,0,0,0,0,0,0,0,0,0,0,0,0,0,0,0,0,69,219,165,391,270,309,204,182,224,175,164,180,249,225,199,261,243,237,213,199,247,182
FOODS_3_778,FOODS_3,FOODS,9,153,118,134,0,0,0,1,91,111,119,108,105,91,122,71,61,107,86,94,87,97,144,148,131,158,144,146,134,109,105,119,102,102,103,80,93,112,102,107,133,85,100,112,88,108,82,88,90,86,66,34,90,80,99,78,79,91,69,112,78,104,87,119,97
FOODS_3_779,FOODS_3,FOODS,0,0,0,0,0,0,0,0,0,0,0,0,0,0,0,0,0,0,0,0,0,0,0,0,151,146,141,139,159,148,48,55,57,92,85,62,94,94,82,74,105,78,73,60,98,84,81,88,99,63,69,78,103,87,91,111,97,101,86,70,74,80,90,122,68
FOODS_3_780,FOODS_3,FOODS,0,0,0,0,0,0,0,0,0,0,0,0,0,0,0,0,0,0,0,0,0,0,0,0,0,0,0,0,0,0,0,0,0,0,0,0,0,0,0,0,0,0,229,8,0,101,203,393,273,263,245,260,637,406,434,286,445,436,346,370,401,369,294,515,357
FOODS_3_781,FOODS_3,FOODS,32,325,370,290,371,345,381,491,398,344,310,332,404,287,254,320,289,348,409,355,423,254,152,176,197,123,135,118,128,140,141,124,135,229,315,294,242,228,243,205,187,194,176,187,184,163,171,147,187,159,163,162,153,129,152,169,143,137,112,112,126,148,124,107,99
FOODS_3_782,FOODS_3,FOODS,168,1529,1465,1305,1378,1364,1593,1419,1272,1354,1373,1564,1599,1380,1,2,34,1234,1261,1260,1245,1237,1149,1499,1382,1196,881,712,923,958,1021,994,930,971,983,990,1134,174,37,977,1028,1026,1044,938,968,1094,1039,1216,1148,1016,864,619,14,780,879,1034,1083,1171,1134,1273,1178,1071,1133,1077,1127
FOODS_3_783,FOODS_3,FOODS,33,440,434,759,835,1578,1837,1714,1589,961,682,625,722,604,642,670,834,978,1408,2852,1903,1132,971,587,680,682,1102,997,1352,1516,2187,2543,1950,1905,1159,890,1128,904,1307,1452,985,490,601,491,452,899,554,566,743,977,1033,533,7,10,1054,1476,1218,739,428,450,688,773,879,773,618
FOODS_3_784,FOODS_3,FOODS,270,655,0,0,0,0,0,0,108,729,574,568,655,491,467,430,457,495,395,435,378,411,403,382,497,408,422,347,378,352,298,629,592,353,525,138,211,228,326,101,203,310,145,192,219,209,51,0,196,214,55,96,253,229,159,117,226,256,26,13,2,233,300,348,231
FOODS_3_785,FOODS_3,FOODS,154,1334,1635,1542,1570,1335,1609,1739,1573,1308,1062,949,866,783,1267,1232,1767,1868,1212,1786,1749,1094,1348,1379,1667,1902,2480,2132,1696,1936,2589,2431,2375,2441,2018,2130,1993,1860,2002,2504,2701,2523,2665,2576,1516,2462,2918,3127,3646,3012,3302,1663,1973,3465,625,3531,2271,2968,3660,3410,2316,31,22,1491,2876
FOODS_3_786,FOODS_3,FOODS,78,628,658,816,1029,1072,1086,915,904,732,682,682,679,731,685,786,783,834,313,240,168,147,94,100,59,70,92,115,513,531,552,465,483,382,312,321,373,358,379,428,563,476,374,461,385,355,338,323,374,315,393,369,410,415,440,496,440,427,359,334,404,378,360,422,274
FOODS_3_787,FOODS_3,FOODS,0,0,0,0,0,0,0,0,0,0,0,0,73,1,1994,2539,2545,2110,1484,1376,1450,1029,1089,959,985,142,58,723,49,17,5,626,3000,2618,1590,1514,1564,1751,1339,1645,1761,2018,2123,1235,1484,1237,734,817,727,1073,1096,1544,817,678,712,577,469,393,310,326,343,401,551,400,347
FOODS_3_788,FOODS_3,FOODS,0,0,965,618,473,561,542,683,596,685,602,454,11,7,39,653,617,637,564,636,609,718,664,714,1086,782,905,694,726,504,599,529,763,633,603,536,882,612,512,398,287,7,6,367,385,360,290,345,366,433,460,275,275,291,334,422,239,14,0,0,0,339,498,400,392
FOODS_3_789,FOODS_3,FOODS,0,0,0,0,0,0,0,0,0,0,0,0,0,0,0,0,0,0,0,0,0,0,0,0,0,672,1394,1324,949,2400,2441,2398,2306,2054,1683,1813,2428,1780,2426,1454,1628,1083,2005,1937,1980,1615,1322,1055,1701,968,1370,1574,1568,735,1459,1142,1672,1596,1803,1931,1895,1737,2410,2484,1486
FOODS_3_790,FOODS_3,FOODS,0,0,0,0,0,0,0,0,0,0,0,0,0,0,0,0,0,0,0,0,0,0,0,0,0,0,0,0,0,0,0,0,0,0,0,0,17,122,220,155,141,143,175,171,147,171,113,109,105,113,129,37,31,28,39,32,34,27,31,20,34,26,27,142,115
FOODS_3_791,FOODS_3,FOODS,0,0,0,0,0,0,0,0,0,0,0,0,0,0,0,0,129,133,160,260,327,273,266,237,265,274,223,209,158,300,151,193,169,196,127,182,196,202,262,280,294,262,213,293,300,329,373,270,339,316,360,313,252,278,292,306,283,301,296,227,263,195,242,294,243
FOODS_3_792,FOODS_3,FOODS,187,2006,1996,1961,1612,1785,1504,1457,1141,1148,1040,952,1258,966,768,627,805,1472,1492,2207,1687,1330,1068,1231,1654,1677,1666,1771,1917,1821,1809,1875,1679,1577,1331,1319,1375,1093,1168,1193,1137,1205,1291,1189,1025,1024,883,962,833,885,875,864,879,971,1176,1062,942,823,592,664,614,759,871,904,503
FOODS_3_793,FOODS_3,FOODS,53,395,440,370,431,437,466,440,412,525,429,501,460,434,558,505,525,500,455,478,466,507,456,530,506,431,220,124,449,521,412,525,465,510,463,545,457,505,954,514,461,481,446,373,412,416,388,456,439,431,447,397,492,498,547,640,455,529,324,654,559,541,566,486,366
FOODS_3_794,FOODS_3,FOODS,39,376,443,408,444,589,433,549,557,467,298,396,487,475,472,472,528,485,415,578,487,480,400,484,416,374,535,511,429,248,24,25,182,403,417,398,424,376,426,414,431,395,45,11,362,354,372,358,389,337,419,364,364,315,314,367,325,310,266,256,264,249,232,298,200
FOODS_3_795,FOODS_3,FOODS,0,0,0,0,0,0,0,0,0,0,0,0,0,0,0,0,0,0,0,0,0,0,0,0,0,0,0,0,0,0,0,0,178,586,598,599,649,589,690,588,602,931,1006,971,930,966,894,895,813,945,991,1013,1009,955,1062,1182,1173,1210,1159,1081,1136,1171,1317,1031,641
FOODS_3_796,FOODS_3,FOODS,0,0,0,0,0,0,0,0,0,0,0,0,0,0,0,0,0,0,0,0,0,0,0,0,0,0,0,0,0,0,0,0,0,0,0,0,0,0,0,0,0,0,0,0,0,0,158,149,132,135,0,0,0,0,0,239,182,273,227,224,363,319,127,130,91
FOODS_3_797,FOODS_3,FOODS,0,0,0,45,128,114,137,118,103,80,70,65,62,68,85,199,182,168,243,277,282,290,298,244,246,326,234,185,329,252,539,398,328,347,261,228,288,221,262,258,203,288,466,449,492,476,433,400,497,491,585,529,540,565,641,145,9,9,333,405,423,380,403,467,347
FOODS_3_798,FOODS_3,FOODS,0,0,0,0,0,0,0,0,0,0,0,0,0,0,0,0,0,0,0,0,0,0,0,0,0,20,47,73,90,59,93,61,57,44,92,83,70,79,88,91,82,47,98,68,80,103,88,111,67,63,85,90,116,75,109,83,70,91,101,143,137,104,120,148,128
FOODS_3_799,FOODS_3,FOODS,4,69,67,62,73,97,104,64,41,46,39,44,49,52,51,50,74,92,78,80,59,46,33,42,29,46,62,55,58,53,62,60,46,36,34,23,26,38,24,42,45,33,65,42,47,26,16,19,24,36,53,43,54,58,68,52,35,42,43,36,44,51,50,53,44
FOODS_3_800,FOODS_3,FOODS,311,3319,3131,2848,2801,3261,4189,3366,1915,2341,2204,2547,2459,2676,2344,2545,2142,2755,2624,2019,1915,1794,1842,1954,1676,832,1076,795,731,905,977,1105,1796,1998,1396,1750,1699,1286,989,942,633,319,320,384,381,756,602,114,2,18,1,5,2,0,0,4,3,3,4,0,1637,2028,1942,2098,1238
FOODS_3_801,FOODS_3,FOODS,0,0,0,0,0,0,0,0,0,0,60,887,1117,1323,1054,1029,1511,1013,1209,1265,1359,1233,1081,1453,888,981,1028,603,925,1768,1313,788,750,993,921,1106,1295,931,729,891,481,1414,880,1208,869,1026,803,955,1240,1152,1393,1625,1367,1154,1519,878,628,633,686,1445,943,1029,1409,1319,1319
FOODS_3_802,FOODS_3,FOODS,0,0,55,173,199,211,227,122,86,157,91,110,106,133,165,169,259,231,210,156,173,160,108,162,131,164,217,152,184,251,201,206,176,146,133,86,143,127,162,184,202,170,159,138,95,135,66,89,85,106,89,113,142,125,132,105,141,110,98,64,69,82,117,122,90
FOODS_3_803,FOODS_3,FOODS,0,0,0,0,0,0,0,0,0,0,0,0,0,0,0,0,0,0,0,0,0,0,0,0,0,0,112,224,247,453,445,435,275,368,352,352,373,29,0,374,496,404,574,570,456,401,402,376,360,401,400,370,481,420,294,526,522,504,412,468,547,589,740,561,385
FOODS_3_804,FOODS_3,FOODS,208,1781,2418,2176,2794,2586,3232,3749,3836,3390,2725,2872,3022,3024,3086,2898,3775,3852,3898,4732,4030,3606,3255,3221,3131,3006,3556,3918,4740,5140,4789,4007,3316,3465,2917,2350,1901,1878,2191,1225,2397,2385,2572,2561,2536,2599,2512,2372,2546,2387,2809,2875,3435,3289,3063,4268,4283,4821,3954,3872,3702,2751,3913,3743,3595
FOODS_3_805,FOODS_3,FOODS,0,0,524,819,673,671,647,472,605,651,649,599,702,551,600,666,584,627,519,597,624,676,505,322,326,249,224,277,370,561,557,657,626,491,533,438,640,644,640,634,657,700,747,776,735,636,454,451,511,435,471,429,374,449,473,519,521,392,462,407,472,532,449,411,311
FOODS_3_806,FOODS_3,FOODS,0,0,0,0,0,0,0,0,0,0,0,0,0,0,0,0,0,0,0,0,0,0,0,0,0,0,0,0,33,39,0,0,150,277,180,164,195,39,6,0,0,24,245,132,9,53,259,185,189,53,0,7,255,247,215,64,35,158,203,220,205,35,190,176,160
FOODS_3_807,FOODS_3,FOODS,155,1296,1281,1253,913,895,885,953,1019,1092,1064,1109,1119,1038,1082,910,681,1023,814,1320,1030,860,784,1172,970,941,936,1246,677,911,607,612,518,445,636,918,778,892,1030,1067,1024,1134,779,784,739,1089,1092,969,859,794,675,787,892,805,848,907,910,907,822,762,960,1004,954,1430,746
FOODS_3_808,FOODS_3,FOODS,321,2161,2940,4279,4883,6838,6632,5117,2925,2388,1558,1679,2906,3103,3947,4399,6312,8171,7727,10272,7935,5762,2573,2462,3696,4497,6451,5968,7410,10397,10935,10943,6445,2250,3531,2703,3673,3431,4850,5573,5532,6689,7721,7375,5162,234,791,2142,2952,2884,4970,842,17,6000,5921,6978,5462,1227,14,160,3002,3077,2670,17,6
FOODS_3_809,FOODS_3,FOODS,0,0,0,0,0,0,0,0,0,232,676,1212,1215,1367,1170,1096,1585,1133,1487,1474,1569,1320,1368,1554,1008,1356,1263,649,896,1653,1161,1012,965,970,950,1269,1490,1047,1229,1440,931,2219,982,1334,1043,1221,907,1100,1545,1619,1684,2064,1731,1310,1857,804,619,838,744,1215,914,946,1314,1116,1222
FOODS_3_810,FOODS_3,FOODS,0,0,0,0,0,0,0,0,0,0,0,0,0,0,0,185,279,383,563,536,668,540,721,699,699,514,544,442,418,393,330,418,439,342,484,447,367,362,396,389,403,427,392,439,436,394,508,147,21,10,374,444,496,327,41,33,102,655,538,34,10,7,436,482,330
FOODS_3_811,FOODS_3,FOODS,0,0,0,0,0,0,0,0,0,0,0,0,54,1089,3936,3802,3358,3637,4351,4829,4856,4588,3467,3621,2974,4832,4689,3450,3852,3918,5123,3394,2553,3160,2309,2793,3542,3402,3246,4131,3104,4345,2926,3472,2548,2828,2860,2852,2382,2552,2682,3287,3990,4036,4659,1850,3339,3608,2970,3253,2898,4074,4452,4943,4108
FOODS_3_812,FOODS_3,FOODS,31,290,349,342,349,337,347,361,400,373,319,339,368,377,395,393,410,474,417,491,433,435,426,456,563,565,488,392,414,380,390,367,480,502,380,469,606,400,452,377,85,8,70,410,400,444,403,365,389,362,407,414,443,471,606,565,528,592,532,593,680,516,559,567,461
FOODS_3_813,FOODS_3,FOODS,0,0,0,0,0,0,0,0,0,0,0,0,0,0,0,0,0,0,0,0,0,0,0,0,0,0,0,0,0,0,0,0,0,0,0,0,0,0,0,0,0,159,262,169,0,19,348,261,333,325,377,299,283,314,75,3,220,318,303,253,324,295,360,395,339
FOODS_3_814,FOODS_3,FOODS,0,0,0,0,0,0,0,0,34,641,818,1274,1235,1058,969,817,935,994,956,989,810,880,912,1105,977,945,951,751,665,656,655,724,718,792,695,775,694,701,702,621,583,631,532,572,417,667,616,706,640,576,557,481,514,433,518,538,516,619,601,604,609,575,531,621,412
FOODS_3_815,FOODS_3,FOODS,0,0,0,0,0,0,0,0,0,0,0,0,0,0,0,0,0,0,0,0,0,0,0,0,130,135,174,188,176,138,68,40,51,78,67,76,96,90,124,121,113,116,145,103,124,136,81,57,99,83,108,130,96,121,120,114,113,133,84,85,89,124,84,110,105
FOODS_3_816,FOODS_3,FOODS,0,0,0,0,0,0,0,0,0,0,0,0,1730,2702,2653,2194,1995,2990,1864,3051,2771,2282,2567,2789,2096,1559,1512,2126,2040,2248,2208,2328,1949,1963,1725,1918,1929,1545,1609,1134,1638,1896,1477,1904,1538,1664,1432,825,1095,1259,2312,1514,1318,1710,1366,1380,1237,1066,1386,1649,1307,1495,1551,856,1074
FOODS_3_817,FOODS_3,FOODS,25,238,338,321,301,285,277,323,313,287,234,213,232,256,282,233,242,281,246,244,205,222,190,232,284,299,223,195,187,191,195,198,273,239,233,270,380,230,210,202,38,3,57,210,224,203,173,124,165,95,124,149,133,140,120,156,148,185,121,74,135,147,133,151,94
FOODS_3_818,FOODS_3,FOODS,0,0,0,0,0,0,0,0,0,0,0,0,0,0,0,0,224,454,526,488,519,520,682,707,681,660,659,644,631,653,575,671,690,753,797,839,861,747,897,644,650,671,617,655,711,675,763,914,858,836,921,854,806,761,798,811,829,1164,1259,1149,1036,948,1003,704,567
FOODS_3_819,FOODS_3,FOODS,122,1081,961,1121,1397,1235,1354,1342,1265,1025,806,1070,1257,1094,1094,976,1042,1064,323,191,184,162,156,121,122,121,121,175,702,635,662,619,552,554,582,554,534,533,548,484,570,471,441,551,464,393,405,372,358,353,426,390,436,331,443,468,434,476,443,411,474,449,413,445,311
FOODS_3_820,FOODS_3,FOODS,44,359,339,255,311,309,370,354,369,373,457,414,314,296,291,319,294,351,380,429,366,471,592,566,400,340,391,356,415,389,450,468,493,478,504,557,548,445,601,551,624,562,604,634,561,605,820,691,565,534,533,576,536,651,644,634,549,601,691,659,543,630,576,609,453
FOODS_3_821,FOODS_3,FOODS,0,0,0,0,0,0,0,0,0,0,0,0,0,0,0,0,0,0,0,0,0,0,0,0,0,0,11,93,88,95,109,109,109,113,125,119,147,145,219,184,188,218,214,196,166,240,198,234,191,169,200,197,231,208,248,229,234,267,210,206,200,219,244,255,240
FOODS_3_822,FOODS_3,FOODS,90,330,0,2,0,0,0,926,849,925,913,988,782,749,755,884,967,910,947,1024,1001,673,2115,3099,3486,1290,1213,1089,1244,1253,1102,1091,996,1031,1004,995,1139,1504,985,2699,2335,1083,525,815,462,622,973,974,651,136,636,607,182,540,834,767,33,768,701,739,585,683,745,855,602
FOODS_3_823,FOODS_3,FOODS,33,376,478,435,417,408,484,523,410,333,4,0,0,0,0,0,0,0,0,392,540,384,290,142,119,161,153,110,88,89,76,83,71,109,290,187,193,354,458,136,0,0,0,0,0,93,502,643,390,369,396,381,386,414,446,435,379,312,286,499,394,436,159,207,254
FOODS_3_824,FOODS_3,FOODS,17,222,239,226,188,207,231,187,193,222,185,191,163,179,215,170,199,282,200,220,179,195,160,134,153,164,194,201,246,244,132,92,94,55,9,0,1,0,2,138,149,223,201,183,176,178,117,101,120,109,123,33,24,28,19,27,27,9,2,1,2,4,11,163,112
FOODS_3_825,FOODS_3,FOODS,25,505,323,292,273,243,315,117,191,245,231,246,274,265,282,203,201,131,15,0,1,2,0,6,2,0,0,6,4,65,505,494,330,182,173,296,270,320,237,252,241,272,227,335,258,264,173,186,217,270,300,256,283,233,235,219,274,222,181,221,240,289,305,354,290
FOODS_3_826,FOODS_3,FOODS,0,0,0,0,0,0,0,0,0,0,0,0,0,0,0,0,0,0,0,0,0,0,0,0,0,0,0,205,345,397,369,393,378,357,319,325,362,275,292,356,399,450,375,362,281,287,270,248,304,305,309,362,374,391,366,236,211,227,305,292,389,340,405,408,279
FOODS_3_827,FOODS_3,FOODS,0,0,0,0,0,0,0,0,0,0,0,0,0,0,0,0,0,0,0,0,0,0,0,0,0,0,0,0,0,0,0,0,0,0,0,0,0,0,249,272,285,202,294,282,325,204,322,293,383,336,293,498,477,399,339,521,478,570,589,557,639,976,953,786,620
HOBBIES_1_001,HOBBIES_1,HOBBIES,0,0,0,0,0,0,0,0,0,0,0,0,0,0,0,0,0,0,0,0,0,0,0,0,0,0,0,0,0,0,27,88,94,117,136,127,102,100,121,99,94,104,135,91,85,118,103,131,114,114,114,124,123,114,167,112,152,149,172,146,159,154,185,151,141
HOBBIES_1_002,HOBBIES_1,HOBBIES,0,0,28,0,0,43,75,80,91,96,92,241,69,75,67,68,75,92,80,87,102,90,83,167,79,77,84,75,74,90,95,99,83,84,52,146,46,50,48,42,72,68,84,88,85,110,108,155,60,65,60,61,78,78,84,90,70,87,78,175,58,80,80,72,44
HOBBIES_1_003,HOBBIES_1,HOBBIES,0,0,0,0,0,0,0,0,0,0,0,0,0,0,0,0,0,0,0,0,0,0,0,0,0,0,0,0,0,0,0,0,0,0,0,0,0,29,44,32,32,30,36,42,51,1,4,56,43,50,52,56,66,64,66,68,55,59,71,145,57,69,78,93,61
HOBBIES_1_004,HOBBIES_1,HOBBIES,39,388,417,490,651,665,656,518,515,533,534,558,628,450,524,531,566,626,537,591,618,625,608,630,700,621,741,662,687,638,406,792,720,771,804,845,740,754,847,747,716,723,749,667,648,686,716,729,788,677,725,711,700,583,551,490,480,466,505,512,586,510,481,508,343
HOBBIES_1_005,HOBBIES_1,HOBBIES,0,0,0,0,232,331,344,349,376,435,357,362,373,222,31,52,211,290,200,195,178,343,299,311,270,182,250,167,168,212,213,231,230,220,199,219,206,172,163,166,160,141,190,185,156,225,241,254,208,227,214,224,170,203,249,315,301,347,343,316,331,288,356,262,210
HOBBIES_1_006,HOBBIES_1,HOBBIES,0,0,0,0,0,0,0,0,0,0,0,0,0,0,126,297,339,362,378,400,373,359,336,342,316,400,400,272,264,268,262,291,227,238,238,257,220,213,269,208,234,211,235,242,254,222,249,277,268,216,253,222,249,214,233,212,150,152,174,234,216,245,260,238,185
HOBBIES_1_007,HOBBIES_1,HOBBIES,0,0,0,0,0,0,0,0,0,0,0,0,0,0,0,0,0,0,13,29,57,52,37,52,46,40,53,38,44,47,51,54,62,87,93,86,88,72,78,67,74,59,81,79,67,72,73,71,60,63,81,55,75,59,79,74,80,79,75,81,86,87,82,89,52
HOBBIES_1_008,HOBBIES_1,HOBBIES,179,1267,1346,1524,1814,1801,1950,2001,1359,1618,2117,2184,1949,1809,1684,1498,694,1724,950,25,16,2,2,6,374,1260,946,1710,1656,1680,2098,1721,1426,2007,1906,1690,1617,1694,1692,1519,1487,1559,1542,1436,1420,1556,1419,1375,1435,1315,1384,1343,1436,1339,1288,1425,1492,1418,1302,1436,1434,1325,972,1220,999
HOBBIES_1_009,HOBBIES_1,HOBBIES,42,325,314,310,291,299,292,274,187,221,228,251,280,259,352,288,306,297,261,307,314,269,301,278,287,270,237,246,258,263,270,257,241,223,283,254,217,178,206,239,161,239,212,262,225,273,203,211,280,237,222,224,182,191,215,207,179,221,269,199,238,204,107,282,167
HOBBIES_1_010,HOBBIES_1,HOBBIES,16,154,181,183,194,231,269,230,248,250,175,182,179,185,194,220,195,250,255,252,243,210,219,188,182,204,187,194,197,216,180,199,129,144,165,176,179,180,220,207,199,171,175,189,158,198,159,150,169,160,133,135,156,151,174,172,156,202,136,127,138,133,143,181,123
HOBBIES_1_011,HOBBIES_1,HOBBIES,0,0,0,0,0,0,0,0,0,0,0,0,0,0,0,6,27,37,38,38,43,43,30,38,32,31,32,34,34,36,31,31,31,32,37,41,34,20,25,38,25,25,31,20,13,15,12,8,22,16,17,22,38,36,40,41,40,34,36,32,37,50,47,27,26
HOBBIES_1_012,HOBBIES_1,HOBBIES,23,208,186,181,187,180,192,154,181,175,163,196,187,160,193,188,177,154,131,127,168,143,147,144,126,127,140,135,123,108,109,121,107,109,97,92,87,101,98,81,63,81,76,78,59,69,61,68,74,69,76,69,74,67,69,63,50,63,56,57,66,72,75,82,50
HOBBIES_1_013,HOBBIES_1,HOBBIES,0,0,0,0,0,0,0,0,0,0,0,0,0,0,0,0,22,0,2,125,133,127,107,108,87,87,113,120,110,124,95,105,75,85,76,68,57,73,87,101,102,102,137,119,106,96,77,69,87,91,107,82,110,134,102,111,77,87,58,72,82,83,111,127,96
HOBBIES_1_014,HOBBIES_1,HOBBIES,0,0,0,0,0,0,0,0,0,99,233,293,358,341,345,412,464,474,523,545,529,593,516,535,495,503,503,485,463,483,503,592,554,558,641,633,527,565,787,732,799,707,838,900,879,927,740,779,886,878,1031,1081,1005,1093,1176,1175,983,1198,967,939,1011,660,765,741,690
HOBBIES_1_015,HOBBIES_1,HOBBIES,186,1038,1402,1227,1851,2168,2322,1664,1367,1494,1292,1187,1208,1269,1503,1470,1252,1386,1289,1271,1046,1086,1097,1303,1288,1141,1513,1629,1402,1458,1391,1375,1368,1291,1578,1922,2034,1448,1818,1454,1492,1398,1129,1190,1089,1057,934,957,919,1008,1318,1104,1413,1316,1516,1175,1223,1184,1124,1311,1162,1239,972,1023,896
HOBBIES_1_016,HOBBIES_1,HOBBIES,168,1003,1008,1099,1112,1209,1386,997,973,1296,1025,1075,750,1048,1024,1065,1124,899,949,1026,970,1013,1103,1079,1061,1023,832,820,822,859,840,744,736,769,736,984,1022,980,963,844,751,897,1053,893,816,837,736,718,814,864,798,792,867,922,948,1057,885,977,911,1043,970,898,1100,1083,733
HOBBIES_1_017,HOBBIES_1,HOBBIES,37,58,90,97,115,145,148,140,296,326,244,288,253,232,238,222,233,245,292,263,263,210,199,246,235,196,208,269,249,272,219,251,281,213,200,213,200,251,327,276,242,271,243,259,222,173,181,237,228,286,290,304,306,302,259,264,251,222,190,230,149,219,257,299,210
HOBBIES_1_018,HOBBIES_1,HOBBIES,0,0,0,0,0,0,0,0,0,0,0,0,0,1,37,39,26,29,27,37,32,18,21,9,8,1,0,0,0,0,0,0,0,0,0,0,0,11,36,32,41,30,37,40,30,27,24,28,15,30,52,42,53,47,48,42,32,39,37,42,33,46,50,61,42
HOBBIES_1_019,HOBBIES_1,HOBBIES,0,0,0,0,0,0,0,0,45,7,9,131,454,448,449,456,482,515,601,0,2,2,4,1,403,994,853,1366,1454,1407,1317,1431,1141,1794,1644,1450,1282,984,1002,877,1142,1282,1216,1187,1399,1356,1323,1426,1093,1096,1478,1404,1440,1338,1520,1391,1089,1290,1229,1208,1173,637,1317,1295,924
HOBBIES_1_020,HOBBIES_1,HOBBIES,17,83,89,89,109,109,90,89,75,82,86,114,90,76,98,82,86,60,71,58,71,54,57,37,40,40,35,36,42,26,47,69,65,69,70,61,65,58,76,69,57,48,53,67,66,63,67,67,67,70,66,69,82,83,98,62,81,77,84,85,88,96,85,77,55
HOBBIES_1_021,HOBBIES_1,HOBBIES,0,0,55,218,254,266,278,145,23,17,13,7,4,5,2,41,160,163,157,66,8,1,1,0,0,78,157,106,110,154,113,126,118,123,95,114,119,88,95,106,125,128,108,113,124,163,136,133,146,149,120,121,131,115,121,138,128,152,145,159,148,131,118,128,102
HOBBIES_1_022,HOBBIES_1,HOBBIES,19,214,213,211,182,178,175,151,155,160,130,152,141,157,157,123,115,109,83,82,87,91,101,110,109,142,123,90,91,109,86,108,97,107,123,97,127,131,117,93,94,74,93,74,72,91,81,94,102,97,108,99,115,109,102,102,103,87,80,98,95,119,133,106,79
HOBBIES_1_023,HOBBIES_1,HOBBIES,38,345,476,476,505,615,741,678,671,568,396,334,359,355,428,547,516,505,477,495,569,468,323,279,250,268,415,385,383,507,441,386,278,239,171,108,74,78,124,90,94,182,245,193,173,172,120,109,113,138,313,310,405,424,279,229,178,262,229,173,183,235,311,482,348
HOBBIES_1_024,HOBBIES_1,HOBBIES,0,0,0,0,0,0,0,0,0,0,0,0,0,0,0,0,0,14,51,55,65,78,83,85,89,79,104,108,82,70,74,89,79,81,94,85,87,70,94,86,73,91,99,89,99,82,100,71,91,89,90,96,97,99,96,74,64,74,80,72,68,77,66,76,66
HOBBIES_1_025,HOBBIES_1,HOBBIES,9,70,75,36,48,91,71,76,194,230,182,180,185,160,195,173,216,188,207,180,156,115,93,135,85,136,164,141,156,186,148,124,130,114,137,124,74,126,153,152,125,111,133,103,71,110,86,117,105,101,110,121,113,92,130,126,108,109,128,92,106,122,133,161,100
HOBBIES_1_026,HOBBIES_1,HOBBIES,0,0,0,0,0,0,0,0,0,0,0,0,0,0,0,0,0,0,0,0,0,0,0,0,0,0,0,0,10,29,41,55,88,108,113,103,104,109,102,94,95,98,102,113,104,113,89,103,84,87,118,105,104,105,103,104,90,98,106,120,107,109,118,114,86
HOBBIES_1_027,HOBBIES_1,HOBBIES,0,0,0,0,0,0,0,0,0,0,0,0,0,0,0,0,0,0,0,0,0,0,0,0,0,0,0,0,0,0,0,0,0,0,0,0,0,19,111,93,116,101,127,80,56,56,56,46,80,57,59,45,41,46,53,79,90,87,92,102,114,82,79,73,56
HOBBIES_1_028,HOBBIES_1,HOBBIES,16,156,210,196,215,202,206,198,165,179,155,167,184,139,136,138,149,133,120,133,124,126,122,140,120,106,128,123,114,120,120,124,133,135,140,143,113,116,98,101,116,107,103,87,109,106,111,97,106,81,86,83,86,92,105,118,111,105,129,121,119,119,125,128,101
HOBBIES_1_029,HOBBIES_1,HOBBIES,30,294,311,281,286,288,236,281,268,303,309,313,295,313,335,287,335,272,260,281,311,303,302,272,285,273,305,262,229,293,269,291,238,294,333,315,273,56,1,259,337,406,306,293,260,294,259,283,364,310,324,321,349,303,285,285,289,331,271,294,302,333,329,344,240
HOBBIES_1_030,HOBBIES_1,HOBBIES,0,0,0,0,0,0,0,0,0,0,0,0,0,0,0,0,0,0,99,275,361,391,414,360,368,395,650,631,564,547,494,534,553,708,717,857,916,820,1087,928,821,760,803,671,583,604,506,547,448,435,680,528,804,583,919,763,857,875,790,823,838,840,831,877,688
HOBBIES_1_031,HOBBIES_1,HOBBIES,10,128,105,112,110,112,144,145,127,121,99,116,100,92,115,114,107,107,95,95,123,101,91,99,97,119,127,115,123,131,123,116,114,94,92,68,99,95,118,98,81,82,83,68,52,81,79,73,78,88,62,61,68,87,70,79,73,74,69,71,72,85,84,95,66
HOBBIES_1_032,HOBBIES_1,HOBBIES,204,1502,1438,1556,1519,1264,1701,1536,1230,1333,1171,946,1110,1007,1167,1112,1085,1201,1052,1134,1139,1070,906,839,1160,1131,1253,1426,1270,1380,224,220,510,1188,829,736,999,922,1042,1083,1006,984,899,602,15,9,12,0,361,989,1042,1071,1078,964,1128,1240,1149,988,1131,1117,1222,988,1035,1060,798
HOBBIES_1_033,HOBBIES_1,HOBBIES,0,0,0,0,0,0,0,0,0,0,0,0,0,0,0,0,0,0,0,0,0,0,0,0,0,0,0,0,0,0,0,0,55,104,82,102,89,91,105,84,101,114,104,91,62,59,70,61,68,54,43,67,72,85,59,54,59,68,61,101,92,93,98,73,67
HOBBIES_1_034,HOBBIES_1,HOBBIES,10,76,69,156,231,211,204,191,150,167,135,93,82,105,133,145,165,186,123,110,145,128,132,123,105,112,123,128,195,208,170,184,153,129,103,57,44,51,71,110,143,192,161,186,164,177,119,97,103,117,146,178,254,267,198,170,142,165,138,158,130,128,150,175,186
HOBBIES_1_035,HOBBIES_1,HOBBIES,0,0,0,0,0,0,53,53,72,74,58,79,55,63,64,59,58,55,45,59,46,36,60,77,48,49,50,43,41,47,50,41,33,31,46,57,32,31,61,46,51,44,51,42,50,44,55,59,64,63,56,57,69,58,67,47,42,38,35,76,60,63,62,52,28
HOBBIES_1_036,HOBBIES_1,HOBBIES,21,241,216,202,228,197,209,210,188,209,183,180,198,164,229,195,240,190,248,223,185,115,142,194,158,170,204,191,146,163,121,135,122,121,149,157,123,125,190,111,142,143,191,129,142,133,123,129,141,115,140,164,177,185,179,161,159,142,123,118,119,145,173,178,126
HOBBIES_1_037,HOBBIES_1,HOBBIES,0,0,0,0,0,0,0,0,0,0,0,0,0,0,140,262,300,346,324,259,299,277,276,275,310,307,373,295,290,268,299,315,286,299,333,304,274,245,0,0,105,344,350,351,330,301,321,356,330,299,321,296,348,295,275,282,273,237,259,271,273,296,304,292,194
HOBBIES_1_038,HOBBIES_1,HOBBIES,11,117,135,105,111,96,107,106,117,107,104,93,73,92,86,88,86,107,110,100,122,90,109,96,73,107,91,95,81,99,102,92,96,91,74,93,76,75,79,83,95,100,74,90,76,83,79,78,83,78,81,93,91,110,94,92,108,98,114,91,93,91,83,102,84
HOBBIES_1_039,HOBBIES_1,HOBBIES,0,0,0,0,0,0,0,0,0,0,0,0,0,0,0,12,31,29,26,27,25,44,33,43,51,38,55,48,52,42,47,33,29,30,31,33,29,31,39,31,41,43,26,43,26,37,35,33,34,35,36,31,38,35,44,36,29,30,24,37,27,37,37,38,18
HOBBIES_1_040,HOBBIES_1,HOBBIES,0,0,0,0,0,0,0,0,0,0,0,0,0,0,0,0,0,254,482,533,476,524,532,509,453,439,442,381,465,530,218,21,3,181,244,298,362,246,1,1,121,334,367,364,378,426,368,374,424,369,277,275,332,318,320,383,299,309,353,384,402,374,298,319,210
HOBBIES_1_041,HOBBIES_1,HOBBIES,0,0,0,0,6,101,105,115,124,157,130,124,136,117,169,128,164,175,169,133,134,125,149,144,132,128,119,121,107,116,120,95,88,110,82,88,76,82,121,105,82,102,122,83,79,84,86,85,101,89,99,97,71,85,88,117,74,78,69,62,51,85,80,75,66
HOBBIES_1_042,HOBBIES_1,HOBBIES,0,0,0,0,0,0,0,0,0,10,0,0,134,180,234,240,263,197,210,208,208,249,223,185,187,190,151,132,135,166,140,152,137,158,133,144,137,109,133,118,120,101,98,101,95,71,121,101,121,80,100,93,98,90,103,101,94,105,127,142,136,134,127,123,75
HOBBIES_1_043,HOBBIES_1,HOBBIES,130,803,1008,853,969,1051,1274,916,983,1269,1260,1183,934,984,986,948,823,902,921,912,835,827,623,728,667,630,797,767,721,672,726,807,835,789,626,836,853,706,666,645,710,608,624,557,462,660,557,523,629,578,455,645,604,582,755,772,753,865,824,835,921,951,807,824,482
HOBBIES_1_044,HOBBIES_1,HOBBIES,39,352,296,246,333,292,382,304,307,273,222,233,203,208,211,243,231,213,159,186,183,150,165,155,161,157,185,213,152,155,177,200,179,145,138,127,133,124,153,158,165,167,134,146,131,124,136,132,106,97,138,122,150,152,130,122,115,108,131,117,100,123,99,104,65
HOBBIES_1_045,HOBBIES_1,HOBBIES,0,0,0,0,0,0,0,0,0,0,0,0,0,0,0,0,0,0,0,0,0,0,0,0,0,0,0,0,0,0,0,0,0,0,0,0,0,0,0,0,0,0,0,21,53,40,47,52,71,66,42,39,49,48,58,53,59,45,53,53,61,72,29,35,36
HOBBIES_1_046,HOBBIES_1,HOBBIES,0,0,0,0,0,0,0,0,0,0,0,0,0,0,0,0,0,0,0,0,0,0,0,0,0,0,0,0,0,0,0,0,0,0,0,0,0,0,0,0,0,0,0,0,0,0,0,31,124,157,142,128,141,115,115,108,125,144,145,143,145,153,164,170,130
HOBBIES_1_047,HOBBIES_1,HOBBIES,51,411,454,345,315,302,232,254,274,292,269,255,295,265,300,183,186,209,187,262,259,293,285,205,215,214,228,203,183,200,201,216,207,191,170,141,174,183,183,259,191,219,246,272,248,223,243,173,244,214,204,237,220,216,189,206,196,205,253,219,230,187,76,158,92
HOBBIES_1_048,HOBBIES_1,HOBBIES,1,211,235,373,400,500,550,474,213,211,234,276,537,688,1009,802,184,903,490,6,0,3,11,5,612,1164,930,1531,1465,1732,1445,1404,1042,1356,1482,1493,1623,1514,1729,1550,1706,1693,1727,1795,1519,1758,1789,1955,1566,1550,1802,1638,1705,1840,2101,2146,1949,2170,2242,2180,2136,2225,2317,2343,1754
HOBBIES_1_049,HOBBIES_1,HOBBIES,0,0,0,0,0,0,0,5,59,102,103,118,105,75,96,117,125,103,105,99,110,129,87,93,82,107,101,86,84,82,87,68,69,27,0,1,1,1,0,2,1,0,1,0,0,9,113,88,104,107,129,105,83,80,97,105,102,103,118,128,100,114,130,117,86
HOBBIES_1_050,HOBBIES_1,HOBBIES,11,79,91,118,100,114,107,126,93,134,139,141,124,126,127,135,130,140,155,159,173,196,183,226,190,157,203,198,192,162,138,122,107,126,133,135,125,115,142,134,131,114,116,143,132,129,130,135,113,123,98,98,146,130,124,151,152,128,124,133,169,161,167,168,102
HOBBIES_1_051,HOBBIES_1,HOBBIES,0,0,0,0,0,0,0,0,0,0,0,0,0,0,0,0,0,0,0,0,0,0,0,0,0,0,0,20,47,61,68,76,64,97,92,77,71,61,71,86,89,62,77,89,79,95,70,57,66,64,71,68,76,68,67,66,66,69,75,75,60,80,60,53,53
HOBBIES_1_052,HOBBIES_1,HOBBIES,0,0,0,0,0,0,0,0,0,0,0,0,0,11,12,11,18,13,15,22,19,14,15,17,15,22,21,18,28,14,8,10,8,13,11,9,14,11,14,6,21,12,15,18,14,19,24,12,17,28,21,22,25,21,27,21,18,20,19,31,17,18,36,33,22
HOBBIES_1_053,HOBBIES_1,HOBBIES,0,0,0,0,0,0,0,0,0,0,0,0,0,0,0,0,0,0,0,0,0,0,0,0,0,0,0,57,49,87,103,113,105,104,128,88,75,65,78,75,106,115,80,102,76,59,41,59,71,58,90,75,71,82,143,97,90,114,121,79,63,107,66,125,100
HOBBIES_1_054,HOBBIES_1,HOBBIES,0,0,0,0,0,0,0,0,0,0,0,0,0,0,0,0,0,0,0,0,0,0,23,41,15,14,0,0,0,0,0,14,14,17,22,34,26,15,23,21,15,25,15,20,19,2,1,26,25,25,20,36,30,41,38,30,27,30,37,68,30,48,45,37,32
HOBBIES_1_055,HOBBIES_1,HOBBIES,15,186,217,244,270,296,305,317,233,333,304,278,275,272,289,287,295,314,273,226,241,270,263,303,353,321,379,419,433,434,420,425,374,373,351,327,284,51,4,390,429,438,391,382,396,434,432,404,382,341,311,288,285,312,337,293,364,347,383,358,390,378,361,347,224
HOBBIES_1_056,HOBBIES_1,HOBBIES,0,0,0,0,0,0,0,0,0,0,0,0,0,0,0,0,0,0,0,0,0,0,0,0,0,8,176,483,630,865,576,503,445,558,559,471,539,474,576,488,541,524,463,558,393,460,454,508,435,462,493,593,500,537,645,571,504,629,599,637,594,556,582,616,418
HOBBIES_1_057,HOBBIES_1,HOBBIES,0,0,0,0,0,0,0,0,0,0,0,0,0,0,0,0,0,5,157,225,227,203,207,187,162,134,148,143,218,255,248,229,242,235,183,162,148,104,126,139,210,215,224,246,232,213,231,222,185,98,105,161,267,280,280,272,255,307,242,195,160,141,127,152,166
HOBBIES_1_058,HOBBIES_1,HOBBIES,19,107,144,134,130,133,125,119,142,98,87,114,80,97,89,83,72,105,106,129,129,110,82,92,54,90,95,88,88,122,93,95,82,82,41,50,39,63,85,104,87,91,81,55,52,34,56,47,47,39,56,63,49,64,36,45,42,56,41,47,43,52,70,58,23
HOBBIES_1_060,HOBBIES_1,HOBBIES,0,0,0,0,0,0,0,0,0,0,0,0,0,0,0,0,0,1,43,44,47,58,65,62,58,42,77,58,55,61,75,65,71,75,64,71,69,61,53,64,64,63,69,60,70,94,80,86,85,83,103,88,87,68,81,87,92,102,110,103,107,112,97,108,89
HOBBIES_1_061,HOBBIES_1,HOBBIES,11,106,124,116,123,137,130,113,123,121,101,120,111,126,99,118,121,142,97,114,87,118,113,131,121,134,139,117,101,150,67,120,110,109,126,144,112,124,139,102,113,113,112,110,82,85,103,103,101,84,85,82,118,90,109,103,100,88,61,84,96,94,102,104,76
HOBBIES_1_062,HOBBIES_1,HOBBIES,0,0,0,0,0,0,0,0,0,0,0,0,0,0,0,0,0,0,0,0,0,0,0,0,0,0,0,0,1,44,32,33,28,25,19,15,25,22,28,29,27,34,43,44,38,53,33,24,25,24,31,45,53,49,9,21,37,30,42,43,33,37,18,46,35
HOBBIES_1_063,HOBBIES_1,HOBBIES,10,114,123,118,118,116,111,96,65,78,71,84,102,93,82,91,93,98,78,87,73,63,69,84,71,69,79,67,72,51,70,67,51,70,75,53,64,67,64,69,70,72,62,67,51,57,53,60,69,66,48,66,75,68,88,71,67,74,74,60,71,94,81,69,51
HOBBIES_1_064,HOBBIES_1,HOBBIES,15,168,185,222,220,222,233,218,243,294,311,336,310,289,355,312,265,330,355,378,364,330,307,314,352,356,370,372,359,350,420,357,343,386,346,375,359,246,0,1,88,331,356,300,264,298,299,305,339,356,395,370,351,351,347,371,327,374,352,437,422,383,469,381,244
HOBBIES_1_065,HOBBIES_1,HOBBIES,0,0,0,0,0,0,0,0,0,0,0,0,0,0,0,9,38,28,37,31,28,20,22,30,39,32,37,31,41,45,33,36,30,34,30,35,30,34,33,19,27,22,28,20,12,22,27,27,21,26,32,26,25,30,23,25,17,28,25,23,38,32,34,42,22
HOBBIES_1_066,HOBBIES_1,HOBBIES,0,0,0,0,0,0,0,0,0,0,0,0,0,0,0,0,0,0,0,0,0,0,0,0,0,0,0,0,0,0,13,48,42,32,48,52,59,41,95,46,64,64,74,84,91,107,78,81,93,74,97,86,83,37,131,122,142,164,155,115,107,106,179,142,94
HOBBIES_1_067,HOBBIES_1,HOBBIES,196,1560,1599,1778,1355,1015,1302,1472,1344,1402,1400,1433,1187,1330,1127,983,1228,1243,1247,1462,1528,1257,969,988,956,883,1268,1495,1403,1120,246,211,595,1108,1014,894,1067,795,929,837,1112,1113,861,554,59,60,24,16,281,1115,903,1152,1253,1071,1248,1205,1147,1240,1137,1146,1021,816,916,977,866
HOBBIES_1_068,HOBBIES_1,HOBBIES,27,231,245,194,233,234,233,212,211,237,199,179,182,159,187,163,217,204,204,201,197,196,180,1,4,16,154,143,171,167,175,179,166,168,152,163,148,132,113,141,150,120,115,132,140,136,138,108,104,135,125,138,117,107,135,150,171,154,161,95,74,100,128,123,97
HOBBIES_1_069,HOBBIES_1,HOBBIES,0,0,0,0,0,0,0,0,0,0,4,63,53,65,74,62,53,57,76,77,67,90,75,84,78,69,71,69,70,71,60,61,59,62,58,45,55,57,71,58,65,81,69,55,52,48,52,39,45,47,40,50,44,45,55,58,59,66,67,73,62,62,76,55,58
HOBBIES_1_070,HOBBIES_1,HOBBIES,0,0,0,0,0,0,0,0,0,0,0,0,0,0,0,0,23,41,50,30,28,35,25,35,27,31,29,33,25,27,32,31,14,24,28,19,34,20,34,39,33,31,39,46,24,33,34,30,40,39,20,30,53,30,30,32,42,27,26,33,26,45,24,33,31
HOBBIES_1_072,HOBBIES_1,HOBBIES,0,15,13,15,180,206,182,200,217,215,216,195,189,209,108,163,178,202,215,225,207,205,185,190,175,214,201,200,193,208,191,344,221,181,212,175,139,100,133,146,151,163,162,178,157,147,139,128,144,153,130,146,131,126,159,193,174,179,183,126,132,133,149,168,141
HOBBIES_1_073,HOBBIES_1,HOBBIES,19,151,161,167,196,176,177,180,187,170,157,171,174,178,172,160,193,199,174,207,184,189,184,192,179,189,219,160,167,171,201,223,144,194,152,172,184,177,201,192,209,197,173,173,171,173,174,184,156,185,164,155,164,161,159,159,190,176,183,168,184,202,206,198,124
HOBBIES_1_074,HOBBIES_1,HOBBIES,37,375,394,380,343,366,383,363,347,381,386,424,408,380,442,474,469,529,562,518,508,397,413,434,453,525,539,527,464,488,453,467,410,506,415,460,445,395,410,434,423,388,381,406,435,409,401,375,443,383,371,375,406,426,419,407,375,401,423,378,384,355,358,358,306
HOBBIES_1_075,HOBBIES_1,HOBBIES,16,158,128,155,170,149,125,139,151,134,121,133,109,105,124,112,138,117,99,92,115,103,99,0,1,13,137,113,112,107,113,118,109,126,98,133,138,126,130,95,101,111,108,100,105,83,120,100,102,107,112,122,108,103,91,126,104,40,92,125,125,111,98,97,71
HOBBIES_1_076,HOBBIES_1,HOBBIES,20,128,139,220,259,261,263,148,127,149,126,99,123,168,212,267,206,229,204,236,188,158,104,100,99,116,125,138,203,269,236,191,154,131,114,82,77,79,99,171,182,233,204,208,142,171,117,90,116,103,104,142,168,161,224,213,185,174,133,95,99,151,246,340,264
HOBBIES_1_077,HOBBIES_1,HOBBIES,0,0,0,0,0,0,0,0,0,0,0,0,0,0,35,99,105,101,105,95,107,88,127,167,111,110,137,137,125,124,106,111,114,77,0,0,0,0,0,0,0,0,0,0,0,0,0,0,0,0,0,6,66,85,82,89,75,80,92,79,103,109,99,96,59
HOBBIES_1_078,HOBBIES_1,HOBBIES,17,246,290,418,424,123,24,77,374,483,96,18,215,476,434,72,0,0,253,538,484,567,476,435,391,320,369,347,339,363,420,381,360,351,374,366,385,316,303,261,251,229,241,257,222,202,165,254,239,247,233,249,283,252,257,255,264,279,260,271,245,224,227,231,166
HOBBIES_1_079,HOBBIES_1,HOBBIES,14,124,153,147,117,107,131,156,104,130,147,143,114,113,122,109,117,116,98,116,129,145,163,214,212,167,192,160,168,201,211,198,158,194,202,185,170,160,194,168,179,176,172,216,186,221,213,207,218,176,199,176,169,161,189,181,156,207,212,230,221,208,214,200,156
HOBBIES_1_080,HOBBIES_1,HOBBIES,83,705,1041,1092,966,727,858,935,816,726,584,797,715,643,699,499,538,599,655,846,734,724,721,605,687,796,888,882,806,745,146,82,319,740,539,606,603,492,523,418,604,575,818,215,9,2,27,1,223,632,700,555,696,595,640,540,522,625,609,559,621,628,653,541,466
HOBBIES_1_081,HOBBIES_1,HOBBIES,0,0,0,0,0,0,0,0,0,0,0,0,0,0,0,0,0,0,0,0,0,0,0,0,0,0,0,0,0,5,117,139,129,154,112,132,131,114,128,160,168,121,141,144,123,144,179,151,137,120,120,155,165,142,183,163,153,139,127,151,158,167,155,150,123
HOBBIES_1_082,HOBBIES_1,HOBBIES,10,39,49,64,68,81,75,77,72,77,53,52,36,59,56,57,55,46,41,43,39,58,49,41,35,35,43,40,46,39,40,27,52,33,25,20,35,29,41,26,30,51,50,44,63,30,40,33,26,30,44,35,62,48,42,46,48,38,34,32,32,28,51,48,40
HOBBIES_1_083,HOBBIES_1,HOBBIES,0,0,0,0,0,0,0,0,0,0,0,0,0,0,0,0,0,0,0,0,9,0,0,8,50,48,42,32,39,49,38,41,47,50,40,29,45,28,40,33,34,43,54,63,49,52,40,48,59,4,3,6,4,4,16,125,95,100,107,115,107,93,118,103,88
HOBBIES_1_084,HOBBIES_1,HOBBIES,44,320,348,325,339,333,366,331,263,184,29,4,99,93,68,215,283,278,265,250,256,260,250,258,233,205,230,189,175,192,216,226,213,222,188,194,170,198,230,202,209,203,31,2,2,214,228,204,225,193,212,231,234,171,205,224,20,1,0,0,0,0,309,344,212
HOBBIES_1_085,HOBBIES_1,HOBBIES,0,0,0,0,0,0,0,0,0,0,0,0,0,0,0,0,0,1,1,0,5,121,94,106,108,156,181,167,169,165,168,194,137,234,246,240,228,194,196,169,219,214,217,203,136,178,172,178,190,149,177,184,183,179,200,255,197,239,229,246,254,151,152,205,145
HOBBIES_1_086,HOBBIES_1,HOBBIES,18,96,170,169,158,144,132,175,152,213,185,216,220,190,187,221,236,289,280,322,278,239,241,233,197,157,165,192,228,221,158,195,207,226,198,220,79,161,180,131,15,70,160,194,165,174,177,184,201,178,188,176,223,239,258,245,261,226,156,220,225,213,259,219,155
HOBBIES_1_087,HOBBIES_1,HOBBIES,0,0,0,0,0,0,0,0,0,0,0,0,0,0,0,0,0,1,348,419,361,405,403,466,465,375,448,347,366,365,397,375,336,375,360,398,403,317,357,323,331,330,318,305,281,309,298,278,332,304,353,354,375,342,335,329,191,32,4,2,1,0,1,103,201
HOBBIES_1_088,HOBBIES_1,HOBBIES,30,178,154,123,121,117,113,76,101,91,111,151,105,91,116,84,77,73,92,63,83,76,94,128,75,71,105,73,75,81,79,67,85,99,79,135,89,104,91,73,75,67,72,86,47,67,83,83,88,96,85,102,86,102,114,130,122,122,116,156,122,108,112,133,84
HOBBIES_1_089,HOBBIES_1,HOBBIES,30,248,220,256,310,394,435,420,390,444,397,354,355,424,383,453,419,382,383,319,310,270,340,330,318,247,303,285,282,278,287,348,331,354,304,308,315,315,327,304,301,350,332,309,274,254,117,11,189,240,238,258,267,267,261,291,274,341,315,347,384,338,319,301,257
HOBBIES_1_090,HOBBIES_1,HOBBIES,0,0,0,0,0,0,0,0,0,0,0,0,0,0,0,0,0,0,0,0,0,0,0,0,0,0,0,0,0,219,640,518,653,639,603,605,413,376,550,558,606,627,644,801,636,591,485,807,729,691,564,546,603,480,632,587,477,757,553,677,654,605,566,602,403
HOBBIES_1_091,HOBBIES_1,HOBBIES,0,0,0,0,0,0,0,0,0,0,0,0,0,0,0,0,0,0,0,0,0,0,0,0,0,0,0,0,0,0,0,0,0,0,0,0,0,0,85,114,125,121,130,82,120,176,136,175,203,111,177,132,161,135,175,146,185,177,111,193,194,196,186,187,156
HOBBIES_1_092,HOBBIES_1,HOBBIES,23,147,139,158,141,129,145,136,124,128,124,105,100,96,97,87,98,112,105,101,102,121,94,106,89,103,88,120,92,105,100,98,117,79,130,111,98,84,105,105,108,108,92,106,97,109,85,106,117,90,100,92,98,106,82,109,98,97,95,101,110,108,90,106,69
HOBBIES_1_093,HOBBIES_1,HOBBIES,0,0,0,0,0,0,0,0,0,0,0,0,0,0,0,0,0,5,54,64,80,75,67,56,54,57,68,54,45,63,51,63,56,64,59,67,57,46,55,57,55,55,56,61,52,49,60,56,57,59,46,40,72,72,66,68,61,77,71,80,70,71,62,66,38
HOBBIES_1_094,HOBBIES_1,HOBBIES,0,0,0,31,90,57,78,59,77,59,46,46,32,39,78,96,83,84,64,67,50,59,57,41,40,74,55,67,91,66,68,95,95,88,54,45,34,36,48,57,63,63,41,61,78,61,54,44,35,37,59,60,46,52,56,97,71,58,43,46,61,67,66,82,79
HOBBIES_1_095,HOBBIES_1,HOBBIES,0,0,0,0,0,0,0,0,0,0,0,0,0,33,67,51,59,39,86,83,73,53,46,62,72,71,100,82,104,83,72,75,72,88,72,58,71,78,94,95,81,81,114,83,60,70,49,61,64,88,73,90,105,105,82,55,72,58,56,48,63,80,75,93,67
HOBBIES_1_097,HOBBIES_1,HOBBIES,25,189,201,133,106,142,159,190,239,235,263,254,196,201,237,254,215,241,243,222,256,234,217,181,199,175,179,167,190,192,168,209,155,189,200,225,191,160,154,142,162,171,158,157,127,147,163,190,203,185,208,185,165,165,177,159,139,148,126,142,138,120,136,140,112
HOBBIES_1_098,HOBBIES_1,HOBBIES,37,265,269,221,214,221,247,235,239,242,232,237,252,250,277,274,261,248,202,1,1,2,1,252,308,301,262,264,257,261,268,262,138,4,1,1,2,1,0,0,1,0,1,1,0,0,0,0,0,29,307,270,254,271,283,260,236,269,271,215,280,266,295,252,197
HOBBIES_1_099,HOBBIES_1,HOBBIES,65,492,527,410,429,414,392,362,13,0,61,540,486,412,391,441,404,374,300,0,0,0,1,408,439,451,452,448,368,387,347,323,193,2,2,3,1,1,1,2,8,2,3,2,3,2,1,0,0,27,366,321,381,360,394,367,312,341,329,322,349,335,304,343,317
HOBBIES_1_100,HOBBIES_1,HOBBIES,21,212,212,229,182,169,161,145,125,155,140,156,118,105,162,153,150,156,97,1,4,3,1,1,35,123,145,135,141,144,138,134,137,148,140,156,122,123,109,111,105,108,116,104,125,133,128,148,127,104,120,110,119,116,128,109,91,105,69,88,96,111,135,122,82
HOBBIES_1_102,HOBBIES_1,HOBBIES,0,0,0,0,0,0,0,0,0,0,0,0,0,0,0,0,11,17,24,21,23,33,28,41,35,23,20,22,26,21,25,25,38,33,24,32,33,42,67,38,45,44,35,54,50,50,63,81,69,51,40,52,42,47,50,39,46,52,43,65,50,55,66,49,39
HOBBIES_1_103,HOBBIES_1,HOBBIES,186,1820,1562,1365,1453,1583,1571,1226,1033,1099,1130,1309,1319,1020,925,1118,1016,1006,1054,1179,1100,1140,913,912,913,857,1163,1091,1097,1148,1053,1091,930,900,1090,1226,1408,1053,1202,1035,1015,1010,1179,1104,987,1116,1013,949,1001,946,1086,1040,1213,1070,1191,1058,920,1003,1219,1301,1119,1148,1106,1191,743
HOBBIES_1_104,HOBBIES_1,HOBBIES,0,0,0,0,0,0,0,0,0,0,0,0,0,0,0,0,0,0,0,0,0,0,0,0,0,0,0,0,0,0,0,0,0,0,0,0,0,0,7,61,85,89,94,113,136,137,106,141,133,130,150,134,135,95,85,99,76,70,93,72,101,101,116,97,71
HOBBIES_1_105,HOBBIES_1,HOBBIES,20,156,167,157,204,191,213,185,206,211,166,238,220,257,286,232,227,232,210,250,240,194,189,188,199,230,241,220,191,185,200,202,237,238,210,217,217,200,217,212,206,182,199,176,155,215,198,180,179,191,191,178,144,171,173,123,162,171,157,154,197,176,171,152,125
HOBBIES_1_106,HOBBIES_1,HOBBIES,12,112,129,129,125,120,116,124,117,103,100,226,134,88,151,128,119,118,93,92,94,76,103,122,79,16,0,3,0,0,0,0,0,0,0,0,0,0,0,0,0,0,0,0,0,0,0,0,0,0,62,64,96,87,83,86,90,88,60,107,86,85,115,110,69
HOBBIES_1_107,HOBBIES_1,HOBBIES,0,0,0,0,0,8,11,14,15,10,21,17,18,19,18,17,21,21,22,19,27,23,41,40,15,41,53,59,58,81,81,90,73,57,72,65,54,63,79,51,62,59,68,68,82,70,68,88,63,52,60,68,63,73,84,93,84,69,44,88,77,105,82,86,75
HOBBIES_1_108,HOBBIES_1,HOBBIES,59,467,444,535,526,524,536,333,370,201,35,6,0,98,343,370,463,452,449,533,514,507,416,478,226,245,339,374,335,313,325,278,335,318,298,317,296,267,313,237,273,227,232,254,243,265,277,264,231,194,239,230,268,229,211,223,221,277,272,244,266,268,291,263,190
HOBBIES_1_109,HOBBIES_1,HOBBIES,3,23,26,45,149,162,212,202,200,216,150,123,96,79,140,152,211,218,246,279,212,215,86,118,91,114,136,148,195,210,205,193,140,113,87,80,52,62,80,90,116,141,161,183,159,150,92,96,97,99,129,146,195,247,234,249,196,179,155,107,96,86,87,112,78
HOBBIES_1_110,HOBBIES_1,HOBBIES,9,41,50,47,37,57,49,44,49,60,38,58,62,66,62,51,54,48,59,54,40,56,45,57,44,43,40,44,48,38,46,43,55,54,33,30,43,35,43,48,40,59,44,38,39,50,45,37,52,34,42,43,39,47,46,55,44,69,39,31,30,46,47,66,38
HOBBIES_1_111,HOBBIES_1,HOBBIES,31,180,193,192,155,155,146,171,176,227,218,212,128,172,191,194,157,163,162,107,144,80,107,114,129,170,220,188,106,103,89,102,84,115,112,79,108,111,94,93,86,70,94,98,61,93,88,88,75,88,80,65,50,0,0,57,113,111,100,117,92,107,103,110,87
HOBBIES_1_112,HOBBIES_1,HOBBIES,5,73,58,54,41,29,39,33,37,43,48,62,51,56,35,37,25,47,47,66,54,46,59,50,73,56,40,35,36,35,23,28,43,54,33,50,35,43,18,0,0,0,0,0,0,0,0,0,0,0,0,0,0,0,0,0,0,0,0,0,0,0,11,41,26
HOBBIES_1_113,HOBBIES_1,HOBBIES,0,0,0,0,0,0,0,0,0,0,0,0,0,0,0,0,0,0,0,0,0,0,0,0,0,0,0,0,9,28,49,45,57,46,53,45,62,74,79,71,59,78,84,72,53,60,67,70,77,59,79,50,68,68,74,56,47,68,65,72,82,79,58,68,50
HOBBIES_1_114,HOBBIES_1,HOBBIES,0,0,0,0,0,0,0,0,0,0,0,0,0,5,11,0,27,84,92,84,99,98,100,141,52,54,61,66,60,53,55,61,65,66,76,147,61,69,63,49,50,74,52,68,53,64,51,89,52,47,49,50,62,61,55,62,40,41,32,73,52,41,53,49,51
HOBBIES_1_115,HOBBIES_1,HOBBIES,0,0,0,0,0,0,0,0,0,0,0,0,0,0,0,0,0,0,0,0,0,0,84,0,369,942,925,913,878,692,848,791,577,701,778,928,783,523,404,24,0,0,3,0,0,285,297,421,450,325,443,471,455,501,546,579,521,457,436,415,486,382,504,484,332
HOBBIES_1_116,HOBBIES_1,HOBBIES,0,0,0,0,0,0,0,0,0,0,0,0,0,0,0,8,0,0,48,191,176,157,142,140,94,112,85,138,175,150,132,127,143,134,107,71,54,71,69,48,65,112,107,97,79,70,65,60,53,58,102,117,154,164,179,166,180,176,97,105,113,130,134,177,121
HOBBIES_1_117,HOBBIES_1,HOBBIES,8,69,53,59,69,41,52,60,63,63,56,64,44,46,38,58,61,53,54,70,66,57,71,80,89,56,54,52,45,72,61,53,41,52,51,61,55,51,58,51,45,43,45,55,50,50,38,49,49,46,52,54,60,65,55,55,54,65,62,57,67,48,60,40,40
HOBBIES_1_118,HOBBIES_1,HOBBIES,6,61,62,62,50,41,39,50,50,51,46,58,43,33,44,42,38,46,56,61,51,45,43,53,38,49,62,42,39,45,41,45,47,50,39,44,63,55,34,42,32,38,43,42,47,38,34,47,50,42,38,31,48,56,61,73,43,48,54,42,52,62,58,52,31
HOBBIES_1_119,HOBBIES_1,HOBBIES,0,0,0,0,0,0,0,0,0,0,0,0,0,0,0,0,0,0,0,0,0,0,0,0,0,0,0,0,0,0,112,216,165,183,200,198,171,177,195,210,253,188,170,195,165,149,154,131,181,140,160,121,151,158,208,131,149,193,211,242,218,209,118,231,136
HOBBIES_1_120,HOBBIES_1,HOBBIES,0,0,5,20,11,15,11,20,19,27,26,22,20,11,21,24,23,49,47,38,44,52,75,62,55,64,98,104,128,82,57,63,75,83,83,102,84,66,84,76,86,82,91,95,87,78,65,72,68,69,65,85,93,67,72,81,87,92,73,79,95,99,114,119,78
HOBBIES_1_121,HOBBIES_1,HOBBIES,0,0,0,0,0,0,0,0,0,0,0,0,0,0,0,0,0,0,0,0,0,0,0,0,0,22,48,157,155,128,125,79,51,84,89,68,49,77,69,75,94,133,117,88,126,152,97,104,154,87,151,111,119,90,196,209,150,184,148,93,152,130,114,123,73
HOBBIES_1_122,HOBBIES_1,HOBBIES,0,0,0,0,0,0,0,0,0,0,0,0,0,0,0,0,0,0,0,0,0,0,0,0,0,0,0,0,0,0,123,310,257,244,255,235,229,221,261,198,230,189,191,242,209,211,170,194,232,218,178,204,213,148,195,193,172,256,248,256,262,259,80,237,174
HOBBIES_1_123,HOBBIES_1,HOBBIES,0,0,0,0,0,0,0,0,0,0,0,0,0,0,0,0,0,0,0,0,0,0,0,0,0,0,0,0,32,154,185,168,145,158,149,163,158,161,156,140,129,161,165,177,138,173,204,169,192,146,165,164,170,195,194,185,157,210,202,176,173,157,156,134,97
HOBBIES_1_124,HOBBIES_1,HOBBIES,0,0,0,0,0,0,0,0,0,0,0,0,0,0,0,0,0,0,0,0,0,0,0,0,68,187,116,225,207,250,282,292,193,298,255,253,173,218,168,119,148,144,129,120,154,159,151,183,163,153,200,206,180,158,171,236,189,206,179,229,214,187,183,194,153
HOBBIES_1_125,HOBBIES_1,HOBBIES,0,0,0,0,0,0,0,0,0,0,0,0,0,0,0,0,0,0,0,0,0,0,0,0,0,0,0,0,0,0,0,0,0,0,0,0,0,0,0,0,0,0,0,0,0,0,0,5,55,83,137,106,78,88,70,69,69,78,73,77,82,88,74,85,60
HOBBIES_1_126,HOBBIES_1,HOBBIES,0,0,0,0,0,0,0,0,0,0,0,0,0,0,0,0,0,0,0,0,0,0,0,0,0,0,0,0,0,0,0,0,0,0,0,0,0,0,30,47,59,73,79,87,77,100,103,102,96,102,101,99,112,114,130,116,118,129,102,114,126,139,146,146,109
HOBBIES_1_127,HOBBIES_1,HOBBIES,27,154,141,172,114,114,110,116,97,89,120,91,137,132,147,162,158,150,130,127,202,142,153,168,122,144,172,127,127,120,133,139,156,142,112,134,161,104,128,98,85,114,143,140,119,176,160,133,133,118,116,108,120,117,132,169,149,167,94,79,135,121,147,143,124
HOBBIES_1_128,HOBBIES_1,HOBBIES,11,78,77,88,106,99,71,89,81,95,84,107,70,67,66,67,66,56,82,87,73,70,65,57,56,60,78,63,74,91,77,71,63,64,75,59,51,74,57,47,60,52,60,80,59,72,62,110,124,96,98,76,89,51,64,77,84,87,77,67,70,62,84,77,53
HOBBIES_1_129,HOBBIES_1,HOBBIES,0,0,0,0,0,0,0,0,0,0,0,0,0,0,0,0,0,0,80,228,202,187,222,304,211,218,229,249,223,200,197,211,188,205,189,209,201,181,199,159,165,190,183,218,194,203,216,180,208,161,163,171,227,198,205,202,204,197,195,204,219,198,194,200,153
HOBBIES_1_130,HOBBIES_1,HOBBIES,33,198,222,180,182,162,146,191,166,178,190,155,172,233,231,222,249,261,295,313,280,276,250,281,246,217,229,202,239,270,270,289,230,162,176,202,168,160,200,141,123,153,161,154,154,153,166,140,184,137,132,103,107,129,133,120,140,130,120,114,129,141,181,199,153
HOBBIES_1_131,HOBBIES_1,HOBBIES,0,0,0,0,0,0,0,0,0,0,0,0,0,0,0,0,0,0,0,0,0,0,98,0,286,811,959,844,802,909,822,934,808,920,795,779,731,469,437,24,0,0,5,0,0,596,341,497,415,342,376,457,443,360,477,560,469,496,507,475,457,431,397,410,323
HOBBIES_1_132,HOBBIES_1,HOBBIES,34,285,290,282,279,245,246,223,202,213,228,255,250,235,263,219,226,183,202,231,223,222,203,263,241,239,321,196,209,195,161,187,168,87,1,0,0,0,1,2,0,0,1,0,1,34,228,250,223,223,216,239,297,285,265,262,196,238,190,216,278,262,271,256,192
HOBBIES_1_133,HOBBIES_1,HOBBIES,0,0,0,0,0,0,0,0,0,0,0,0,0,0,0,0,0,5,94,138,128,134,144,181,149,173,132,120,151,131,133,113,94,99,99,94,105,79,89,97,103,102,94,93,85,82,76,78,101,78,84,92,98,96,81,92,59,8,4,3,0,0,1,34,81
HOBBIES_1_134,HOBBIES_1,HOBBIES,0,0,0,0,0,0,0,0,0,842,1219,1408,1139,1177,1405,1160,1331,1315,1329,1333,1363,1409,1545,1524,1388,1303,1129,1161,1209,1130,1143,1155,1103,1168,1120,1063,1070,966,844,741,796,703,854,731,776,817,650,741,741,643,713,726,699,684,735,807,678,837,734,888,1024,829,800,910,591
HOBBIES_1_135,HOBBIES_1,HOBBIES,0,0,0,0,0,0,0,0,0,0,0,0,0,0,0,0,0,0,0,0,0,0,0,0,0,0,0,0,0,0,7,19,26,26,22,22,27,25,42,32,42,45,36,41,40,43,46,59,67,55,74,75,81,88,76,84,86,87,94,93,95,86,106,105,69
HOBBIES_1_136,HOBBIES_1,HOBBIES,0,0,0,0,0,0,0,0,0,0,0,0,0,0,0,0,21,24,26,37,27,26,23,18,22,11,20,24,22,23,41,21,27,21,28,36,26,29,15,21,16,26,21,20,27,18,15,26,17,26,39,26,28,20,22,36,28,32,32,33,26,45,34,24,16
HOBBIES_1_137,HOBBIES_1,HOBBIES,27,223,214,170,148,133,198,120,139,136,149,165,173,150,154,125,117,103,113,105,63,104,115,162,130,121,133,103,84,71,1,4,2,1,0,1,115,101,128,82,146,119,113,1,1,0,0,0,118,215,187,118,169,161,154,122,92,115,131,176,219,163,180,156,119
HOBBIES_1_138,HOBBIES_1,HOBBIES,0,0,0,0,0,0,0,0,0,0,0,0,0,2,0,25,84,62,66,68,51,37,55,40,43,31,48,52,56,40,60,49,42,58,36,31,47,40,49,47,56,56,54,55,48,47,53,57,51,55,54,66,49,64,61,57,57,69,56,33,46,85,72,80,73
HOBBIES_1_139,HOBBIES_1,HOBBIES,0,0,0,0,0,0,0,0,0,0,0,0,0,0,0,0,0,0,0,0,0,0,0,0,0,0,0,0,0,0,0,0,152,194,307,231,260,211,234,209,206,208,216,215,203,136,1,0,82,242,243,274,255,256,288,263,250,324,289,305,267,239,279,194,138
HOBBIES_1_140,HOBBIES_1,HOBBIES,0,0,0,0,0,0,0,0,0,0,0,0,0,0,0,0,0,0,0,0,0,0,0,0,0,0,70,165,138,147,154,130,70,133,102,86,74,101,128,132,100,92,114,67,143,158,119,177,106,142,134,183,99,132,98,166,188,169,198,184,211,162,157,140,98
HOBBIES_1_141,HOBBIES_1,HOBBIES,51,328,381,415,417,436,493,310,2,3,28,438,418,432,405,383,436,396,255,2,3,1,5,365,371,333,337,340,334,325,343,325,233,4,5,4,7,1,5,1,3,5,4,8,2,4,2,4,1,18,343,347,301,317,290,380,378,458,411,425,412,387,372,430,327
HOBBIES_1_142,HOBBIES_1,HOBBIES,0,0,0,0,0,0,0,0,0,0,375,586,1012,496,94,473,122,137,22,2,0,0,0,23,18,64,530,742,900,1018,1027,939,555,848,846,774,728,660,803,620,721,663,523,644,536,525,618,460,546,582,549,557,553,589,624,615,509,539,524,593,599,547,685,530,384
HOBBIES_1_143,HOBBIES_1,HOBBIES,26,205,217,205,231,188,196,160,127,155,138,131,114,92,73,87,99,105,82,111,100,92,85,98,84,83,137,152,120,153,147,203,179,179,183,191,177,162,129,101,68,88,114,142,133,109,150,156,164,119,98,80,95,93,114,106,98,90,106,98,115,103,93,105,64
HOBBIES_1_144,HOBBIES_1,HOBBIES,20,176,180,153,190,197,156,197,170,239,208,205,175,162,178,173,174,161,134,13,0,8,16,7,61,174,184,193,213,223,176,176,157,146,159,153,132,130,140,131,113,127,114,127,106,142,146,142,140,105,117,124,128,114,142,125,115,120,117,126,95,111,123,133,90
HOBBIES_1_145,HOBBIES_1,HOBBIES,13,91,104,68,183,76,106,116,76,103,170,129,151,110,139,72,143,143,135,154,99,67,124,92,56,65,49,75,59,53,76,83,79,61,59,69,59,60,99,99,85,102,81,71,74,98,83,71,69,74,125,86,100,100,128,105,70,46,77,81,123,104,111,127,105
HOBBIES_1_146,HOBBIES_1,HOBBIES,6,81,114,186,218,278,216,163,169,171,113,87,78,96,125,207,248,194,196,210,173,190,128,147,115,134,143,194,208,239,236,239,200,172,130,49,52,59,101,135,136,153,189,210,169,168,109,74,90,81,128,189,236,231,201,203,185,170,142,110,78,92,147,257,220
HOBBIES_1_147,HOBBIES_1,HOBBIES,5,42,40,55,77,154,206,227,455,207,30,446,412,414,504,447,330,667,755,775,752,897,775,769,816,787,807,690,783,718,686,816,704,1008,1003,1020,860,741,778,650,661,737,783,775,819,763,775,800,691,702,774,578,651,620,785,769,772,844,811,985,850,684,775,784,596
HOBBIES_1_148,HOBBIES_1,HOBBIES,0,0,0,0,0,0,0,0,0,0,0,0,0,0,0,0,0,0,0,0,0,0,0,0,0,0,0,308,490,435,493,507,463,515,482,473,466,405,399,392,392,406,393,405,384,423,386,398,417,400,374,357,365,331,381,388,379,434,387,437,417,367,372,353,262
HOBBIES_1_149,HOBBIES_1,HOBBIES,0,0,0,0,0,0,181,260,230,270,188,210,211,180,241,249,113,11,41,232,175,181,164,144,152,153,156,210,174,214,206,218,200,132,116,125,130,114,190,148,167,198,163,165,155,138,113,118,144,115,145,164,177,144,190,180,154,133,134,130,134,169,144,133,115
HOBBIES_1_150,HOBBIES_1,HOBBIES,48,315,384,438,445,443,495,391,239,276,270,310,326,311,319,282,282,266,272,291,305,339,319,291,305,299,353,278,259,265,269,230,230,196,229,209,242,198,181,229,232,243,235,270,251,205,206,200,219,220,234,249,270,222,247,255,225,279,282,304,278,241,105,227,162
HOBBIES_1_151,HOBBIES_1,HOBBIES,44,263,289,263,296,274,296,288,301,306,278,282,267,243,248,238,224,245,228,245,224,251,238,238,248,220,182,170,165,168,189,173,147,169,202,221,189,166,158,157,164,171,174,177,164,175,152,164,167,147,144,146,141,155,173,159,143,142,150,158,161,165,156,143,117
HOBBIES_1_152,HOBBIES_1,HOBBIES,0,0,0,0,0,0,0,0,0,0,0,0,0,0,0,0,0,0,0,0,0,0,0,0,0,0,0,0,5,130,114,104,112,90,102,94,104,84,119,124,123,93,109,109,145,110,128,157,167,152,194,171,154,163,158,132,146,126,119,138,124,138,116,154,95
HOBBIES_1_153,HOBBIES_1,HOBBIES,0,0,0,0,0,0,0,0,0,0,0,6,565,839,766,783,727,733,727,692,661,667,683,794,661,508,653,494,532,544,515,547,487,542,536,573,541,501,578,500,605,356,79,420,476,491,287,16,241,401,530,455,236,487,552,509,548,562,514,473,494,404,436,432,316
HOBBIES_1_154,HOBBIES_1,HOBBIES,0,0,0,0,0,0,0,0,0,0,0,0,0,0,0,0,182,281,286,308,233,293,287,270,211,213,257,231,194,219,177,228,221,242,233,253,236,219,239,183,195,187,145,151,153,206,199,222,208,204,195,249,213,223,199,202,264,299,253,329,295,336,350,385,280
HOBBIES_1_155,HOBBIES_1,HOBBIES,0,0,0,0,0,0,0,0,0,0,0,0,0,0,0,0,0,0,0,0,0,0,0,0,0,0,0,0,0,0,168,235,268,325,355,387,339,237,267,227,234,276,276,304,318,350,373,394,379,303,347,324,386,378,380,379,419,466,443,502,479,403,445,427,295
HOBBIES_1_156,HOBBIES_1,HOBBIES,0,0,0,0,0,0,0,0,0,0,0,0,0,0,0,0,0,0,0,0,0,0,0,0,0,0,0,0,0,0,0,0,0,0,0,0,0,0,63,145,170,168,161,170,164,158,182,173,204,210,164,169,173,187,194,186,204,171,149,161,177,179,279,221,178
HOBBIES_1_157,HOBBIES_1,HOBBIES,13,83,84,102,104,76,82,71,87,115,110,122,137,118,144,132,134,140,78,1,3,0,0,2,43,106,125,121,112,117,126,130,124,106,125,114,112,119,101,91,97,104,135,151,153,161,153,151,144,128,122,122,114,116,107,114,105,134,131,141,114,135,141,140,95
HOBBIES_1_158,HOBBIES_1,HOBBIES,0,0,0,0,0,0,0,0,0,0,0,0,0,0,0,0,0,0,0,0,0,0,0,0,0,0,0,0,0,0,2,2,1,144,2,3,1,2,2,0,2,224,258,269,228,301,298,274,24,1092,1680,1420,1495,1322,1442,1449,1365,1603,1589,1737,1878,1776,1693,1556,970
HOBBIES_1_159,HOBBIES_1,HOBBIES,16,161,92,160,169,190,181,192,229,238,216,234,199,196,211,199,215,230,214,237,190,193,193,167,100,150,194,170,157,155,167,160,160,143,159,188,124,43,4,1,56,126,162,121,114,156,107,109,134,137,126,158,131,145,178,183,180,202,148,143,139,186,188,150,141
HOBBIES_1_160,HOBBIES_1,HOBBIES,0,0,0,0,0,0,0,0,0,0,0,0,0,0,0,0,0,9,102,114,96,97,108,121,85,79,81,102,83,98,93,91,88,95,74,86,97,73,95,72,83,90,76,72,87,86,102,87,100,89,94,91,86,91,90,103,114,113,98,116,110,133,111,117,82
HOBBIES_1_161,HOBBIES_1,HOBBIES,0,0,0,0,0,0,0,0,0,0,0,0,0,0,0,0,0,0,0,0,0,0,0,0,0,0,0,0,0,0,0,0,0,0,0,0,0,0,48,166,149,191,160,68,144,200,177,139,158,122,136,145,141,140,159,157,196,201,196,193,193,200,177,209,128
HOBBIES_1_162,HOBBIES_1,HOBBIES,0,0,0,0,0,0,0,0,0,0,0,0,0,22,49,38,58,58,48,37,35,30,29,26,28,26,42,46,35,40,50,46,52,43,32,27,29,29,40,59,65,59,45,71,59,30,30,25,34,31,61,67,59,59,66,62,50,45,30,22,21,37,41,49,36
HOBBIES_1_163,HOBBIES_1,HOBBIES,6,57,77,64,76,78,76,87,91,92,102,119,85,82,90,93,71,93,76,81,90,87,101,88,99,79,81,91,71,80,88,81,83,78,77,54,67,43,57,58,77,53,66,56,47,56,48,59,49,57,51,52,58,63,55,48,62,47,65,62,74,63,51,64,52
HOBBIES_1_164,HOBBIES_1,HOBBIES,21,219,199,234,239,212,204,188,179,151,144,139,165,156,198,172,190,164,146,200,182,222,232,195,166,175,184,169,177,195,175,198,200,195,155,116,120,121,165,151,160,139,160,203,132,131,155,148,129,126,140,130,131,167,163,175,144,190,172,182,205,227,225,215,144
HOBBIES_1_165,HOBBIES_1,HOBBIES,0,0,0,15,55,34,24,72,41,67,55,67,92,105,115,108,90,97,104,84,120,96,79,71,68,100,115,108,97,89,98,110,85,74,58,52,67,66,71,67,64,39,48,45,40,41,38,48,36,43,47,41,43,44,64,46,36,37,40,41,50,33,41,50,24
HOBBIES_1_166,HOBBIES_1,HOBBIES,0,0,0,0,0,0,0,0,0,0,0,0,0,0,0,0,0,0,0,214,351,368,378,410,408,339,288,248,250,346,356,317,181,0,0,0,0,0,303,370,362,356,403,390,358,325,370,336,367,353,400,375,409,43,4,1,4,2,3,2,1,288,340,381,257
HOBBIES_1_167,HOBBIES_1,HOBBIES,0,0,0,0,0,0,0,0,0,0,0,0,0,0,0,0,0,0,0,0,0,0,120,0,328,892,1134,701,795,782,927,735,707,778,891,917,849,606,497,36,3,0,0,0,0,672,702,607,652,580,622,509,672,496,479,544,511,550,521,584,492,442,446,420,363
HOBBIES_1_168,HOBBIES_1,HOBBIES,0,0,0,0,0,0,0,0,0,0,0,0,0,0,0,0,0,0,0,0,0,0,0,0,0,0,0,0,0,0,0,0,0,0,0,0,0,0,0,157,197,232,253,212,191,253,266,334,329,247,233,198,190,152,138,162,141,163,204,184,234,132,258,269,212
HOBBIES_1_169,HOBBIES_1,HOBBIES,135,977,1057,1254,909,845,798,721,775,752,797,814,742,776,632,556,731,637,757,809,846,447,458,616,538,706,729,803,924,662,138,87,451,916,834,1003,930,767,831,771,883,677,615,351,26,6,5,0,265,826,841,840,905,817,832,901,868,735,807,959,1123,758,803,806,665
HOBBIES_1_170,HOBBIES_1,HOBBIES,0,0,0,0,0,0,0,0,0,0,0,0,0,0,0,0,0,0,0,0,0,0,0,0,0,0,0,2,8,12,18,29,49,50,54,51,48,43,53,36,50,54,50,49,42,47,67,45,51,33,52,43,34,39,30,41,37,47,34,45,51,43,37,44,34
HOBBIES_1_171,HOBBIES_1,HOBBIES,0,0,0,0,0,0,0,0,0,0,0,0,0,0,0,0,0,0,0,0,0,0,0,0,0,0,0,0,0,0,0,0,0,0,0,0,0,0,157,175,144,145,153,186,133,160,115,151,140,144,144,121,131,125,130,128,105,127,130,152,143,105,159,161,106
HOBBIES_1_172,HOBBIES_1,HOBBIES,37,202,203,182,135,105,139,142,154,170,173,207,142,164,176,120,108,97,155,151,163,182,183,193,159,145,172,199,202,168,185,173,182,183,188,198,174,147,140,128,143,135,140,179,121,174,157,199,146,156,169,164,150,126,112,103,102,128,91,97,87,97,139,157,124
HOBBIES_1_173,HOBBIES_1,HOBBIES,0,0,0,0,0,0,0,0,0,0,0,0,0,0,0,0,0,59,144,172,155,166,177,175,170,160,161,140,182,169,142,178,184,199,173,162,161,180,164,170,159,162,180,167,160,175,143,152,157,140,163,143,149,151,162,168,166,172,163,163,146,163,175,156,94
HOBBIES_1_174,HOBBIES_1,HOBBIES,0,0,0,0,0,0,0,0,0,0,0,0,0,0,0,14,44,35,47,38,38,45,51,37,46,36,21,21,26,29,37,35,27,31,34,37,30,25,18,34,23,24,33,28,24,34,28,44,31,28,29,22,21,39,30,27,36,23,24,29,29,45,30,28,27
HOBBIES_1_175,HOBBIES_1,HOBBIES,11,55,50,55,44,35,33,21,31,47,35,92,34,38,29,31,30,46,38,36,41,42,45,78,44,34,63,28,46,42,45,49,50,53,56,87,38,28,15,18,19,32,26,36,16,18,21,63,12,32,29,28,56,42,45,39,51,59,47,80,38,27,29,28,38
HOBBIES_1_176,HOBBIES_1,HOBBIES,0,0,0,3,58,56,76,80,59,54,38,62,46,64,77,79,68,0,1,2,17,0,1,14,20,27,44,68,46,90,64,71,54,53,37,36,24,43,56,58,65,61,53,56,48,42,37,37,32,31,42,71,94,65,88,83,61,65,49,42,40,59,96,104,59
HOBBIES_1_177,HOBBIES_1,HOBBIES,0,0,0,0,0,0,0,0,0,0,0,0,0,231,306,301,155,329,461,464,406,382,377,370,342,312,339,245,277,304,288,314,317,335,297,275,169,13,5,3,3,0,155,281,319,336,314,264,82,117,19,2,0,2,37,230,246,254,306,310,315,244,226,243,183
HOBBIES_1_178,HOBBIES_1,HOBBIES,172,1096,1413,1525,1528,1259,1386,1533,1532,1685,1890,2121,1795,1481,1843,1751,656,1620,923,0,0,2,4,5,566,1490,1545,1987,1938,2148,2138,1788,1303,1741,1839,1660,1674,1511,1697,1648,1842,1521,1603,1516,1421,1767,1561,1657,1645,1309,1540,1425,1703,1445,1500,1455,1612,1594,1631,1652,1892,1232,1024,1243,1033
HOBBIES_1_179,HOBBIES_1,HOBBIES,0,0,0,0,0,0,0,54,305,309,289,299,312,298,327,320,300,343,322,333,309,312,335,349,327,305,326,298,290,358,378,431,262,335,335,388,318,311,364,289,314,279,290,331,280,304,295,289,310,292,304,287,320,317,315,364,350,332,315,356,357,330,351,403,239
HOBBIES_1_180,HOBBIES_1,HOBBIES,0,0,0,0,0,0,0,0,0,0,0,0,0,0,0,0,0,0,0,0,0,0,0,0,0,0,0,0,0,0,0,0,0,0,0,0,0,0,17,39,48,37,40,50,49,42,53,60,45,48,59,52,69,6,64,56,59,57,44,55,60,73,67,82,53
HOBBIES_1_181,HOBBIES_1,HOBBIES,0,0,0,0,0,0,0,0,0,0,0,0,0,1,13,4,2,5,4,5,6,8,6,7,1,10,14,13,12,17,21,14,13,17,21,29,10,9,10,13,13,17,15,20,20,22,25,28,22,24,25,20,28,20,31,21,34,35,37,54,41,47,31,32,22
HOBBIES_1_183,HOBBIES_1,HOBBIES,0,0,0,0,0,0,0,0,0,0,0,0,0,0,0,0,0,0,0,0,0,0,0,0,0,0,0,0,0,116,149,172,167,186,182,146,150,121,162,136,135,133,119,133,115,155,94,113,128,139,112,95,85,69,97,91,92,88,91,77,91,81,64,66,65
HOBBIES_1_184,HOBBIES_1,HOBBIES,0,3,4,6,10,2,2,6,46,43,56,57,67,59,56,58,58,55,67,56,56,63,63,57,53,51,42,45,34,43,46,54,47,66,58,59,66,45,68,51,63,40,56,59,67,61,67,68,61,71,56,56,59,66,65,77,64,85,72,77,76,62,57,70,50
HOBBIES_1_185,HOBBIES_1,HOBBIES,11,74,81,65,85,77,85,95,65,79,79,91,78,70,69,75,79,76,37,72,89,85,90,82,57,59,82,80,84,55,71,50,53,51,65,73,65,77,82,84,100,98,93,102,107,89,105,111,103,73,77,81,83,82,98,92,76,122,101,95,95,106,146,126,119
HOBBIES_1_186,HOBBIES_1,HOBBIES,0,0,0,0,0,0,0,0,0,0,0,0,0,0,0,0,0,0,0,0,0,0,0,0,0,0,0,0,0,0,0,0,0,0,0,0,0,0,0,0,0,0,16,31,27,35,26,32,41,0,0,0,1,0,8,98,99,85,78,117,114,101,128,129,85
HOBBIES_1_187,HOBBIES_1,HOBBIES,11,80,78,95,94,91,99,96,71,87,98,78,96,75,122,98,83,95,88,91,95,109,76,0,0,12,126,110,101,123,97,98,61,73,70,59,68,70,88,91,91,87,105,100,110,98,58,68,65,37,99,75,72,83,72,117,97,121,96,109,101,108,89,89,80
HOBBIES_1_188,HOBBIES_1,HOBBIES,0,0,0,0,0,0,0,0,0,0,0,0,0,31,48,29,29,36,42,30,30,22,34,41,40,42,30,41,24,32,37,39,44,25,29,42,39,56,47,55,31,20,32,32,35,28,21,20,27,25,45,51,50,57,60,45,45,44,53,39,52,49,69,64,57
HOBBIES_1_189,HOBBIES_1,HOBBIES,78,782,1100,615,821,745,1065,1031,848,721,673,924,856,620,631,628,321,776,291,3,0,0,0,0,311,495,319,792,878,1113,1071,1143,891,1040,974,973,1166,796,914,1012,1044,1040,1011,1275,1393,1377,1386,1105,1199,1227,1228,1212,1164,1181,1256,1324,1341,1431,1315,1361,1372,1387,1388,1588,1033
HOBBIES_1_190,HOBBIES_1,HOBBIES,0,0,0,0,0,0,0,0,0,0,0,0,0,0,0,0,0,0,0,0,0,0,0,0,0,0,0,0,0,0,0,0,0,0,10,50,55,45,43,50,26,40,43,41,50,44,42,63,45,36,42,32,31,27,46,50,41,41,62,54,41,57,51,39,31
HOBBIES_1_191,HOBBIES_1,HOBBIES,0,0,0,0,0,0,0,0,0,0,0,0,0,0,0,0,0,0,0,0,0,0,0,0,0,0,0,0,0,0,0,0,0,0,0,0,0,0,13,64,69,60,73,47,61,68,72,75,80,82,87,49,64,57,57,62,76,74,101,92,77,84,88,79,61
HOBBIES_1_192,HOBBIES_1,HOBBIES,2,19,25,16,14,18,24,19,23,36,25,22,27,34,23,29,21,31,15,24,23,23,24,23,31,24,23,28,27,26,21,20,15,25,11,12,16,12,13,17,9,14,14,20,15,15,11,11,14,13,13,11,25,6,21,15,12,20,11,13,17,10,21,20,17
HOBBIES_1_193,HOBBIES_1,HOBBIES,14,107,84,71,63,56,68,64,47,53,46,54,59,50,29,41,42,44,36,34,22,15,16,28,33,42,43,29,37,43,67,86,83,77,82,92,102,81,93,78,94,64,97,107,114,98,133,132,123,112,104,134,127,122,153,165,165,123,135,136,140,138,141,152,76
HOBBIES_1_194,HOBBIES_1,HOBBIES,87,666,719,721,628,723,731,611,187,8,0,0,0,0,0,0,184,361,380,388,406,426,384,349,290,266,318,349,354,342,359,339,280,343,307,298,312,315,368,381,379,298,341,345,373,413,396,399,394,395,446,440,402,376,378,403,367,465,445,448,423,436,394,377,275
HOBBIES_1_195,HOBBIES_1,HOBBIES,11,58,67,22,61,88,82,82,89,89,102,124,121,123,152,123,144,139,100,2,0,0,0,0,36,139,145,128,133,130,131,133,124,140,118,143,108,133,99,89,106,96,112,126,148,134,124,140,131,97,105,106,97,104,107,107,115,130,122,120,107,116,123,121,73
HOBBIES_1_197,HOBBIES_1,HOBBIES,0,0,0,4,23,37,44,37,34,37,41,43,40,40,42,48,45,62,61,47,48,47,49,39,42,51,62,47,52,34,57,38,52,43,44,46,46,37,42,51,44,38,40,50,39,51,51,50,54,41,47,45,45,55,42,57,45,47,51,51,47,41,47,48,36
HOBBIES_1_198,HOBBIES_1,HOBBIES,0,0,0,0,0,0,0,0,0,34,49,51,51,45,46,46,42,44,73,96,86,118,105,115,105,116,116,99,125,139,116,116,142,166,145,137,140,127,155,123,142,168,159,197,216,206,204,218,155,171,241,218,199,225,256,309,279,292,271,235,170,234,190,177,125
HOBBIES_1_199,HOBBIES_1,HOBBIES,0,0,0,0,0,2,40,63,86,96,107,127,99,99,89,95,89,89,89,100,79,93,88,101,100,107,97,87,98,92,92,124,123,134,100,86,72,80,89,82,139,110,119,111,112,111,107,89,82,101,117,105,123,157,201,195,179,215,197,202,233,224,202,135,148
HOBBIES_1_200,HOBBIES_1,HOBBIES,0,0,0,0,0,0,0,0,0,0,0,0,0,0,0,0,0,0,80,183,155,190,216,243,235,221,213,184,195,185,200,211,194,207,201,194,173,183,154,160,168,160,192,192,179,183,177,177,178,188,174,160,160,157,182,179,180,226,189,192,194,153,155,149,99
HOBBIES_1_201,HOBBIES_1,HOBBIES,67,487,427,422,397,439,476,420,416,500,479,493,495,412,399,375,365,335,385,412,417,388,340,312,344,345,339,371,398,414,506,435,348,348,383,393,347,333,330,428,334,313,308,378,366,340,293,307,320,272,305,304,279,292,295,318,276,267,252,264,271,274,357,314,224
HOBBIES_1_202,HOBBIES_1,HOBBIES,77,762,584,437,427,339,395,313,383,377,328,383,358,392,393,340,337,376,397,331,374,380,347,343,384,310,371,322,289,310,346,271,271,214,277,307,230,212,262,257,246,257,200,222,179,193,162,210,237,208,207,264,224,232,215,209,214,222,245,224,187,170,92,150,134
HOBBIES_1_203,HOBBIES_1,HOBBIES,0,0,0,0,0,0,0,0,0,0,0,0,0,0,0,0,0,0,0,0,0,0,0,0,0,0,0,0,0,0,0,0,36,39,64,110,114,112,79,5,8,59,115,144,140,133,146,152,147,139,130,136,147,160,159,168,164,187,158,189,152,119,163,129,81
HOBBIES_1_204,HOBBIES_1,HOBBIES,0,0,0,0,0,0,0,0,0,0,0,0,0,0,0,0,0,0,0,0,0,0,0,0,0,0,0,0,0,0,0,0,0,0,0,0,0,0,0,0,0,0,0,0,0,0,0,220,317,269,243,186,147,119,202,226,263,234,244,239,288,361,369,375,259
HOBBIES_1_205,HOBBIES_1,HOBBIES,0,0,0,0,0,0,0,0,0,0,0,0,0,1,0,0,31,46,51,43,33,55,45,47,49,37,57,33,34,33,46,31,24,32,40,24,32,43,54,48,44,34,49,51,48,42,32,44,31,36,35,29,32,35,51,41,41,37,42,31,30,38,36,41,21
HOBBIES_1_206,HOBBIES_1,HOBBIES,0,0,0,0,0,0,0,0,0,0,0,0,0,0,0,0,0,0,0,0,0,0,0,0,0,0,0,0,0,0,0,0,0,0,0,0,0,0,0,0,0,0,0,0,95,271,293,293,292,220,274,191,206,187,215,204,152,275,147,172,189,224,285,292,207
HOBBIES_1_207,HOBBIES_1,HOBBIES,26,157,160,196,171,194,188,187,174,146,114,119,97,121,90,76,86,122,140,119,125,94,69,61,60,76,91,94,90,76,78,94,60,64,62,62,80,55,66,60,73,72,77,64,48,59,73,55,54,43,78,71,77,69,79,73,53,64,79,56,82,86,96,81,78
HOBBIES_1_208,HOBBIES_1,HOBBIES,0,0,0,0,0,0,0,0,0,0,0,0,0,0,0,0,0,0,0,0,0,0,0,0,81,139,166,133,149,128,164,139,164,152,188,193,122,36,0,0,74,113,125,128,126,104,142,127,114,131,133,146,161,174,170,198,192,194,163,154,158,181,200,202,147
HOBBIES_1_209,HOBBIES_1,HOBBIES,77,1322,1063,803,1107,1156,1137,1035,901,1200,1063,1079,958,1052,1169,1245,890,1037,905,736,808,573,554,709,837,611,666,650,747,770,835,578,564,503,663,831,761,594,357,694,653,625,509,682,649,757,657,610,710,483,531,605,673,644,708,822,763,954,755,820,913,733,740,885,664
HOBBIES_1_210,HOBBIES_1,HOBBIES,0,0,0,0,0,0,0,0,0,0,0,0,0,100,214,154,142,137,162,134,145,177,193,267,224,224,163,135,131,176,114,146,158,189,191,213,104,118,187,145,157,126,132,148,200,196,244,250,131,144,223,154,219,253,230,219,221,239,184,239,225,176,143,152,144
HOBBIES_1_211,HOBBIES_1,HOBBIES,0,0,0,0,0,0,0,0,0,0,0,0,0,0,0,0,0,0,0,0,0,0,0,0,0,0,0,0,0,0,0,0,0,0,0,0,0,0,31,62,213,202,209,286,260,264,306,218,409,352,218,209,266,355,418,420,493,486,538,606,659,615,554,418,285
HOBBIES_1_212,HOBBIES_1,HOBBIES,0,3,0,3,5,3,4,7,3,4,0,3,5,20,18,21,22,20,24,16,17,16,19,18,20,18,21,29,23,26,13,23,18,11,12,17,17,16,8,13,19,16,15,21,18,11,12,11,24,17,8,24,14,23,19,23,13,19,19,12,15,15,18,25,20
HOBBIES_1_213,HOBBIES_1,HOBBIES,19,151,144,152,122,124,123,111,120,100,128,115,138,131,136,139,173,197,181,153,162,158,134,161,166,163,171,156,143,135,151,140,136,127,104,126,107,123,140,140,131,94,193,186,168,164,196,224,202,224,226,190,178,158,217,167,175,171,90,154,134,118,142,147,114
HOBBIES_1_214,HOBBIES_1,HOBBIES,1,8,13,7,18,7,8,7,3,1,5,3,3,21,38,48,41,44,41,42,49,38,42,41,37,53,50,63,37,44,35,33,50,28,32,24,30,29,34,26,34,38,42,45,32,36,29,33,39,43,20,25,35,31,34,30,36,34,33,26,20,20,45,61,31
HOBBIES_1_215,HOBBIES_1,HOBBIES,1,149,177,171,177,170,22,7,159,172,140,149,174,172,212,153,166,131,9,0,0,1,0,66,175,184,198,199,125,226,183,216,202,123,141,173,202,151,187,149,141,162,126,172,149,145,156,166,148,165,139,141,163,117,119,99,114,108,121,134,124,97,142,137,96
HOBBIES_1_216,HOBBIES_1,HOBBIES,51,254,317,337,320,336,350,277,245,226,222,259,293,223,334,265,262,272,254,289,311,352,263,278,234,233,236,253,208,284,209,212,189,184,206,201,182,223,207,220,184,209,201,218,205,190,228,186,218,186,128,151,167,167,177,155,154,201,223,202,153,122,73,111,137
HOBBIES_1_217,HOBBIES_1,HOBBIES,0,0,11,31,26,24,29,34,43,19,11,6,7,12,13,5,6,9,24,22,19,21,24,51,18,17,9,6,16,10,18,18,16,15,11,31,11,28,39,16,36,37,22,38,28,19,38,71,31,17,21,19,36,43,38,38,34,43,43,101,16,41,49,63,41
HOBBIES_1_218,HOBBIES_1,HOBBIES,0,0,0,0,0,0,0,0,0,0,0,0,0,0,0,0,0,0,0,0,0,0,0,0,0,8,55,67,79,57,63,61,66,86,85,74,85,60,75,58,105,95,62,70,73,68,57,82,67,64,57,59,69,67,59,48,59,74,64,66,60,62,43,38,38
HOBBIES_1_219,HOBBIES_1,HOBBIES,0,0,0,0,0,0,0,0,0,0,0,0,0,0,0,0,0,0,0,0,0,0,0,0,0,0,0,0,0,0,0,0,0,0,0,38,75,78,82,72,74,62,60,70,63,68,47,60,52,47,67,47,50,51,49,58,40,65,51,54,53,56,55,59,40
HOBBIES_1_220,HOBBIES_1,HOBBIES,7,77,81,95,100,107,100,98,81,102,119,111,93,117,96,68,100,129,159,137,145,113,134,156,143,153,215,189,119,157,127,157,131,162,142,126,136,142,171,134,131,115,130,109,97,97,94,129,110,79,104,69,58,1,1,42,125,127,146,128,99,117,122,138,99
HOBBIES_1_221,HOBBIES_1,HOBBIES,12,131,97,71,86,102,106,100,95,108,84,148,69,61,67,51,69,65,93,64,74,86,68,133,59,59,67,63,81,105,91,97,95,82,87,119,53,67,60,59,70,62,74,82,65,70,62,106,62,34,44,30,24,67,57,73,72,72,89,137,60,54,49,69,51
HOBBIES_1_223,HOBBIES_1,HOBBIES,0,0,0,0,0,0,0,0,0,0,0,0,0,0,0,0,0,0,0,0,0,0,0,0,0,0,55,115,139,87,105,56,60,65,44,89,100,56,124,69,108,120,139,103,117,119,147,135,141,146,157,126,147,141,218,205,158,180,195,123,171,214,206,184,98
HOBBIES_1_224,HOBBIES_1,HOBBIES,0,0,0,0,0,0,0,0,0,0,0,0,0,28,49,60,52,44,40,40,38,27,41,79,33,45,57,52,53,42,44,44,39,47,43,63,46,40,52,55,68,59,66,62,50,52,60,77,46,42,50,50,56,72,58,58,53,68,50,81,55,81,77,85,54
HOBBIES_1_225,HOBBIES_1,HOBBIES,0,0,0,0,0,0,0,0,0,0,0,0,0,0,0,0,0,9,85,125,101,95,116,101,111,108,92,98,97,128,117,118,101,117,135,134,140,124,131,133,101,89,87,101,91,111,104,114,97,127,141,133,148,136,128,146,130,139,131,112,103,108,102,76,59
HOBBIES_1_226,HOBBIES_1,HOBBIES,34,199,254,229,225,293,320,274,294,307,306,300,325,271,274,253,252,300,210,3,0,2,2,260,309,282,271,214,184,205,226,226,140,0,1,3,2,1,1,1,1,1,1,0,1,0,0,74,176,163,249,270,329,272,236,196,177,186,229,225,206,227,304,270,191
HOBBIES_1_227,HOBBIES_1,HOBBIES,7,72,80,85,80,141,103,100,72,72,78,89,38,43,80,45,77,93,114,108,42,55,79,95,58,70,64,25,74,106,85,105,53,50,78,42,31,45,54,56,69,64,79,82,44,64,69,78,48,33,53,59,57,66,104,59,56,46,79,75,39,63,59,63,32
HOBBIES_1_228,HOBBIES_1,HOBBIES,0,0,0,0,0,0,0,76,355,360,359,383,329,296,326,359,353,342,360,341,335,334,313,358,350,337,358,323,317,356,379,372,249,372,390,377,381,329,373,358,345,436,362,373,368,340,339,360,351,306,389,343,330,354,367,369,311,301,317,307,314,292,285,350,222
HOBBIES_1_229,HOBBIES_1,HOBBIES,0,0,0,0,0,0,0,0,0,0,0,0,0,0,0,0,0,0,0,0,0,0,0,0,0,19,32,26,34,19,12,28,17,25,21,25,31,62,58,54,83,86,72,83,52,70,68,55,68,64,52,30,59,83,63,71,52,58,60,64,72,84,65,59,37
HOBBIES_1_230,HOBBIES_1,HOBBIES,0,0,0,0,0,0,0,0,0,0,0,0,0,23,39,30,35,40,33,22,19,24,31,38,31,41,51,39,30,47,34,35,20,28,27,34,28,44,45,32,44,33,32,38,27,31,36,34,43,41,18,29,22,27,33,37,33,31,35,47,37,42,40,29,35
HOBBIES_1_231,HOBBIES_1,HOBBIES,0,0,0,0,0,0,0,0,139,147,152,151,143,166,202,174,192,204,212,215,199,201,209,194,200,187,214,178,181,215,204,202,144,210,232,212,195,173,207,220,221,204,211,190,166,193,217,209,254,207,239,249,264,237,228,237,237,235,235,215,174,216,210,215,155
HOBBIES_1_232,HOBBIES_1,HOBBIES,0,0,0,0,0,0,0,0,0,0,0,0,0,0,0,0,0,0,0,0,0,0,0,0,0,0,0,0,0,0,0,0,0,0,0,0,0,0,0,0,0,0,0,0,0,0,0,0,413,505,497,508,589,510,462,440,636,609,594,514,263,448,531,518,376
HOBBIES_1_233,HOBBIES_1,HOBBIES,87,1243,1639,1222,1232,1399,1378,829,826,900,878,972,873,1176,1225,1125,906,986,1017,1034,1019,806,848,905,967,897,1110,1020,940,948,1020,833,883,831,878,1154,1071,1134,581,832,842,775,876,926,868,878,932,908,947,871,967,760,981,926,978,1165,907,1136,1056,1074,1079,984,1158,960,628
HOBBIES_1_234,HOBBIES_1,HOBBIES,0,0,0,0,0,0,0,0,2,615,866,823,820,483,680,903,1293,1311,710,509,441,527,926,1195,1101,824,631,729,846,1192,862,758,906,644,700,743,547,589,407,445,684,867,713,793,987,1098,1012,1017,1487,817,1025,1177,1237,1464,1386,2077,1969,2093,2487,2434,2120,1916,1862,1837,1321
HOBBIES_1_235,HOBBIES_1,HOBBIES,0,0,0,0,125,272,327,379,400,184,1,5,0,1,244,346,327,304,345,290,270,261,382,397,217,154,214,243,240,245,266,224,279,260,260,256,241,248,242,238,276,233,208,245,242,185,147,252,252,206,234,205,196,227,237,223,209,256,259,235,231,235,273,239,179
HOBBIES_1_236,HOBBIES_1,HOBBIES,0,0,401,958,835,926,1014,495,68,135,23,0,0,0,0,280,520,604,586,267,32,11,12,2,9,391,673,583,628,571,702,620,670,674,641,619,618,479,508,551,587,556,601,569,593,440,399,415,488,447,427,395,383,472,427,440,383,430,394,86,15,0,0,3,27
HOBBIES_1_237,HOBBIES_1,HOBBIES,39,241,229,213,202,251,233,252,259,208,207,196,191,213,224,226,224,239,199,200,191,170,176,182,194,163,167,157,189,163,186,148,166,130,200,196,191,177,203,194,205,164,188,204,188,180,189,184,184,159,195,198,204,193,195,163,131,120,156,152,92,107,86,95,98
HOBBIES_1_238,HOBBIES_1,HOBBIES,22,149,170,149,157,158,148,127,133,128,94,127,127,115,123,121,133,136,117,155,115,116,122,130,108,102,106,83,96,91,99,138,103,103,91,83,103,100,112,114,108,106,110,100,95,102,100,88,104,99,104,87,116,95,108,116,108,98,127,128,121,113,111,101,76
HOBBIES_1_239,HOBBIES_1,HOBBIES,15,142,138,125,142,102,140,100,95,125,87,156,142,105,148,96,96,88,111,72,93,82,75,142,100,61,91,101,80,70,71,66,57,67,69,93,54,64,81,61,98,66,73,59,57,57,76,108,65,69,58,54,70,77,89,75,72,63,69,131,106,103,89,79,46
HOBBIES_1_240,HOBBIES_1,HOBBIES,0,0,0,0,1,50,82,75,76,165,161,205,209,97,44,7,17,160,176,175,117,124,108,102,114,95,174,96,101,92,142,144,149,153,155,130,101,120,122,71,87,97,89,88,97,110,75,90,105,111,142,205,218,203,189,190,193,193,202,184,165,203,305,315,205
HOBBIES_1_241,HOBBIES_1,HOBBIES,0,0,0,0,0,0,0,0,0,0,0,0,0,0,0,0,0,0,0,0,0,0,0,0,0,0,0,0,0,0,0,0,0,0,0,0,155,183,201,154,176,197,184,144,172,190,217,211,223,175,189,175,194,183,268,260,305,305,368,436,436,359,343,342,289
HOBBIES_1_242,HOBBIES_1,HOBBIES,59,558,544,596,675,586,639,615,573,672,603,642,569,550,557,505,483,556,567,479,520,590,442,529,477,438,553,462,449,448,337,310,383,380,393,395,422,368,386,257,261,197,220,301,244,243,202,234,217,235,222,209,247,159,203,231,214,241,218,226,229,207,241,303,219
HOBBIES_1_243,HOBBIES_1,HOBBIES,0,0,0,0,0,0,0,0,0,0,0,0,0,0,0,0,0,0,0,0,0,0,0,0,0,0,0,17,41,72,80,85,102,89,59,42,47,49,41,38,51,80,77,82,92,68,49,40,49,45,57,59,77,72,97,112,118,94,73,54,63,69,90,84,67
HOBBIES_1_244,HOBBIES_1,HOBBIES,149,1058,1278,1411,1433,1356,1325,1265,1206,1051,1139,981,975,809,938,886,505,1171,650,0,17,7,16,20,400,1061,831,1379,1651,1981,1668,1529,1090,1565,1408,1321,1134,863,1001,1038,1246,1065,1301,1473,758,792,1196,1412,1405,942,1194,1128,1327,1358,1346,1334,1040,1313,1138,1286,1078,997,1246,1035,1048
HOBBIES_1_245,HOBBIES_1,HOBBIES,0,0,0,0,0,0,0,0,0,0,0,0,0,19,16,14,25,19,22,28,27,18,18,38,24,24,39,36,35,35,41,48,40,47,27,69,38,39,36,36,33,30,33,38,34,37,44,77,42,36,38,36,30,19,20,31,21,36,50,76,44,49,52,53,34
HOBBIES_1_246,HOBBIES_1,HOBBIES,0,0,0,0,0,0,0,0,0,0,0,0,0,0,0,0,0,0,0,0,0,0,0,0,0,0,0,0,0,0,0,0,0,0,0,0,0,0,160,176,165,118,91,138,96,188,180,122,132,126,109,112,100,35,68,98,139,118,62,75,77,94,130,95,99
HOBBIES_1_247,HOBBIES_1,HOBBIES,0,0,0,0,0,0,0,0,0,0,0,0,0,0,0,0,0,0,0,0,0,0,0,0,0,0,0,0,0,0,0,0,0,0,0,0,0,2,74,106,151,154,132,141,163,147,152,144,165,165,216,203,233,233,239,211,201,238,251,228,203,238,247,241,200
HOBBIES_1_248,HOBBIES_1,HOBBIES,0,0,0,0,0,0,0,19,179,322,775,908,1491,1202,811,1498,836,917,709,681,616,529,466,539,549,554,873,721,973,1211,769,714,802,830,730,427,318,339,560,366,399,367,318,374,285,446,413,408,705,981,403,477,413,503,758,373,362,394,335,300,290,380,500,379,376
HOBBIES_1_249,HOBBIES_1,HOBBIES,15,81,84,95,94,91,108,97,122,121,124,130,129,126,109,116,129,143,126,160,128,150,149,166,155,185,185,208,201,188,207,212,186,187,193,197,198,172,183,153,185,187,218,221,229,264,239,262,237,211,203,218,242,230,274,254,241,231,247,242,202,201,210,217,173
HOBBIES_1_250,HOBBIES_1,HOBBIES,0,0,0,0,0,0,0,0,0,0,0,0,0,47,63,52,50,69,79,75,65,69,65,52,66,58,66,60,57,59,68,87,64,62,42,43,43,37,43,40,46,60,44,67,41,58,52,47,44,37,37,44,62,56,55,53,43,52,38,34,40,47,48,61,44
HOBBIES_1_251,HOBBIES_1,HOBBIES,3,50,38,24,24,21,24,29,10,22,21,25,21,24,41,27,38,36,47,45,38,46,49,42,53,39,26,38,20,32,27,32,40,31,43,56,48,42,57,58,55,50,62,55,76,65,73,81,82,81,87,97,145,93,90,92,95,113,113,136,139,127,126,107,95
HOBBIES_1_252,HOBBIES_1,HOBBIES,0,0,0,0,0,0,0,0,0,0,0,0,0,0,0,0,0,0,0,0,0,0,0,0,0,0,0,0,0,0,0,0,0,0,0,0,0,0,109,13,1,0,0,3,0,362,530,473,581,494,704,696,674,676,737,674,505,657,667,546,535,569,546,436,303
HOBBIES_1_253,HOBBIES_1,HOBBIES,0,0,0,0,0,0,0,0,0,0,0,0,0,0,0,0,0,0,0,0,0,0,0,0,0,0,0,0,0,0,0,0,42,289,281,283,243,195,197,169,181,130,122,144,51,2,1,80,144,108,143,106,108,130,94,115,88,88,112,119,159,135,70,106,85
HOBBIES_1_254,HOBBIES_1,HOBBIES,179,1890,1545,1248,1679,1703,1761,1412,1232,1383,1270,1130,1041,1041,1159,1156,1287,1350,1200,1148,1321,1322,1174,1129,1321,1033,1007,1272,1250,1484,1538,1433,1140,1160,1356,1358,1702,1254,1692,1283,1376,1297,1120,1376,1323,1173,1160,1270,1300,1112,1323,1112,1254,1484,1732,1596,1767,1856,1827,2063,1618,1653,1777,1885,1144
HOBBIES_1_255,HOBBIES_1,HOBBIES,0,0,0,0,0,0,0,0,0,0,0,0,0,19,104,152,134,185,176,199,166,203,170,131,125,172,121,100,146,131,104,145,234,207,110,78,95,87,120,122,51,0,0,94,143,159,120,111,154,116,162,132,152,67,128,104,104,137,138,131,117,118,237,159,126
HOBBIES_1_256,HOBBIES_1,HOBBIES,349,1954,1696,1266,1713,1979,1787,2242,1722,1896,1761,1915,1440,1269,1357,1345,560,1278,724,1,0,8,20,10,454,1245,1086,1756,1649,2127,1789,1704,1086,1637,1549,1630,1399,1206,1357,1398,1400,1351,1142,1292,1119,1208,1265,1202,1125,931,999,1084,1257,1049,1219,1302,1144,1162,1378,1302,1000,961,1064,1003,784
HOBBIES_1_257,HOBBIES_1,HOBBIES,8,73,47,39,33,28,40,31,29,32,30,27,27,37,41,33,59,64,48,59,51,48,55,63,70,65,80,62,64,65,61,56,46,37,46,65,65,58,93,55,56,55,57,52,50,43,42,58,44,50,55,44,40,55,66,61,49,47,59,78,50,84,54,48,42
HOBBIES_1_258,HOBBIES_1,HOBBIES,44,307,290,295,270,277,330,305,285,297,357,353,298,263,206,189,180,213,235,244,287,301,267,267,175,188,206,177,175,178,187,179,166,204,195,167,179,165,181,165,183,180,192,161,144,182,217,199,193,163,184,159,152,140,156,133,137,153,167,210,164,177,208,197,123
HOBBIES_1_259,HOBBIES_1,HOBBIES,3,45,38,33,30,35,37,33,28,40,39,27,33,46,34,28,27,41,26,12,22,23,26,21,23,45,61,50,39,46,49,45,63,55,64,49,49,53,44,68,58,83,86,82,81,86,87,72,93,85,85,78,81,104,127,110,92,102,94,62,97,88,137,146,71
HOBBIES_1_260,HOBBIES_1,HOBBIES,0,0,0,0,0,0,0,0,0,0,0,0,0,0,0,0,0,0,149,189,201,221,210,228,204,200,210,220,219,176,202,208,192,190,217,200,174,179,177,160,161,170,158,163,157,201,198,205,190,174,193,173,187,162,158,185,105,27,6,2,0,0,0,45,90
HOBBIES_1_261,HOBBIES_1,HOBBIES,29,213,29,29,0,8,0,5,0,0,0,64,111,188,199,203,192,241,127,0,5,0,1,0,101,236,207,334,283,442,446,374,403,488,410,470,436,356,364,359,339,374,579,951,827,937,902,742,899,880,773,897,1052,899,1055,1041,1054,1233,1030,1322,1368,1186,1116,1155,938
HOBBIES_1_262,HOBBIES_1,HOBBIES,0,0,0,0,0,0,0,0,0,0,0,0,0,0,0,0,0,0,0,0,0,0,0,0,0,0,0,0,0,0,0,0,0,0,0,0,0,0,46,110,103,109,109,119,108,87,87,139,120,105,122,102,112,121,141,142,137,110,136,164,94,146,153,153,119
HOBBIES_1_263,HOBBIES_1,HOBBIES,1,6,29,63,57,54,52,50,42,43,42,83,48,19,11,12,15,7,4,11,6,10,11,21,10,4,1,3,2,0,0,0,0,0,0,0,0,15,21,33,31,31,34,25,22,26,22,35,22,26,59,61,62,57,53,52,39,65,46,71,45,50,48,59,57
HOBBIES_1_264,HOBBIES_1,HOBBIES,11,147,183,218,220,233,129,197,217,209,218,163,155,160,160,206,227,273,237,285,238,202,201,193,155,158,198,209,236,253,245,211,200,169,159,121,100,103,154,175,163,171,179,190,164,155,115,101,81,82,111,120,134,129,169,174,141,134,98,100,82,115,119,156,126
HOBBIES_1_265,HOBBIES_1,HOBBIES,0,0,0,0,0,0,0,0,0,0,0,0,0,0,0,13,27,58,54,56,67,98,76,80,90,103,147,150,138,152,145,174,101,129,95,117,69,110,109,120,89,70,77,64,48,54,46,61,53,60,74,66,71,52,64,79,60,72,74,70,77,70,92,91,67
HOBBIES_1_266,HOBBIES_1,HOBBIES,6,73,104,179,249,238,244,163,188,127,124,106,92,110,175,242,237,214,168,163,152,164,114,124,91,126,153,201,231,268,272,245,165,198,113,69,83,96,172,204,254,228,218,237,189,259,124,89,68,91,156,203,129,163,259,215,148,141,120,72,73,115,207,319,191
HOBBIES_1_267,HOBBIES_1,HOBBIES,0,0,0,0,0,0,0,0,0,0,0,0,0,33,46,37,62,68,68,52,31,31,26,50,47,47,53,24,28,46,46,41,43,47,31,35,30,26,14,22,38,25,27,32,20,23,33,22,7,11,9,18,34,27,33,55,40,40,31,26,36,34,36,34,19
HOBBIES_1_268,HOBBIES_1,HOBBIES,182,1286,2239,2030,1924,2148,1466,1705,1903,2106,1561,2097,1609,1802,1998,1712,670,1852,1120,1,0,12,26,1,673,1841,1227,2272,2186,2178,2185,2165,1412,1810,1881,1950,1771,1452,1846,1517,1552,1517,1344,1412,1358,1440,1343,1485,1403,1295,1357,1233,1520,1379,1589,1557,1728,1822,1895,1695,1168,1419,1571,1561,1031
HOBBIES_1_269,HOBBIES_1,HOBBIES,0,0,0,0,0,0,0,0,0,0,0,0,0,0,0,0,0,0,0,0,0,0,0,0,0,0,0,0,0,0,0,0,0,0,0,0,0,0,0,0,0,0,0,0,0,0,0,4,33,68,113,75,82,78,83,78,59,77,81,72,95,82,57,45,43
HOBBIES_1_270,HOBBIES_1,HOBBIES,0,0,0,0,0,0,0,0,0,0,0,0,0,0,0,0,0,0,116,197,202,177,191,210,187,172,196,188,167,177,181,204,173,166,198,196,198,155,146,146,169,159,159,180,163,185,201,195,158,143,162,153,177,152,176,174,125,159,163,182,179,143,149,149,156
HOBBIES_1_271,HOBBIES_1,HOBBIES,0,0,0,0,0,0,0,0,0,0,0,0,0,12,45,48,40,66,65,67,54,66,25,24,23,34,55,41,65,109,74,89,90,63,30,22,26,27,47,71,135,105,57,110,113,109,54,65,42,51,68,98,90,78,76,81,68,61,39,33,33,45,57,65,81
HOBBIES_1_272,HOBBIES_1,HOBBIES,0,0,0,0,0,0,0,0,0,0,0,0,0,6,0,0,25,52,49,39,26,27,36,44,35,30,57,42,42,53,43,32,23,27,18,16,19,24,52,33,41,34,26,38,33,19,27,27,33,42,36,32,41,33,47,19,27,27,18,28,27,35,38,32,30
HOBBIES_1_273,HOBBIES_1,HOBBIES,7,74,76,69,75,56,61,66,91,69,72,78,75,62,73,65,52,57,74,69,77,69,52,56,53,73,66,68,76,69,56,62,78,80,64,74,57,57,56,44,52,49,49,58,54,55,54,60,51,33,49,49,52,52,50,61,67,72,82,57,71,58,71,75,56
HOBBIES_1_274,HOBBIES_1,HOBBIES,0,0,0,0,0,0,0,0,0,0,0,0,0,32,61,35,75,88,62,63,45,46,45,48,47,55,81,85,67,72,61,76,62,50,55,38,32,45,53,69,76,53,60,44,50,36,31,33,48,41,65,45,50,40,47,49,49,51,50,47,47,63,66,88,54
HOBBIES_1_275,HOBBIES_1,HOBBIES,0,0,0,0,0,0,0,0,0,0,0,0,0,0,0,0,0,9,410,431,442,439,409,409,392,435,452,380,375,376,409,353,365,333,341,395,385,342,412,375,371,343,372,384,308,329,347,372,406,353,389,358,369,331,284,310,229,13,0,1,4,0,0,112,250
HOBBIES_1_276,HOBBIES_1,HOBBIES,23,162,174,193,194,179,209,172,171,154,159,179,146,159,127,126,139,141,148,159,114,104,133,126,120,124,148,130,134,111,129,120,127,135,145,129,104,89,120,104,116,106,100,148,139,136,136,119,135,131,121,120,131,127,117,128,107,132,137,142,146,121,109,123,101
HOBBIES_1_277,HOBBIES_1,HOBBIES,68,593,570,393,375,361,413,364,294,523,357,370,382,401,375,278,320,367,311,364,389,335,303,272,235,245,239,242,275,254,220,235,241,240,272,262,231,199,206,213,210,248,208,242,221,224,274,198,273,242,189,248,242,266,230,275,269,279,256,301,308,244,139,210,148
HOBBIES_1_278,HOBBIES_1,HOBBIES,301,1608,1594,1965,1331,1310,1526,1704,1793,1945,1425,1436,1642,1525,1425,1399,1560,1405,1379,1280,1360,1472,1238,1470,1255,1456,1360,1429,1366,1089,143,177,573,1170,1292,1336,1258,948,808,1204,1053,1263,1148,412,11,2,13,12,355,1072,1180,1346,1331,1166,1357,1384,1308,1365,1312,1070,1327,1241,1107,1275,948
HOBBIES_1_279,HOBBIES_1,HOBBIES,0,0,0,0,0,0,0,0,0,0,0,0,0,0,0,0,0,0,0,0,21,42,47,44,39,37,58,58,70,57,62,53,45,47,44,37,38,42,26,18,31,28,32,14,22,28,36,29,40,109,146,175,191,214,230,200,254,297,297,283,273,322,309,317,220
HOBBIES_1_280,HOBBIES_1,HOBBIES,1,116,151,137,148,147,28,7,181,178,185,192,170,163,179,181,190,110,13,7,28,11,39,170,223,233,182,196,185,195,186,197,196,169,159,206,218,190,168,162,148,156,132,137,141,135,166,223,192,179,163,136,136,109,101,115,116,129,121,144,99,109,112,106,74
HOBBIES_1_281,HOBBIES_1,HOBBIES,0,0,0,0,0,0,0,0,0,0,0,0,7,0,0,104,270,226,256,281,202,253,247,258,265,234,215,177,192,238,243,231,223,294,266,253,138,6,3,0,0,0,150,250,217,267,238,184,24,5,0,1,0,1,0,69,197,255,233,251,222,227,221,228,171
HOBBIES_1_282,HOBBIES_1,HOBBIES,24,182,251,214,251,199,224,196,132,121,168,158,147,148,134,138,97,93,63,87,122,149,131,143,144,156,159,158,140,106,120,101,107,104,1,0,0,0,1,1,0,1,1,0,1,23,174,233,205,169,167,192,235,195,226,170,172,172,186,174,171,167,202,242,165
HOBBIES_1_283,HOBBIES_1,HOBBIES,0,0,0,0,0,0,0,0,0,0,0,0,0,0,0,0,0,0,0,0,0,0,0,0,0,0,0,0,0,0,0,0,0,0,0,0,0,0,24,44,35,27,26,29,35,40,33,44,51,59,71,76,61,57,66,77,82,78,64,84,76,85,92,79,66
HOBBIES_1_284,HOBBIES_1,HOBBIES,0,0,0,0,0,0,0,0,0,0,0,0,0,28,43,45,51,61,59,55,48,34,42,40,35,42,38,50,32,39,49,41,35,35,29,32,28,28,36,44,43,47,42,51,39,32,30,35,29,21,27,30,35,39,32,44,29,42,24,24,34,50,40,49,23
HOBBIES_1_285,HOBBIES_1,HOBBIES,0,0,0,0,0,0,0,0,0,0,0,0,0,14,68,51,57,43,31,44,34,34,26,18,16,6,0,0,0,0,0,0,0,0,0,0,0,13,37,28,34,29,37,40,45,30,29,26,36,28,51,40,43,53,55,45,42,32,30,25,25,34,36,46,40
HOBBIES_1_286,HOBBIES_1,HOBBIES,127,755,807,747,812,916,1180,826,890,1066,1022,854,966,914,800,603,595,802,612,656,610,655,566,442,409,500,604,585,612,664,521,600,417,459,488,574,606,415,464,613,498,561,550,583,536,549,518,489,569,494,551,593,691,635,722,793,890,807,768,866,848,735,683,802,490
HOBBIES_1_287,HOBBIES_1,HOBBIES,0,0,0,0,0,0,0,0,2,0,0,99,80,88,85,78,75,79,81,22,23,18,27,42,66,161,184,137,165,127,198,237,242,240,209,210,171,127,152,153,159,140,148,158,140,185,146,148,156,148,162,184,177,187,193,197,185,184,167,192,204,192,180,177,132
HOBBIES_1_288,HOBBIES_1,HOBBIES,154,923,1051,1118,977,896,935,981,878,901,751,739,739,797,760,660,616,855,799,755,645,747,742,570,686,459,647,657,681,643,69,107,245,654,512,575,520,528,628,689,726,600,751,297,50,26,31,7,200,843,970,916,996,920,1085,965,933,1284,1009,1018,1412,1027,870,923,578
HOBBIES_1_289,HOBBIES_1,HOBBIES,7,94,105,74,68,68,69,55,53,66,69,108,85,89,61,58,47,59,67,51,52,59,54,73,46,49,61,47,50,39,35,50,47,55,66,81,58,60,75,69,51,55,66,55,46,43,75,103,30,53,82,66,61,49,63,56,50,63,75,123,63,61,71,81,37
HOBBIES_1_290,HOBBIES_1,HOBBIES,5,79,60,40,45,52,58,61,55,44,56,40,45,62,45,48,29,44,47,53,43,30,56,50,50,67,48,35,47,34,35,31,23,30,38,24,18,26,48,25,39,55,49,52,34,30,41,49,36,44,62,35,53,53,59,45,36,38,45,63,40,60,72,41,50
HOBBIES_1_292,HOBBIES_1,HOBBIES,0,0,0,0,0,0,0,0,0,0,0,0,0,0,0,0,0,0,0,0,0,0,0,0,0,0,0,0,0,0,0,0,0,0,0,0,0,0,86,82,92,119,105,99,100,90,134,106,108,107,82,94,111,85,104,99,81,110,97,120,119,108,101,92,70
HOBBIES_1_293,HOBBIES_1,HOBBIES,0,0,0,0,0,0,39,76,73,65,43,62,56,61,67,95,87,97,72,92,66,76,68,80,58,63,86,97,96,84,88,94,85,58,52,35,55,65,75,87,100,102,84,78,58,56,56,66,68,66,72,73,85,95,88,87,77,84,62,61,69,67,81,69,53
HOBBIES_1_294,HOBBIES_1,HOBBIES,0,0,0,0,0,0,0,0,0,0,0,0,0,0,0,0,0,0,0,0,0,0,0,0,0,46,81,74,59,63,60,48,52,43,30,35,29,29,60,52,65,58,69,76,44,63,60,43,44,47,51,46,58,55,53,95,55,66,51,39,51,33,57,63,55
HOBBIES_1_295,HOBBIES_1,HOBBIES,174,1164,1239,1568,1245,1116,1303,1294,1222,1454,1260,1662,1437,1239,1439,1301,556,1411,741,1,0,4,5,4,390,1326,991,1559,1425,1773,1469,1288,1188,1609,1485,1458,1128,1089,1358,1109,1075,1311,1135,1280,1042,1145,1147,1274,1172,1032,1016,988,1315,1196,1298,1245,1278,1342,1270,1373,1220,1048,1316,1244,940
HOBBIES_1_296,HOBBIES_1,HOBBIES,22,131,138,154,166,135,136,108,111,93,94,105,105,73,80,90,82,81,103,97,83,85,65,85,72,57,56,59,76,67,85,87,89,91,101,98,88,84,84,81,89,76,98,81,90,100,99,105,116,106,101,82,116,90,120,120,102,94,109,128,116,112,120,126,103
HOBBIES_1_297,HOBBIES_1,HOBBIES,35,261,226,232,234,199,236,193,237,249,220,254,224,212,186,233,201,180,138,2,4,3,3,4,62,179,211,183,156,202,226,230,123,185,183,199,159,152,133,139,149,166,153,184,182,174,163,163,163,123,148,146,145,159,179,206,178,204,209,215,199,229,271,202,175
HOBBIES_1_298,HOBBIES_1,HOBBIES,52,348,396,399,425,356,361,388,256,182,11,2,55,107,207,220,220,214,216,219,236,242,228,255,213,202,205,171,150,185,183,190,161,200,213,195,178,181,168,166,163,180,25,1,1,194,219,237,218,208,178,197,217,198,206,245,25,0,0,1,1,0,320,315,261
HOBBIES_1_299,HOBBIES_1,HOBBIES,0,0,0,0,0,0,51,61,70,86,58,36,62,64,51,60,75,66,71,59,59,38,33,74,32,56,53,68,109,73,82,70,67,37,55,57,60,51,52,47,43,79,66,59,40,45,32,40,39,51,58,64,91,73,92,97,78,80,65,80,64,60,70,101,49
HOBBIES_1_300,HOBBIES_1,HOBBIES,29,189,202,162,197,183,195,121,175,204,281,291,253,218,269,184,179,187,196,163,111,246,239,273,190,200,186,177,172,131,2,2,1,1,3,2,192,164,250,193,192,259,199,2,2,3,1,1,161,279,325,293,313,332,287,263,242,287,273,314,281,212,250,206,114
HOBBIES_1_301,HOBBIES_1,HOBBIES,42,254,252,243,13,0,0,0,0,20,133,168,159,139,169,143,166,202,168,176,228,258,230,250,231,221,206,164,191,188,191,218,177,178,166,160,145,137,157,136,149,130,129,141,140,129,161,155,140,128,182,145,196,201,204,218,207,209,207,206,183,161,172,197,142
HOBBIES_1_302,HOBBIES_1,HOBBIES,2,30,18,15,17,28,18,21,12,18,13,19,14,20,43,29,31,34,23,26,37,27,25,31,32,33,30,30,27,20,33,33,30,26,28,26,33,23,22,13,17,24,28,22,20,21,22,25,19,18,13,18,18,14,20,17,23,21,20,20,31,25,35,25,15
HOBBIES_1_303,HOBBIES_1,HOBBIES,7,49,46,45,41,44,51,37,26,34,51,69,49,56,47,61,45,45,55,46,52,64,52,59,49,56,71,61,63,55,49,80,54,50,64,84,73,64,65,59,43,74,50,63,62,53,61,48,57,50,45,50,33,36,37,51,53,44,34,48,43,44,33,48,39
HOBBIES_1_304,HOBBIES_1,HOBBIES,9,54,64,56,72,62,53,74,45,64,54,69,60,54,58,52,64,74,69,60,63,67,55,67,59,39,0,0,0,0,0,0,0,0,0,0,0,2,13,35,36,38,33,32,30,37,32,33,39,45,46,46,34,48,50,40,49,43,37,35,41,35,42,40,35
HOBBIES_1_305,HOBBIES_1,HOBBIES,7,28,29,58,87,80,84,101,81,86,47,26,33,28,49,60,62,58,71,68,51,56,32,26,35,26,36,36,63,54,55,63,58,37,32,22,12,23,24,36,41,47,39,50,61,66,44,38,30,40,37,65,65,63,53,52,63,48,44,42,35,38,30,64,54
HOBBIES_1_306,HOBBIES_1,HOBBIES,0,0,0,0,0,0,0,0,0,0,0,0,0,0,0,0,0,0,0,0,29,38,34,26,21,46,60,40,60,1,0,0,42,102,112,123,118,130,152,149,128,111,126,130,123,130,120,123,132,122,133,111,101,96,95,96,77,97,110,118,93,101,152,104,82
HOBBIES_1_307,HOBBIES_1,HOBBIES,0,0,0,0,0,0,0,0,0,0,0,0,0,1,0,0,32,66,41,42,27,31,33,30,33,24,46,49,55,53,53,41,50,40,34,36,47,59,69,69,84,68,60,50,58,46,44,35,46,42,56,47,38,48,55,51,48,39,24,30,42,40,45,53,40
HOBBIES_1_308,HOBBIES_1,HOBBIES,0,0,0,0,0,0,0,0,0,0,0,0,0,0,0,0,0,0,0,125,230,245,217,247,229,209,253,235,209,211,241,232,161,0,0,0,0,0,170,197,197,181,178,188,212,173,204,198,211,194,189,176,154,19,0,0,0,0,0,0,0,152,163,145,132
HOBBIES_1_309,HOBBIES_1,HOBBIES,5,86,85,142,155,189,163,181,204,163,126,110,95,104,125,156,166,171,119,143,159,137,127,100,97,102,122,144,155,148,112,94,130,65,52,46,52,54,65,93,118,109,129,139,151,181,132,101,101,104,116,153,182,121,94,96,58,79,38,29,30,60,93,146,141
HOBBIES_1_310,HOBBIES_1,HOBBIES,26,212,224,227,254,236,197,209,184,200,182,167,165,182,153,132,149,203,148,162,153,142,145,159,180,186,227,222,220,219,193,219,196,162,144,138,120,120,172,106,121,124,110,117,133,114,104,98,107,99,121,94,113,100,107,101,101,108,113,128,75,87,115,125,69
HOBBIES_1_311,HOBBIES_1,HOBBIES,11,107,75,65,6,0,0,0,0,0,0,0,0,0,0,0,0,0,0,0,0,0,0,0,0,0,0,0,0,0,0,0,0,0,0,0,0,22,19,73,46,65,85,83,88,88,63,51,55,76,100,90,69,93,77,73,72,98,101,87,86,79,78,105,73
HOBBIES_1_312,HOBBIES_1,HOBBIES,186,1197,1221,1431,964,809,1198,1024,957,954,1126,963,1256,816,983,941,925,1037,1051,1205,1186,1041,1163,1102,1469,935,1303,1092,1444,1085,117,169,442,905,824,883,891,804,855,957,1038,1248,1061,444,46,33,15,20,306,979,998,894,1065,1115,984,1095,1191,991,1115,907,952,945,904,948,672
HOBBIES_1_313,HOBBIES_1,HOBBIES,24,223,272,214,194,221,209,208,247,237,187,192,170,185,192,161,169,169,204,196,212,200,188,179,110,105,142,167,193,218,232,202,207,243,196,172,165,140,162,201,165,184,176,182,154,135,140,133,139,111,142,170,197,152,185,172,174,185,112,110,92,118,129,171,137
HOBBIES_1_314,HOBBIES_1,HOBBIES,1,47,39,45,54,54,54,60,43,34,50,40,40,35,41,47,40,56,42,49,50,51,40,42,29,34,41,32,35,42,36,35,37,34,29,21,25,23,23,27,37,38,37,37,34,32,26,33,20,28,26,20,20,28,23,28,27,26,19,11,18,14,27,24,31
HOBBIES_1_315,HOBBIES_1,HOBBIES,3,5,65,90,116,97,120,82,102,105,83,131,111,88,104,57,69,49,57,45,55,42,41,66,46,38,51,46,37,56,57,42,38,31,23,30,34,32,27,27,21,38,34,16,27,25,17,32,32,22,33,47,36,30,40,32,31,37,34,43,34,40,36,46,32
HOBBIES_1_316,HOBBIES_1,HOBBIES,0,0,0,0,0,0,0,0,0,0,0,0,0,0,0,0,346,186,399,373,397,269,158,297,268,230,91,215,203,501,871,509,308,271,189,200,116,222,266,227,243,191,173,366,355,184,124,163,183,523,523,307,303,235,169,139,152,90,95,145,256,310,309,259,117
HOBBIES_1_317,HOBBIES_1,HOBBIES,23,172,194,211,245,204,218,220,184,188,160,187,165,181,153,117,100,138,124,148,146,188,141,171,137,150,144,119,127,136,138,175,146,150,176,165,184,156,161,151,143,138,158,187,161,176,147,183,148,121,139,142,136,139,166,143,173,179,168,166,169,154,155,154,101
HOBBIES_1_318,HOBBIES_1,HOBBIES,0,0,0,0,0,0,0,0,0,0,0,0,0,0,0,0,0,0,0,0,0,0,0,0,0,0,0,0,0,0,0,0,0,0,0,0,0,0,37,186,113,134,186,120,156,153,98,87,53,0,0,22,114,78,92,66,58,87,77,93,90,96,123,112,100
HOBBIES_1_319,HOBBIES_1,HOBBIES,106,824,770,703,737,722,691,660,683,692,653,805,800,686,807,714,807,706,900,750,785,776,656,728,659,705,764,659,759,885,731,908,855,816,735,766,646,856,833,853,729,843,920,789,765,727,821,798,663,823,740,582,708,520,782,837,788,830,744,734,783,764,674,549,390
HOBBIES_1_320,HOBBIES_1,HOBBIES,27,286,422,488,471,448,530,493,467,422,348,241,284,293,362,465,495,382,333,314,300,240,206,213,197,171,250,194,246,296,309,286,293,221,112,86,81,104,127,182,287,410,398,411,349,335,243,198,246,199,282,355,323,429,372,321,291,341,251,199,216,246,273,346,262
HOBBIES_1_321,HOBBIES_1,HOBBIES,19,219,214,217,213,189,205,192,204,224,250,228,199,193,225,214,243,191,224,252,224,195,219,227,208,193,195,186,158,203,234,207,164,154,151,151,156,121,153,141,151,145,193,186,163,191,176,171,222,173,176,174,184,174,181,179,186,179,163,198,190,173,192,172,105
HOBBIES_1_322,HOBBIES_1,HOBBIES,0,0,0,0,0,0,0,0,0,0,0,0,0,4,0,0,28,83,76,78,80,67,72,77,55,58,49,50,62,47,56,73,62,77,54,42,53,59,45,47,56,68,64,57,69,60,57,40,47,40,70,60,66,78,67,80,62,78,67,65,72,45,53,57,50
HOBBIES_1_323,HOBBIES_1,HOBBIES,77,666,621,717,722,669,760,728,669,660,647,731,662,635,675,646,656,650,684,689,652,586,627,723,701,707,593,593,604,616,643,576,495,503,510,561,554,432,481,451,502,493,483,447,393,390,417,446,473,440,460,454,443,392,428,418,392,407,405,435,394,374,428,489,368
HOBBIES_1_324,HOBBIES_1,HOBBIES,32,231,247,251,195,187,227,241,201,216,206,190,175,189,166,184,196,166,151,1,1,3,7,9,38,133,179,154,137,134,150,168,123,160,158,174,145,110,126,115,114,112,127,154,137,135,159,163,164,152,184,179,177,195,215,229,211,248,238,230,212,201,259,213,174
HOBBIES_1_325,HOBBIES_1,HOBBIES,0,0,0,0,0,0,0,0,0,0,0,0,0,0,0,0,0,0,0,0,0,0,0,0,0,26,60,43,42,51,48,48,42,47,40,59,25,29,27,20,40,37,36,35,29,36,17,45,42,33,25,27,32,44,40,42,43,59,46,74,45,29,40,36,20
HOBBIES_1_326,HOBBIES_1,HOBBIES,17,158,158,226,240,232,266,261,260,203,163,166,174,127,136,115,180,200,206,202,177,104,92,120,64,114,110,124,161,163,155,117,72,90,78,75,65,102,104,87,107,112,107,111,113,117,104,82,120,106,113,110,131,113,155,156,114,96,90,123,107,136,144,142,97
HOBBIES_1_327,HOBBIES_1,HOBBIES,0,0,0,0,0,0,0,0,0,0,0,0,0,0,0,0,0,0,135,227,232,268,276,241,267,255,253,235,241,246,253,258,218,267,233,267,237,254,259,240,237,238,242,237,213,228,210,238,217,215,236,169,181,196,212,205,193,231,240,226,240,222,206,202,150
HOBBIES_1_328,HOBBIES_1,HOBBIES,17,160,133,125,141,150,155,154,162,174,169,172,134,110,120,114,112,116,101,103,123,111,122,144,122,93,136,148,145,121,136,136,124,119,127,110,114,109,110,86,137,111,111,136,125,131,137,132,110,104,116,92,74,93,87,104,95,102,88,92,84,78,96,97,68
HOBBIES_1_329,HOBBIES_1,HOBBIES,17,165,149,178,166,180,247,258,211,277,253,226,292,287,269,283,268,252,248,245,264,283,261,269,261,234,283,286,274,287,323,306,299,334,228,306,260,237,262,233,235,228,222,207,202,225,197,222,197,162,221,213,230,250,265,242,282,256,247,219,278,270,270,294,228
HOBBIES_1_330,HOBBIES_1,HOBBIES,6,547,616,621,639,588,511,490,422,494,422,510,420,430,541,458,467,440,471,529,506,557,646,846,805,529,448,310,336,333,310,358,314,400,388,431,390,342,385,353,372,334,45,4,249,294,340,292,315,238,299,305,379,365,390,365,370,358,321,426,458,477,388,386,247
HOBBIES_1_331,HOBBIES_1,HOBBIES,0,0,0,0,0,0,0,0,0,0,0,0,0,43,83,97,64,28,254,166,87,77,95,50,64,65,90,88,83,129,263,142,125,102,87,86,74,139,194,142,131,145,108,102,59,66,40,60,65,53,76,113,84,102,108,91,83,65,56,91,49,70,84,73,76
HOBBIES_1_332,HOBBIES_1,HOBBIES,0,0,0,0,0,0,0,0,0,0,0,0,0,0,0,0,0,0,93,192,189,174,172,165,145,125,136,113,180,200,224,190,157,162,175,154,151,126,92,99,129,160,191,233,206,209,193,174,150,136,115,144,223,229,226,227,207,235,209,200,163,138,127,153,130
HOBBIES_1_333,HOBBIES_1,HOBBIES,0,0,0,0,0,0,0,0,0,0,0,0,0,34,29,25,49,33,42,34,47,42,46,77,51,54,70,65,62,83,71,85,76,84,65,147,80,69,72,62,63,67,66,71,70,67,96,156,76,83,71,66,59,56,52,56,60,67,99,154,91,100,108,84,77
HOBBIES_1_334,HOBBIES_1,HOBBIES,0,0,0,0,0,0,0,0,0,0,0,0,0,0,0,0,0,0,0,0,0,0,0,0,0,0,0,0,0,0,0,0,0,0,0,0,75,143,134,92,125,121,139,123,100,102,99,118,92,87,101,97,104,121,124,147,142,166,151,159,144,143,151,122,88
HOBBIES_1_335,HOBBIES_1,HOBBIES,0,0,0,0,0,0,0,0,0,0,0,0,0,0,0,0,0,39,541,622,625,620,388,205,557,498,272,223,316,66,10,5,21,10,1,0,0,1,6,2,0,0,0,1,0,0,0,10,1,0,0,0,0,0,0,0,0,0,0,0,0,0,0,28,260
HOBBIES_1_336,HOBBIES_1,HOBBIES,0,0,0,0,0,0,0,0,0,0,0,0,0,18,25,23,22,32,36,43,33,40,26,20,21,18,23,22,31,36,29,27,18,23,28,18,19,28,33,19,26,22,21,21,19,20,18,16,16,24,24,26,34,19,35,32,23,25,24,15,23,19,31,31,34
HOBBIES_1_337,HOBBIES_1,HOBBIES,103,786,760,795,859,720,785,780,799,847,800,864,878,653,670,621,628,668,574,671,727,776,748,842,700,623,644,585,580,615,601,677,689,700,673,668,683,606,598,516,630,619,566,586,616,569,522,538,563,511,571,564,551,464,565,575,523,500,488,535,618,489,513,508,383
HOBBIES_1_338,HOBBIES_1,HOBBIES,23,194,211,231,199,166,210,245,231,296,283,283,241,249,277,293,295,326,279,261,303,303,295,361,362,268,335,295,269,326,331,277,301,311,334,344,357,62,4,265,292,318,315,299,290,280,324,306,303,319,368,338,345,346,370,365,318,346,309,273,283,156,179,264,175
HOBBIES_1_339,HOBBIES_1,HOBBIES,0,0,0,0,0,0,0,0,0,0,0,0,0,0,0,0,0,0,0,0,0,0,0,0,0,0,0,0,0,0,0,0,0,0,0,0,62,142,128,101,136,149,134,140,135,136,149,120,153,149,167,186,158,133,170,197,183,232,230,278,245,263,238,267,190
HOBBIES_1_340,HOBBIES_1,HOBBIES,0,0,0,0,0,0,0,0,0,0,0,0,0,0,0,0,0,0,0,0,0,0,0,0,0,0,0,0,100,97,116,107,117,118,99,85,104,78,74,51,52,51,54,90,83,63,56,41,71,73,73,101,70,63,74,65,58,80,92,79,77,78,95,70,68
HOBBIES_1_341,HOBBIES_1,HOBBIES,312,2340,2250,2516,2305,2080,1963,2160,1811,2214,1719,1974,1896,1769,2014,1615,686,1883,871,7,12,5,6,12,522,1412,1122,1803,1541,1840,1754,1962,1413,2229,2097,2033,1878,1373,1607,1438,1455,1461,1276,1278,1326,1389,1284,1261,1237,1196,1424,1443,1656,1584,1517,1543,1405,1340,1465,1481,1373,1033,715,1045,871
HOBBIES_1_342,HOBBIES_1,HOBBIES,0,0,0,0,0,0,0,0,0,0,0,0,0,0,0,0,0,4,74,78,83,88,114,110,102,103,112,87,84,112,87,83,80,110,84,98,96,83,87,90,95,74,82,96,70,70,79,85,94,87,98,94,98,75,81,86,90,104,90,94,85,96,87,100,92
HOBBIES_1_343,HOBBIES_1,HOBBIES,33,294,311,309,289,259,280,248,278,270,256,238,267,222,298,300,256,205,210,233,240,242,196,186,180,157,209,209,192,186,205,203,198,180,216,201,190,219,163,208,180,161,123,128,138,171,151,185,193,154,161,151,179,178,206,170,187,192,209,205,223,209,206,209,155
HOBBIES_1_344,HOBBIES_1,HOBBIES,0,0,0,0,0,0,0,0,0,0,0,0,0,0,0,0,0,0,0,0,0,0,0,0,0,0,0,0,0,0,0,0,0,0,0,0,0,0,0,0,0,0,0,0,0,0,0,0,82,117,142,125,132,141,155,177,141,170,213,189,164,155,139,124,90
HOBBIES_1_345,HOBBIES_1,HOBBIES,10,571,631,581,609,500,527,550,526,558,533,582,560,463,517,480,522,495,479,567,443,577,589,623,592,471,485,461,432,428,424,431,360,391,381,414,422,370,320,374,330,314,53,10,312,397,398,407,409,337,366,367,406,394,363,402,354,365,335,367,330,339,385,408,327
HOBBIES_1_346,HOBBIES_1,HOBBIES,0,0,0,0,0,0,0,0,0,0,0,0,0,0,0,0,0,0,0,0,0,0,0,0,0,22,23,31,39,46,43,49,34,41,48,33,38,89,103,107,84,104,92,86,105,96,89,102,80,97,78,54,85,72,101,80,74,74,94,73,96,86,80,94,70
HOBBIES_1_347,HOBBIES_1,HOBBIES,0,0,0,0,0,0,0,0,0,0,0,0,0,41,55,34,47,47,65,59,53,52,55,57,62,76,83,81,49,67,71,67,71,71,59,65,78,110,123,119,101,92,104,77,67,56,62,64,62,92,85,68,98,101,89,105,86,86,106,72,73,87,76,86,56
HOBBIES_1_348,HOBBIES_1,HOBBIES,201,1686,2384,2508,2340,1945,2281,2332,1982,2307,1927,2209,1954,1930,1979,1968,753,1867,1247,1,0,2,4,6,572,1940,1474,1993,2298,2591,2387,2254,1673,2422,2417,2182,2159,1734,1982,1755,1818,1836,1948,1857,1713,1994,1826,1711,1546,1212,1409,1397,1744,1486,1643,1824,1491,1737,1559,1659,1493,1233,941,1475,1036
HOBBIES_1_349,HOBBIES_1,HOBBIES,0,0,0,0,0,0,0,0,0,0,0,0,0,0,0,0,0,0,0,302,473,511,503,557,537,483,625,449,446,430,401,402,226,0,1,2,3,1,145,38,6,5,47,298,268,287,309,317,311,225,197,228,232,27,0,0,0,2,1,0,0,270,264,252,195
HOBBIES_1_350,HOBBIES_1,HOBBIES,34,220,211,187,188,163,204,207,194,205,183,306,214,183,209,153,149,189,155,165,161,175,163,181,156,175,214,175,162,195,188,196,166,148,167,187,163,182,216,196,196,218,209,180,139,144,147,165,146,150,176,154,198,195,153,191,186,172,156,191,203,192,227,176,148
HOBBIES_1_351,HOBBIES_1,HOBBIES,9,94,86,60,88,105,132,114,151,140,149,162,118,135,152,150,139,132,123,173,146,155,192,160,151,155,169,142,135,149,149,147,104,139,118,122,136,109,104,126,113,111,109,113,119,97,105,119,135,103,112,145,116,107,98,95,101,110,103,115,99,88,102,94,60
HOBBIES_1_352,HOBBIES_1,HOBBIES,0,0,0,0,0,0,0,0,0,0,0,0,0,0,0,0,0,0,0,0,0,0,0,0,0,0,0,0,0,0,0,0,136,161,201,241,234,227,208,245,217,235,209,195,182,154,1,1,76,257,293,297,242,246,314,243,242,293,241,291,205,185,227,207,188
HOBBIES_1_353,HOBBIES_1,HOBBIES,0,0,0,0,0,0,0,0,0,0,0,0,0,0,0,0,0,0,0,0,0,0,0,0,0,0,0,0,0,168,662,684,819,812,900,832,782,665,678,635,729,692,732,558,433,535,988,1278,1093,850,792,801,922,848,844,954,845,810,660,636,674,656,698,698,554
HOBBIES_1_354,HOBBIES_1,HOBBIES,0,0,0,0,0,0,0,0,0,0,0,0,0,0,0,0,0,0,0,0,0,0,0,0,0,0,0,0,0,0,0,0,0,0,0,0,513,143,170,377,18,0,0,0,0,0,0,172,1420,1427,1824,1853,1970,1693,1756,1652,1511,1871,1875,1975,2166,1942,1673,1703,1439
HOBBIES_1_355,HOBBIES_1,HOBBIES,42,302,343,342,337,337,299,259,226,134,11,0,46,156,199,177,209,202,207,247,216,234,248,224,210,164,157,170,186,194,194,227,204,176,210,183,184,185,163,178,155,140,22,1,1,229,218,216,219,170,181,179,194,171,180,140,23,0,1,0,1,0,293,284,164
HOBBIES_1_356,HOBBIES_1,HOBBIES,46,235,183,192,186,209,242,224,143,128,91,137,117,152,176,143,148,170,154,36,47,51,50,49,98,248,268,243,233,240,228,212,238,234,233,221,200,175,198,184,190,176,191,194,161,164,177,152,172,152,166,158,202,213,172,168,155,211,188,194,181,181,186,176,153
HOBBIES_1_357,HOBBIES_1,HOBBIES,12,174,150,190,188,180,171,138,116,142,109,160,144,132,118,144,115,110,122,132,103,106,132,120,105,125,105,93,109,122,116,117,99,110,89,90,97,85,117,103,114,106,111,108,102,98,95,97,119,87,87,83,105,95,102,88,116,111,108,111,99,79,105,96,69
HOBBIES_1_358,HOBBIES_1,HOBBIES,0,0,0,0,0,0,0,0,0,0,0,0,0,0,0,0,0,0,0,0,0,0,0,0,0,0,0,0,0,0,0,0,274,302,355,377,449,444,399,337,396,349,305,344,284,189,0,1,92,351,324,256,307,310,330,309,242,311,308,351,282,238,277,258,162
HOBBIES_1_359,HOBBIES_1,HOBBIES,0,0,0,0,0,0,0,0,0,0,0,0,0,0,0,0,0,0,0,0,0,0,0,0,0,0,0,0,11,52,44,46,54,45,57,50,52,74,75,61,79,73,81,67,55,63,76,70,77,72,81,60,62,55,78,59,52,55,66,79,77,73,61,77,51
HOBBIES_1_360,HOBBIES_1,HOBBIES,4,90,63,60,56,41,38,33,28,69,104,85,67,63,57,45,39,34,40,34,58,59,72,79,63,42,54,38,34,25,12,25,33,44,59,56,53,49,61,33,23,21,22,28,27,38,54,60,37,30,33,33,29,31,20,21,23,32,66,46,38,36,30,34,16
HOBBIES_1_361,HOBBIES_1,HOBBIES,0,0,0,0,0,0,0,0,0,0,0,0,0,0,0,0,0,4,76,75,78,67,78,93,99,89,132,104,94,100,89,93,105,86,89,58,73,84,110,82,78,98,107,90,101,107,108,115,121,116,122,112,138,111,105,108,101,112,100,117,117,119,133,119,87
HOBBIES_1_362,HOBBIES_1,HOBBIES,0,0,0,0,0,0,0,0,0,0,0,0,0,0,0,0,0,0,0,0,0,0,0,0,0,0,0,0,0,0,0,0,39,67,60,59,58,57,71,68,69,68,68,68,71,82,80,78,88,66,82,98,83,89,75,99,95,101,80,91,106,88,86,84,75
HOBBIES_1_363,HOBBIES_1,HOBBIES,19,146,111,153,110,140,146,123,103,102,98,83,88,80,96,93,72,103,127,107,122,88,87,78,52,102,107,128,114,118,93,95,88,77,68,41,48,58,76,89,84,92,89,73,48,72,61,53,77,69,71,78,88,78,84,77,69,71,64,47,59,94,88,87,53
HOBBIES_1_364,HOBBIES_1,HOBBIES,18,249,288,405,463,275,326,347,282,311,53,2,199,253,243,33,0,0,163,354,336,327,356,362,404,325,384,354,339,366,332,288,270,301,275,311,288,219,286,240,235,201,220,222,200,214,263,264,231,182,180,181,218,203,189,212,193,213,228,238,220,198,224,205,125
HOBBIES_1_365,HOBBIES_1,HOBBIES,8,47,52,66,70,41,53,68,56,61,34,38,30,53,54,45,43,43,64,59,54,50,36,38,38,25,22,27,34,27,23,27,28,22,24,24,22,30,21,29,49,52,47,54,45,30,23,26,34,29,30,25,47,44,48,42,43,37,34,31,34,41,40,47,49
HOBBIES_1_366,HOBBIES_1,HOBBIES,0,0,0,0,0,0,0,0,0,0,0,0,0,0,0,0,0,0,0,0,0,0,0,0,0,24,23,53,70,65,77,95,85,85,71,43,68,45,48,57,96,70,85,73,52,88,75,59,70,59,55,64,62,79,67,67,54,67,60,45,43,55,48,90,44
HOBBIES_1_367,HOBBIES_1,HOBBIES,21,119,210,210,210,226,228,249,264,280,256,233,227,214,239,211,273,300,316,328,267,275,302,277,225,200,168,199,242,246,249,275,291,273,228,217,219,209,197,128,14,114,178,205,216,240,227,214,280,258,279,301,310,297,307,295,269,288,198,327,294,230,235,265,205
HOBBIES_1_368,HOBBIES_1,HOBBIES,9,66,63,91,84,95,104,74,73,63,54,72,44,45,47,64,56,63,64,59,67,48,62,72,39,62,55,64,60,54,36,45,57,35,34,32,25,43,43,35,38,50,56,52,49,56,37,23,28,49,48,60,76,83,56,74,92,69,65,57,86,90,89,90,60
HOBBIES_1_369,HOBBIES_1,HOBBIES,0,0,0,0,0,0,0,0,0,0,0,0,0,0,0,0,0,0,0,0,0,0,0,0,0,0,0,0,0,90,460,383,575,692,795,710,765,526,694,627,736,750,720,831,403,408,447,653,677,697,660,665,673,696,745,737,681,726,839,778,812,810,730,787,608
HOBBIES_1_370,HOBBIES_1,HOBBIES,174,1616,2125,2260,2185,2170,2122,2536,2662,2043,1955,1935,1578,1492,1831,1544,490,1482,635,0,0,0,0,0,359,940,796,1239,1232,1526,1829,1854,1379,2040,2086,1735,1554,1363,1674,1491,1690,1488,1654,1527,1529,1555,1727,1462,1339,1318,1235,1245,1666,1416,1483,1207,1207,1406,1347,1368,1346,1174,1226,1525,1072
HOBBIES_1_371,HOBBIES_1,HOBBIES,308,2326,1919,2694,2537,2596,2838,2873,2572,2739,2379,2611,2071,2455,2632,2261,990,2406,1332,4,12,2,2,7,713,2016,1690,2512,2194,2455,2756,2713,1898,2766,2696,2404,2466,2247,2247,2114,2027,2138,1908,1962,2090,2162,1969,1915,1916,1672,1874,1747,1980,1621,1580,1950,1984,1942,1720,1862,1731,1472,1596,1625,1190
HOBBIES_1_372,HOBBIES_1,HOBBIES,19,241,266,243,250,281,256,209,225,298,221,244,223,237,263,211,230,271,246,239,252,240,259,227,202,187,216,200,229,249,232,247,218,230,216,210,221,206,282,254,262,231,202,182,190,179,195,207,209,148,210,194,199,182,207,207,218,200,209,231,268,227,221,215,143
HOBBIES_1_373,HOBBIES_1,HOBBIES,0,0,0,0,0,0,0,0,0,0,0,0,0,0,0,0,0,0,0,0,0,0,0,0,0,0,0,0,0,4,144,160,140,204,218,182,189,137,120,142,196,149,177,183,197,226,177,182,203,207,205,232,204,250,223,284,263,258,255,278,294,253,269,253,194
HOBBIES_1_374,HOBBIES_1,HOBBIES,0,0,0,0,0,0,0,0,0,0,0,0,0,0,0,0,0,0,0,0,0,0,0,0,110,159,194,141,156,146,127,166,162,174,160,198,173,179,174,161,169,143,191,188,210,237,215,221,218,181,202,192,188,182,183,191,175,202,225,218,236,215,200,213,152
HOBBIES_1_375,HOBBIES_1,HOBBIES,0,0,0,0,0,0,0,0,0,0,0,0,0,12,62,39,26,34,22,26,21,22,14,20,7,0,0,0,0,0,0,0,0,0,0,0,0,17,48,39,33,32,46,30,27,30,28,17,20,24,50,52,42,59,48,51,31,55,37,31,22,44,50,61,38
HOBBIES_1_376,HOBBIES_1,HOBBIES,0,0,0,0,0,0,0,0,0,0,0,0,0,0,0,0,0,0,0,0,0,0,0,0,0,0,0,0,0,0,0,0,59,76,101,98,99,85,105,71,98,88,96,86,64,84,105,101,77,78,83,67,81,80,122,86,90,98,92,89,75,78,83,87,67
HOBBIES_1_377,HOBBIES_1,HOBBIES,7,87,91,86,74,52,76,63,46,61,39,63,61,90,58,51,53,45,47,52,60,64,60,54,63,63,66,48,51,57,57,56,51,56,38,44,48,48,55,42,42,41,49,47,43,51,44,61,37,57,48,72,50,52,48,45,37,40,38,49,48,54,78,57,43
HOBBIES_1_378,HOBBIES_1,HOBBIES,2,186,174,190,210,219,250,225,267,235,249,276,236,200,214,233,252,293,232,217,243,230,230,219,195,193,270,224,208,190,220,229,193,215,210,229,165,59,2,2,110,168,136,138,129,167,169,151,214,152,194,169,172,158,166,175,164,212,195,226,224,225,220,214,145
HOBBIES_1_379,HOBBIES_1,HOBBIES,65,433,544,467,494,575,543,298,3,4,2,232,387,377,499,480,412,480,502,530,459,375,328,367,314,344,358,336,344,385,375,441,389,397,346,364,366,350,340,360,385,403,395,465,441,432,321,410,409,243,271,224,230,273,280,271,251,283,228,208,217,186,246,223,173
HOBBIES_1_380,HOBBIES_1,HOBBIES,34,424,364,369,316,297,367,323,219,285,243,279,242,230,301,237,294,333,284,346,318,284,276,234,237,225,253,203,182,226,217,215,198,184,197,192,200,228,188,220,219,185,175,255,175,167,177,174,202,158,144,172,219,204,221,209,175,205,189,213,218,199,75,188,123
HOBBIES_1_381,HOBBIES_1,HOBBIES,104,935,959,676,847,1048,961,726,555,775,618,772,753,671,810,872,879,850,727,792,748,834,782,855,834,584,768,834,858,902,848,1022,1173,1037,925,949,1228,1215,1225,939,899,899,964,1055,809,954,871,882,876,920,883,809,949,885,910,901,923,905,820,908,838,1025,933,836,615
HOBBIES_1_382,HOBBIES_1,HOBBIES,15,124,122,172,172,203,240,210,222,191,184,190,193,172,162,183,179,202,178,193,168,180,161,181,150,163,140,118,156,176,153,134,116,125,115,115,138,100,114,81,113,149,119,132,104,107,123,81,71,91,108,125,97,95,104,109,79,88,94,71,104,128,144,151,118
HOBBIES_1_383,HOBBIES_1,HOBBIES,0,0,0,0,0,6,35,34,22,42,24,28,31,33,42,107,112,103,135,120,101,117,128,176,189,150,209,213,213,161,151,150,161,152,148,142,113,181,156,129,180,161,134,121,143,155,122,173,146,151,148,179,144,169,198,175,183,196,154,183,206,207,235,230,158
HOBBIES_1_384,HOBBIES_1,HOBBIES,0,0,0,0,0,0,0,0,0,0,0,0,0,0,0,0,0,0,0,157,298,328,342,420,394,341,295,241,225,261,321,302,189,1,1,0,0,0,235,319,281,281,294,294,321,284,330,297,334,245,255,271,253,33,0,0,0,0,0,0,0,240,229,223,187
HOBBIES_1_385,HOBBIES_1,HOBBIES,0,0,0,0,0,0,0,0,0,0,0,0,0,0,0,0,0,0,0,0,0,0,0,0,0,0,0,0,0,0,0,0,0,0,0,0,0,54,130,130,136,131,110,126,33,8,2,3,2,32,68,105,111,104,101,152,70,18,15,2,2,0,17,124,82
HOBBIES_1_386,HOBBIES_1,HOBBIES,8,123,120,121,120,117,141,133,114,106,81,67,101,98,33,15,17,24,25,40,28,33,53,53,58,63,71,53,84,79,78,96,80,69,102,104,94,83,91,88,80,93,72,107,101,76,92,89,94,73,81,73,108,80,101,90,92,92,85,86,117,84,75,117,61
HOBBIES_1_387,HOBBIES_1,HOBBIES,0,0,0,0,0,0,0,0,0,0,0,0,0,0,0,0,0,0,0,0,0,0,0,0,0,0,0,0,0,286,1338,1197,1173,1314,1542,1405,1275,1108,1128,1070,1230,994,1166,1318,841,1213,1192,1261,1128,1041,1168,1234,1101,1174,1198,1309,1115,1251,1227,1284,1123,936,1115,1102,784
HOBBIES_1_388,HOBBIES_1,HOBBIES,0,0,0,0,199,296,347,263,266,372,267,263,408,172,47,11,79,221,243,282,234,210,217,223,196,145,229,184,132,201,166,180,200,234,211,265,216,188,204,154,148,161,163,194,215,196,202,213,157,176,243,210,199,186,171,150,169,149,126,186,114,139,164,221,154
HOBBIES_1_389,HOBBIES_1,HOBBIES,0,0,0,0,0,0,0,0,0,0,0,0,0,0,0,0,0,0,0,0,0,0,0,0,0,0,0,0,0,0,0,0,0,0,0,0,0,12,34,38,40,41,39,37,26,31,30,32,29,33,44,31,32,55,52,43,37,36,28,35,30,35,34,43,41
HOBBIES_1_390,HOBBIES_1,HOBBIES,23,143,144,129,108,88,97,92,112,100,98,86,98,108,108,103,115,99,97,97,107,85,75,89,79,100,96,79,75,62,79,63,51,47,62,68,56,74,76,65,69,69,58,62,47,65,65,78,75,73,76,63,46,38,51,56,58,68,78,57,57,51,66,61,45
HOBBIES_1_391,HOBBIES_1,HOBBIES,0,0,0,0,0,0,0,0,0,0,0,0,0,40,110,68,159,123,138,120,94,72,95,68,70,66,78,94,109,97,105,81,80,69,61,56,49,53,67,79,69,65,75,74,59,55,42,41,48,37,1,0,0,0,0,1,0,0,0,0,0,1,53,81,68
HOBBIES_1_392,HOBBIES_1,HOBBIES,0,0,0,0,0,0,0,0,0,0,0,0,0,0,0,0,0,0,0,0,0,0,0,0,0,0,0,0,0,0,0,0,0,0,0,0,0,0,26,79,72,89,117,102,105,89,115,98,120,127,108,144,129,125,165,153,144,160,159,170,171,188,183,161,120
HOBBIES_1_393,HOBBIES_1,HOBBIES,0,0,0,0,0,0,0,0,0,0,0,0,0,0,0,0,0,0,0,0,0,0,0,0,0,0,0,0,12,22,40,52,74,75,79,100,84,71,71,70,93,77,78,72,91,82,89,76,65,73,63,82,77,79,75,75,70,52,66,65,48,47,54,51,34
HOBBIES_1_394,HOBBIES_1,HOBBIES,0,0,0,0,0,0,0,0,0,0,0,0,0,0,0,0,0,0,0,0,0,0,0,0,0,16,41,34,61,125,204,334,346,427,367,344,336,324,427,384,346,361,63,24,364,360,234,360,381,350,367,347,385,363,406,399,384,433,403,463,479,486,464,465,380
HOBBIES_1_395,HOBBIES_1,HOBBIES,0,0,0,0,0,0,0,0,0,0,0,0,0,0,0,0,0,0,0,0,0,0,0,0,0,0,0,0,0,0,0,0,0,0,0,0,0,0,33,53,78,82,92,91,115,126,138,125,129,136,75,100,126,133,106,98,96,112,105,97,97,93,105,107,66
HOBBIES_1_396,HOBBIES_1,HOBBIES,0,0,0,0,0,0,0,0,0,0,0,0,0,38,40,46,61,50,66,75,60,84,73,53,56,51,52,47,41,43,51,65,63,62,39,40,28,27,26,43,40,44,39,46,36,36,51,40,40,59,35,46,43,43,46,58,35,34,17,28,45,37,41,46,34
HOBBIES_1_397,HOBBIES_1,HOBBIES,0,0,0,0,0,0,0,0,0,0,0,0,0,0,12,0,0,20,87,89,118,137,111,120,126,117,174,184,150,144,144,148,109,74,0,0,0,0,2,1,3,2,0,0,1,24,229,244,225,195,202,268,318,245,255,247,216,273,231,223,252,280,260,284,188
HOBBIES_1_398,HOBBIES_1,HOBBIES,187,1550,1469,1763,1495,1284,1519,1424,1401,1309,1170,1227,1163,925,1146,1170,1116,1064,1123,1018,1030,753,675,761,861,613,532,613,776,773,125,146,479,967,705,612,811,690,890,797,885,827,770,367,38,17,28,19,338,877,749,805,978,892,960,973,951,828,1087,1167,1220,1200,1032,1060,670
HOBBIES_1_399,HOBBIES_1,HOBBIES,0,0,41,75,84,94,79,85,82,100,112,208,89,80,94,106,116,116,118,125,133,116,160,237,75,98,83,86,95,77,104,84,88,91,113,234,99,103,77,97,98,83,89,112,106,129,130,214,108,81,87,123,92,94,100,132,109,106,109,209,75,89,68,84,76
HOBBIES_1_400,HOBBIES_1,HOBBIES,89,681,491,644,461,598,541,473,403,499,467,423,488,523,573,423,551,491,506,446,441,440,459,314,290,225,225,303,219,211,214,199,198,248,218,170,221,181,238,252,191,256,252,278,241,80,249,295,314,264,267,259,244,301,345,318,301,236,286,262,249,198,238,241,202
HOBBIES_1_401,HOBBIES_1,HOBBIES,0,0,0,0,0,0,0,0,0,0,0,0,0,7,16,11,3,11,8,12,11,16,12,18,6,21,29,38,27,26,34,26,33,31,32,60,21,20,29,24,18,26,31,49,35,32,46,66,53,25,48,48,47,45,53,60,72,65,59,109,78,70,73,72,47
HOBBIES_1_402,HOBBIES_1,HOBBIES,0,0,0,0,0,0,0,0,0,0,0,0,0,10,28,46,36,34,31,44,50,37,27,9,12,20,15,27,25,20,34,31,57,36,31,17,19,5,16,21,34,42,26,28,33,31,21,18,29,23,25,32,39,38,35,37,26,24,19,24,36,39,35,53,55
HOBBIES_1_403,HOBBIES_1,HOBBIES,6,33,47,55,52,53,37,44,61,58,60,58,62,75,78,76,75,79,70,70,69,82,78,71,75,64,61,54,61,61,62,58,36,54,52,37,38,43,44,42,41,48,43,44,35,38,31,28,48,26,36,32,32,38,40,46,50,45,32,35,41,45,43,46,36
HOBBIES_1_404,HOBBIES_1,HOBBIES,120,890,1018,1262,947,1068,1119,1003,1335,1261,1287,1382,1277,1059,1182,1023,377,1204,858,1,15,4,0,16,512,1234,1132,1742,1927,2219,1836,1709,1345,1796,1577,1519,1214,1194,1322,1364,1482,1431,1236,1240,1341,1478,1533,1528,1266,1193,1361,1247,1363,1150,1351,1426,1360,1241,1158,1308,1182,1260,1215,1436,990
HOBBIES_1_405,HOBBIES_1,HOBBIES,7,62,53,66,54,49,75,56,45,47,50,62,67,45,66,54,62,61,63,52,42,47,45,52,49,37,36,25,30,27,56,58,37,55,55,61,65,63,80,64,73,73,50,74,62,61,94,69,86,58,75,65,61,77,69,68,64,67,71,74,85,55,77,55,54
HOBBIES_1_406,HOBBIES_1,HOBBIES,12,98,84,97,101,93,87,70,80,102,87,132,94,93,69,75,77,73,75,94,90,91,85,113,55,88,70,74,73,57,54,66,68,54,50,64,61,46,55,42,56,46,44,48,33,42,46,55,40,40,41,39,58,61,59,71,68,75,64,87,66,73,69,68,43
HOBBIES_1_407,HOBBIES_1,HOBBIES,39,274,277,343,344,328,328,350,99,1,0,0,0,0,0,0,269,410,359,338,345,356,309,339,317,300,310,239,250,242,249,269,236,287,267,341,331,304,326,263,249,296,272,282,259,270,228,261,236,235,290,246,285,273,240,260,233,250,245,289,243,237,260,243,195
HOBBIES_1_408,HOBBIES_1,HOBBIES,95,780,774,725,867,750,661,745,771,690,536,594,556,734,616,537,614,554,487,616,617,609,481,0,0,19,563,549,458,573,520,479,356,366,376,317,304,345,372,273,293,232,301,385,315,280,405,423,371,361,388,402,488,497,566,521,448,460,448,463,472,377,406,237,205
HOBBIES_1_409,HOBBIES_1,HOBBIES,36,293,222,209,221,258,253,255,248,277,233,262,263,197,190,167,208,222,160,18,23,25,20,21,76,200,229,210,229,228,220,245,218,209,205,206,172,157,157,172,165,161,181,160,164,175,151,157,175,140,152,160,180,146,158,181,171,88,152,172,181,192,194,198,147
HOBBIES_1_410,HOBBIES_1,HOBBIES,0,0,0,0,0,0,0,0,0,0,0,0,0,0,0,0,0,0,0,0,0,0,0,0,0,0,0,0,11,20,33,59,77,88,88,79,100,80,91,71,91,74,64,83,76,72,84,88,69,67,77,94,90,70,74,82,77,67,92,84,78,83,78,81,49
HOBBIES_1_411,HOBBIES_1,HOBBIES,19,165,169,190,210,256,243,177,158,152,158,120,137,122,117,144,152,127,126,148,121,137,124,178,131,127,152,138,139,155,126,167,166,148,124,143,94,90,101,103,119,139,113,133,122,116,110,100,101,125,128,143,181,174,220,194,197,199,157,146,145,129,124,159,165
HOBBIES_1_412,HOBBIES_1,HOBBIES,0,0,0,0,0,0,0,0,0,0,0,0,0,0,0,0,0,0,0,4,95,100,80,99,81,90,111,149,188,202,239,218,227,181,187,213,200,179,187,160,164,170,183,174,146,148,171,185,204,149,176,148,114,144,196,218,148,231,236,231,233,224,242,298,185
HOBBIES_1_413,HOBBIES_1,HOBBIES,13,142,251,329,469,329,338,316,279,245,169,108,100,116,256,362,377,326,219,243,245,244,201,171,142,201,266,295,318,295,265,300,291,215,121,85,68,120,171,239,219,278,242,233,143,227,84,95,95,88,152,208,195,249,255,176,125,182,172,126,167,197,231,359,222
HOBBIES_1_414,HOBBIES_1,HOBBIES,14,88,144,188,195,43,294,275,262,264,170,121,106,127,237,275,280,161,166,161,161,130,115,96,98,110,95,128,136,219,148,180,211,103,40,21,11,23,41,59,65,87,169,171,202,152,107,98,72,78,97,117,111,116,124,124,121,118,72,46,40,49,80,142,156
HOBBIES_1_415,HOBBIES_1,HOBBIES,30,302,319,279,259,256,293,295,306,296,259,259,231,238,223,212,175,237,250,246,245,252,254,261,215,199,216,217,229,250,251,234,202,213,226,223,232,219,195,147,153,196,170,173,179,203,194,199,201,180,201,188,209,187,221,204,180,204,211,242,163,165,163,145,121
HOBBIES_1_416,HOBBIES_1,HOBBIES,0,0,0,0,0,77,410,448,335,365,358,402,414,489,411,402,427,443,408,320,329,299,281,346,324,324,347,317,264,280,317,335,279,296,279,278,285,260,230,241,259,265,306,295,260,328,294,317,342,330,264,268,281,283,291,258,250,278,299,275,330,280,346,340,265
HOBBIES_1_417,HOBBIES_1,HOBBIES,172,1192,1412,1394,1506,985,1193,1426,1047,1200,1041,1122,1045,959,1032,884,1398,1004,1013,1130,1082,1231,937,944,1043,1015,1022,1095,1105,843,150,139,312,941,826,859,936,760,864,922,914,927,711,388,19,2,8,31,239,534,737,765,859,744,836,980,676,685,555,693,667,552,548,552,417
HOBBIES_1_418,HOBBIES_1,HOBBIES,3,47,68,37,48,37,30,32,110,123,66,47,73,93,51,79,93,85,115,89,115,79,70,79,67,66,80,121,118,87,85,96,65,80,68,61,74,69,92,54,87,71,76,61,55,54,53,65,61,79,92,72,58,76,86,77,83,100,89,75,79,98,90,88,74
HOBBIES_1_419,HOBBIES_1,HOBBIES,0,0,0,0,0,0,0,0,0,0,0,0,0,42,56,42,58,107,121,89,83,79,81,74,87,92,83,112,105,101,96,95,71,65,71,43,37,45,89,93,110,86,91,68,58,64,50,40,32,47,83,97,121,72,81,108,85,72,51,52,42,63,87,54,59
HOBBIES_1_420,HOBBIES_1,HOBBIES,39,227,262,251,196,199,246,198,182,198,180,155,150,202,231,205,196,208,222,235,217,211,233,195,219,241,253,242,233,267,255,252,199,192,229,194,226,206,273,244,217,211,196,190,184,202,203,175,192,155,158,208,198,187,181,208,254,278,224,230,231,243,243,223,178
HOBBIES_1_421,HOBBIES_1,HOBBIES,0,0,0,0,0,0,0,0,0,0,0,0,0,0,0,0,0,0,0,0,0,0,0,0,0,23,96,97,134,177,181,201,203,219,216,249,229,170,181,123,89,121,155,161,151,181,200,186,200,167,213,177,175,190,200,171,188,177,198,204,191,187,148,153,121
HOBBIES_1_422,HOBBIES_1,HOBBIES,8,87,75,73,84,71,58,53,53,44,62,58,39,45,57,37,42,42,47,29,37,29,43,62,46,43,39,39,34,32,49,42,36,18,30,35,36,20,35,32,31,33,37,31,22,42,39,56,27,35,49,32,38,44,40,46,44,45,38,43,31,35,45,38,23
HOBBIES_1_423,HOBBIES_1,HOBBIES,0,0,0,0,0,0,0,0,0,0,0,0,0,138,237,224,242,265,302,291,317,330,304,343,310,245,294,252,291,284,273,273,239,279,270,298,257,240,260,237,252,211,210,220,281,290,277,308,269,269,306,265,313,273,273,291,263,303,313,320,289,270,263,246,189
HOBBIES_1_424,HOBBIES_1,HOBBIES,36,304,318,355,317,299,315,237,260,276,294,342,304,355,357,320,289,278,304,345,301,269,247,261,241,215,256,246,243,228,252,225,215,165,155,199,224,186,203,252,197,233,178,227,213,226,237,206,261,213,154,234,223,204,228,189,186,195,184,196,183,174,104,228,164
HOBBIES_2_001,HOBBIES_2,HOBBIES,3,22,20,16,26,32,29,24,28,38,29,31,24,18,30,15,23,17,19,24,29,26,26,50,24,19,38,31,27,23,29,22,21,31,23,30,9,28,13,20,19,13,15,10,18,28,13,12,11,21,20,26,35,26,27,40,24,35,39,40,27,33,16,33,23
HOBBIES_2_002,HOBBIES_2,HOBBIES,17,105,74,89,117,73,73,53,72,112,94,165,24,49,47,20,62,40,22,29,55,77,96,170,50,59,42,59,86,36,21,38,56,127,88,134,66,133,77,19,0,0,0,0,0,97,90,115,40,32,33,46,59,25,18,20,37,67,83,205,59,48,27,44,49
HOBBIES_2_003,HOBBIES_2,HOBBIES,0,0,42,79,80,79,66,78,71,140,95,110,92,90,77,80,72,66,66,70,75,161,99,100,69,67,92,70,48,79,61,49,66,155,83,112,75,94,109,119,142,94,109,86,102,169,98,107,74,86,107,105,148,80,100,101,103,209,178,148,127,134,152,169,159
HOBBIES_2_004,HOBBIES_2,HOBBIES,6,25,46,63,53,34,30,47,30,72,47,42,54,57,62,43,47,35,36,40,37,92,90,73,78,77,84,61,58,45,36,31,72,73,73,83,61,45,60,74,58,36,24,42,35,68,39,46,36,32,30,32,60,28,26,28,28,54,45,51,47,76,50,68,56
HOBBIES_2_005,HOBBIES_2,HOBBIES,0,0,0,0,0,0,0,0,0,0,0,0,0,0,0,0,2,10,3,8,3,24,17,26,16,14,18,29,22,34,19,38,47,42,21,57,34,42,42,25,34,14,27,33,30,40,35,40,24,23,30,26,35,41,32,45,36,56,59,63,30,43,32,39,36
HOBBIES_2_006,HOBBIES_2,HOBBIES,6,43,39,42,41,24,36,36,30,58,49,48,40,55,61,43,35,41,41,34,45,62,59,74,36,31,38,20,26,20,20,17,21,19,18,28,20,26,31,25,33,24,27,28,38,33,34,55,27,31,39,39,44,24,38,26,27,33,37,45,33,29,23,21,28
HOBBIES_2_007,HOBBIES_2,HOBBIES,10,52,52,85,63,72,50,55,93,142,196,196,82,96,73,38,77,39,57,48,81,153,201,281,96,96,100,72,68,54,54,75,106,175,224,264,77,111,81,111,87,53,81,63,92,263,237,192,84,86,116,75,92,67,39,84,72,204,211,223,88,101,99,68,69
HOBBIES_2_008,HOBBIES_2,HOBBIES,0,0,25,39,47,34,30,30,29,45,34,28,36,40,32,37,45,28,44,37,51,34,43,49,37,32,39,27,46,28,19,36,45,47,41,42,31,37,29,27,49,40,42,42,46,48,30,24,18,26,19,40,47,22,33,49,51,62,47,40,35,53,42,38,54
HOBBIES_2_009,HOBBIES_2,HOBBIES,14,137,133,128,157,132,147,187,172,192,207,145,125,131,118,105,150,98,112,133,102,174,152,152,128,128,178,187,163,119,124,132,126,143,98,70,53,72,80,77,80,77,69,100,100,124,102,107,44,64,120,94,96,88,76,88,83,91,64,73,71,84,104,106,93
HOBBIES_2_010,HOBBIES_2,HOBBIES,0,0,0,0,0,0,0,0,0,0,0,0,0,0,0,0,0,0,0,0,0,0,0,0,0,0,0,1,16,11,18,18,17,22,17,20,23,14,21,28,21,25,28,24,32,29,27,27,16,28,21,37,30,29,38,57,34,46,56,41,38,29,46,39,26
HOBBIES_2_011,HOBBIES_2,HOBBIES,7,62,61,82,93,69,61,71,72,99,62,51,50,48,47,55,71,50,36,38,70,80,82,51,38,49,59,73,78,64,68,93,85,150,73,71,69,93,92,99,107,72,64,38,65,100,42,53,75,60,67,66,91,68,68,50,97,133,109,70,65,123,93,89,102
HOBBIES_2_012,HOBBIES_2,HOBBIES,0,0,0,0,0,0,0,0,0,0,0,0,0,0,0,0,0,0,0,0,0,0,0,0,0,0,0,0,0,0,0,0,0,2,1,2,2,1,1,3,19,11,21,32,31,73,54,41,29,19,38,49,58,48,46,30,37,37,60,42,42,48,55,55,49
HOBBIES_2_013,HOBBIES_2,HOBBIES,7,19,28,26,22,25,29,33,33,47,37,33,27,43,32,43,22,18,20,21,28,19,36,45,37,25,37,33,23,29,36,34,30,33,23,41,19,20,25,30,27,20,36,30,28,32,41,36,19,30,46,35,24,27,25,25,29,32,37,33,30,24,23,32,32
HOBBIES_2_014,HOBBIES_2,HOBBIES,0,0,0,0,0,0,0,0,0,0,0,0,0,0,0,0,0,0,0,0,0,0,0,0,0,0,0,2,13,9,19,18,24,28,16,22,28,18,29,30,26,23,20,35,28,38,34,37,31,36,16,45,41,45,42,55,48,59,35,42,34,39,45,48,31
HOBBIES_2_015,HOBBIES_2,HOBBIES,0,0,0,0,0,0,0,0,0,0,0,0,0,0,0,0,0,0,0,0,0,0,0,0,0,0,0,7,14,17,0,0,0,0,0,0,32,44,58,28,41,26,23,32,28,48,33,44,26,37,37,53,40,19,37,32,42,74,37,43,29,47,57,38,47
HOBBIES_2_016,HOBBIES_2,HOBBIES,8,62,86,101,105,114,71,49,78,85,58,68,52,46,45,26,61,82,83,61,60,71,75,98,61,63,75,55,58,70,28,25,39,36,51,52,25,32,27,17,32,29,30,36,19,27,23,24,20,20,25,31,15,26,26,30,21,19,18,16,22,13,18,17,11
HOBBIES_2_017,HOBBIES_2,HOBBIES,0,0,0,0,0,0,0,0,0,0,0,0,0,0,0,15,42,48,45,56,65,71,62,77,63,47,70,84,63,64,52,91,74,95,30,49,53,39,0,0,0,0,0,49,86,121,89,78,68,86,127,90,88,46,44,39,42,79,56,29,22,28,50,59,62
HOBBIES_2_018,HOBBIES_2,HOBBIES,0,0,0,0,0,0,0,0,0,0,0,0,0,0,0,6,24,21,33,90,55,52,40,56,25,16,13,18,51,52,112,190,85,68,58,88,75,75,76,60,100,12,0,0,28,165,87,91,71,87,89,77,129,90,117,201,107,165,110,89,79,67,83,94,63
HOBBIES_2_019,HOBBIES_2,HOBBIES,0,0,0,0,0,0,0,0,0,0,0,0,0,0,0,4,14,24,22,58,30,17,12,20,19,9,10,24,42,45,68,148,61,74,45,61,22,47,37,37,41,8,0,0,16,55,53,46,47,49,48,52,65,57,62,99,54,53,54,15,35,25,29,26,24
HOBBIES_2_020,HOBBIES_2,HOBBIES,5,46,48,42,36,46,34,41,51,56,29,34,39,50,42,45,38,33,24,31,45,40,30,27,13,21,35,28,33,30,24,28,39,49,33,29,22,31,25,30,43,37,50,40,52,55,30,26,32,42,47,49,43,45,46,49,53,79,59,38,33,41,37,43,47
HOBBIES_2_021,HOBBIES_2,HOBBIES,0,0,0,0,0,0,0,0,0,0,0,0,0,0,0,0,0,0,0,0,0,0,0,0,0,0,0,4,35,15,21,38,25,32,18,29,26,35,25,31,37,28,28,29,34,34,25,34,21,27,27,48,36,24,22,45,33,39,35,41,37,40,41,48,31
HOBBIES_2_022,HOBBIES_2,HOBBIES,7,37,45,53,60,47,44,30,30,58,48,33,29,27,37,36,52,40,36,41,47,52,40,61,46,52,58,40,51,57,25,29,28,56,41,57,25,29,38,63,39,50,58,58,57,114,48,63,38,33,55,50,100,79,56,47,55,94,65,73,64,61,61,99,95
HOBBIES_2_023,HOBBIES_2,HOBBIES,0,0,0,0,0,0,0,0,0,0,0,0,0,0,0,0,0,0,0,0,0,0,0,0,0,0,0,0,0,0,0,0,0,0,0,0,0,0,0,0,0,0,0,0,0,18,36,4,39,42,24,48,56,35,60,69,60,56,49,40,46,49,30,51,33
HOBBIES_2_024,HOBBIES_2,HOBBIES,0,0,0,0,0,0,0,0,0,0,0,0,0,0,0,0,0,0,0,0,0,0,0,0,0,0,0,0,0,0,0,0,0,0,0,0,0,0,0,0,33,70,98,124,169,277,203,184,165,180,216,250,211,196,171,140,182,321,176,185,131,173,177,174,134
HOBBIES_2_025,HOBBIES_2,HOBBIES,0,0,0,0,0,0,0,0,0,0,0,0,0,0,0,0,0,0,0,0,0,0,0,0,0,0,0,0,0,0,0,0,0,0,0,0,0,0,0,1,30,40,38,43,33,40,26,26,30,31,41,38,42,41,45,37,29,50,34,38,26,40,42,53,33
HOBBIES_2_026,HOBBIES_2,HOBBIES,0,0,0,0,0,0,0,0,0,0,0,0,0,0,0,0,0,0,0,0,0,0,0,0,0,0,0,0,0,0,0,0,0,0,0,0,0,0,0,6,25,12,16,38,11,71,29,21,22,33,35,87,108,132,107,126,112,182,122,118,98,121,120,96,143
HOBBIES_2_027,HOBBIES_2,HOBBIES,0,0,0,0,0,0,0,0,0,0,0,0,0,0,0,0,0,0,0,0,0,0,0,0,0,0,2,12,24,23,0,0,0,4,30,58,49,69,45,15,9,18,9,7,10,19,10,18,22,46,11,13,73,28,24,26,42,37,36,44,55,23,25,30,53
HOBBIES_2_028,HOBBIES_2,HOBBIES,13,87,85,79,51,45,34,39,91,291,61,74,63,62,94,65,85,34,49,53,124,359,132,126,41,85,93,79,58,46,41,50,115,391,99,72,40,57,81,77,100,43,50,67,151,424,91,129,100,87,100,115,47,72,71,89,139,509,188,203,127,132,130,136,113
HOBBIES_2_029,HOBBIES_2,HOBBIES,0,37,119,103,85,72,77,69,0,0,0,0,30,106,91,73,58,49,85,78,116,46,24,4,142,134,121,88,93,83,102,107,65,0,0,8,141,109,155,99,109,94,95,86,121,151,154,162,142,123,141,94,85,92,88,79,75,80,111,103,42,24,57,86,87
HOBBIES_2_030,HOBBIES_2,HOBBIES,0,0,0,0,0,0,0,0,0,0,0,0,0,0,0,8,27,27,24,20,21,40,23,29,33,45,55,32,36,33,15,18,28,22,7,17,27,25,36,37,22,15,21,7,13,34,8,15,10,14,11,18,30,17,29,17,15,33,10,18,14,19,25,24,27
HOBBIES_2_031,HOBBIES_2,HOBBIES,0,0,0,0,0,0,0,0,0,0,0,0,0,0,0,0,0,0,0,1,3,2,0,0,1,0,0,0,6,1,0,0,0,7,14,3,14,8,5,6,56,31,21,25,31,45,41,40,39,18,30,44,75,35,19,12,32,42,47,47,39,43,42,63,47
HOBBIES_2_032,HOBBIES_2,HOBBIES,15,124,115,151,237,127,118,109,116,133,99,76,82,120,147,140,254,136,141,122,97,114,107,91,58,105,55,75,99,125,74,103,129,126,101,116,92,87,128,118,183,115,111,80,88,102,92,68,82,98,128,225,345,177,161,151,177,104,75,54,113,141,142,265,233
HOBBIES_2_033,HOBBIES_2,HOBBIES,0,98,327,314,325,233,219,187,0,0,0,0,73,288,260,218,209,203,191,210,217,65,0,0,250,288,309,224,207,217,155,198,122,0,0,0,322,246,267,205,192,213,221,223,258,316,448,433,367,260,305,260,192,160,140,157,188,236,337,430,298,262,265,298,155
HOBBIES_2_034,HOBBIES_2,HOBBIES,3,22,25,18,28,29,22,11,24,31,19,19,21,20,25,30,41,25,31,21,36,49,30,34,23,27,40,46,20,18,24,24,24,52,16,35,26,26,37,22,31,37,27,22,20,53,20,17,19,31,21,0,0,0,0,35,25,59,37,22,21,25,41,52,34
HOBBIES_2_035,HOBBIES_2,HOBBIES,0,0,0,0,0,0,0,0,0,0,0,0,0,0,0,0,0,0,0,0,0,0,0,0,0,0,0,0,0,0,0,0,5,9,4,7,7,8,12,6,21,29,35,55,43,53,50,55,39,47,68,19,50,44,43,50,41,45,53,64,36,40,44,39,34
HOBBIES_2_036,HOBBIES_2,HOBBIES,23,98,136,166,200,172,190,126,204,296,185,129,196,200,222,172,200,135,177,211,212,283,267,179,218,174,191,205,181,154,124,191,182,256,197,143,213,237,219,337,328,239,272,203,241,315,234,193,258,300,326,290,345,208,252,235,266,411,280,204,361,351,311,400,345
HOBBIES_2_037,HOBBIES_2,HOBBIES,0,0,0,0,0,0,0,0,0,0,0,0,0,0,0,13,24,26,23,27,13,32,12,15,14,15,18,10,20,20,19,26,21,46,16,21,37,35,50,33,18,23,26,18,27,49,17,25,17,26,46,39,51,51,55,58,38,94,49,61,38,51,42,43,46
HOBBIES_2_038,HOBBIES_2,HOBBIES,0,0,0,0,0,0,0,0,0,0,0,0,0,0,0,0,0,0,0,0,0,0,0,0,0,0,0,0,0,0,0,0,0,0,0,0,0,0,0,0,46,44,42,35,38,123,57,81,64,71,57,87,95,82,55,58,75,208,60,72,67,76,82,101,85
HOBBIES_2_039,HOBBIES_2,HOBBIES,5,40,52,38,52,30,24,34,28,43,29,38,30,34,33,39,49,26,28,30,39,56,33,72,42,42,45,29,55,42,51,42,55,61,38,43,28,36,46,32,57,47,41,39,42,51,44,53,32,45,56,40,44,70,36,38,30,44,29,35,40,44,54,59,69
HOBBIES_2_040,HOBBIES_2,HOBBIES,0,0,0,0,0,0,0,0,0,0,0,0,0,0,0,0,0,0,0,0,0,0,0,0,0,0,0,0,0,0,0,0,0,0,0,0,0,0,0,9,16,24,13,21,36,73,90,108,36,30,43,40,43,21,29,23,23,86,72,69,35,36,34,31,53
HOBBIES_2_041,HOBBIES_2,HOBBIES,0,0,0,0,0,0,0,0,0,0,0,0,0,0,0,0,0,0,0,0,0,0,0,0,0,0,0,0,0,0,0,0,0,0,0,16,11,0,4,0,25,30,71,48,49,49,69,88,23,29,51,102,169,140,183,174,136,140,105,79,72,89,97,120,130
HOBBIES_2_042,HOBBIES_2,HOBBIES,0,0,12,30,26,19,18,17,28,43,35,21,32,25,42,43,48,63,51,37,56,72,69,42,52,84,68,49,37,33,34,45,44,112,55,52,52,96,81,59,102,76,57,78,113,104,112,84,102,96,140,98,177,165,113,81,139,150,118,126,128,231,174,173,190
HOBBIES_2_043,HOBBIES_2,HOBBIES,0,0,0,0,0,0,0,0,0,0,0,0,0,0,0,0,0,0,0,0,0,0,0,0,0,0,0,0,0,0,0,0,0,0,0,0,0,0,0,0,42,114,172,105,111,385,218,141,234,208,275,281,275,299,323,318,337,703,334,360,310,361,413,401,351
HOBBIES_2_044,HOBBIES_2,HOBBIES,0,0,0,0,0,0,0,0,0,0,0,0,0,0,0,2,5,10,10,17,22,31,21,46,22,16,25,28,31,34,36,60,61,60,38,88,52,43,43,47,34,35,32,50,29,52,41,72,47,38,44,45,54,63,44,71,52,66,77,81,33,51,47,60,37
HOBBIES_2_045,HOBBIES_2,HOBBIES,0,0,0,0,0,0,0,0,0,0,0,0,0,0,0,0,0,0,2,7,4,3,1,0,0,0,0,6,52,24,26,29,38,57,32,41,34,43,37,14,0,0,0,0,0,76,57,51,45,50,56,70,87,69,64,60,82,162,102,59,58,53,81,103,92
HOBBIES_2_046,HOBBIES_2,HOBBIES,8,79,64,103,108,79,48,52,50,90,96,77,86,68,72,71,66,38,32,33,39,66,71,59,44,32,67,42,36,46,29,33,35,74,52,65,43,39,41,39,45,29,25,27,23,50,49,45,23,26,25,25,43,33,35,34,46,76,76,59,42,63,45,45,43
HOBBIES_2_047,HOBBIES_2,HOBBIES,0,0,0,0,0,0,0,0,0,0,0,0,0,0,0,0,0,0,0,0,0,0,0,0,0,0,0,13,14,29,29,15,17,42,31,34,41,10,3,0,0,0,0,11,30,34,27,33,27,39,55,76,45,33,35,37,35,56,27,37,21,33,30,30,34
HOBBIES_2_048,HOBBIES_2,HOBBIES,0,62,133,168,123,119,78,78,0,0,0,0,22,112,80,77,58,44,72,84,87,29,0,0,125,127,129,94,66,66,92,103,58,0,0,3,169,163,141,89,75,59,80,57,61,92,101,120,104,93,101,81,67,55,58,60,68,73,59,80,74,56,62,87,55
HOBBIES_2_049,HOBBIES_2,HOBBIES,4,34,32,20,30,25,31,25,39,48,25,20,22,19,30,39,45,37,44,31,34,55,32,40,34,37,43,51,37,31,29,24,34,82,22,35,37,29,37,28,37,31,37,27,30,65,13,16,16,30,34,0,0,0,0,37,29,96,28,20,23,34,49,46,42
HOBBIES_2_050,HOBBIES_2,HOBBIES,5,51,58,74,76,90,79,71,66,74,43,63,57,56,50,46,57,49,61,57,52,50,37,49,35,32,31,30,44,42,46,39,43,47,25,45,18,29,23,40,26,27,22,26,40,28,25,19,29,16,21,31,38,29,49,35,27,26,38,37,39,30,28,43,28
HOBBIES_2_051,HOBBIES_2,HOBBIES,4,50,57,72,67,54,42,60,50,69,70,67,48,60,92,46,81,57,41,45,53,70,70,56,36,48,54,38,50,42,24,42,39,40,62,57,37,61,45,52,46,52,41,45,67,73,56,57,51,49,38,32,38,37,43,55,59,80,70,75,39,53,49,60,53
HOBBIES_2_052,HOBBIES_2,HOBBIES,0,0,0,0,0,0,0,0,0,18,0,2,50,52,48,41,52,47,35,88,57,44,48,45,70,45,67,45,50,38,38,56,43,39,32,37,41,38,32,29,44,23,26,49,45,34,35,46,33,32,32,24,28,23,18,45,16,39,52,27,31,25,40,32,32
HOBBIES_2_053,HOBBIES_2,HOBBIES,0,0,23,82,120,84,81,84,81,98,98,108,72,95,100,79,92,95,70,87,59,80,82,57,52,46,89,55,68,90,73,94,86,168,129,129,43,97,131,98,179,127,105,125,144,171,200,195,104,133,108,74,99,72,107,134,107,103,69,112,85,149,108,17,0
HOBBIES_2_054,HOBBIES_2,HOBBIES,0,0,0,0,0,0,0,0,0,0,0,0,0,0,0,0,4,2,0,0,0,0,0,0,0,0,0,5,56,61,52,44,54,66,63,62,58,38,49,17,0,0,0,0,0,81,65,74,35,55,61,65,66,66,77,76,57,109,91,86,60,53,77,78,54
HOBBIES_2_055,HOBBIES_2,HOBBIES,1,26,26,20,28,22,28,17,32,28,20,16,17,15,30,27,29,29,39,26,26,37,26,22,17,22,23,25,30,19,25,19,24,40,11,28,20,20,28,15,29,18,21,18,29,36,17,15,16,15,18,0,0,0,0,15,21,42,26,24,11,22,22,39,33
HOBBIES_2_056,HOBBIES_2,HOBBIES,3,17,45,26,37,24,20,24,30,25,25,38,36,48,39,30,29,26,20,22,25,24,30,26,32,16,39,20,23,22,13,28,16,22,11,19,12,15,22,19,10,20,20,19,22,25,29,9,16,18,20,26,31,27,16,0,2,14,23,50,29,36,46,35,38
HOBBIES_2_057,HOBBIES_2,HOBBIES,16,35,61,39,50,25,30,31,27,25,29,43,23,28,38,21,58,39,32,62,46,68,66,27,48,32,55,20,58,19,49,65,47,27,26,39,16,34,30,45,54,27,42,50,43,90,38,36,37,17,18,28,28,18,16,45,37,28,33,41,33,52,27,49,33
HOBBIES_2_058,HOBBIES_2,HOBBIES,0,0,0,0,0,0,0,0,0,0,0,0,0,0,0,0,0,0,0,0,0,0,0,0,0,0,0,0,0,0,0,0,0,0,0,0,0,0,0,8,28,48,56,88,113,189,132,163,111,132,161,175,179,142,112,95,87,76,82,36,48,54,62,96,93
HOBBIES_2_059,HOBBIES_2,HOBBIES,23,242,188,212,197,129,141,168,313,754,925,1301,518,517,398,296,341,282,234,233,511,613,678,849,332,369,252,224,170,103,138,173,233,425,388,487,133,201,117,150,221,160,163,198,304,885,685,871,404,308,322,222,148,140,134,133,266,618,357,431,229,281,181,293,201
HOBBIES_2_060,HOBBIES_2,HOBBIES,15,45,73,85,102,79,100,97,85,110,78,69,48,39,52,40,90,60,83,128,110,82,86,100,73,95,74,58,84,59,75,179,114,87,89,40,46,39,44,39,56,65,82,114,67,72,55,62,43,43,51,58,89,76,86,156,56,65,85,61,44,25,58,61,55
HOBBIES_2_061,HOBBIES_2,HOBBIES,13,71,70,75,90,73,124,71,86,109,54,56,65,73,96,63,93,98,91,79,79,97,46,73,51,57,68,50,55,77,50,39,69,28,43,44,67,29,67,61,53,52,48,36,56,51,36,59,31,56,52,59,50,71,40,41,38,28,22,24,35,19,37,32,37
HOBBIES_2_062,HOBBIES_2,HOBBIES,13,33,39,39,38,23,48,43,47,67,37,48,43,20,45,30,26,26,22,28,39,79,40,43,33,29,31,50,32,34,38,26,38,55,24,34,22,22,25,25,28,25,21,29,33,75,41,37,35,28,43,43,29,42,34,39,47,79,29,50,25,37,28,45,43
HOBBIES_2_063,HOBBIES_2,HOBBIES,0,0,0,0,0,0,0,0,0,0,0,0,0,0,0,20,64,50,64,61,86,101,90,105,94,93,97,86,118,100,70,71,61,123,73,128,55,91,128,139,88,84,81,53,49,105,56,56,41,35,87,74,83,82,72,79,88,134,105,91,37,57,81,112,114
HOBBIES_2_064,HOBBIES_2,HOBBIES,0,0,0,0,0,0,0,0,0,0,0,0,0,0,0,0,0,0,0,0,0,0,0,0,0,0,0,8,21,30,39,38,23,33,32,24,29,36,21,25,29,27,43,38,42,35,51,42,31,53,39,59,48,46,44,54,56,59,63,77,43,53,76,75,33
HOBBIES_2_065,HOBBIES_2,HOBBIES,0,0,0,0,0,0,0,0,0,0,0,0,0,0,0,0,0,0,0,0,0,0,0,0,0,0,0,0,0,0,0,0,0,0,0,0,0,0,0,5,36,41,45,49,62,113,61,87,50,45,100,87,68,56,45,35,33,75,27,21,14,33,59,48,47
HOBBIES_2_066,HOBBIES_2,HOBBIES,4,12,19,54,24,48,20,25,18,19,26,51,27,26,31,27,32,26,24,26,18,18,24,58,19,38,32,18,38,20,26,23,13,19,19,46,24,14,29,31,39,27,23,22,14,24,19,36,13,12,18,15,27,31,28,27,6,22,15,31,18,8,24,17,12
HOBBIES_2_067,HOBBIES_2,HOBBIES,0,0,0,0,0,0,0,0,0,0,0,0,0,0,0,0,0,0,0,0,0,0,0,0,0,0,0,0,0,0,0,0,0,0,0,0,0,0,0,0,0,0,0,5,56,111,62,55,56,65,89,63,79,75,76,75,75,110,76,71,54,73,61,72,54
HOBBIES_2_068,HOBBIES_2,HOBBIES,0,0,12,31,30,27,38,31,34,33,51,39,46,41,38,38,41,27,45,70,59,71,71,57,65,70,62,31,26,42,20,56,33,31,44,48,37,43,37,31,60,35,66,89,52,72,89,74,60,49,53,63,50,62,52,103,66,61,74,75,109,65,56,71,53
HOBBIES_2_069,HOBBIES_2,HOBBIES,7,34,25,48,43,31,21,36,33,50,77,57,26,34,22,21,30,19,30,31,43,69,74,88,42,64,58,51,38,43,29,45,36,67,94,114,50,89,36,60,43,44,44,46,42,92,134,113,49,66,70,41,49,43,34,45,55,94,87,131,83,74,51,34,20
HOBBIES_2_070,HOBBIES_2,HOBBIES,0,0,0,0,0,0,0,0,0,0,0,0,0,0,0,0,0,0,0,0,0,0,0,0,0,0,0,0,0,0,0,0,0,0,0,0,0,0,0,0,0,1,12,25,10,42,154,155,84,73,78,69,94,81,94,86,56,50,94,165,38,44,54,49,32
HOBBIES_2_071,HOBBIES_2,HOBBIES,0,0,0,0,0,0,0,0,0,0,0,0,0,0,0,0,0,0,0,0,0,0,0,0,0,0,0,4,34,26,38,44,35,35,24,31,61,36,45,44,72,66,84,85,82,78,90,72,67,82,75,97,91,84,89,106,93,77,97,96,77,96,98,102,64
HOBBIES_2_072,HOBBIES_2,HOBBIES,0,0,0,0,0,0,0,0,0,0,0,0,0,0,0,0,0,0,0,0,0,0,0,0,0,0,0,20,38,50,40,80,71,57,38,69,67,51,62,43,45,49,41,90,70,43,69,82,59,48,51,38,48,47,28,81,43,44,30,81,40,27,40,47,34
HOBBIES_2_073,HOBBIES_2,HOBBIES,0,0,0,0,0,0,0,0,0,0,0,0,0,0,0,7,41,31,19,31,48,43,64,68,50,53,75,55,34,37,33,33,29,51,55,34,33,18,0,0,0,0,0,22,34,56,30,27,24,17,27,46,29,19,25,28,29,37,51,31,46,60,46,55,47
HOBBIES_2_074,HOBBIES_2,HOBBIES,3,35,31,28,43,36,39,60,43,53,43,48,43,34,30,20,44,52,64,86,77,56,51,43,33,40,43,31,39,35,30,71,53,47,37,42,27,25,33,27,33,38,45,85,48,63,43,31,31,15,30,22,29,36,31,65,39,44,35,49,29,30,47,31,33
HOBBIES_2_075,HOBBIES_2,HOBBIES,0,154,401,331,298,250,215,204,0,0,0,0,127,444,361,304,291,224,234,334,436,140,11,0,481,439,304,236,234,225,187,331,227,0,0,9,514,467,363,295,220,180,320,326,338,441,725,779,640,362,437,425,328,333,280,226,280,445,472,564,367,264,247,280,209
HOBBIES_2_076,HOBBIES_2,HOBBIES,0,24,142,129,126,111,126,73,0,0,0,0,57,155,155,104,87,82,110,122,158,92,36,8,241,251,194,130,79,81,86,85,35,0,0,5,174,127,146,120,88,90,101,96,80,124,188,229,196,148,123,95,67,86,54,53,55,93,96,131,115,31,96,103,58
HOBBIES_2_077,HOBBIES_2,HOBBIES,0,0,0,0,0,0,0,0,0,0,0,0,0,0,0,0,0,0,0,0,0,0,0,0,0,0,0,10,0,0,0,1,15,53,10,26,12,10,26,19,23,34,34,24,25,67,7,24,8,11,30,29,28,34,37,38,33,109,22,16,18,12,22,25,17
HOBBIES_2_078,HOBBIES_2,HOBBIES,12,74,89,92,96,60,77,84,76,131,126,130,84,83,90,73,58,53,57,56,63,49,54,40,46,61,100,85,65,38,32,30,41,55,36,36,28,35,50,47,0,0,0,1,0,27,57,78,41,51,83,43,45,22,23,22,37,69,57,56,70,90,60,81,83
HOBBIES_2_079,HOBBIES_2,HOBBIES,0,0,0,0,0,7,21,30,52,33,25,15,11,13,16,13,18,24,43,33,42,57,41,26,40,18,22,16,21,17,14,14,24,24,13,5,19,13,26,5,0,0,0,0,10,23,8,24,16,24,12,11,17,23,17,14,15,21,13,9,16,7,11,9,14
HOBBIES_2_080,HOBBIES_2,HOBBIES,1,22,24,27,25,28,21,20,21,29,25,16,16,19,37,29,48,36,20,17,26,27,30,21,18,21,22,20,17,20,18,18,20,24,20,24,18,25,22,21,23,26,19,13,24,19,23,26,18,17,21,27,39,21,26,23,40,29,27,26,12,28,37,34,33
HOBBIES_2_081,HOBBIES_2,HOBBIES,0,0,0,0,0,0,0,0,0,0,0,0,0,0,0,0,0,0,0,0,0,0,0,0,0,0,2,28,27,19,0,0,0,4,61,45,42,79,58,57,101,68,50,69,99,130,91,159,86,122,78,65,109,68,42,42,67,77,70,106,76,47,51,79,62
HOBBIES_2_082,HOBBIES_2,HOBBIES,0,0,0,0,0,0,0,0,0,0,0,0,0,0,0,0,0,0,0,0,0,0,0,0,0,0,0,0,0,0,0,0,0,0,0,0,0,0,0,8,10,12,11,22,32,65,51,64,26,34,41,43,38,33,50,41,45,79,42,29,28,29,28,38,46
HOBBIES_2_083,HOBBIES_2,HOBBIES,0,53,163,113,113,68,75,95,0,0,0,0,64,193,257,143,111,95,84,94,107,56,28,5,178,177,127,59,57,56,49,69,37,0,0,6,197,128,112,68,69,53,70,56,78,118,167,128,141,94,71,49,63,51,68,64,70,51,70,107,104,7,44,46,32
HOBBIES_2_084,HOBBIES_2,HOBBIES,0,0,0,0,0,0,0,0,0,0,0,0,0,0,0,0,0,0,0,0,0,0,0,0,0,0,0,0,0,0,0,0,0,0,5,45,38,28,22,2,0,0,0,0,0,20,32,46,25,22,25,21,37,39,35,41,32,32,34,63,19,25,28,41,29
HOBBIES_2_085,HOBBIES_2,HOBBIES,27,40,29,57,41,43,30,44,65,196,84,83,77,66,60,40,35,22,35,40,57,144,114,82,71,45,86,66,47,48,57,65,79,235,88,81,96,78,89,86,61,53,56,74,113,338,177,198,120,91,157,170,109,54,62,110,100,249,183,209,102,114,107,103,84
HOBBIES_2_086,HOBBIES_2,HOBBIES,0,0,0,0,0,0,0,0,0,0,0,0,0,0,0,0,0,0,0,0,0,0,0,0,0,0,0,2,20,17,24,36,10,21,29,41,25,34,48,30,34,47,30,43,34,37,35,55,19,35,32,24,24,27,26,45,37,49,40,49,40,48,43,36,34
HOBBIES_2_087,HOBBIES_2,HOBBIES,0,0,0,0,0,0,0,0,0,0,0,0,0,0,0,0,0,0,0,0,0,0,0,0,0,0,0,7,44,32,46,52,37,41,40,42,46,44,48,30,64,45,54,44,60,60,62,46,47,71,67,88,74,62,67,93,67,103,85,95,86,72,83,92,65
HOBBIES_2_088,HOBBIES_2,HOBBIES,17,99,91,70,101,87,104,80,79,108,99,57,61,88,109,111,108,86,88,69,92,74,88,98,98,68,72,79,75,62,61,74,72,74,70,74,65,63,67,67,66,74,76,69,76,97,80,69,55,62,87,76,70,43,59,69,51,86,59,69,52,75,51,85,59
HOBBIES_2_089,HOBBIES_2,HOBBIES,0,0,77,89,97,70,98,131,118,135,134,105,104,84,94,100,95,89,133,121,97,131,138,106,102,72,125,107,109,133,108,127,117,135,84,86,97,108,94,90,109,91,83,89,103,134,105,89,79,75,84,93,103,66,81,103,75,115,73,121,59,82,77,86,74
HOBBIES_2_090,HOBBIES_2,HOBBIES,0,0,0,0,0,0,0,0,0,0,0,0,0,0,0,0,0,0,0,0,0,0,0,0,0,0,0,0,0,0,0,0,0,0,0,0,0,9,16,25,52,7,0,76,111,200,81,72,42,56,73,62,106,63,70,36,43,107,31,18,46,48,45,49,57
HOBBIES_2_091,HOBBIES_2,HOBBIES,0,0,0,0,0,0,0,0,0,0,0,0,0,0,0,0,0,0,0,0,0,0,0,0,0,0,0,9,43,41,69,84,109,88,98,102,138,111,105,85,142,108,148,206,187,155,200,191,122,162,183,219,208,180,172,220,181,225,223,172,167,134,219,206,140
HOBBIES_2_092,HOBBIES_2,HOBBIES,0,0,0,0,0,0,0,0,0,0,0,0,0,0,0,7,21,38,50,39,44,66,18,28,13,33,47,34,41,42,47,59,35,84,37,25,23,26,42,38,27,50,49,46,34,105,18,17,11,31,26,35,66,56,71,72,50,103,38,48,26,35,64,55,45
HOBBIES_2_093,HOBBIES_2,HOBBIES,0,0,13,26,26,29,26,50,32,39,28,27,27,29,38,18,30,29,43,37,47,53,33,29,26,22,27,33,32,40,33,89,46,54,67,45,42,38,41,42,31,46,52,126,91,100,81,104,76,54,77,71,74,70,91,125,80,73,81,63,49,72,78,78,55
HOBBIES_2_094,HOBBIES_2,HOBBIES,0,0,0,0,0,0,0,0,0,0,0,0,0,0,0,0,0,0,0,0,0,0,0,0,0,0,0,13,27,14,0,0,0,0,21,45,45,50,64,36,30,40,29,43,39,49,36,54,64,44,75,65,120,51,50,58,57,69,54,57,79,68,76,98,81
HOBBIES_2_095,HOBBIES_2,HOBBIES,0,0,0,0,0,0,0,0,0,0,0,0,0,0,0,0,0,0,0,0,0,0,0,0,0,0,0,0,0,0,0,0,0,0,0,0,0,0,0,8,14,13,16,25,42,62,115,109,29,28,58,65,67,51,50,60,65,114,88,137,39,48,44,55,52
HOBBIES_2_096,HOBBIES_2,HOBBIES,9,67,37,19,64,73,68,78,58,76,69,74,91,80,89,84,94,79,114,96,94,90,74,113,115,98,97,83,74,55,72,83,66,84,40,66,43,56,45,46,64,58,39,77,66,78,53,67,44,53,46,30,43,39,44,50,40,43,45,63,32,33,50,77,45
HOBBIES_2_097,HOBBIES_2,HOBBIES,0,0,0,0,0,0,0,0,0,0,0,0,0,0,0,18,27,30,29,37,59,55,69,49,41,27,34,10,56,70,44,41,27,29,12,15,34,45,27,33,47,35,20,24,17,32,33,32,21,14,34,38,65,57,25,52,69,64,58,34,66,67,71,70,69
HOBBIES_2_098,HOBBIES_2,HOBBIES,5,49,69,70,87,31,45,24,43,97,73,107,34,66,54,75,73,40,26,24,39,58,110,107,38,74,73,95,98,34,29,28,31,91,85,144,41,55,70,84,95,42,49,39,50,176,188,140,61,97,107,159,125,58,37,40,43,210,173,260,74,94,114,135,131
HOBBIES_2_099,HOBBIES_2,HOBBIES,0,0,0,0,0,0,0,0,0,0,0,0,0,0,0,0,0,0,0,0,0,0,0,0,0,0,0,3,18,12,13,20,14,30,11,19,21,12,20,18,22,22,16,35,28,17,21,16,10,9,19,16,25,28,31,53,34,35,25,32,36,43,30,40,34
HOBBIES_2_100,HOBBIES_2,HOBBIES,8,49,46,77,101,43,55,51,53,89,109,104,63,83,41,45,60,53,55,42,72,143,99,120,57,80,78,55,64,58,53,53,69,105,104,133,62,87,68,80,104,44,43,68,69,158,170,160,75,93,116,83,91,68,75,65,96,259,189,258,109,137,133,113,95
HOBBIES_2_101,HOBBIES_2,HOBBIES,0,0,0,0,0,0,0,0,0,0,0,0,0,0,0,11,31,28,32,20,32,51,28,33,27,31,50,34,34,43,43,39,54,106,47,35,49,40,0,0,0,0,0,55,67,129,51,55,62,59,92,98,83,68,65,66,50,73,42,26,36,58,60,48,45
HOBBIES_2_102,HOBBIES_2,HOBBIES,9,35,29,21,28,33,29,40,39,37,36,37,21,21,26,16,25,28,29,65,42,47,40,54,39,35,45,34,37,27,36,48,39,53,40,34,20,41,31,29,30,31,34,63,45,52,46,28,28,27,27,28,44,32,25,70,37,35,50,34,20,43,45,49,36
HOBBIES_2_103,HOBBIES_2,HOBBIES,27,72,73,80,86,88,80,70,85,124,61,82,72,83,105,92,96,77,91,83,85,107,58,56,69,79,64,43,48,66,44,73,78,158,68,76,59,95,95,56,91,82,76,71,78,158,79,76,77,69,87,0,0,0,0,110,107,282,105,81,67,75,89,109,60
HOBBIES_2_104,HOBBIES_2,HOBBIES,0,0,0,0,0,0,0,0,0,0,0,0,0,0,0,0,0,0,0,0,0,0,0,0,0,0,0,8,35,36,41,68,65,81,119,48,41,51,60,35,37,23,37,41,47,93,77,92,61,46,55,51,55,44,40,37,60,86,63,75,57,52,66,76,45
HOBBIES_2_105,HOBBIES_2,HOBBIES,10,51,52,65,61,29,25,35,37,93,68,109,55,34,56,29,42,27,29,37,54,67,104,109,37,49,74,39,63,31,31,45,40,85,87,84,40,63,62,12,0,0,0,0,0,48,52,64,18,31,22,30,38,39,32,35,40,63,67,67,48,49,41,32,43
HOBBIES_2_106,HOBBIES_2,HOBBIES,0,0,0,0,0,0,0,0,0,0,0,0,0,0,0,0,0,0,0,0,0,0,0,0,0,0,0,1,23,9,12,21,16,14,10,12,25,22,16,22,34,29,19,31,28,35,35,18,19,27,27,38,31,40,35,61,38,28,29,44,19,40,31,47,29
HOBBIES_2_107,HOBBIES_2,HOBBIES,0,0,0,0,0,0,0,0,0,0,0,0,0,0,0,7,66,46,57,58,100,115,72,78,91,96,94,80,78,97,74,95,99,166,86,113,117,70,0,0,0,0,0,75,180,272,199,177,160,143,207,223,218,152,167,92,94,157,66,49,35,54,103,137,132
HOBBIES_2_108,HOBBIES_2,HOBBIES,0,0,0,0,0,0,0,0,0,0,0,0,0,0,0,0,0,0,0,0,0,0,0,0,0,0,0,0,0,0,0,0,0,0,0,0,0,0,0,8,25,48,49,50,36,39,35,57,32,28,28,38,28,52,48,67,47,46,29,32,28,20,35,33,27
HOBBIES_2_109,HOBBIES_2,HOBBIES,0,0,0,0,0,0,0,0,0,0,0,0,0,0,0,0,0,0,0,0,0,0,0,0,0,0,0,0,0,0,0,0,0,0,0,0,0,0,0,0,0,0,0,0,0,39,65,58,43,57,73,82,124,130,132,135,117,187,94,94,94,118,115,123,97
HOBBIES_2_110,HOBBIES_2,HOBBIES,0,0,0,0,0,0,0,0,0,0,0,0,0,0,0,0,0,0,0,17,30,37,22,33,40,61,45,52,27,56,57,34,50,52,29,41,45,44,61,37,39,40,38,53,37,50,55,52,72,57,56,65,53,54,29,35,41,40,23,31,25,9,0,0,17
HOBBIES_2_111,HOBBIES_2,HOBBIES,0,0,0,0,0,0,0,0,0,0,0,0,0,0,0,0,0,0,0,0,0,0,0,0,0,0,0,0,0,0,0,0,0,0,0,0,0,0,0,4,22,18,20,27,35,37,26,53,24,34,48,42,40,34,27,25,28,35,37,45,33,35,28,17,22
HOBBIES_2_112,HOBBIES_2,HOBBIES,6,33,27,23,46,30,14,11,22,43,56,56,38,41,42,42,48,33,30,23,28,47,46,62,33,38,54,25,31,18,27,22,39,50,30,91,26,56,49,37,42,40,33,18,51,66,54,61,17,44,31,44,31,26,27,22,21,83,34,84,32,27,37,33,31
HOBBIES_2_113,HOBBIES_2,HOBBIES,1,27,26,22,29,20,20,67,30,22,18,66,27,22,22,30,21,24,20,43,30,20,39,102,45,44,26,19,26,26,13,41,40,28,40,89,61,57,46,33,26,25,27,74,58,44,35,106,34,28,23,33,32,43,43,90,54,59,69,153,35,40,29,29,28
HOBBIES_2_114,HOBBIES_2,HOBBIES,0,0,0,0,0,0,0,0,0,0,0,0,0,0,0,0,0,0,0,0,0,0,0,0,0,0,7,18,39,25,1,0,0,1,34,86,85,86,57,50,75,45,47,75,62,93,94,77,62,60,52,73,106,59,45,86,92,79,56,83,90,114,67,80,84
HOBBIES_2_115,HOBBIES_2,HOBBIES,16,82,105,119,148,95,96,143,118,196,136,118,115,75,130,88,107,68,92,168,176,209,103,147,133,102,117,150,133,158,128,180,131,162,80,150,142,154,147,186,173,148,147,245,187,244,204,207,131,164,187,159,197,153,155,240,104,188,144,165,121,151,152,196,207
HOBBIES_2_116,HOBBIES_2,HOBBIES,18,23,27,51,19,38,38,45,36,77,62,51,62,47,47,52,46,41,40,53,47,109,77,58,68,68,68,32,37,42,24,47,40,80,68,61,46,56,44,69,38,29,27,56,66,136,101,106,79,46,92,60,35,40,37,48,53,125,101,97,111,110,82,41,37
HOBBIES_2_117,HOBBIES_2,HOBBIES,0,53,120,89,110,107,77,64,0,0,0,0,29,139,105,89,104,85,78,84,110,51,0,0,162,178,115,69,98,90,120,111,64,0,0,3,173,106,80,49,68,61,73,118,144,193,321,311,229,108,137,119,119,107,126,107,108,132,154,240,125,124,91,98,48
HOBBIES_2_118,HOBBIES_2,HOBBIES,3,43,63,73,81,102,104,83,140,146,87,111,59,56,74,41,61,92,67,69,59,57,79,91,42,52,59,56,56,57,53,66,45,47,58,34,53,38,36,22,35,26,34,35,31,47,44,40,28,34,38,29,39,41,35,44,42,31,43,39,18,21,22,32,28
HOBBIES_2_119,HOBBIES_2,HOBBIES,0,0,7,11,11,10,3,9,17,9,4,12,10,2,7,4,2,1,0,0,0,0,0,0,10,7,7,5,12,19,15,13,15,17,15,19,9,13,6,13,9,13,12,17,8,12,10,12,11,9,14,11,22,10,14,19,19,14,22,16,19,20,21,18,7
HOBBIES_2_120,HOBBIES_2,HOBBIES,14,100,135,111,161,101,113,117,116,199,121,101,120,70,106,92,150,110,101,120,132,96,117,102,136,120,105,164,113,122,74,0,0,0,0,0,10,157,182,144,160,88,85,102,134,134,128,101,121,96,138,172,201,93,107,119,108,210,150,148,123,123,144,233,253
HOBBIES_2_121,HOBBIES_2,HOBBIES,0,0,0,0,0,0,0,0,0,0,0,0,0,0,0,0,0,0,0,0,0,0,0,0,0,0,0,0,0,0,0,0,0,0,0,0,0,0,0,7,49,27,52,88,116,288,326,344,238,206,116,169,218,180,112,120,177,239,448,299,220,150,101,126,146
HOBBIES_2_122,HOBBIES_2,HOBBIES,1,23,26,41,22,18,14,6,32,89,63,141,15,23,24,14,28,8,19,29,27,76,90,137,34,38,38,13,48,18,14,19,41,129,92,192,36,39,32,70,52,34,30,20,52,127,123,235,30,53,71,54,90,40,30,26,39,225,118,290,42,49,64,58,61
HOBBIES_2_123,HOBBIES_2,HOBBIES,0,0,0,0,0,0,0,0,0,0,0,0,0,0,0,8,41,49,56,36,68,74,44,71,62,44,45,40,36,48,47,55,61,89,46,52,58,23,1,0,0,2,2,39,106,143,91,46,81,94,104,125,93,67,52,59,72,98,56,42,37,55,73,70,78
HOBBIES_2_124,HOBBIES_2,HOBBIES,0,0,0,0,0,0,0,0,0,0,0,0,0,0,0,78,132,110,163,123,180,386,229,238,208,248,204,200,154,105,86,118,143,393,160,124,102,159,134,134,179,147,184,178,204,628,264,213,169,215,292,292,187,127,184,174,310,513,176,133,148,135,196,226,158
HOBBIES_2_125,HOBBIES_2,HOBBIES,0,0,0,0,0,0,0,0,0,0,0,0,0,0,0,13,38,24,34,33,22,33,35,51,34,42,41,46,42,48,35,43,47,84,37,83,45,54,65,43,51,55,34,38,54,83,59,47,35,44,59,46,55,37,31,35,36,71,67,64,34,37,35,51,41
HOBBIES_2_126,HOBBIES_2,HOBBIES,0,0,0,0,0,0,0,0,0,0,0,0,0,0,0,0,0,0,0,0,0,0,0,0,0,0,0,0,0,0,0,0,0,0,0,0,0,0,0,53,109,150,138,163,185,320,209,190,148,170,270,308,231,229,214,144,122,195,120,80,104,110,103,150,166
HOBBIES_2_127,HOBBIES_2,HOBBIES,0,0,0,0,0,0,0,0,0,0,0,0,0,0,0,0,0,0,0,0,0,0,0,0,0,0,0,6,18,29,19,14,22,37,26,56,33,29,39,28,23,28,26,26,45,26,35,56,33,31,26,36,24,18,27,29,18,23,35,65,36,45,21,29,35
HOBBIES_2_128,HOBBIES_2,HOBBIES,2,52,70,58,58,40,54,68,53,58,38,33,51,32,54,32,53,37,40,62,59,53,54,58,51,55,44,43,71,77,39,62,56,82,71,78,45,65,80,59,82,63,56,41,56,63,44,61,53,46,55,54,57,54,55,67,48,49,56,58,63,51,72,68,75
HOBBIES_2_129,HOBBIES_2,HOBBIES,16,158,101,94,83,82,97,157,215,503,376,353,203,127,176,146,249,132,98,81,192,515,411,261,213,199,196,257,174,112,101,147,138,332,218,233,90,142,123,118,142,104,95,149,163,584,447,404,180,209,197,304,218,185,127,120,201,692,455,279,172,227,207,260,139
HOBBIES_2_130,HOBBIES_2,HOBBIES,23,115,198,183,221,237,159,89,147,133,129,124,100,102,90,87,138,124,101,88,85,95,97,68,46,43,57,41,90,105,53,36,34,39,73,34,19,34,27,5,0,2,2,23,20,18,24,16,10,13,9,16,46,45,46,35,38,36,35,46,34,46,53,60,49
HOBBIES_2_131,HOBBIES_2,HOBBIES,1,46,6,2,14,41,52,72,104,208,309,358,258,205,123,69,69,56,51,52,22,43,103,135,136,101,66,74,56,46,45,81,86,124,118,168,129,97,129,104,98,129,108,137,95,0,0,0,199,195,152,105,135,116,126,124,83,2,0,0,54,89,94,96,84
HOBBIES_2_132,HOBBIES_2,HOBBIES,0,0,0,0,0,0,0,0,0,0,0,0,0,0,0,0,0,0,0,0,0,0,0,0,0,0,0,0,0,0,0,0,0,0,0,0,0,0,0,0,0,0,20,18,32,29,52,64,45,31,36,18,25,32,50,72,94,137,141,91,97,57,103,63,31
HOBBIES_2_133,HOBBIES_2,HOBBIES,0,40,70,73,94,89,57,81,0,0,0,0,28,103,110,63,49,61,55,100,98,56,25,6,101,124,54,57,53,45,52,70,58,0,0,0,77,69,59,77,56,59,60,82,91,123,119,105,144,95,83,82,86,80,85,74,113,106,165,207,163,71,104,106,83
HOBBIES_2_134,HOBBIES_2,HOBBIES,0,0,9,25,21,11,20,8,28,22,20,13,15,12,12,21,19,13,14,12,16,25,17,18,14,12,19,15,18,11,8,15,13,25,18,15,14,20,18,3,0,0,0,0,0,67,60,49,40,37,40,48,42,41,36,43,36,76,39,45,33,40,30,41,30
HOBBIES_2_135,HOBBIES_2,HOBBIES,0,0,0,0,0,0,0,0,0,0,0,0,0,0,0,4,53,53,40,52,37,77,26,47,40,63,50,35,23,31,31,35,28,82,37,56,43,20,0,0,0,0,0,15,20,53,19,21,26,36,42,27,17,17,14,37,36,98,52,54,39,55,48,59,55
HOBBIES_2_136,HOBBIES_2,HOBBIES,0,34,109,85,90,90,79,69,0,0,0,0,39,108,142,86,83,82,106,103,94,55,23,7,119,92,126,81,60,46,55,114,59,0,0,0,113,107,128,73,69,54,74,50,58,76,103,98,79,79,60,49,50,46,53,41,52,92,104,96,96,66,107,82,56
HOBBIES_2_137,HOBBIES_2,HOBBIES,0,0,0,0,0,0,0,0,0,0,0,0,0,0,0,27,44,46,30,51,52,43,50,38,32,43,58,47,54,47,52,53,57,47,68,48,30,35,36,30,31,44,48,45,30,41,41,59,26,47,61,58,53,42,55,62,49,54,47,56,53,43,66,64,35
HOBBIES_2_138,HOBBIES_2,HOBBIES,0,0,0,0,0,0,0,0,0,0,0,0,0,0,0,0,0,0,0,0,0,0,0,0,0,0,0,2,22,17,33,20,31,15,20,22,22,24,17,16,34,27,21,24,32,33,32,37,20,18,19,26,30,33,47,44,37,35,37,54,30,43,43,34,22
HOBBIES_2_139,HOBBIES_2,HOBBIES,0,0,0,0,0,0,0,0,0,0,0,0,0,0,0,0,0,0,0,0,0,0,0,0,0,3,80,90,105,66,43,49,54,67,62,34,46,84,82,100,76,60,57,56,59,76,53,53,38,40,47,51,60,28,37,27,41,72,55,47,46,68,57,55,61
HOBBIES_2_140,HOBBIES_2,HOBBIES,0,0,0,0,0,0,0,0,0,0,0,0,0,0,0,8,13,0,1,3,5,8,11,3,3,1,0,61,139,123,117,134,144,230,136,155,78,63,0,0,0,0,0,59,76,141,126,164,66,104,101,95,99,42,55,83,78,164,122,205,93,74,130,85,150
HOBBIES_2_141,HOBBIES_2,HOBBIES,0,0,0,0,0,0,0,0,0,0,0,0,0,0,0,9,24,23,20,24,26,27,16,27,15,21,33,27,34,39,46,42,31,37,34,42,24,16,1,0,0,0,0,60,75,98,66,69,66,70,131,126,108,119,96,110,67,57,42,32,34,43,63,80,64
HOBBIES_2_142,HOBBIES_2,HOBBIES,19,368,374,310,402,193,392,355,481,1328,637,659,543,465,452,312,492,246,269,266,435,989,248,488,402,327,349,317,468,232,270,147,350,637,308,284,118,208,179,217,222,190,239,252,294,1122,507,265,257,240,326,312,354,300,213,313,440,1239,523,497,278,265,251,244,284
HOBBIES_2_143,HOBBIES_2,HOBBIES,0,7,25,13,32,27,19,18,44,18,20,26,17,35,14,21,31,41,43,32,25,20,23,41,28,11,17,42,26,34,23,18,36,53,28,32,25,37,30,41,57,56,61,40,67,47,56,38,18,43,32,39,27,36,18,38,67,61,49,53,31,52,88,75,47
HOBBIES_2_144,HOBBIES_2,HOBBIES,0,0,0,0,0,0,0,0,0,0,0,0,0,0,0,0,0,0,0,0,0,0,0,0,0,0,0,22,33,43,23,32,33,52,51,42,36,16,0,0,0,0,0,17,70,96,60,57,36,52,87,61,80,50,54,40,49,105,61,51,25,58,70,60,63
HOBBIES_2_145,HOBBIES_2,HOBBIES,0,36,105,92,111,96,55,64,0,0,0,0,39,126,124,79,83,85,78,109,112,61,16,0,99,113,63,87,52,64,51,71,41,0,0,3,151,112,111,78,64,77,77,113,134,171,176,184,198,124,150,98,125,113,93,119,91,115,109,119,75,70,120,97,78
HOBBIES_2_146,HOBBIES_2,HOBBIES,7,39,68,55,75,86,99,104,103,107,65,49,56,60,73,44,94,75,85,99,100,113,78,74,79,58,53,65,65,63,43,53,46,62,62,56,59,25,72,65,88,71,83,53,78,60,74,44,59,54,75,74,67,89,61,64,71,74,44,50,31,39,50,38,39
HOBBIES_2_147,HOBBIES_2,HOBBIES,0,0,0,0,0,0,0,0,0,0,0,0,0,0,0,0,0,0,0,0,0,0,0,0,0,0,0,4,30,31,47,42,54,46,47,61,83,61,63,52,89,44,84,92,100,80,115,84,41,90,88,129,129,112,133,138,113,161,126,122,108,123,148,124,118
HOBBIES_2_148,HOBBIES_2,HOBBIES,4,36,19,28,29,28,23,15,35,85,89,171,34,89,34,40,49,21,31,25,29,63,77,133,36,63,21,15,22,21,17,20,33,53,117,153,34,66,38,25,51,26,19,19,50,112,170,176,62,84,39,50,41,32,28,19,32,105,165,259,102,111,41,57,46
HOBBIES_2_149,HOBBIES_2,HOBBIES,0,0,0,0,0,0,0,0,0,0,0,0,0,0,0,0,0,0,0,0,0,0,0,0,0,0,0,1,17,10,8,9,21,60,20,50,28,61,34,7,0,15,46,41,74,205,143,177,76,64,80,127,65,73,61,86,127,255,193,242,171,168,103,131,74
HOUSEHOLD_1_001,HOUSEHOLD_1,HOUSEHOLD,12,88,60,92,92,72,94,95,116,113,112,115,108,98,107,88,68,105,85,89,83,71,78,91,66,74,76,79,66,60,66,61,63,87,72,73,80,101,147,147,156,111,124,120,126,31,9,11,87,57,0,0,42,123,125,149,150,150,113,113,129,129,117,154,111
HOUSEHOLD_1_002,HOUSEHOLD_1,HOUSEHOLD,20,119,140,136,82,109,106,113,83,81,86,77,72,85,159,166,143,162,141,123,112,122,138,223,200,210,193,122,111,127,162,157,131,140,141,112,154,152,170,207,156,165,173,164,145,52,3,4,137,136,9,2,78,209,200,190,210,185,177,209,258,179,166,154,145
HOUSEHOLD_1_003,HOUSEHOLD_1,HOUSEHOLD,0,0,0,0,0,0,0,0,0,0,0,0,0,0,0,0,0,0,0,0,0,0,0,0,5,76,155,195,237,278,259,408,344,201,234,238,304,319,323,246,299,329,308,652,292,243,275,246,337,274,234,222,220,294,292,471,309,344,315,259,323,238,198,133,117
HOUSEHOLD_1_004,HOUSEHOLD_1,HOUSEHOLD,79,293,2,1,15,14,5,2,186,766,800,648,606,531,393,431,351,448,586,692,726,806,823,597,522,487,457,379,409,364,343,455,494,513,474,372,283,238,203,234,305,391,433,410,365,578,622,601,604,491,439,458,555,508,529,611,787,1070,1115,982,1001,818,760,781,509
HOUSEHOLD_1_005,HOUSEHOLD_1,HOUSEHOLD,32,257,190,245,249,272,202,4,0,75,307,364,300,483,375,236,189,374,320,4,115,379,313,342,290,331,400,353,273,183,308,305,331,380,280,268,92,330,347,291,281,324,293,391,307,291,273,241,238,288,230,238,266,307,304,507,313,161,412,459,560,391,336,317,276
HOUSEHOLD_1_006,HOUSEHOLD_1,HOUSEHOLD,0,212,32,152,24,43,31,15,148,185,169,127,141,185,294,271,237,267,230,258,302,411,384,301,208,295,304,242,252,268,204,245,167,286,281,255,231,252,292,155,257,289,237,1,0,2,357,358,266,251,342,289,303,280,295,318,296,282,372,286,274,308,302,376,202
HOUSEHOLD_1_007,HOUSEHOLD_1,HOUSEHOLD,0,0,0,0,0,0,99,765,799,737,669,614,645,792,911,569,49,32,454,892,857,832,967,912,795,868,880,783,828,902,785,800,730,666,631,545,533,621,707,599,626,656,612,632,650,628,588,656,518,519,498,464,589,520,493,511,444,447,416,444,508,461,533,487,388
HOUSEHOLD_1_008,HOUSEHOLD_1,HOUSEHOLD,0,0,105,176,149,137,135,124,132,103,118,81,92,72,104,133,140,141,161,175,151,141,132,152,136,139,152,131,138,145,145,136,139,139,156,117,121,139,175,126,117,124,114,138,126,100,85,86,94,124,114,106,111,116,95,109,107,97,112,111,102,125,117,132,84
HOUSEHOLD_1_009,HOUSEHOLD_1,HOUSEHOLD,0,0,0,0,0,0,0,0,0,0,0,0,0,0,0,0,0,0,0,0,0,0,0,0,0,0,0,0,0,0,0,0,0,0,0,0,0,29,178,13,3,3,127,157,151,160,119,157,156,142,169,156,156,130,154,143,147,148,134,120,135,149,157,128,83
HOUSEHOLD_1_010,HOUSEHOLD_1,HOUSEHOLD,0,0,0,0,0,0,0,0,0,0,0,0,0,0,0,0,0,0,0,0,0,0,0,0,0,0,0,0,0,0,0,0,0,0,0,0,0,376,625,301,39,33,279,448,419,204,39,4,5,3,163,388,403,338,385,466,378,373,420,314,58,222,306,300,201
HOUSEHOLD_1_011,HOUSEHOLD_1,HOUSEHOLD,50,318,244,282,319,378,404,687,510,597,396,282,322,335,339,341,338,324,324,592,436,258,268,282,239,290,315,236,193,200,229,334,221,199,180,190,246,235,241,224,230,256,272,435,290,275,275,260,276,276,385,390,438,383,17,5,6,10,52,422,533,438,453,354,276
HOUSEHOLD_1_012,HOUSEHOLD_1,HOUSEHOLD,2,64,171,152,136,136,139,168,173,177,174,168,166,93,93,54,71,77,61,69,69,72,79,65,53,52,50,57,63,65,67,102,61,93,90,57,72,90,105,96,81,80,81,115,82,117,92,88,116,121,125,143,176,148,164,199,210,185,167,184,197,188,205,214,159
HOUSEHOLD_1_013,HOUSEHOLD_1,HOUSEHOLD,0,215,67,136,118,49,2,0,138,15,2,0,44,152,122,91,38,81,187,568,418,325,218,234,242,292,308,306,368,435,350,274,404,177,317,167,253,264,278,253,289,253,317,219,70,13,156,226,272,348,281,293,279,265,336,318,279,269,199,413,336,363,339,278,166
HOUSEHOLD_1_014,HOUSEHOLD_1,HOUSEHOLD,0,0,0,0,0,0,0,0,0,0,0,0,0,3,108,117,111,160,154,192,198,167,184,182,206,223,211,242,245,245,222,278,208,329,286,286,348,271,243,191,216,227,251,273,220,239,171,172,195,200,90,108,159,146,181,174,205,206,231,196,183,189,202,127,94
HOUSEHOLD_1_015,HOUSEHOLD_1,HOUSEHOLD,2,10,24,47,71,118,192,82,34,67,28,11,14,28,98,88,109,144,214,138,98,42,26,19,10,14,35,38,91,184,165,75,107,53,34,6,14,17,23,53,92,256,205,105,130,46,8,5,17,4,22,83,229,331,311,154,117,52,50,21,13,50,44,58,139
HOUSEHOLD_1_016,HOUSEHOLD_1,HOUSEHOLD,110,869,1110,847,898,761,785,826,747,696,658,679,747,676,808,575,692,602,772,486,450,589,553,454,239,407,399,278,429,342,396,465,405,348,180,249,254,327,398,291,200,328,464,468,480,364,301,272,343,357,390,287,221,37,1,1,47,110,160,254,335,547,520,384,278
HOUSEHOLD_1_017,HOUSEHOLD_1,HOUSEHOLD,0,0,0,0,0,0,0,0,0,0,0,0,48,190,190,220,147,95,191,355,467,281,324,243,241,261,325,269,303,337,339,313,317,98,203,150,181,215,224,215,212,263,295,338,286,227,202,98,334,315,373,400,337,330,361,503,344,375,210,469,326,308,374,303,231
HOUSEHOLD_1_018,HOUSEHOLD_1,HOUSEHOLD,6,55,0,0,0,0,0,0,0,0,0,0,0,0,62,102,86,113,123,172,167,191,170,198,195,193,188,176,187,203,212,199,187,193,192,248,331,198,258,278,234,229,249,262,251,237,188,233,234,229,336,319,359,327,382,349,339,325,293,286,303,344,315,357,269
HOUSEHOLD_1_019,HOUSEHOLD_1,HOUSEHOLD,0,0,0,0,0,0,0,0,0,0,0,0,0,0,0,0,62,4365,3756,4023,3456,3350,2711,2920,2246,3273,3328,3757,2967,2824,2877,3210,3128,2946,2476,2448,2377,2924,2492,2487,2333,2397,2607,2530,2227,2427,2115,2028,1900,2792,2462,2424,2538,2234,2548,2640,2419,2316,1835,1932,1952,1801,2094,1627,969
HOUSEHOLD_1_020,HOUSEHOLD_1,HOUSEHOLD,0,0,0,0,0,0,0,0,0,0,0,0,0,0,0,0,0,0,0,0,0,0,0,0,0,0,4,0,0,32,30,16,29,51,62,56,54,46,36,33,53,41,53,52,41,55,52,37,36,61,96,104,112,109,129,122,121,112,101,90,116,180,214,182,155
HOUSEHOLD_1_021,HOUSEHOLD_1,HOUSEHOLD,30,169,131,132,191,132,125,598,688,689,570,639,613,872,810,816,713,643,702,728,663,847,674,629,574,648,781,607,476,419,427,342,264,326,312,268,261,471,531,422,398,432,503,329,291,294,321,346,297,361,310,401,348,292,358,376,296,344,392,348,456,516,517,443,326
HOUSEHOLD_1_022,HOUSEHOLD_1,HOUSEHOLD,0,0,0,0,0,0,0,0,0,0,0,0,0,0,0,0,0,0,0,0,0,0,0,0,0,0,0,0,0,0,0,0,0,0,0,0,18,0,0,47,81,66,66,76,85,69,86,74,188,144,99,118,185,224,235,267,188,219,234,264,229,244,247,310,242
HOUSEHOLD_1_023,HOUSEHOLD_1,HOUSEHOLD,0,0,0,0,0,0,0,0,0,0,0,0,0,0,0,0,0,0,0,0,0,0,0,0,0,0,0,0,0,0,0,0,0,0,0,0,27,240,258,30,2,1,159,152,254,238,212,188,252,210,174,160,181,147,169,199,175,202,186,207,242,224,243,197,96
HOUSEHOLD_1_024,HOUSEHOLD_1,HOUSEHOLD,0,0,0,0,0,0,0,0,0,0,0,0,0,0,0,0,0,0,0,0,0,0,0,0,0,0,0,24,76,84,88,97,72,95,93,86,86,117,137,181,253,228,249,275,192,228,216,222,281,258,271,400,480,415,463,499,528,593,461,392,412,437,457,471,350
HOUSEHOLD_1_025,HOUSEHOLD_1,HOUSEHOLD,51,239,281,250,284,264,236,255,210,223,192,177,222,236,198,248,202,214,229,263,279,233,266,314,335,279,316,317,193,243,237,246,258,197,269,291,290,265,254,251,266,283,306,286,284,291,271,248,338,277,242,237,265,301,271,294,210,271,210,250,286,292,281,245,248
HOUSEHOLD_1_026,HOUSEHOLD_1,HOUSEHOLD,0,0,0,0,0,0,0,0,0,0,0,0,0,0,0,0,0,0,0,0,0,0,0,0,0,0,0,0,0,0,0,0,0,0,0,0,0,42,329,368,446,516,429,486,441,468,281,384,411,386,280,282,271,253,277,250,274,293,276,255,273,383,432,448,328
HOUSEHOLD_1_027,HOUSEHOLD_1,HOUSEHOLD,5,807,935,863,619,663,579,641,650,640,686,746,744,733,920,769,651,734,732,866,845,845,957,923,937,938,1006,813,709,811,972,971,935,1019,934,903,843,879,1074,881,971,962,923,708,910,901,841,913,876,682,708,625,738,681,768,766,709,787,846,1248,1253,926,742,604,493
HOUSEHOLD_1_028,HOUSEHOLD_1,HOUSEHOLD,0,0,112,344,254,352,492,383,346,379,370,449,600,638,730,572,600,504,637,483,437,404,338,345,463,317,342,309,357,319,311,444,415,347,142,213,266,344,433,351,344,369,442,369,286,281,242,236,196,214,272,214,315,164,266,237,265,342,274,237,228,258,249,477,199
HOUSEHOLD_1_029,HOUSEHOLD_1,HOUSEHOLD,0,0,0,0,0,0,0,0,0,0,0,0,0,0,0,0,0,0,0,0,0,0,0,0,0,0,168,275,741,758,607,708,684,508,320,286,214,223,224,330,618,750,825,826,887,627,536,392,349,372,350,38,1,0,283,966,1004,864,593,343,291,358,472,527,423
HOUSEHOLD_1_030,HOUSEHOLD_1,HOUSEHOLD,0,0,0,0,0,0,0,0,0,0,0,0,0,0,0,0,0,0,143,315,361,274,392,330,425,494,387,330,508,441,426,398,474,179,338,249,347,439,400,417,366,475,428,568,429,359,343,275,290,422,359,340,358,340,370,352,361,296,337,322,288,303,342,282,189
HOUSEHOLD_1_032,HOUSEHOLD_1,HOUSEHOLD,0,0,0,0,0,0,0,0,0,0,0,41,87,127,341,388,425,494,540,560,547,598,627,645,626,686,728,528,453,516,498,469,399,406,467,464,457,483,708,625,570,589,559,668,545,556,560,646,690,560,13,0,0,2,0,0,231,515,737,803,1003,973,1068,1147,805
HOUSEHOLD_1_033,HOUSEHOLD_1,HOUSEHOLD,56,523,591,467,325,361,423,375,373,272,276,265,288,319,328,46,4,3,6,11,5,63,270,260,220,214,329,271,193,5,3,4,4,138,195,199,169,155,214,60,6,5,7,7,3,0,2,3,1,48,60,64,67,62,438,589,581,608,586,600,638,602,608,269,426
HOUSEHOLD_1_034,HOUSEHOLD_1,HOUSEHOLD,22,154,205,166,209,168,138,156,110,127,135,105,153,152,143,127,125,130,148,155,161,161,149,141,157,153,192,189,180,175,179,153,141,171,140,122,143,141,200,177,148,156,145,136,116,130,132,137,128,137,142,119,135,100,126,142,129,131,125,136,116,135,144,134,116
HOUSEHOLD_1_035,HOUSEHOLD_1,HOUSEHOLD,0,0,0,0,0,7,12,30,35,26,28,10,19,112,194,185,160,143,165,293,231,133,113,142,113,90,69,69,65,61,68,139,68,63,58,73,69,77,54,49,68,52,60,159,65,64,70,68,68,72,90,85,96,95,5,0,0,0,11,94,113,151,159,195,139
HOUSEHOLD_1_036,HOUSEHOLD_1,HOUSEHOLD,0,0,0,0,0,0,0,0,0,0,0,0,0,0,0,0,0,0,0,0,0,0,0,0,0,0,0,0,0,0,0,0,0,0,0,0,0,0,0,0,0,5,91,100,131,119,98,97,127,157,101,55,54,30,59,11,15,59,64,88,127,200,138,150,117
HOUSEHOLD_1_037,HOUSEHOLD_1,HOUSEHOLD,42,203,256,241,178,165,170,177,175,207,192,166,183,177,149,128,138,131,154,146,158,182,85,112,107,161,175,164,143,103,133,137,110,2,0,1,13,7,122,97,80,99,103,33,29,90,96,77,31,11,4,2,0,0,0,0,1,30,53,75,80,89,74,72,51
HOUSEHOLD_1_038,HOUSEHOLD_1,HOUSEHOLD,49,378,431,401,377,387,406,427,388,390,360,365,372,373,418,395,370,301,315,309,363,366,354,274,320,311,311,243,274,299,306,329,323,352,287,264,298,318,405,312,323,346,342,360,298,332,300,263,268,308,360,325,339,354,327,373,306,379,333,318,299,332,327,307,245
HOUSEHOLD_1_039,HOUSEHOLD_1,HOUSEHOLD,0,0,174,512,531,694,889,797,790,741,571,571,586,519,283,237,201,190,218,265,294,318,269,256,242,236,262,173,222,206,352,576,374,390,159,343,487,582,632,491,496,494,625,496,412,420,436,515,373,342,388,308,331,293,412,362,306,386,411,383,345,327,321,572,221
HOUSEHOLD_1_040,HOUSEHOLD_1,HOUSEHOLD,0,0,0,0,0,0,8,162,340,772,1023,1350,1719,1738,1563,1195,881,1081,945,1025,896,1093,1187,1198,1303,1507,1616,1215,699,528,1170,1219,1218,1420,1416,1449,1371,1382,1571,724,412,855,1254,1226,1115,1233,1172,1202,1139,1187,1230,1064,1196,1079,1194,1179,1159,1123,1057,1374,1298,1174,1193,1266,1131
HOUSEHOLD_1_042,HOUSEHOLD_1,HOUSEHOLD,0,0,180,417,370,315,319,321,270,297,263,288,281,363,156,1,1,0,0,1,1,0,1,0,1,5,1,0,8,2,306,285,299,291,354,326,316,290,198,272,229,184,132,166,142,10,0,2,5,182,365,26,2,1,131,517,483,34,2,1,205,564,527,499,364
HOUSEHOLD_1_043,HOUSEHOLD_1,HOUSEHOLD,0,0,0,0,0,0,0,0,0,0,0,0,0,0,0,0,0,0,0,0,0,0,0,0,0,0,0,0,0,0,0,0,0,0,0,0,0,0,0,0,0,0,134,77,2,21,322,317,208,197,240,161,104,152,221,272,266,326,233,185,172,199,218,500,186
HOUSEHOLD_1_044,HOUSEHOLD_1,HOUSEHOLD,0,0,0,0,0,0,0,0,0,0,0,0,0,0,0,0,0,0,0,0,0,0,0,0,0,0,0,0,0,0,0,0,0,0,0,0,0,30,194,15,5,4,130,156,152,168,142,139,174,154,188,137,147,124,156,140,166,153,134,120,160,197,169,105,111
HOUSEHOLD_1_045,HOUSEHOLD_1,HOUSEHOLD,102,888,945,823,667,828,657,633,633,777,808,747,774,707,638,598,596,664,716,740,610,502,641,746,695,617,729,510,603,710,833,790,727,241,9,11,517,659,828,673,693,688,688,696,662,643,328,2,1,688,893,774,793,757,1055,1181,876,1044,1002,780,757,720,692,707,509
HOUSEHOLD_1_046,HOUSEHOLD_1,HOUSEHOLD,32,240,250,235,261,199,219,257,277,272,245,220,248,231,228,231,205,201,218,201,229,223,230,225,248,210,227,170,180,172,137,152,186,169,187,142,136,116,149,120,134,127,162,198,165,168,204,173,191,185,220,179,220,209,240,226,219,225,214,184,220,247,202,241,173
HOUSEHOLD_1_047,HOUSEHOLD_1,HOUSEHOLD,0,0,0,0,0,0,0,0,0,0,0,0,0,0,23,186,265,278,307,391,328,339,162,299,232,160,3,2,82,262,269,312,233,259,238,217,211,202,213,206,191,207,206,256,232,214,158,139,138,176,183,175,193,164,187,172,159,181,151,155,172,166,158,149,109
HOUSEHOLD_1_048,HOUSEHOLD_1,HOUSEHOLD,91,857,859,819,855,743,857,748,691,740,451,33,261,44,1,35,177,418,685,658,515,596,612,546,619,633,615,499,602,588,700,690,672,696,706,560,590,665,695,595,675,688,655,744,726,730,654,598,629,603,616,505,532,537,620,592,543,548,544,459,525,560,524,465,318
HOUSEHOLD_1_049,HOUSEHOLD_1,HOUSEHOLD,0,0,0,0,0,0,0,0,0,0,0,0,0,0,0,0,0,0,0,0,0,0,0,0,0,0,0,0,0,0,0,0,0,0,0,0,0,5,265,345,531,572,697,395,142,20,9,1,0,0,0,245,417,483,441,127,5,5,0,0,0,0,0,24,198
HOUSEHOLD_1_050,HOUSEHOLD_1,HOUSEHOLD,0,0,0,0,0,0,0,0,0,0,0,0,0,0,0,0,0,0,0,0,0,0,0,0,0,0,0,0,0,0,148,200,253,279,249,154,75,214,616,633,612,745,614,534,475,980,719,795,717,865,935,901,974,879,937,932,896,977,883,899,955,1075,1202,848,498
HOUSEHOLD_1_051,HOUSEHOLD_1,HOUSEHOLD,0,0,0,0,0,0,0,0,0,0,0,0,0,0,0,0,1019,2223,2133,2132,1644,1675,1248,1161,1268,1424,1472,1433,1376,1532,1364,1539,1698,881,385,1650,190,1,3,1712,1741,1645,1435,1520,543,1111,1902,1811,2053,1827,1740,1695,1837,1876,1960,1892,2030,1919,1783,1767,1921,1842,1707,1775,1283
HOUSEHOLD_1_052,HOUSEHOLD_1,HOUSEHOLD,0,0,0,0,0,0,0,0,0,0,0,0,0,16,111,118,115,123,150,129,161,240,113,122,149,211,193,186,191,112,163,181,98,3,0,2,2,1,152,90,41,103,107,64,17,35,93,85,42,14,8,4,4,1,2,2,5,30,70,62,92,104,93,81,53
HOUSEHOLD_1_053,HOUSEHOLD_1,HOUSEHOLD,0,555,682,709,596,509,508,418,402,448,386,369,405,465,504,487,572,515,509,522,534,496,538,643,710,645,643,534,599,470,490,518,543,494,574,462,399,324,395,464,102,5,6,133,366,336,357,369,331,402,705,784,925,842,829,922,839,892,878,917,844,803,965,980,705
HOUSEHOLD_1_054,HOUSEHOLD_1,HOUSEHOLD,0,0,0,0,0,0,0,0,0,0,0,0,0,0,0,0,0,0,0,0,0,0,0,0,0,0,0,0,0,0,0,0,0,0,0,0,0,0,0,0,0,0,21,21,2,0,50,74,71,73,78,95,96,88,107,119,88,104,89,82,76,72,89,89,73
HOUSEHOLD_1_055,HOUSEHOLD_1,HOUSEHOLD,77,743,730,759,705,763,712,755,741,782,613,675,601,672,747,733,695,599,567,590,522,648,729,688,709,787,713,596,534,571,601,562,619,614,613,629,584,595,663,603,602,617,663,603,585,596,643,641,531,611,539,563,737,536,500,492,481,574,641,582,610,510,591,649,558
HOUSEHOLD_1_056,HOUSEHOLD_1,HOUSEHOLD,19,176,213,236,135,165,208,167,108,3,4,2,5,0,1,1,1,0,0,3,63,280,222,275,227,251,245,244,327,253,212,222,175,255,247,171,175,163,166,226,200,113,23,19,121,237,242,153,7,8,101,134,221,152,11,7,117,259,240,136,5,4,11,234,225
HOUSEHOLD_1_057,HOUSEHOLD_1,HOUSEHOLD,0,0,0,0,0,25,97,106,75,88,80,72,84,62,64,107,104,100,105,106,97,84,74,62,85,51,69,70,70,55,82,65,63,73,42,34,36,37,45,46,67,50,44,52,84,43,33,29,38,24,30,22,51,44,49,45,48,48,33,37,43,33,35,33,50
HOUSEHOLD_1_058,HOUSEHOLD_1,HOUSEHOLD,0,0,0,0,0,0,0,0,0,0,0,0,0,0,0,0,0,0,0,0,0,0,0,0,0,0,0,0,0,0,83,418,388,483,449,372,286,121,373,394,421,420,529,432,495,470,388,288,298,359,362,339,331,299,278,294,292,267,244,210,224,280,289,294,209
HOUSEHOLD_1_059,HOUSEHOLD_1,HOUSEHOLD,0,485,504,477,495,584,532,614,412,432,348,309,373,342,316,315,336,444,556,502,293,8,3,185,515,120,7,3,375,533,566,615,344,5,5,10,464,374,498,239,36,6,1,192,208,19,0,40,272,294,313,316,319,320,308,268,281,319,279,158,11,215,251,248,236
HOUSEHOLD_1_060,HOUSEHOLD_1,HOUSEHOLD,0,0,0,0,0,0,0,0,0,0,0,0,0,0,0,0,0,0,0,0,0,0,0,0,0,0,0,0,0,1,10,16,20,17,15,23,22,27,16,22,15,18,25,19,18,20,20,11,25,15,44,56,42,44,41,59,51,75,55,53,42,45,39,50,34
HOUSEHOLD_1_061,HOUSEHOLD_1,HOUSEHOLD,0,0,0,0,0,0,0,0,0,0,0,0,0,0,0,43,283,418,417,444,513,339,396,318,365,362,440,413,479,488,533,554,531,519,530,438,476,521,503,461,507,299,433,453,412,412,436,380,412,327,339,332,389,368,374,369,357,446,469,409,449,421,370,355,275
HOUSEHOLD_1_062,HOUSEHOLD_1,HOUSEHOLD,14,75,53,82,214,295,432,290,395,361,207,354,391,426,392,431,299,280,281,318,324,288,375,315,331,280,213,269,271,280,283,285,245,270,246,190,205,247,236,305,284,278,341,292,340,328,359,321,390,320,353,293,487,520,547,529,614,685,487,355,458,368,442,522,336
HOUSEHOLD_1_063,HOUSEHOLD_1,HOUSEHOLD,0,0,179,349,332,314,355,317,239,222,186,198,202,269,102,1,1,0,0,0,1,2,1,0,1,0,0,0,0,0,0,0,0,0,0,0,0,0,0,0,0,0,0,0,0,0,0,0,1,0,230,31,1,2,89,396,330,16,0,0,155,379,324,394,237
HOUSEHOLD_1_064,HOUSEHOLD_1,HOUSEHOLD,0,0,0,0,0,0,0,0,0,0,0,0,7,36,3,0,0,0,0,0,0,0,0,0,0,0,0,0,0,0,15,57,50,46,43,47,43,44,53,66,66,80,89,82,81,53,63,63,62,58,64,90,96,94,109,107,101,104,108,108,128,90,125,118,94
HOUSEHOLD_1_065,HOUSEHOLD_1,HOUSEHOLD,0,0,0,0,10,27,71,13,54,3,60,2,5,3,95,235,273,243,228,340,361,231,177,75,81,51,71,187,294,268,504,324,299,242,166,32,48,29,38,115,178,327,272,385,308,343,188,143,60,44,103,128,191,496,459,261,200,275,234,96,66,65,81,175,197
HOUSEHOLD_1_066,HOUSEHOLD_1,HOUSEHOLD,0,0,0,0,0,0,0,0,0,0,0,0,0,0,0,0,522,604,671,695,712,662,733,662,677,578,1021,952,978,991,940,1173,1007,1052,928,1036,1162,1014,1192,824,894,826,908,250,44,0,1149,1311,1471,1603,1698,1750,1695,1618,1664,1659,1529,1518,1353,1248,1462,1476,1587,1654,1202
HOUSEHOLD_1_067,HOUSEHOLD_1,HOUSEHOLD,66,539,236,353,432,355,413,431,395,385,335,283,334,318,262,185,202,201,257,329,367,393,375,307,319,344,379,365,288,326,307,79,3,1,283,316,307,317,321,286,286,280,25,0,1,0,0,0,0,0,2,0,0,11,436,509,454,512,469,477,475,500,463,612,353
HOUSEHOLD_1_068,HOUSEHOLD_1,HOUSEHOLD,0,159,275,164,128,180,169,139,216,223,240,182,218,260,238,238,199,271,189,219,285,293,258,247,216,222,244,215,193,228,220,220,147,234,222,213,235,253,260,168,232,224,221,6,16,7,197,225,274,220,208,206,216,244,232,244,218,273,281,241,274,258,259,257,203
HOUSEHOLD_1_069,HOUSEHOLD_1,HOUSEHOLD,51,312,314,296,317,356,341,369,339,320,270,276,250,240,241,236,269,290,282,287,281,255,234,212,224,237,235,197,200,189,191,236,199,165,176,179,180,135,162,180,207,168,207,186,185,172,182,163,160,161,151,206,200,184,201,187,201,215,177,179,197,197,168,158,120
HOUSEHOLD_1_070,HOUSEHOLD_1,HOUSEHOLD,0,0,0,0,0,0,123,252,226,225,226,196,210,192,224,237,242,217,219,244,256,206,191,190,194,183,217,140,157,172,170,197,178,152,139,138,142,153,189,144,175,143,143,164,166,150,137,108,140,193,153,143,145,145,169,177,137,164,176,140,154,164,145,179,101
HOUSEHOLD_1_071,HOUSEHOLD_1,HOUSEHOLD,0,0,0,0,0,0,0,0,0,0,0,0,0,0,0,0,0,0,0,95,518,331,397,337,295,308,511,559,544,555,730,995,942,942,884,812,857,863,721,656,676,755,800,886,881,883,854,781,780,612,970,1063,1171,1216,1267,1290,1192,1065,958,1051,1167,1086,1050,973,711
HOUSEHOLD_1_072,HOUSEHOLD_1,HOUSEHOLD,79,540,775,846,767,983,1196,1095,1079,1125,1303,1116,1151,1269,1301,1159,1390,1425,1408,1408,1260,1288,1350,1365,1384,1440,1290,1094,962,945,931,1003,1109,1181,1310,1330,1336,1324,1254,1137,1016,976,973,999,962,1030,993,964,1134,1137,1036,951,959,884,976,931,895,1034,1040,1022,1199,1124,984,844,553
HOUSEHOLD_1_073,HOUSEHOLD_1,HOUSEHOLD,25,99,127,110,117,115,105,110,94,121,111,106,114,127,138,109,113,109,134,145,137,131,123,114,110,124,124,113,97,105,120,120,107,103,104,90,116,115,185,132,82,78,97,98,112,119,120,119,145,163,181,171,206,169,200,224,182,158,148,141,162,176,159,179,129
HOUSEHOLD_1_074,HOUSEHOLD_1,HOUSEHOLD,0,114,192,190,165,162,171,218,241,270,260,220,223,248,298,181,222,210,228,213,254,170,181,137,75,219,262,278,211,248,152,112,173,96,159,116,84,104,140,162,159,122,102,106,103,81,109,49,82,124,196,134,203,106,115,108,104,129,101,107,110,115,151,141,107
HOUSEHOLD_1_075,HOUSEHOLD_1,HOUSEHOLD,0,0,396,541,663,681,714,719,914,948,851,871,845,965,857,814,824,861,909,880,796,848,919,978,957,798,837,914,611,995,516,550,518,608,680,644,673,579,452,378,358,362,347,372,326,325,365,358,346,280,397,392,432,463,509,551,578,609,523,615,605,556,582,488,333
HOUSEHOLD_1_076,HOUSEHOLD_1,HOUSEHOLD,0,0,0,0,0,0,0,0,0,0,0,0,0,0,0,0,0,0,0,0,0,0,0,0,0,0,0,0,0,0,0,0,29,116,117,109,100,112,129,101,104,112,127,112,103,123,112,97,123,112,161,133,134,127,150,152,135,140,129,148,175,142,202,167,106
HOUSEHOLD_1_077,HOUSEHOLD_1,HOUSEHOLD,0,0,0,0,0,0,0,0,0,0,0,0,0,0,0,0,0,0,0,0,0,0,0,9,121,137,48,0,0,136,181,258,284,301,231,168,132,217,287,274,278,245,281,405,315,326,317,330,224,238,227,250,307,312,344,355,351,277,202,197,212,228,201,271,205
HOUSEHOLD_1_078,HOUSEHOLD_1,HOUSEHOLD,0,0,0,0,0,0,0,0,24,220,193,201,231,255,225,194,186,240,258,268,201,218,203,203,242,253,301,339,268,234,231,252,230,225,171,206,218,246,259,221,244,242,268,232,219,232,189,199,220,144,176,154,156,191,202,220,168,179,154,160,192,187,229,200,161
HOUSEHOLD_1_079,HOUSEHOLD_1,HOUSEHOLD,0,0,0,0,0,0,0,0,0,0,0,0,0,0,0,0,0,0,0,0,279,417,428,436,478,516,557,446,462,446,483,435,501,451,443,446,490,482,524,401,377,425,378,422,416,439,365,382,407,366,407,338,424,367,400,479,432,461,470,429,491,464,447,536,404
HOUSEHOLD_1_080,HOUSEHOLD_1,HOUSEHOLD,0,0,0,0,0,0,0,0,0,0,0,0,0,0,0,0,0,0,0,0,0,0,0,2,2,1,0,1,1,0,241,300,202,179,214,183,232,201,226,207,194,185,177,185,139,107,127,128,139,153,271,374,399,350,393,385,323,282,242,271,231,181,241,362,227
HOUSEHOLD_1_081,HOUSEHOLD_1,HOUSEHOLD,0,0,0,0,0,0,0,0,0,0,0,0,0,0,0,0,0,0,0,0,0,10,58,62,162,195,208,163,180,171,138,164,152,120,134,131,42,1,0,1,0,1,141,193,163,202,252,243,243,261,332,309,273,259,275,317,283,203,220,179,178,259,227,212,161
HOUSEHOLD_1_082,HOUSEHOLD_1,HOUSEHOLD,0,0,0,0,0,0,0,0,0,0,0,0,0,0,71,357,353,460,456,501,450,449,421,381,497,432,417,436,449,463,514,456,472,431,380,408,420,398,493,416,409,433,430,508,452,458,386,391,401,438,492,405,414,386,486,491,490,442,383,334,392,438,436,434,245
HOUSEHOLD_1_083,HOUSEHOLD_1,HOUSEHOLD,243,2172,2444,2472,2535,2483,2782,2433,2546,2604,2255,1919,2092,1952,2859,2930,3085,2992,2916,2792,2696,2708,2371,2298,1926,2347,3012,2386,2453,2661,1933,2200,2755,2122,1680,1373,1343,1401,1527,1561,1567,1429,1569,1666,1556,1721,1580,1229,1245,1254,1479,1465,1613,1798,1466,1709,1942,2047,1537,1504,1208,1485,1517,1494,934
HOUSEHOLD_1_085,HOUSEHOLD_1,HOUSEHOLD,0,0,0,0,0,0,0,0,0,0,0,0,0,73,82,54,79,101,88,87,78,76,70,65,52,55,69,42,33,50,47,55,55,48,46,34,31,33,29,31,33,36,36,37,34,34,32,28,23,28,41,32,32,29,47,33,34,51,41,35,29,37,32,36,27
HOUSEHOLD_1_086,HOUSEHOLD_1,HOUSEHOLD,33,981,714,456,462,563,772,746,532,961,854,514,567,649,703,676,484,470,490,686,715,802,946,799,339,7,6,135,630,669,470,775,544,1091,716,591,656,7,10,211,666,510,540,846,695,810,511,123,717,577,594,779,741,82,633,852,697,872,994,890,862,531,391,529,365
HOUSEHOLD_1_087,HOUSEHOLD_1,HOUSEHOLD,45,609,583,565,550,630,632,565,468,501,461,393,420,443,395,342,433,444,467,500,451,461,457,442,389,420,385,354,363,445,446,439,431,402,385,355,349,294,355,294,330,374,347,381,345,335,337,331,302,274,282,262,353,395,355,386,342,340,343,320,371,279,229,224,212
HOUSEHOLD_1_088,HOUSEHOLD_1,HOUSEHOLD,10,227,288,170,164,168,165,152,160,263,261,268,286,243,212,166,175,210,202,214,168,184,164,182,163,179,174,189,179,220,228,262,242,201,224,188,184,189,204,205,190,186,171,161,170,165,204,201,214,184,230,236,237,239,228,263,248,252,244,260,259,290,230,255,201
HOUSEHOLD_1_089,HOUSEHOLD_1,HOUSEHOLD,26,160,132,103,105,102,109,119,124,140,117,118,121,111,124,117,109,89,181,168,153,157,112,108,124,132,117,119,110,135,112,114,106,115,114,99,108,132,168,127,108,91,121,87,84,108,101,56,89,81,92,91,34,23,23,79,70,82,63,68,84,71,82,103,73
HOUSEHOLD_1_090,HOUSEHOLD_1,HOUSEHOLD,0,0,0,0,0,0,0,0,0,0,0,0,0,0,0,0,731,2048,2083,2269,1825,2159,2256,2081,2201,2139,1819,1397,1424,1461,1139,1532,1366,1522,1363,1330,121,8,7,1066,988,887,779,992,895,947,866,850,863,767,787,701,737,638,564,657,666,608,597,634,614,645,624,664,421
HOUSEHOLD_1_091,HOUSEHOLD_1,HOUSEHOLD,17,200,215,185,162,161,181,235,254,206,208,164,167,195,197,225,175,210,186,228,220,239,225,187,198,154,117,64,86,85,99,151,121,89,86,70,121,119,101,102,71,86,71,86,75,66,87,101,117,94,90,102,125,120,109,115,133,128,109,128,123,105,130,120,68
HOUSEHOLD_1_092,HOUSEHOLD_1,HOUSEHOLD,0,0,0,0,0,0,55,45,42,78,51,23,26,24,34,57,54,73,87,64,56,68,32,29,39,36,45,50,50,48,69,49,34,43,41,28,34,24,38,54,28,35,52,50,40,40,29,22,28,32,41,16,41,30,38,27,33,38,29,46,42,36,35,40,42
HOUSEHOLD_1_093,HOUSEHOLD_1,HOUSEHOLD,0,0,0,0,0,0,0,0,0,0,0,0,0,0,0,0,0,0,0,0,0,0,0,0,0,0,0,0,0,7,265,313,357,334,261,376,441,176,350,320,243,274,305,277,314,409,376,402,404,357,359,319,428,320,373,369,367,402,405,395,395,403,440,432,293
HOUSEHOLD_1_094,HOUSEHOLD_1,HOUSEHOLD,0,0,0,0,0,0,0,0,0,0,0,0,0,395,404,446,454,504,576,540,660,663,771,508,742,635,813,521,436,424,506,592,666,605,590,453,0,10,0,0,310,443,554,540,526,589,486,444,492,494,475,343,17,4,0,1,0,1,302,419,459,426,401,439,395
HOUSEHOLD_1_095,HOUSEHOLD_1,HOUSEHOLD,12,110,116,126,150,138,136,101,119,115,96,120,113,121,140,112,114,129,140,147,127,111,144,146,147,112,150,133,138,156,181,169,193,195,173,176,174,145,156,121,133,121,117,119,139,120,133,148,151,119,133,138,160,152,169,159,174,151,143,175,191,203,216,233,166
HOUSEHOLD_1_096,HOUSEHOLD_1,HOUSEHOLD,0,0,0,0,0,0,0,0,0,0,0,0,0,0,0,0,0,0,0,256,1316,1326,1416,1632,1089,1368,1383,1835,1697,1229,1069,697,1057,2047,2399,2182,929,2372,2273,1715,1819,2010,1668,1421,1119,2217,1530,1855,1565,1667,1853,1653,1781,1606,1742,1905,1892,1916,1753,1821,1822,1797,2120,1901,1146
HOUSEHOLD_1_097,HOUSEHOLD_1,HOUSEHOLD,42,262,285,231,214,188,149,143,160,137,188,208,254,237,240,262,213,191,221,208,180,169,244,240,235,230,199,202,265,261,165,245,166,156,201,215,234,196,172,153,124,125,126,117,101,123,98,115,118,107,107,118,112,105,136,117,108,107,102,106,141,113,119,138,104
HOUSEHOLD_1_098,HOUSEHOLD_1,HOUSEHOLD,0,0,0,0,0,0,0,0,0,0,0,0,0,0,0,0,0,0,0,0,0,0,0,0,0,0,0,0,0,0,0,0,0,0,0,0,0,0,0,0,0,0,33,14,0,0,152,134,167,151,212,221,227,224,185,246,250,264,285,232,245,235,259,261,178
HOUSEHOLD_1_099,HOUSEHOLD_1,HOUSEHOLD,16,121,142,148,159,160,115,131,97,87,107,88,77,82,132,164,206,220,205,241,235,224,216,266,208,210,228,149,167,166,174,219,207,181,217,220,249,206,259,240,229,211,233,230,196,162,149,119,151,129,160,191,106,87,96,148,137,151,132,137,161,159,206,189,140
HOUSEHOLD_1_100,HOUSEHOLD_1,HOUSEHOLD,45,420,440,429,428,375,416,338,413,409,373,371,472,455,450,378,395,418,394,335,396,363,389,365,358,351,389,365,345,367,368,403,373,401,377,367,376,367,324,315,310,296,296,318,249,279,331,272,282,288,285,254,258,207,248,252,244,261,262,257,83,0,1,262,250
HOUSEHOLD_1_101,HOUSEHOLD_1,HOUSEHOLD,18,147,255,280,276,279,340,354,346,273,202,200,236,194,168,155,183,211,217,269,232,237,223,221,205,229,243,237,225,200,207,237,200,220,172,187,232,201,247,227,219,201,226,218,186,184,164,180,233,173,157,236,280,199,283,321,285,318,269,295,398,314,300,273,186
HOUSEHOLD_1_102,HOUSEHOLD_1,HOUSEHOLD,0,0,0,0,0,0,0,0,0,0,0,0,0,0,0,0,0,0,0,0,0,0,0,0,0,0,0,0,0,0,0,0,0,0,0,0,0,40,202,219,225,230,208,200,219,259,269,278,268,253,403,370,359,377,340,350,294,330,356,311,315,401,351,427,285
HOUSEHOLD_1_103,HOUSEHOLD_1,HOUSEHOLD,0,0,0,0,0,0,0,0,0,0,0,0,60,566,709,471,639,656,668,805,683,391,383,369,421,563,482,441,567,197,238,393,434,274,124,242,286,376,353,424,379,447,475,317,402,414,338,324,341,419,373,325,332,286,349,327,281,340,309,278,237,185,355,324,206
HOUSEHOLD_1_104,HOUSEHOLD_1,HOUSEHOLD,0,0,0,0,0,0,0,0,0,0,0,0,0,0,0,0,0,0,0,0,0,0,0,0,0,0,0,0,0,0,10,52,61,57,49,51,34,55,43,34,34,39,59,37,52,57,40,42,44,34,53,49,29,43,44,47,33,42,37,30,45,40,32,51,33
HOUSEHOLD_1_105,HOUSEHOLD_1,HOUSEHOLD,22,168,164,134,265,231,276,347,322,268,228,213,239,238,305,227,233,211,260,271,242,243,242,223,190,208,196,183,2,6,79,261,250,204,169,162,183,185,158,110,148,133,161,175,171,157,147,142,134,147,154,104,135,154,150,147,127,156,136,168,152,117,150,120,79
HOUSEHOLD_1_106,HOUSEHOLD_1,HOUSEHOLD,0,0,0,0,0,0,0,0,0,0,0,0,0,0,0,0,0,0,0,0,0,0,0,0,0,0,0,0,0,0,0,0,0,0,0,0,0,89,757,159,66,100,1172,972,961,1131,1193,788,1161,1221,1674,1361,1703,1466,1656,1338,957,1578,1083,1196,1279,1455,1738,1775,1583
HOUSEHOLD_1_107,HOUSEHOLD_1,HOUSEHOLD,0,0,0,0,0,0,0,0,0,0,0,0,0,0,0,110,215,246,292,382,354,285,321,339,326,353,512,393,442,419,442,638,468,449,443,409,425,464,515,516,505,490,477,790,511,561,514,487,541,473,461,429,433,481,491,736,455,439,396,465,507,444,375,443,332
HOUSEHOLD_1_108,HOUSEHOLD_1,HOUSEHOLD,8,57,62,59,51,54,54,52,54,50,66,62,47,46,59,53,52,50,43,42,53,52,62,64,57,47,49,44,43,48,34,48,47,34,57,65,42,38,52,37,35,44,49,59,32,44,44,42,24,35,41,50,25,45,54,48,34,38,42,53,28,30,42,32,35
HOUSEHOLD_1_109,HOUSEHOLD_1,HOUSEHOLD,96,898,1089,619,537,557,511,596,532,457,439,517,505,590,522,437,383,452,454,495,494,519,471,506,468,545,556,483,437,401,432,432,413,402,358,369,421,540,456,426,449,418,375,413,408,386,396,390,427,380,462,453,461,372,434,532,505,464,436,368,460,547,515,665,356
HOUSEHOLD_1_110,HOUSEHOLD_1,HOUSEHOLD,0,0,0,0,0,0,0,0,0,0,0,0,0,0,0,0,0,0,0,572,2465,2566,2531,2379,1762,2667,3573,3874,4864,5948,5790,3783,3628,4488,3751,2899,1305,3406,3549,3324,3593,3496,2799,2406,1904,3548,2652,3443,2799,3256,3529,3546,3733,3796,3956,3770,3341,3189,2822,2977,3312,3518,3264,3802,3075
HOUSEHOLD_1_112,HOUSEHOLD_1,HOUSEHOLD,0,0,69,937,557,605,586,743,634,560,484,410,454,396,452,382,382,430,420,476,474,464,457,442,410,418,343,376,372,443,470,509,387,372,325,339,318,296,422,417,302,265,329,375,354,331,217,327,281,296,381,395,392,416,468,508,489,521,517,417,438,481,503,496,343
HOUSEHOLD_1_113,HOUSEHOLD_1,HOUSEHOLD,0,0,0,0,0,0,0,0,0,0,0,0,0,0,0,0,0,0,0,0,0,0,112,162,176,196,229,212,210,261,302,320,287,280,169,109,118,131,165,155,197,310,364,341,211,282,204,175,209,186,312,408,455,627,919,820,814,767,560,451,340,446,561,636,426
HOUSEHOLD_1_114,HOUSEHOLD_1,HOUSEHOLD,196,1283,1390,1770,2351,1985,1312,1598,1296,1030,914,1057,1057,1091,1390,1285,1498,1498,1620,1739,1492,1271,1216,1220,1176,1209,1315,1193,1173,1267,1370,1538,1249,1215,1044,1039,1049,1023,1111,1063,1158,1149,1526,1393,1170,1196,922,931,1014,936,955,1004,807,414,672,117,17,863,931,745,707,804,821,870,693
HOUSEHOLD_1_115,HOUSEHOLD_1,HOUSEHOLD,0,0,0,0,0,0,0,0,0,0,0,0,0,167,279,182,252,289,242,212,206,104,152,125,115,114,147,96,138,160,146,133,129,27,40,34,62,34,54,54,48,20,30,48,62,43,29,19,93,65,95,97,94,77,105,135,123,151,133,100,107,102,144,157,106
HOUSEHOLD_1_116,HOUSEHOLD_1,HOUSEHOLD,0,0,0,0,0,0,0,0,0,0,0,0,0,0,0,0,0,0,0,0,0,0,0,0,0,0,0,0,0,0,0,0,0,0,0,0,0,0,0,0,0,6,21,58,53,69,56,49,137,148,196,160,161,141,127,191,177,161,141,115,109,120,178,177,144
HOUSEHOLD_1_117,HOUSEHOLD_1,HOUSEHOLD,17,218,331,295,289,265,399,258,295,192,0,0,77,178,172,190,144,132,4,9,8,9,3,8,11,10,6,101,145,154,188,207,127,160,32,7,43,131,130,107,102,119,134,110,119,134,143,145,156,132,118,119,141,133,168,178,114,168,139,163,158,148,152,148,86
HOUSEHOLD_1_118,HOUSEHOLD_1,HOUSEHOLD,192,1898,2464,2346,2107,2201,2282,2628,2195,2419,1965,2023,2424,1804,1640,1700,1992,1840,1664,1923,2033,1968,1762,1762,2272,1958,2358,2105,1977,1818,1865,1796,1690,1732,1846,1522,1621,1422,1612,1617,1618,1807,1551,2104,2193,1818,1837,1562,1707,1585,1839,1767,1959,1803,1837,2226,2009,1964,1677,1655,1761,1702,1640,1851,1422
HOUSEHOLD_1_119,HOUSEHOLD_1,HOUSEHOLD,0,0,0,214,495,938,1032,1020,767,742,705,697,606,193,0,0,0,0,0,0,0,0,0,0,0,0,0,0,0,0,0,0,203,308,468,638,651,425,215,0,0,191,428,389,370,397,356,355,392,402,320,31,345,510,587,657,646,818,739,753,739,695,675,634,444
HOUSEHOLD_1_120,HOUSEHOLD_1,HOUSEHOLD,13,89,121,103,76,84,105,118,104,119,100,103,112,103,88,78,71,74,85,83,85,80,91,97,92,76,76,65,47,69,96,109,102,85,73,77,92,75,93,79,70,84,82,111,72,104,88,81,88,98,123,139,19,0,1,1,99,90,86,84,105,97,103,114,65
HOUSEHOLD_1_121,HOUSEHOLD_1,HOUSEHOLD,0,0,0,0,0,0,0,0,0,0,0,0,0,0,0,0,0,0,0,0,0,0,0,0,0,78,307,226,178,241,310,636,332,257,251,254,288,302,284,257,302,316,331,537,288,296,303,273,318,272,343,348,361,422,339,837,396,234,307,350,422,451,447,410,312
HOUSEHOLD_1_122,HOUSEHOLD_1,HOUSEHOLD,0,0,0,0,0,0,0,0,403,564,585,665,663,627,678,742,703,833,776,800,819,801,812,868,782,765,747,697,759,733,758,844,778,711,733,728,753,726,661,570,551,554,578,554,579,496,468,455,451,436,446,369,395,387,422,474,434,382,391,446,469,419,445,530,344
HOUSEHOLD_1_123,HOUSEHOLD_1,HOUSEHOLD,0,0,0,0,0,0,0,0,0,0,0,0,0,0,0,0,0,0,0,0,0,0,0,0,0,56,327,309,300,277,279,213,259,89,0,0,204,270,158,225,265,262,221,220,3,2,103,240,249,236,283,235,274,261,267,235,225,292,261,248,234,214,246,313,203
HOUSEHOLD_1_124,HOUSEHOLD_1,HOUSEHOLD,0,0,0,0,0,0,0,0,345,498,466,491,584,602,661,665,611,532,633,579,609,639,715,720,706,640,713,599,567,535,553,597,600,636,615,640,656,667,686,569,536,529,574,596,495,431,434,409,469,437,252,35,42,30,36,51,31,37,56,54,51,51,51,179,247
HOUSEHOLD_1_125,HOUSEHOLD_1,HOUSEHOLD,10,139,102,104,123,124,126,130,143,119,132,124,161,140,177,114,148,162,176,195,208,184,155,141,138,153,170,168,154,179,171,162,181,174,149,174,161,153,173,150,117,142,172,164,155,150,152,140,131,128,151,128,135,138,166,156,175,130,133,125,153,134,147,133,117
HOUSEHOLD_1_126,HOUSEHOLD_1,HOUSEHOLD,4,75,123,146,106,105,108,114,117,146,136,112,99,120,127,149,139,137,146,155,181,154,148,160,166,174,173,163,142,141,120,128,141,150,160,136,130,109,138,100,87,87,83,100,80,102,98,83,67,109,90,113,117,107,89,117,128,113,97,110,144,122,108,134,78
HOUSEHOLD_1_127,HOUSEHOLD_1,HOUSEHOLD,13,34,66,71,40,22,22,82,75,222,213,199,198,181,228,261,381,394,208,367,398,445,419,331,392,330,305,313,265,328,341,310,312,378,341,285,294,233,427,441,374,464,491,439,432,442,371,385,300,274,302,311,336,312,354,429,396,286,357,340,310,361,399,358,311
HOUSEHOLD_1_128,HOUSEHOLD_1,HOUSEHOLD,0,0,0,237,586,600,558,429,376,370,297,313,262,356,345,460,514,612,621,583,573,459,461,527,527,505,555,439,542,570,516,496,474,137,7,7,411,570,741,619,666,640,663,571,510,569,239,1,6,401,611,596,544,593,534,632,490,575,424,397,417,435,367,414,290
HOUSEHOLD_1_129,HOUSEHOLD_1,HOUSEHOLD,64,463,509,526,544,314,243,245,238,230,231,215,209,315,520,424,498,549,540,557,608,586,446,515,585,593,552,524,453,413,459,480,449,450,449,426,419,361,468,397,462,432,363,411,357,353,403,388,457,387,391,351,345,402,436,442,396,348,380,406,406,358,356,372,279
HOUSEHOLD_1_130,HOUSEHOLD_1,HOUSEHOLD,0,0,0,0,0,0,0,0,0,0,0,0,0,0,0,0,0,0,0,0,0,0,0,9,134,258,56,0,0,199,299,303,300,270,303,237,227,320,334,352,382,369,324,462,346,337,310,308,260,282,386,443,496,571,571,557,460,467,415,242,244,390,396,396,357
HOUSEHOLD_1_131,HOUSEHOLD_1,HOUSEHOLD,0,0,0,0,0,0,0,0,0,0,0,0,0,0,0,0,0,0,0,0,0,0,0,0,0,0,0,0,0,0,0,0,0,0,0,0,0,0,0,0,0,0,2,13,1,0,38,109,283,274,289,334,339,355,448,352,257,322,283,294,396,407,400,353,191
HOUSEHOLD_1_132,HOUSEHOLD_1,HOUSEHOLD,120,904,900,733,658,733,744,700,611,715,660,643,580,532,467,483,489,528,448,536,492,452,365,363,469,376,264,276,296,279,312,339,270,363,356,306,291,352,339,281,314,343,362,445,303,344,416,428,511,462,549,252,6,0,227,582,579,649,608,533,700,519,451,361,280
HOUSEHOLD_1_133,HOUSEHOLD_1,HOUSEHOLD,0,0,0,0,0,0,0,0,0,0,0,0,0,0,0,0,0,0,31,65,79,116,196,222,261,218,179,158,117,113,80,101,94,229,185,238,269,188,196,154,121,87,113,131,116,341,159,165,333,178,165,139,132,114,123,95,141,136,151,169,259,248,160,128,98
HOUSEHOLD_1_134,HOUSEHOLD_1,HOUSEHOLD,0,0,0,0,0,0,0,0,0,0,0,0,0,0,57,119,199,217,209,226,229,208,124,225,197,152,0,4,65,237,239,226,190,190,209,157,156,157,177,184,156,152,155,180,190,149,134,121,108,142,167,138,177,151,153,158,163,161,159,145,160,189,172,174,120
HOUSEHOLD_1_135,HOUSEHOLD_1,HOUSEHOLD,0,0,0,0,0,0,0,0,0,197,204,200,187,237,320,279,379,383,520,492,501,486,384,531,450,474,372,436,325,197,303,235,216,253,198,146,134,119,182,236,253,320,410,462,522,452,425,305,310,266,324,348,383,403,393,371,467,234,249,237,250,278,257,392,286
HOUSEHOLD_1_136,HOUSEHOLD_1,HOUSEHOLD,66,616,804,692,451,499,929,775,567,411,392,406,400,333,224,28,0,0,0,0,0,76,292,252,217,201,234,195,135,0,0,0,0,183,278,262,245,257,296,111,2,6,5,3,3,0,4,0,2,0,0,0,0,2,313,498,482,477,591,757,503,537,569,264,465
HOUSEHOLD_1_137,HOUSEHOLD_1,HOUSEHOLD,0,0,0,0,0,0,0,0,0,0,0,0,0,0,0,0,0,0,0,0,0,0,0,0,0,0,0,0,0,0,0,0,0,0,0,0,0,0,0,0,0,0,0,0,0,0,0,14,122,95,150,117,175,164,149,117,95,140,117,87,121,123,173,131,108
HOUSEHOLD_1_138,HOUSEHOLD_1,HOUSEHOLD,64,556,538,354,192,368,347,274,372,377,226,138,263,537,429,310,363,363,295,307,319,212,181,262,270,360,379,246,276,276,273,239,306,132,264,255,374,388,363,324,392,306,436,263,56,7,176,293,376,443,333,365,461,381,480,515,396,394,307,505,389,361,330,309,206
HOUSEHOLD_1_139,HOUSEHOLD_1,HOUSEHOLD,0,0,0,0,0,0,0,0,0,0,0,0,0,0,0,0,0,0,0,0,0,0,0,0,0,0,0,0,0,0,14,67,67,60,40,39,50,52,60,48,37,52,67,68,64,76,66,53,78,46,54,63,61,57,59,62,69,78,50,52,71,60,68,83,39
HOUSEHOLD_1_140,HOUSEHOLD_1,HOUSEHOLD,20,129,327,303,319,329,373,268,230,233,273,266,253,301,273,291,320,310,324,353,306,256,270,322,300,367,474,323,363,340,392,429,438,480,404,276,267,305,176,366,85,0,3,137,436,396,417,399,416,431,489,434,398,315,337,443,439,420,410,421,441,437,470,485,343
HOUSEHOLD_1_141,HOUSEHOLD_1,HOUSEHOLD,48,390,439,357,398,333,305,419,480,434,398,382,342,329,349,448,503,457,568,607,639,532,476,437,453,507,529,489,468,541,431,565,575,490,484,393,372,381,464,360,395,413,372,439,404,400,354,315,341,331,372,386,411,430,499,498,545,476,481,361,368,360,360,424,241
HOUSEHOLD_1_142,HOUSEHOLD_1,HOUSEHOLD,0,0,0,0,0,0,0,0,0,0,0,0,0,0,0,0,0,0,0,248,509,526,495,509,506,531,377,323,425,427,356,379,324,311,355,336,296,294,262,233,319,269,294,352,297,266,285,270,289,269,427,467,489,473,542,536,504,494,426,412,401,394,355,332,273
HOUSEHOLD_1_143,HOUSEHOLD_1,HOUSEHOLD,0,0,0,0,0,0,0,0,0,0,0,0,0,0,0,0,0,0,0,0,0,0,0,0,0,0,0,0,603,971,826,916,972,1071,1017,841,1000,588,481,592,445,484,598,582,341,392,319,381,366,508,630,701,757,702,719,768,754,811,872,878,828,743,574,605,442
HOUSEHOLD_1_144,HOUSEHOLD_1,HOUSEHOLD,0,0,81,304,285,209,268,448,530,438,282,168,169,247,191,142,143,151,61,0,0,0,0,0,0,0,0,0,0,0,0,97,22,0,0,0,0,17,41,12,5,0,0,0,0,0,0,4,82,81,99,80,78,67,112,168,179,195,141,138,144,179,213,235,133
HOUSEHOLD_1_145,HOUSEHOLD_1,HOUSEHOLD,107,936,737,703,596,593,687,50,10,7,483,721,861,857,137,48,43,1,0,92,906,935,916,884,872,821,288,15,0,7,16,1,0,0,0,0,528,494,13,0,0,0,8,138,614,613,601,606,626,453,157,31,6,2,0,0,102,460,423,421,535,625,547,521,346
HOUSEHOLD_1_146,HOUSEHOLD_1,HOUSEHOLD,69,574,603,448,394,342,404,372,318,277,235,259,300,323,330,283,236,203,205,297,297,271,286,294,307,326,274,223,267,287,253,321,253,268,322,312,316,364,350,287,272,290,258,327,318,308,350,302,365,422,201,78,72,75,77,98,96,101,105,95,105,101,111,327,289
HOUSEHOLD_1_147,HOUSEHOLD_1,HOUSEHOLD,44,566,589,648,608,616,755,731,637,505,430,464,491,398,321,356,367,345,350,409,300,325,304,295,284,250,0,13,468,558,532,599,497,491,461,433,468,449,559,455,544,601,678,796,751,624,127,6,2,763,1011,945,1075,1293,1124,1070,1058,1179,1219,1234,1101,962,1155,1176,887
HOUSEHOLD_1_148,HOUSEHOLD_1,HOUSEHOLD,0,0,0,0,0,0,0,0,0,0,0,0,0,0,0,0,0,0,0,0,0,0,0,0,0,0,0,0,0,0,0,0,0,0,0,0,0,30,165,176,30,6,5,9,77,150,98,200,236,183,594,358,355,265,166,5,4,10,5,373,488,152,1,4,98
HOUSEHOLD_1_149,HOUSEHOLD_1,HOUSEHOLD,89,842,968,989,945,875,858,1062,1335,859,733,591,705,695,807,848,948,970,977,1001,917,952,721,630,624,610,809,744,743,795,671,981,1171,1205,704,538,578,498,566,520,580,638,595,538,490,473,530,405,451,403,495,559,600,511,587,683,616,533,519,451,439,460,551,578,410
HOUSEHOLD_1_150,HOUSEHOLD_1,HOUSEHOLD,0,0,0,0,0,0,0,0,0,0,0,0,0,9,85,97,132,146,149,112,102,86,66,54,46,44,75,79,132,127,124,117,114,84,64,38,34,35,51,53,86,95,139,112,91,92,42,29,23,30,56,60,62,103,106,100,91,85,49,38,36,37,52,84,53
HOUSEHOLD_1_151,HOUSEHOLD_1,HOUSEHOLD,0,0,0,0,32,804,2027,2265,2392,2284,2280,1957,1968,1958,1963,1837,1965,2112,2292,2305,1969,2175,1857,1851,1628,2045,1856,1590,1838,1774,1722,1831,1605,1470,1471,1174,1358,1527,1357,1358,1356,1378,1475,1483,1592,1509,1248,1146,1376,1427,1535,1246,1190,1148,1625,1749,1486,1624,1352,1207,1564,1152,1356,1280,908
HOUSEHOLD_1_152,HOUSEHOLD_1,HOUSEHOLD,0,0,0,0,0,0,0,0,0,0,0,0,0,0,0,0,0,0,0,0,0,0,0,0,0,0,0,28,73,59,73,72,5,3,4,67,59,54,34,46,55,45,47,54,61,58,38,36,40,47,45,101,117,121,145,111,119,138,97,74,116,105,119,145,88
HOUSEHOLD_1_153,HOUSEHOLD_1,HOUSEHOLD,0,0,0,0,0,0,0,0,0,0,0,0,0,0,0,0,0,0,0,0,0,0,6,0,1,12,362,379,446,484,513,615,592,622,721,642,712,664,644,482,484,463,473,524,551,502,586,549,593,480,539,541,489,454,472,545,549,683,565,464,573,573,569,574,425
HOUSEHOLD_1_154,HOUSEHOLD_1,HOUSEHOLD,46,237,236,215,167,127,176,163,170,109,0,0,0,0,0,0,0,19,170,106,89,83,112,85,81,112,69,83,100,106,107,122,110,97,130,100,115,89,89,65,9,14,4,0,0,0,0,0,11,13,12,17,133,167,180,235,220,263,201,202,241,197,174,191,165
HOUSEHOLD_1_155,HOUSEHOLD_1,HOUSEHOLD,0,0,0,0,0,0,0,0,0,31,148,120,150,166,148,178,165,143,147,193,192,161,177,176,184,163,217,182,182,173,161,177,162,138,176,140,136,140,163,136,154,144,167,159,143,141,150,147,148,151,166,161,162,156,154,159,137,120,117,111,129,142,155,141,100
HOUSEHOLD_1_156,HOUSEHOLD_1,HOUSEHOLD,0,0,0,0,0,0,0,0,0,0,0,0,0,0,0,0,0,0,0,0,0,0,0,0,0,0,0,0,0,0,0,0,0,0,0,0,0,0,0,0,0,0,0,0,0,0,502,627,716,499,694,609,656,609,618,600,618,672,619,737,855,661,349,477,330
HOUSEHOLD_1_157,HOUSEHOLD_1,HOUSEHOLD,0,0,83,319,392,619,772,384,53,14,0,0,0,0,125,381,563,569,578,613,460,106,26,9,2,0,0,91,339,563,595,650,224,18,0,0,0,0,0,117,344,422,441,451,515,307,180,125,79,100,114,182,300,472,391,440,411,401,250,175,95,111,170,314,272
HOUSEHOLD_1_158,HOUSEHOLD_1,HOUSEHOLD,0,0,0,0,0,0,0,0,0,0,0,0,41,187,186,198,185,166,224,227,248,207,202,198,221,200,249,235,234,199,238,239,251,217,207,197,224,205,236,204,196,170,213,203,206,246,187,219,194,199,202,193,206,192,210,208,209,186,183,184,219,198,192,213,137
HOUSEHOLD_1_159,HOUSEHOLD_1,HOUSEHOLD,0,0,0,0,0,0,0,0,0,0,0,0,0,0,0,0,0,0,0,0,0,0,0,0,0,0,0,0,0,0,0,0,0,0,0,0,0,0,0,0,0,0,0,0,0,0,0,0,0,0,0,138,176,158,195,202,238,266,251,220,158,212,183,175,98
HOUSEHOLD_1_160,HOUSEHOLD_1,HOUSEHOLD,0,0,146,251,214,239,233,230,258,247,274,246,272,316,128,0,3,2,0,1,1,1,0,0,5,5,1,3,1,5,299,325,316,302,332,321,284,291,174,238,204,173,142,185,137,3,0,2,2,215,393,35,2,4,144,565,550,33,5,1,242,688,599,606,394
HOUSEHOLD_1_161,HOUSEHOLD_1,HOUSEHOLD,0,0,0,0,0,0,0,0,0,0,0,0,0,0,0,0,0,0,0,0,0,0,0,0,0,0,0,5,114,144,150,187,192,147,115,94,95,86,104,104,62,68,53,72,72,66,41,56,46,41,51,77,87,113,118,167,147,156,130,149,138,147,173,229,147
HOUSEHOLD_1_162,HOUSEHOLD_1,HOUSEHOLD,6,426,592,460,403,459,346,397,373,339,295,317,365,249,185,202,212,242,239,288,204,234,256,294,248,215,303,345,398,384,393,445,369,346,383,360,435,444,418,376,375,360,382,424,350,397,372,361,422,318,398,358,378,362,352,384,365,440,423,552,651,356,321,272,203
HOUSEHOLD_1_163,HOUSEHOLD_1,HOUSEHOLD,0,0,0,0,0,0,0,0,0,0,0,0,0,0,0,0,0,0,0,0,0,0,0,0,0,16,50,42,29,24,11,0,0,3,1,0,0,0,13,42,48,48,61,65,56,61,70,58,41,47,54,52,49,45,58,44,58,59,60,42,67,57,60,59,34
HOUSEHOLD_1_164,HOUSEHOLD_1,HOUSEHOLD,0,0,0,0,0,0,0,0,0,0,0,0,0,0,0,0,0,0,0,0,0,0,0,0,0,0,0,0,0,0,0,0,0,0,0,0,0,65,243,270,260,346,371,405,363,380,242,320,358,328,339,323,566,501,456,477,394,424,361,334,367,369,328,348,251
HOUSEHOLD_1_165,HOUSEHOLD_1,HOUSEHOLD,0,0,0,0,0,0,0,0,0,0,0,0,0,2,105,141,146,156,146,193,238,180,177,195,162,248,322,279,252,300,302,314,241,366,306,308,353,349,347,278,285,353,377,382,378,408,308,363,432,398,227,186,258,232,252,293,248,231,230,245,319,256,256,193,130
HOUSEHOLD_1_166,HOUSEHOLD_1,HOUSEHOLD,38,475,476,346,237,410,341,221,240,239,251,169,206,130,173,54,44,70,114,155,89,105,96,64,11,0,0,17,172,160,133,188,183,86,182,105,121,191,177,184,180,175,285,164,37,3,106,144,223,281,230,276,257,212,280,315,301,248,207,189,183,234,277,226,149
HOUSEHOLD_1_167,HOUSEHOLD_1,HOUSEHOLD,0,0,0,0,0,0,0,0,0,0,0,0,0,0,290,456,379,299,197,267,287,324,337,316,347,339,287,172,2,0,84,256,232,198,217,218,183,236,255,213,251,227,233,227,192,190,224,204,187,187,187,192,190,178,193,198,167,205,235,198,191,184,208,177,128
HOUSEHOLD_1_168,HOUSEHOLD_1,HOUSEHOLD,0,0,0,0,0,0,0,0,205,244,244,282,270,214,297,293,303,340,301,302,283,357,406,417,467,380,373,286,369,395,415,434,367,362,337,337,386,358,182,12,1,83,233,271,233,54,12,1,234,197,321,333,374,362,391,454,374,398,458,416,420,401,372,318,261
HOUSEHOLD_1_169,HOUSEHOLD_1,HOUSEHOLD,0,0,0,0,0,0,0,0,0,0,0,0,0,0,0,0,0,0,0,232,946,861,808,661,687,923,1471,1735,1478,1599,1723,1751,1406,1197,1006,844,823,804,826,764,759,815,795,844,739,765,789,796,774,682,787,690,888,827,783,832,825,575,657,731,842,869,854,626,344
HOUSEHOLD_1_170,HOUSEHOLD_1,HOUSEHOLD,0,0,0,0,0,0,0,57,84,81,79,82,75,74,129,146,134,120,115,175,175,175,181,216,319,321,435,376,465,401,374,334,299,253,202,214,316,410,438,371,406,361,394,317,334,319,355,327,358,343,396,350,366,349,366,342,369,408,361,313,337,379,364,347,286
HOUSEHOLD_1_171,HOUSEHOLD_1,HOUSEHOLD,0,0,0,0,0,0,0,0,0,0,0,0,0,0,197,311,310,392,370,427,481,427,345,339,298,385,420,382,466,460,458,429,445,424,476,421,425,450,380,259,327,356,395,296,377,381,338,378,433,368,306,232,222,195,240,248,219,257,222,207,230,228,257,257,169
HOUSEHOLD_1_172,HOUSEHOLD_1,HOUSEHOLD,0,0,0,0,0,0,0,0,0,0,0,0,0,0,0,0,0,0,0,0,0,0,0,0,0,0,0,0,0,0,0,14,181,239,199,78,56,62,105,162,303,430,557,551,463,417,175,120,80,102,147,123,197,383,576,373,411,346,252,142,129,124,153,324,327
HOUSEHOLD_1_173,HOUSEHOLD_1,HOUSEHOLD,0,12,325,322,377,508,569,681,722,802,816,792,913,732,992,849,790,843,904,938,915,774,915,782,961,829,1100,1086,1050,1130,1108,1182,1098,1081,1076,984,1035,933,985,964,1062,1014,1165,1155,1065,1131,1061,830,940,873,901,982,996,895,1093,1144,1170,1047,1055,974,1010,1056,1112,1053,741
HOUSEHOLD_1_174,HOUSEHOLD_1,HOUSEHOLD,0,0,0,0,0,14,0,0,104,220,136,125,155,137,127,114,105,17,0,2,3,2,179,181,262,251,224,134,79,5,8,25,16,210,173,140,150,141,58,46,20,0,0,3,44,176,136,141,260,91,27,8,3,1,0,0,0,0,0,0,0,92,246,215,115
HOUSEHOLD_1_175,HOUSEHOLD_1,HOUSEHOLD,14,259,411,392,291,292,273,319,321,405,262,411,287,221,271,250,240,241,297,197,200,233,170,179,164,262,275,201,279,236,158,80,63,46,12,20,37,40,45,34,28,39,58,31,52,40,17,94,117,201,226,286,277,332,418,361,230,345,333,285,301,321,400,355,283
HOUSEHOLD_1_176,HOUSEHOLD_1,HOUSEHOLD,22,300,256,271,247,366,406,421,382,391,330,323,334,207,255,217,228,254,256,264,303,302,280,311,314,218,297,224,245,242,276,276,280,254,248,209,245,237,247,252,174,197,191,202,160,194,200,175,156,144,177,183,163,212,215,179,188,144,164,178,184,182,196,202,148
HOUSEHOLD_1_177,HOUSEHOLD_1,HOUSEHOLD,124,959,631,624,737,641,728,752,905,923,887,876,1000,914,893,864,890,894,700,785,740,833,753,715,973,632,485,400,669,294,1,3,2,0,3,1,6,3,3,2,3,249,743,822,636,803,706,623,731,795,829,810,815,909,849,819,756,987,835,867,814,861,989,295,4
HOUSEHOLD_1_178,HOUSEHOLD_1,HOUSEHOLD,22,176,189,191,188,163,179,143,158,143,161,168,159,160,154,140,132,134,155,137,167,169,143,143,131,83,94,108,73,108,103,123,33,1,0,61,99,96,100,108,106,93,113,131,118,95,105,86,98,117,136,121,112,86,118,117,107,94,110,101,116,122,105,125,82
HOUSEHOLD_1_179,HOUSEHOLD_1,HOUSEHOLD,147,1173,1921,1181,817,811,1125,1988,1998,1940,1723,1812,1844,1791,2621,2021,1263,1510,2296,1608,3036,1426,1157,1597,1696,1836,2264,2031,1998,2370,2449,1523,2675,2279,2177,1668,1416,2253,2377,2058,338,21,853,2015,1714,1091,1167,1095,1806,2505,2244,2477,2276,2090,2160,2509,1789,2129,1814,1719,1846,1725,1633,1375,914
HOUSEHOLD_1_180,HOUSEHOLD_1,HOUSEHOLD,0,0,0,0,0,0,0,0,0,0,0,0,0,127,240,272,305,351,264,297,303,279,296,270,205,308,391,519,357,342,366,235,183,363,385,317,257,412,426,375,446,466,415,430,257,362,307,435,477,493,571,511,552,627,550,583,587,573,577,527,508,614,684,630,387
HOUSEHOLD_1_181,HOUSEHOLD_1,HOUSEHOLD,25,184,174,144,152,163,205,238,205,199,172,198,188,177,218,187,159,168,180,193,201,162,173,181,165,170,183,140,2,1,70,225,187,193,206,202,212,229,248,184,180,229,207,217,225,185,198,197,169,177,188,193,163,180,183,180,180,173,178,171,177,167,193,171,133
HOUSEHOLD_1_182,HOUSEHOLD_1,HOUSEHOLD,29,149,38,161,208,216,238,175,214,191,182,154,95,0,2,67,183,150,172,49,0,0,0,0,0,0,0,3,2,6,6,2,257,231,268,270,302,242,233,224,198,258,245,273,242,231,234,241,254,214,232,236,245,231,262,292,250,336,283,292,323,319,311,310,195
HOUSEHOLD_1_183,HOUSEHOLD_1,HOUSEHOLD,0,0,0,0,0,0,8,102,161,190,244,207,319,235,293,270,253,251,197,240,226,235,189,198,96,194,187,246,198,92,136,142,171,172,62,61,80,117,158,92,87,108,123,154,118,134,113,72,1,0,0,0,0,0,0,0,0,0,0,21,214,376,322,189,190
HOUSEHOLD_1_184,HOUSEHOLD_1,HOUSEHOLD,63,414,333,334,190,357,287,249,159,10,1,3,2,5,3,3,4,2,3,5,99,414,274,413,366,289,333,320,268,278,210,288,326,320,360,221,195,243,313,450,428,261,7,9,246,496,478,278,1,3,133,271,336,233,4,4,261,645,603,291,11,6,18,340,223
HOUSEHOLD_1_185,HOUSEHOLD_1,HOUSEHOLD,0,0,0,0,0,0,0,0,0,0,0,0,0,0,0,0,0,0,0,0,0,0,0,0,0,0,0,0,0,0,0,0,81,136,159,173,176,207,319,330,347,542,378,338,317,318,361,350,412,324,365,366,648,477,442,595,451,497,444,447,464,475,495,519,357
HOUSEHOLD_1_186,HOUSEHOLD_1,HOUSEHOLD,77,541,569,524,623,445,17,1,3,629,900,661,769,817,854,788,955,1372,1049,982,941,1260,731,1216,765,845,912,817,839,904,750,699,676,657,611,555,553,48,2,0,0,0,0,0,0,0,0,0,0,140,613,899,774,928,965,1019,908,896,814,762,847,912,952,1018,687
HOUSEHOLD_1_187,HOUSEHOLD_1,HOUSEHOLD,0,0,0,0,0,0,0,0,0,0,0,0,0,0,0,0,0,0,0,0,0,0,0,0,0,0,0,0,0,0,0,0,0,0,0,0,0,0,0,0,0,0,3,50,53,47,47,81,131,173,173,157,180,146,149,164,159,149,126,146,136,138,141,146,122
HOUSEHOLD_1_188,HOUSEHOLD_1,HOUSEHOLD,0,0,0,0,0,0,0,0,288,375,407,424,461,461,477,421,417,473,503,482,463,429,446,503,521,497,518,415,405,361,388,363,345,347,366,374,424,357,419,358,369,351,334,396,325,313,290,270,280,295,337,315,343,314,313,359,330,358,326,332,387,391,352,392,177
HOUSEHOLD_1_189,HOUSEHOLD_1,HOUSEHOLD,0,0,17,38,79,269,221,62,39,123,20,5,19,24,66,43,64,107,186,160,57,38,14,6,12,0,0,0,1,1,0,1,66,28,13,11,4,10,10,25,42,367,189,117,130,63,20,6,8,11,21,92,215,257,234,149,73,21,33,15,8,20,37,39,108
HOUSEHOLD_1_190,HOUSEHOLD_1,HOUSEHOLD,0,0,0,0,0,0,0,0,0,0,0,0,0,0,0,0,0,0,0,0,0,0,0,0,0,0,0,0,0,0,0,0,0,0,0,0,25,8,4,57,115,125,164,179,215,127,169,60,125,267,227,230,184,156,254,249,227,199,207,226,226,253,217,250,197
HOUSEHOLD_1_191,HOUSEHOLD_1,HOUSEHOLD,221,1398,1743,1560,1424,1283,1372,1200,1595,1036,7,7,9,5,9,8,5,263,2104,1981,1669,1129,1032,1206,1256,1249,951,1138,1285,1374,1347,1102,1109,810,849,668,779,1184,1657,1575,1856,1903,614,20,8,10,4,7,1035,1077,1581,942,1356,1611,1900,1766,1069,1824,1744,1670,1763,1582,1083,1773,1263
HOUSEHOLD_1_192,HOUSEHOLD_1,HOUSEHOLD,17,150,165,140,172,169,173,190,169,161,146,162,160,135,165,167,177,190,217,210,185,170,145,154,165,150,148,141,142,129,153,161,149,125,143,130,115,129,144,115,105,125,125,118,115,127,118,94,102,102,150,131,124,107,129,136,123,125,137,101,106,120,125,137,94
HOUSEHOLD_1_193,HOUSEHOLD_1,HOUSEHOLD,0,0,0,0,0,0,0,0,0,0,0,0,0,0,0,0,0,0,0,0,0,0,0,0,0,0,0,0,0,0,0,0,0,0,0,0,0,0,0,0,401,717,640,495,516,606,580,547,596,532,556,470,432,392,436,406,279,274,260,301,349,304,394,432,301
HOUSEHOLD_1_194,HOUSEHOLD_1,HOUSEHOLD,0,0,0,0,0,0,0,0,0,0,0,0,0,154,291,261,293,349,334,403,368,376,366,367,309,281,324,252,224,306,328,354,302,264,234,254,263,258,297,282,311,308,302,288,274,322,306,333,350,279,401,371,434,452,411,441,438,467,419,446,368,351,343,305,224
HOUSEHOLD_1_195,HOUSEHOLD_1,HOUSEHOLD,0,0,0,0,0,0,0,0,0,0,0,0,0,0,0,0,0,0,78,139,151,143,146,143,140,123,134,136,158,154,179,143,114,115,97,86,92,89,131,98,105,108,116,103,123,116,111,119,92,77,100,107,120,107,131,111,127,144,126,102,126,115,139,133,101
HOUSEHOLD_1_196,HOUSEHOLD_1,HOUSEHOLD,132,1033,1029,797,866,824,859,899,816,766,732,619,764,720,844,650,631,696,695,726,649,644,717,694,729,608,568,538,538,530,566,594,398,523,587,608,568,709,676,639,678,647,697,695,548,637,723,661,825,765,667,292,16,5,290,718,593,647,595,542,674,728,763,664,462
HOUSEHOLD_1_197,HOUSEHOLD_1,HOUSEHOLD,46,461,436,473,464,530,478,509,481,547,510,460,566,513,512,464,389,486,540,556,590,564,512,468,475,443,523,473,464,361,389,424,434,472,411,364,409,379,454,380,442,334,336,436,406,438,422,422,369,403,362,385,445,376,328,398,441,365,341,321,373,341,360,415,276
HOUSEHOLD_1_198,HOUSEHOLD_1,HOUSEHOLD,149,1444,1899,1736,1883,1849,2111,1430,1820,1978,1608,1663,1648,1684,2215,2299,2263,2397,2115,2243,1914,1871,1842,1628,1460,1743,1916,1726,1618,1805,1671,1961,2383,2328,1672,1528,1553,1662,1725,1529,1521,1406,1508,1495,1483,1673,1514,1423,1398,1319,1534,1360,1589,1800,1574,1883,2042,1716,1551,1618,1331,1736,1848,1693,1151
HOUSEHOLD_1_199,HOUSEHOLD_1,HOUSEHOLD,0,0,0,0,0,0,29,78,73,61,42,50,57,53,62,80,73,87,115,108,78,58,62,58,82,57,56,62,80,63,51,60,53,71,58,34,50,43,57,73,53,51,54,63,47,60,33,34,28,39,35,42,45,48,64,41,48,51,36,18,33,48,33,51,35
HOUSEHOLD_1_200,HOUSEHOLD_1,HOUSEHOLD,0,0,0,0,0,0,0,0,0,0,0,0,0,0,75,113,126,96,72,92,102,103,99,101,86,103,128,108,107,140,115,115,81,111,92,76,105,90,129,137,166,202,231,205,181,202,177,171,190,159,182,150,186,177,215,203,221,232,184,170,170,119,170,140,133
HOUSEHOLD_1_201,HOUSEHOLD_1,HOUSEHOLD,0,0,0,0,0,0,0,0,0,0,0,0,0,0,0,0,0,0,0,0,0,0,0,0,0,0,0,0,0,0,0,0,0,0,0,0,0,0,0,0,0,0,0,0,0,0,0,0,75,7,17,258,288,308,228,213,236,245,231,233,241,307,237,282,245
HOUSEHOLD_1_202,HOUSEHOLD_1,HOUSEHOLD,0,0,0,0,0,0,0,0,0,0,0,0,0,0,0,0,0,0,0,0,0,0,0,0,0,0,0,259,627,830,773,922,872,919,860,893,778,714,433,707,710,742,740,796,828,856,793,676,579,711,761,673,841,808,916,800,853,889,873,814,880,823,801,773,524
HOUSEHOLD_1_203,HOUSEHOLD_1,HOUSEHOLD,37,416,411,404,213,445,508,444,400,362,184,89,213,273,316,218,318,405,197,338,255,148,210,219,201,258,258,188,229,239,222,216,240,89,172,172,139,120,129,112,109,84,148,118,45,0,80,110,230,351,294,342,304,262,346,297,251,325,312,295,303,286,324,302,199
HOUSEHOLD_1_204,HOUSEHOLD_1,HOUSEHOLD,0,0,0,0,0,98,253,258,269,238,260,245,249,249,225,230,211,232,271,270,280,235,264,265,274,195,218,245,225,250,262,306,254,347,264,247,202,247,247,271,252,322,350,399,359,356,384,315,276,258,362,367,452,420,472,487,516,493,462,444,443,400,493,507,328
HOUSEHOLD_1_205,HOUSEHOLD_1,HOUSEHOLD,0,13,175,344,413,414,464,578,564,495,446,309,403,390,62,363,515,545,478,393,227,279,170,223,223,244,437,402,608,668,635,697,669,545,351,298,293,364,353,338,523,474,546,551,559,591,457,339,356,403,483,447,435,622,677,587,498,610,500,366,395,474,426,414,355
HOUSEHOLD_1_206,HOUSEHOLD_1,HOUSEHOLD,24,136,116,65,60,91,102,111,116,157,165,111,93,96,86,85,75,77,93,99,112,134,159,126,99,92,60,64,52,48,54,73,111,168,154,91,102,63,79,56,69,79,94,102,153,155,182,118,109,84,64,59,61,86,87,116,120,178,183,205,175,137,86,45,45
HOUSEHOLD_1_207,HOUSEHOLD_1,HOUSEHOLD,7,62,77,114,380,178,212,242,182,103,91,68,70,76,143,168,323,307,270,234,141,115,61,67,73,76,100,123,237,200,177,138,144,111,98,62,48,61,76,100,245,165,182,172,162,135,84,75,52,51,97,128,147,163,174,163,149,114,97,60,63,43,68,86,71
HOUSEHOLD_1_208,HOUSEHOLD_1,HOUSEHOLD,0,0,0,0,0,0,0,0,0,0,0,0,0,0,0,0,0,0,0,0,0,0,0,0,0,0,0,0,0,0,0,0,0,0,0,0,0,0,0,0,0,0,0,0,0,0,0,104,78,333,220,257,553,538,627,527,591,588,492,459,509,611,717,569,427
HOUSEHOLD_1_209,HOUSEHOLD_1,HOUSEHOLD,0,0,0,0,0,0,0,0,0,0,0,0,0,0,0,0,0,0,0,0,0,0,0,0,0,0,0,0,0,0,0,0,0,0,0,0,0,0,0,0,0,0,0,0,0,100,201,176,154,187,191,183,43,0,0,182,206,250,171,175,223,140,1,0,29
HOUSEHOLD_1_210,HOUSEHOLD_1,HOUSEHOLD,3,28,49,89,134,185,300,161,96,152,107,32,13,43,149,341,310,450,350,267,244,102,67,26,23,15,36,51,158,181,165,117,176,135,45,23,9,16,34,70,128,248,252,154,182,102,30,17,19,21,39,118,173,215,205,74,127,71,80,25,17,22,37,65,42
HOUSEHOLD_1_211,HOUSEHOLD_1,HOUSEHOLD,33,211,259,208,210,120,132,168,183,189,215,224,185,53,22,16,17,83,185,186,219,197,197,191,227,155,125,157,134,132,138,137,126,143,165,149,182,153,167,148,154,135,126,91,95,122,124,139,109,135,158,172,141,160,197,194,153,209,191,162,212,196,208,179,131
HOUSEHOLD_1_212,HOUSEHOLD_1,HOUSEHOLD,0,0,0,0,0,23,83,233,115,122,116,138,153,181,217,231,220,176,182,290,192,153,182,165,90,69,174,196,304,296,284,420,303,312,304,272,303,325,383,252,263,265,306,472,262,434,298,371,303,333,408,407,463,420,343,719,497,426,434,439,463,430,424,415,283
HOUSEHOLD_1_213,HOUSEHOLD_1,HOUSEHOLD,0,0,0,0,0,0,0,0,0,0,0,0,0,0,0,0,0,0,0,0,0,0,0,0,0,0,0,0,0,0,0,0,0,0,0,0,0,0,19,0,119,185,259,244,199,155,130,96,129,133,138,169,298,264,295,295,353,381,433,361,396,390,318,346,257
HOUSEHOLD_1_214,HOUSEHOLD_1,HOUSEHOLD,0,0,0,0,0,0,0,0,0,0,0,0,0,0,0,0,0,0,0,179,850,1015,1001,952,797,874,600,182,11,0,0,0,28,338,668,880,878,656,847,883,1038,971,988,1168,1527,1431,1352,1131,1575,1202,988,1275,1353,1487,1948,1542,1692,1504,1599,1179,1165,1341,1588,1620,1105
HOUSEHOLD_1_215,HOUSEHOLD_1,HOUSEHOLD,22,164,246,213,197,242,263,301,261,324,242,212,278,269,321,261,315,278,291,284,338,341,295,323,331,282,366,342,354,383,371,439,396,373,363,307,342,314,344,288,303,330,396,415,372,354,337,302,325,288,304,310,374,396,408,394,328,355,264,290,325,367,380,366,276
HOUSEHOLD_1_216,HOUSEHOLD_1,HOUSEHOLD,0,0,0,0,0,0,0,0,0,0,0,0,0,0,0,0,0,0,0,0,0,0,0,0,0,0,0,0,0,0,0,0,0,0,0,0,0,0,0,0,0,0,18,48,47,53,43,50,44,43,44,45,63,57,59,54,54,61,60,38,40,38,53,57,34
HOUSEHOLD_1_217,HOUSEHOLD_1,HOUSEHOLD,0,0,0,0,0,0,0,0,0,0,0,0,0,0,0,0,0,0,0,0,0,0,0,0,0,0,364,490,526,505,595,1136,513,534,514,466,562,504,607,494,638,567,657,1008,432,427,343,291,473,363,377,326,349,276,365,671,374,334,274,258,386,324,305,287,77
HOUSEHOLD_1_218,HOUSEHOLD_1,HOUSEHOLD,0,0,0,0,0,0,0,0,0,0,0,0,0,0,0,0,0,0,138,464,629,464,370,333,337,641,374,335,368,445,449,530,609,569,435,410,436,495,610,573,512,566,621,644,483,449,497,476,398,509,566,574,530,421,439,466,486,499,521,521,454,473,667,616,426
HOUSEHOLD_1_219,HOUSEHOLD_1,HOUSEHOLD,0,0,0,0,0,0,0,0,0,0,0,0,0,188,304,319,320,354,265,320,338,295,275,409,126,206,204,166,0,0,74,254,371,385,455,432,225,185,211,206,246,260,296,296,320,451,509,350,205,185,156,175,182,180,186,205,200,305,311,213,129,149,139,126,127
HOUSEHOLD_1_220,HOUSEHOLD_1,HOUSEHOLD,0,0,0,0,0,0,0,0,0,0,0,0,0,0,0,0,0,0,0,0,0,0,0,0,0,0,245,435,433,442,493,978,599,478,461,451,489,524,529,412,418,394,449,953,577,564,441,338,544,434,423,377,419,339,417,862,448,490,356,365,475,449,430,364,115
HOUSEHOLD_1_221,HOUSEHOLD_1,HOUSEHOLD,0,0,0,0,0,0,0,0,0,0,0,0,0,0,0,0,0,0,0,0,0,0,0,0,0,0,0,0,0,0,0,0,0,0,0,0,0,34,245,240,231,212,210,208,169,218,177,161,195,169,185,177,158,173,159,193,203,193,174,201,205,188,170,166,114
HOUSEHOLD_1_222,HOUSEHOLD_1,HOUSEHOLD,0,0,218,471,513,526,734,559,707,568,422,483,451,471,123,0,0,1,2,4,2,1,2,1,2,2,3,3,8,5,477,512,472,573,622,536,532,464,383,432,358,337,334,372,332,2,2,1,1,382,820,105,0,2,280,1160,1100,74,3,7,559,1281,1271,1122,879
HOUSEHOLD_1_223,HOUSEHOLD_1,HOUSEHOLD,0,0,0,0,0,0,0,39,214,270,277,235,250,269,238,290,256,263,243,340,329,309,336,299,318,296,305,319,293,207,60,180,361,351,116,1,33,330,351,125,9,1,0,0,0,93,238,223,260,231,222,159,26,1,1,0,0,94,160,169,188,194,209,187,162
HOUSEHOLD_1_224,HOUSEHOLD_1,HOUSEHOLD,19,274,337,397,353,346,451,435,334,273,0,1,138,256,279,263,251,190,0,3,3,6,4,2,2,6,1,288,250,180,188,190,130,201,39,3,66,247,251,197,197,171,202,219,148,225,155,141,193,237,260,221,211,219,245,281,224,276,224,199,223,199,204,204,151
HOUSEHOLD_1_225,HOUSEHOLD_1,HOUSEHOLD,0,0,0,0,0,0,0,0,0,0,0,0,0,0,0,0,0,0,0,159,736,728,710,693,678,829,1070,1028,1122,1225,1235,1246,1135,1078,1033,883,894,876,821,706,749,840,844,810,699,615,567,537,603,569,758,822,845,913,1016,1006,904,979,821,829,925,816,792,707,477
HOUSEHOLD_1_226,HOUSEHOLD_1,HOUSEHOLD,0,0,0,0,0,0,0,0,0,0,0,0,0,0,0,0,0,0,0,0,0,0,0,0,0,0,0,0,0,0,0,0,0,0,0,0,0,0,351,522,542,520,594,692,423,514,456,478,517,477,498,389,489,528,583,538,446,483,467,428,504,384,440,416,327
HOUSEHOLD_1_227,HOUSEHOLD_1,HOUSEHOLD,0,0,0,0,0,0,0,0,0,0,0,0,0,0,0,0,0,0,0,0,0,0,0,0,0,0,0,0,0,0,0,0,0,0,0,0,0,0,0,0,0,0,0,0,0,0,413,492,522,472,495,486,480,506,548,575,508,452,333,485,577,399,285,453,268
HOUSEHOLD_1_228,HOUSEHOLD_1,HOUSEHOLD,17,113,152,133,160,142,157,168,170,176,169,137,135,186,180,160,150,137,165,146,145,143,105,109,108,151,135,8,1,1,169,165,153,162,131,122,109,117,116,107,131,173,169,164,157,129,112,100,109,149,163,125,110,124,131,154,122,144,119,100,90,142,162,180,126
HOUSEHOLD_1_229,HOUSEHOLD_1,HOUSEHOLD,0,0,36,82,95,108,115,173,82,68,58,57,77,62,88,107,99,126,136,133,98,76,57,68,78,52,72,87,94,116,99,102,81,86,56,50,60,53,72,85,100,94,121,105,90,81,82,70,77,51,54,84,91,55,95,79,72,78,39,42,48,48,56,91,82
HOUSEHOLD_1_230,HOUSEHOLD_1,HOUSEHOLD,27,264,333,340,327,313,315,320,293,282,235,185,208,218,208,193,186,165,227,218,201,185,191,186,150,141,163,141,111,136,112,134,134,90,98,91,87,94,95,97,66,97,96,95,81,55,66,86,63,76,73,65,106,73,112,104,102,108,88,95,88,78,87,85,55
HOUSEHOLD_1_231,HOUSEHOLD_1,HOUSEHOLD,0,0,0,0,0,0,0,0,0,0,0,0,0,0,0,0,0,0,0,0,0,0,0,0,0,0,0,0,0,0,0,0,0,0,0,0,0,0,0,55,228,227,205,223,227,212,233,209,214,162,221,160,157,157,169,152,121,126,131,154,239,206,181,197,133
HOUSEHOLD_1_232,HOUSEHOLD_1,HOUSEHOLD,0,0,0,0,0,0,0,0,0,0,0,0,0,0,81,243,238,280,299,297,245,275,162,260,229,185,0,0,80,276,301,278,212,191,209,209,220,162,200,216,217,211,205,236,202,199,146,149,114,183,221,185,211,190,221,233,225,198,231,201,202,187,175,183,130
HOUSEHOLD_1_233,HOUSEHOLD_1,HOUSEHOLD,0,0,0,0,0,0,0,0,0,0,0,0,0,0,0,0,0,0,200,589,518,43,1,0,0,0,0,0,0,0,0,0,0,0,270,346,343,345,104,3,0,0,119,282,255,265,245,238,145,11,0,26,202,227,171,16,0,44,214,198,166,34,5,50,136
HOUSEHOLD_1_234,HOUSEHOLD_1,HOUSEHOLD,317,2096,2466,2276,2302,2548,2828,2779,2795,2887,2744,2566,2408,2432,2555,2305,2462,2408,2591,2490,2431,2315,1917,2011,1893,1446,2174,1982,2071,1518,135,1235,1723,2058,2023,1773,1618,1857,1849,1623,1704,1787,1976,1856,1880,1893,1895,1775,1848,1565,1471,1400,1586,1475,1629,1329,1547,1492,1152,1209,1598,1271,1462,1471,1106
HOUSEHOLD_1_235,HOUSEHOLD_1,HOUSEHOLD,49,499,785,724,854,1173,1424,1555,1347,850,710,565,519,557,771,756,1123,1522,1297,1618,1441,1170,843,771,583,713,529,509,777,1308,1034,1034,1120,840,641,545,404,393,385,463,703,953,1061,1135,918,930,754,551,567,610,510,579,657,1086,1327,1091,1126,856,654,499,449,422,581,599,513
HOUSEHOLD_1_236,HOUSEHOLD_1,HOUSEHOLD,0,380,651,771,1042,1016,725,520,66,443,544,669,629,747,856,706,780,809,744,779,460,460,552,586,602,594,731,631,560,602,669,672,640,586,607,590,615,602,189,6,4,759,695,639,78,375,523,768,736,729,865,897,827,414,764,850,855,918,843,961,1058,877,802,852,606
HOUSEHOLD_1_237,HOUSEHOLD_1,HOUSEHOLD,0,0,0,0,0,0,0,0,0,0,0,0,0,0,0,0,0,0,0,0,0,0,0,0,0,0,0,0,0,0,0,0,0,0,0,0,0,0,4,28,41,62,81,129,120,160,93,63,37,37,71,82,76,125,217,224,250,170,128,82,85,73,75,161,103
HOUSEHOLD_1_238,HOUSEHOLD_1,HOUSEHOLD,0,0,0,0,0,0,0,0,0,0,0,0,0,0,0,0,0,0,0,0,0,0,0,0,0,106,278,311,261,303,335,567,296,245,221,227,247,238,195,188,261,205,329,662,240,271,223,217,236,202,254,258,315,407,357,557,312,333,292,318,386,423,436,402,301
HOUSEHOLD_1_239,HOUSEHOLD_1,HOUSEHOLD,0,0,0,0,0,0,0,0,0,0,0,0,0,0,0,0,0,0,0,0,0,0,0,0,0,0,0,0,0,0,0,0,0,0,0,0,0,23,224,204,203,166,180,182,183,190,223,242,246,198,206,220,225,209,239,260,230,257,267,207,283,241,255,207,147
HOUSEHOLD_1_241,HOUSEHOLD_1,HOUSEHOLD,0,0,0,0,0,0,0,0,0,0,0,0,0,0,175,266,266,262,265,241,217,186,163,176,193,210,206,222,252,327,263,263,234,268,271,274,259,238,236,215,264,235,279,255,237,194,188,163,162,171,185,206,229,215,242,235,221,231,255,268,239,252,230,244,227
HOUSEHOLD_1_242,HOUSEHOLD_1,HOUSEHOLD,0,0,0,0,0,0,0,0,0,0,0,0,0,0,0,0,0,0,0,0,0,0,0,0,0,0,0,0,0,0,0,0,0,0,0,0,0,0,0,0,0,0,0,0,0,0,0,0,3,2,0,49,62,51,96,185,223,265,186,188,154,165,201,191,142
HOUSEHOLD_1_243,HOUSEHOLD_1,HOUSEHOLD,85,579,494,510,426,413,539,713,662,707,722,699,699,701,724,678,724,825,912,972,988,919,910,941,715,813,835,697,660,733,761,814,783,806,721,772,788,706,680,603,681,600,669,798,694,678,673,649,606,504,614,634,683,733,647,655,651,644,622,636,640,635,589,707,499
HOUSEHOLD_1_244,HOUSEHOLD_1,HOUSEHOLD,0,0,0,0,0,0,0,0,0,0,0,0,0,0,0,0,0,0,0,0,0,0,0,0,0,0,0,0,159,193,146,158,165,98,76,59,86,100,124,105,127,155,38,0,0,0,0,0,100,156,117,122,194,206,236,277,274,259,215,225,286,305,291,257,228
HOUSEHOLD_1_245,HOUSEHOLD_1,HOUSEHOLD,0,0,0,0,0,0,0,0,0,0,0,0,0,0,0,0,0,0,0,0,0,0,0,0,0,0,0,0,0,0,0,0,0,0,0,0,0,77,116,24,17,30,156,230,141,197,104,0,0,294,569,590,573,516,644,757,537,565,488,435,514,446,364,414,284
HOUSEHOLD_1_246,HOUSEHOLD_1,HOUSEHOLD,0,0,0,0,0,0,0,0,0,0,0,0,0,0,0,0,0,0,0,0,0,0,0,0,0,0,0,0,0,0,0,0,0,0,0,0,0,0,0,0,0,0,0,0,0,0,0,0,764,857,626,0,0,560,798,989,1063,1104,843,879,951,1090,1071,956,637
HOUSEHOLD_1_247,HOUSEHOLD_1,HOUSEHOLD,122,912,929,696,555,592,639,512,690,873,1012,1068,1035,1005,1108,1139,1175,1274,1213,1220,1222,1245,1362,1269,1270,1099,1194,1054,989,1034,929,1058,1043,1100,1054,1089,1172,1073,1008,802,730,702,618,711,778,820,812,716,816,727,661,802,963,916,1035,985,1029,1074,1070,1115,1128,1124,1065,1337,869
HOUSEHOLD_1_248,HOUSEHOLD_1,HOUSEHOLD,0,0,0,0,0,0,0,0,0,0,0,0,0,3,150,237,212,237,272,327,338,268,255,266,286,299,343,277,309,317,280,293,286,276,291,303,293,281,246,240,277,268,231,183,222,215,230,220,226,165,138,111,102,115,139,116,129,152,157,144,161,132,121,155,108
HOUSEHOLD_1_249,HOUSEHOLD_1,HOUSEHOLD,0,0,0,0,0,0,0,0,0,0,0,0,0,0,0,0,0,0,0,0,0,0,0,0,0,142,262,240,289,363,392,404,430,383,303,302,292,280,289,287,311,330,387,301,380,326,276,316,353,351,404,373,334,395,389,421,391,386,352,318,333,332,352,344,245
HOUSEHOLD_1_250,HOUSEHOLD_1,HOUSEHOLD,0,0,0,0,0,0,0,0,0,0,0,0,0,0,0,0,0,0,0,0,0,0,0,0,0,0,0,0,0,0,0,0,7,29,58,60,61,52,64,65,75,59,78,61,80,57,52,62,55,46,56,72,69,66,72,73,79,82,55,54,77,51,65,71,51
HOUSEHOLD_1_251,HOUSEHOLD_1,HOUSEHOLD,119,762,777,689,753,762,740,706,720,642,621,609,608,579,618,585,628,611,562,566,544,541,609,574,578,520,522,419,449,465,485,496,428,421,396,367,397,373,433,413,447,390,431,438,450,451,435,448,488,470,486,413,428,478,491,503,444,481,446,418,434,452,456,368,299
HOUSEHOLD_1_252,HOUSEHOLD_1,HOUSEHOLD,0,0,0,0,0,0,0,0,0,0,0,0,0,103,139,116,105,92,91,83,107,130,73,68,71,96,127,6,0,0,92,116,140,125,109,111,84,114,142,121,131,157,185,129,141,124,113,136,100,105,127,107,104,114,128,134,106,145,106,109,79,109,115,143,138
HOUSEHOLD_1_253,HOUSEHOLD_1,HOUSEHOLD,0,0,0,0,0,0,0,0,0,0,0,0,0,0,0,0,0,0,0,0,0,0,0,0,0,0,0,0,0,0,0,0,0,0,0,0,0,0,0,0,0,0,0,0,0,105,157,181,198,255,238,206,50,0,0,227,230,265,209,216,248,186,0,1,34
HOUSEHOLD_1_254,HOUSEHOLD_1,HOUSEHOLD,0,0,0,0,0,0,0,0,0,0,0,0,0,0,0,0,0,0,0,0,0,0,0,20,585,117,0,21,81,302,469,1039,1281,1426,1386,1155,1258,1361,1521,1307,1419,1474,1168,1520,1579,1625,1481,1380,1205,1219,1617,1526,1403,1417,1805,1802,1766,1869,1933,2159,1913,1682,1988,1805,1406
HOUSEHOLD_1_255,HOUSEHOLD_1,HOUSEHOLD,17,167,180,156,160,142,143,182,167,173,115,151,171,182,129,121,110,119,132,131,151,134,122,100,97,130,122,9,0,1,129,150,148,149,155,107,112,126,148,122,129,130,135,122,117,115,145,112,101,113,147,135,142,119,135,134,112,107,82,71,65,103,130,121,86
HOUSEHOLD_1_256,HOUSEHOLD_1,HOUSEHOLD,58,532,488,532,414,26,0,125,411,354,329,296,335,303,197,177,151,288,314,351,363,345,326,258,302,260,248,256,239,192,194,217,183,145,176,165,146,86,80,159,123,141,139,164,154,154,122,116,144,93,324,320,344,367,375,442,412,435,456,415,394,414,401,324,262
HOUSEHOLD_1_257,HOUSEHOLD_1,HOUSEHOLD,0,0,0,0,0,0,0,0,0,0,0,0,0,0,0,0,0,0,0,0,0,0,0,0,0,5,120,119,100,178,182,225,211,294,178,162,183,216,242,219,267,172,7,3,116,344,323,301,281,205,237,331,384,328,325,345,301,312,444,395,407,335,260,431,352
HOUSEHOLD_1_258,HOUSEHOLD_1,HOUSEHOLD,0,0,0,0,0,0,0,0,0,0,0,0,0,0,0,0,0,0,0,0,0,0,0,0,0,0,0,0,0,0,21,49,51,47,49,43,41,33,39,53,37,30,46,42,43,33,31,34,32,24,28,25,43,35,46,42,40,48,37,35,43,27,40,42,40
HOUSEHOLD_1_259,HOUSEHOLD_1,HOUSEHOLD,33,216,267,317,302,314,265,231,304,234,201,216,246,292,396,319,318,360,363,389,381,287,266,258,253,272,310,212,274,242,279,277,236,244,261,253,23,0,0,1,0,329,383,416,379,406,366,369,401,380,415,409,448,408,427,427,408,414,430,401,409,374,367,467,321
HOUSEHOLD_1_260,HOUSEHOLD_1,HOUSEHOLD,0,0,0,0,0,0,0,0,0,0,0,0,0,0,0,0,0,0,0,0,0,0,0,0,0,0,0,0,0,3,40,46,39,49,45,42,44,42,40,32,33,39,63,57,51,37,46,26,48,31,38,45,35,27,41,48,48,45,36,32,38,34,36,43,45
HOUSEHOLD_1_261,HOUSEHOLD_1,HOUSEHOLD,0,0,0,0,0,0,0,2,15,16,11,8,19,24,15,29,19,17,29,59,46,62,63,53,74,85,64,78,66,69,72,65,62,50,60,65,53,65,52,59,76,53,97,103,95,104,104,100,92,85,95,102,100,104,115,108,107,148,127,105,111,90,124,89,71
HOUSEHOLD_1_262,HOUSEHOLD_1,HOUSEHOLD,0,0,0,0,0,0,0,0,0,0,0,0,0,0,0,0,0,0,0,0,0,0,0,0,0,0,0,173,1369,1306,1379,1507,1278,1624,1518,1343,1416,1074,1123,1032,1059,1226,1294,1376,1434,1502,1307,1253,1216,1162,1483,1389,1253,926,930,1110,1065,1036,822,776,893,875,1058,1242,1029
HOUSEHOLD_1_263,HOUSEHOLD_1,HOUSEHOLD,0,0,0,0,0,0,0,0,0,0,0,0,0,0,0,0,0,0,86,110,109,124,106,76,70,112,155,133,116,88,77,57,67,67,69,57,75,104,71,99,114,91,78,0,0,0,0,0,50,82,98,91,102,104,84,87,83,77,62,37,63,77,93,85,77
HOUSEHOLD_1_264,HOUSEHOLD_1,HOUSEHOLD,0,0,0,0,0,0,0,0,0,0,0,0,0,0,0,0,0,0,0,0,0,0,0,0,0,0,0,0,0,0,0,22,79,33,17,3,3,6,84,102,80,77,78,89,66,62,68,50,65,53,51,76,65,58,74,66,45,58,79,77,94,79,89,83,61
HOUSEHOLD_1_265,HOUSEHOLD_1,HOUSEHOLD,25,247,250,237,278,252,217,211,188,236,200,213,249,266,328,327,255,308,287,276,276,307,259,250,244,235,245,193,231,250,248,273,246,252,227,212,260,204,155,198,209,165,213,209,215,218,203,227,192,145,148,128,123,132,113,118,129,117,112,126,127,136,127,139,107
HOUSEHOLD_1_266,HOUSEHOLD_1,HOUSEHOLD,0,0,0,0,0,0,0,0,0,0,0,0,0,0,0,0,0,0,0,0,0,0,0,0,0,0,0,0,0,0,0,0,0,0,0,0,0,0,0,0,53,101,189,222,193,244,281,244,309,257,237,280,349,309,341,301,254,327,274,364,391,453,405,408,290
HOUSEHOLD_1_267,HOUSEHOLD_1,HOUSEHOLD,0,0,0,0,0,0,0,0,0,0,0,0,0,0,0,0,0,0,0,0,0,0,0,0,0,0,0,57,105,99,94,117,85,82,109,106,147,114,193,204,191,206,206,190,164,164,213,23,1,0,108,259,306,245,198,6,4,5,207,203,6,5,9,328,249
HOUSEHOLD_1_268,HOUSEHOLD_1,HOUSEHOLD,28,371,339,288,204,238,237,272,232,380,243,239,227,255,336,326,297,314,300,312,328,349,281,267,238,456,334,181,251,276,266,242,254,225,186,146,162,185,200,151,178,225,268,241,230,231,199,155,185,164,228,189,216,211,254,263,233,244,215,189,221,217,243,219,146
HOUSEHOLD_1_269,HOUSEHOLD_1,HOUSEHOLD,0,0,179,258,283,334,330,345,359,340,302,319,342,298,259,205,254,246,216,257,275,203,203,180,207,190,160,135,133,141,154,157,193,198,173,175,168,177,176,168,171,177,168,176,149,162,139,149,152,128,154,165,176,145,143,128,111,134,89,103,93,93,84,131,101
HOUSEHOLD_1_270,HOUSEHOLD_1,HOUSEHOLD,15,124,126,113,138,118,131,144,164,169,142,117,114,179,200,135,140,126,140,134,155,142,140,113,117,183,166,141,143,135,100,130,146,138,98,89,105,144,169,140,114,104,117,123,82,62,122,97,88,118,188,191,143,146,148,128,122,181,152,167,174,220,238,253,183
HOUSEHOLD_1_271,HOUSEHOLD_1,HOUSEHOLD,0,0,0,0,0,0,0,0,0,0,0,0,0,0,0,0,0,0,0,0,0,0,0,0,0,0,0,0,0,0,41,109,76,115,38,71,52,77,114,83,92,77,127,128,161,156,120,133,118,69,77,68,100,94,81,96,116,128,143,101,71,72,92,96,91
HOUSEHOLD_1_272,HOUSEHOLD_1,HOUSEHOLD,99,914,1109,1299,1105,1065,1062,1160,1108,1151,916,1226,1049,1047,676,617,534,558,777,900,941,891,978,1005,559,977,856,992,1084,1084,1152,1102,1014,969,989,999,997,910,1049,1039,1019,973,987,959,950,938,710,614,2,2,455,1064,1088,989,842,44,2,6,913,1106,40,2,29,1409,1073
HOUSEHOLD_1_274,HOUSEHOLD_1,HOUSEHOLD,0,0,0,0,0,0,0,0,0,0,0,0,0,0,0,0,0,0,0,0,0,0,0,0,0,0,0,0,0,0,0,0,0,0,0,0,0,0,0,0,0,0,0,0,0,0,0,4,19,4,7,94,97,86,85,99,106,88,88,228,244,217,123,199,112
HOUSEHOLD_1_275,HOUSEHOLD_1,HOUSEHOLD,0,0,59,555,272,377,458,622,605,595,643,455,515,593,578,512,457,525,550,604,558,554,464,491,473,473,336,381,408,437,449,449,453,357,364,368,389,488,482,466,531,450,547,474,452,404,187,346,384,416,415,432,494,478,518,587,533,600,514,444,451,543,624,662,460
HOUSEHOLD_1_276,HOUSEHOLD_1,HOUSEHOLD,0,0,0,0,0,0,26,64,70,93,85,58,81,60,79,69,96,73,79,69,93,69,48,56,40,60,81,55,66,51,60,61,56,50,74,38,47,49,61,55,49,45,57,63,50,55,53,47,43,57,61,49,55,67,63,57,58,53,48,44,51,41,55,61,24
HOUSEHOLD_1_277,HOUSEHOLD_1,HOUSEHOLD,0,0,0,0,0,0,0,0,0,0,0,0,0,0,0,0,0,0,567,2362,3636,3013,2275,2786,2021,3664,4034,4732,3547,2597,3197,3345,2504,2457,1970,1483,1628,2837,2220,3089,2575,2102,2303,2427,1923,1745,1693,1538,1592,2321,2326,2135,2372,1934,2459,2480,2559,2104,1508,1498,1634,1542,1494,1381,883
HOUSEHOLD_1_278,HOUSEHOLD_1,HOUSEHOLD,15,133,113,104,117,92,98,90,90,87,94,91,100,90,121,102,101,126,96,128,103,116,89,78,110,105,118,97,105,100,110,118,126,128,114,131,125,122,109,114,115,107,129,110,106,98,103,113,126,121,119,106,119,118,107,109,100,118,155,149,136,151,165,162,110
HOUSEHOLD_1_279,HOUSEHOLD_1,HOUSEHOLD,4,22,51,203,190,203,286,234,285,299,283,281,308,328,248,381,302,353,418,415,375,342,394,319,374,276,338,380,443,371,422,472,429,418,336,310,403,288,348,385,452,438,498,545,429,415,365,435,352,350,336,293,362,373,330,406,362,301,293,301,311,246,269,290,227
HOUSEHOLD_1_280,HOUSEHOLD_1,HOUSEHOLD,0,0,0,0,0,0,0,0,0,0,0,0,0,0,0,25,167,229,80,6,155,152,151,171,227,220,208,268,233,267,302,273,230,247,286,232,230,240,262,258,296,306,379,369,285,258,257,200,242,232,252,256,252,253,293,244,267,227,215,221,181,227,258,216,178
HOUSEHOLD_1_281,HOUSEHOLD_1,HOUSEHOLD,0,0,0,0,0,0,7,178,218,225,112,137,140,155,223,140,191,215,247,231,195,105,159,104,113,91,100,92,78,105,129,239,240,124,225,112,114,129,111,126,139,97,147,160,215,145,135,54,111,117,141,130,126,107,138,159,179,241,192,173,169,165,203,233,115
HOUSEHOLD_1_282,HOUSEHOLD_1,HOUSEHOLD,0,0,0,0,0,0,0,0,0,0,0,0,0,0,0,0,0,227,384,365,359,460,355,311,399,385,388,353,340,328,347,365,342,334,323,311,350,294,235,206,260,265,263,291,245,257,244,234,241,267,311,270,319,267,339,347,353,374,294,280,305,276,309,293,200
HOUSEHOLD_1_283,HOUSEHOLD_1,HOUSEHOLD,0,0,0,0,0,0,0,0,0,0,0,0,0,0,0,0,0,0,0,0,0,0,0,0,0,0,0,0,0,0,73,92,132,152,137,110,187,222,245,280,286,345,429,435,445,410,367,400,572,604,756,729,879,931,844,878,936,893,850,827,888,1004,1103,1027,690
HOUSEHOLD_1_284,HOUSEHOLD_1,HOUSEHOLD,0,0,0,0,0,0,0,0,0,0,0,0,0,0,0,0,0,0,0,0,0,0,0,0,0,0,0,0,0,0,65,15,16,23,197,130,134,149,195,253,180,284,360,287,221,205,193,118,224,295,303,304,398,294,259,375,277,331,218,470,311,367,368,360,269
HOUSEHOLD_1_285,HOUSEHOLD_1,HOUSEHOLD,0,0,0,0,0,0,0,0,0,0,0,0,0,279,647,622,694,684,697,867,845,874,734,849,815,853,896,931,949,1005,904,889,533,845,676,674,503,517,547,644,501,490,435,486,505,553,605,552,484,494,546,547,598,591,636,609,613,503,452,490,464,515,598,618,440
HOUSEHOLD_1_286,HOUSEHOLD_1,HOUSEHOLD,0,0,0,0,0,0,0,0,0,0,0,0,0,0,0,0,0,0,0,0,0,0,0,0,0,0,0,0,0,0,0,0,0,0,0,0,0,0,0,0,0,0,7,10,5,7,107,95,69,94,120,132,119,123,126,115,140,166,143,177,150,142,152,167,100
HOUSEHOLD_1_287,HOUSEHOLD_1,HOUSEHOLD,42,419,373,440,446,391,381,576,480,619,393,237,266,324,279,275,239,266,308,525,375,271,235,233,228,216,340,272,273,268,289,488,307,243,227,235,237,233,253,294,329,337,357,600,369,371,380,320,345,370,438,429,438,459,19,4,3,9,43,447,507,505,533,433,331
HOUSEHOLD_1_288,HOUSEHOLD_1,HOUSEHOLD,0,0,0,0,0,0,0,0,0,0,0,0,0,149,298,278,269,241,212,215,204,192,172,214,278,269,299,176,0,3,48,212,216,205,210,175,193,167,197,195,168,195,205,201,198,203,237,244,231,240,203,194,198,183,166,207,181,210,189,121,121,176,169,129,88
HOUSEHOLD_1_289,HOUSEHOLD_1,HOUSEHOLD,38,174,154,135,145,157,195,169,171,202,182,203,224,284,312,312,315,306,301,346,373,325,311,317,308,221,195,252,280,265,220,271,244,252,253,248,272,288,275,222,226,233,277,232,214,229,215,214,241,258,270,240,95,46,61,254,247,283,245,242,274,273,279,266,210
HOUSEHOLD_1_290,HOUSEHOLD_1,HOUSEHOLD,0,2,26,44,66,54,91,92,100,137,83,78,80,56,177,167,166,156,160,208,179,181,149,133,112,131,186,165,201,217,225,269,199,218,153,113,91,88,166,185,258,286,302,339,336,494,270,222,215,217,208,220,303,391,490,548,465,499,365,280,237,333,310,437,357
HOUSEHOLD_1_291,HOUSEHOLD_1,HOUSEHOLD,0,0,0,0,0,0,0,0,0,0,0,0,0,16,163,178,207,262,299,302,306,237,236,217,269,302,347,233,274,353,354,477,450,430,360,311,465,479,498,367,394,380,441,485,381,377,300,387,382,339,299,305,302,348,393,524,336,401,352,356,400,488,563,504,371
HOUSEHOLD_1_292,HOUSEHOLD_1,HOUSEHOLD,0,0,0,0,0,0,0,0,0,0,0,0,0,209,481,564,615,590,474,615,731,612,588,611,495,548,563,385,3,3,169,629,703,664,606,552,427,417,405,488,596,578,613,581,581,598,604,526,426,373,390,346,352,334,371,414,364,357,323,233,204,314,374,402,264
HOUSEHOLD_1_293,HOUSEHOLD_1,HOUSEHOLD,0,0,0,0,0,0,0,0,0,0,0,0,0,0,0,0,0,0,0,0,0,0,0,0,0,0,0,0,0,0,0,0,0,0,0,0,0,195,320,410,282,112,143,284,142,537,302,295,221,25,5,8,696,429,393,637,398,219,314,312,417,29,9,4,308
HOUSEHOLD_1_294,HOUSEHOLD_1,HOUSEHOLD,120,800,982,769,965,889,854,935,887,802,755,743,811,727,849,753,751,859,942,1123,956,842,844,1030,1058,1134,1210,1108,1077,1390,1275,1338,1144,954,1161,1088,1191,980,958,928,1024,1022,1212,1225,1209,1293,1246,1165,1239,1272,1414,1471,1745,1661,1694,1104,1664,1580,1538,1516,1668,1434,1435,1411,1712
HOUSEHOLD_1_295,HOUSEHOLD_1,HOUSEHOLD,14,168,160,125,134,144,150,148,160,215,207,212,208,118,131,106,201,206,195,146,155,151,149,166,198,126,210,182,190,175,181,160,164,201,149,116,163,151,147,161,151,168,156,140,144,173,195,155,209,160,188,162,207,233,204,240,248,217,242,218,271,214,217,217,170
HOUSEHOLD_1_296,HOUSEHOLD_1,HOUSEHOLD,0,0,0,0,0,0,0,0,0,0,0,0,0,0,0,0,0,0,0,0,0,0,0,0,0,0,0,0,0,0,0,0,0,0,0,0,0,38,141,130,149,143,138,152,143,156,154,132,169,134,129,118,106,120,138,143,123,127,121,135,168,148,156,179,158
HOUSEHOLD_1_297,HOUSEHOLD_1,HOUSEHOLD,1,2,7,19,102,246,255,83,34,39,17,9,2,7,35,26,31,76,133,50,1,1,1,2,15,4,10,7,30,52,89,42,41,26,6,3,5,8,17,10,25,60,35,29,45,26,2,5,4,1,8,25,50,61,79,30,18,17,9,7,10,10,11,15,12
HOUSEHOLD_1_298,HOUSEHOLD_1,HOUSEHOLD,0,0,0,0,0,0,0,0,0,0,0,0,0,17,158,111,134,124,150,147,150,142,127,142,233,140,299,104,111,107,114,149,137,139,133,113,141,160,238,139,111,123,147,157,103,161,118,116,106,164,312,218,162,277,284,268,293,274,242,256,255,255,226,224,160
HOUSEHOLD_1_299,HOUSEHOLD_1,HOUSEHOLD,0,0,0,0,0,0,0,0,0,0,0,0,0,0,0,0,0,0,0,0,0,0,0,0,0,0,0,47,202,125,92,264,346,484,254,172,221,0,0,52,194,198,223,409,322,361,221,51,301,212,265,267,256,55,266,306,304,336,280,323,349,222,225,287,188
HOUSEHOLD_1_300,HOUSEHOLD_1,HOUSEHOLD,0,0,0,0,0,0,0,0,0,0,0,0,0,0,0,0,0,0,0,0,0,0,0,0,0,0,0,0,0,0,0,0,0,0,0,0,0,0,0,0,0,0,5,17,26,30,25,36,38,64,64,59,46,47,57,63,48,70,87,96,58,51,81,77,49
HOUSEHOLD_1_301,HOUSEHOLD_1,HOUSEHOLD,0,0,0,0,0,0,0,0,0,0,0,0,0,0,0,0,0,0,199,289,181,287,295,247,315,330,275,232,282,0,135,287,326,195,102,185,286,344,331,306,309,314,433,402,365,355,298,287,273,315,275,309,393,330,366,372,314,285,251,282,322,382,322,301,196
HOUSEHOLD_1_302,HOUSEHOLD_1,HOUSEHOLD,31,107,143,109,136,82,107,22,2,0,226,256,147,142,121,163,134,127,135,39,27,32,49,34,0,0,0,0,0,0,15,66,65,69,70,47,17,31,32,26,24,26,31,28,40,39,42,51,93,101,116,122,112,99,106,112,110,157,190,194,112,137,123,91,65
HOUSEHOLD_1_303,HOUSEHOLD_1,HOUSEHOLD,135,975,2192,1432,1362,1158,1533,2171,2113,1774,1321,1457,2016,2192,4115,2870,2216,2598,3324,2802,4185,2573,1687,1781,2106,2769,4389,3206,3613,3866,3651,2811,4038,2942,2945,1890,2312,3213,3315,2586,595,15,1097,2425,2045,1610,1535,1073,1943,2707,2557,2734,2695,2764,2708,3475,2502,2374,2099,1817,2133,2188,2341,2082,1533
HOUSEHOLD_1_304,HOUSEHOLD_1,HOUSEHOLD,0,0,0,0,0,0,0,0,0,0,0,0,0,0,0,0,0,0,0,476,2004,2102,1663,1415,1207,1464,2567,2270,2602,2586,2379,1502,1095,1160,1091,983,1141,1023,1651,1822,2035,2089,2190,2368,2141,2153,2024,1826,1937,1510,1636,1531,1493,1487,1635,1837,1749,1689,1440,1377,1259,1404,1477,1625,1308
HOUSEHOLD_1_305,HOUSEHOLD_1,HOUSEHOLD,0,0,0,0,0,0,0,0,0,0,77,190,226,244,307,247,270,190,204,194,243,257,253,217,202,227,233,251,229,182,227,208,213,272,207,152,167,196,249,212,230,173,171,155,171,177,143,142,151,174,210,159,169,156,174,191,172,204,182,177,179,230,244,203,190
HOUSEHOLD_1_306,HOUSEHOLD_1,HOUSEHOLD,0,0,0,0,0,0,0,0,0,0,0,0,0,0,0,0,0,0,0,0,0,0,0,0,0,0,0,0,0,0,0,0,0,0,0,0,0,0,431,591,584,617,858,926,939,945,787,787,1008,906,868,862,893,737,855,883,922,1017,912,869,939,997,1168,1417,816
HOUSEHOLD_1_307,HOUSEHOLD_1,HOUSEHOLD,0,0,0,0,0,0,0,0,0,0,0,0,0,0,0,0,0,0,0,0,0,0,0,0,0,0,0,0,0,0,0,0,0,0,0,0,0,63,185,16,12,170,646,547,564,604,597,527,588,564,595,588,762,683,829,846,704,765,670,736,709,659,588,502,333
HOUSEHOLD_1_308,HOUSEHOLD_1,HOUSEHOLD,0,0,0,0,0,0,0,0,0,0,0,0,0,0,0,0,0,0,0,0,0,0,0,0,0,0,0,0,0,0,0,0,0,0,0,0,0,0,0,0,0,0,0,0,0,0,0,0,2,0,11,76,100,136,105,103,107,129,88,138,135,150,165,150,96
HOUSEHOLD_1_309,HOUSEHOLD_1,HOUSEHOLD,21,119,122,96,115,124,120,117,118,133,120,116,109,120,120,110,121,104,91,126,98,106,96,85,81,84,93,77,83,76,83,78,86,91,74,84,65,96,90,64,89,85,62,55,59,67,64,51,67,55,77,62,74,82,89,82,60,88,81,72,97,106,89,114,67
HOUSEHOLD_1_310,HOUSEHOLD_1,HOUSEHOLD,102,771,524,571,525,521,516,529,658,588,514,502,587,634,670,586,515,570,556,432,435,622,558,566,732,486,622,658,925,480,0,1,1,2,0,3,0,3,3,1,0,195,679,795,632,728,776,806,889,762,788,740,794,839,778,801,666,728,777,769,841,863,843,180,1
HOUSEHOLD_1_311,HOUSEHOLD_1,HOUSEHOLD,0,0,0,0,0,0,0,0,0,0,0,0,0,0,0,0,0,0,0,0,0,0,0,0,0,0,0,0,0,0,0,0,0,0,0,0,0,22,124,12,8,69,300,240,145,149,220,184,218,188,218,246,349,196,180,205,175,207,211,172,229,267,236,351,306
HOUSEHOLD_1_312,HOUSEHOLD_1,HOUSEHOLD,1,64,64,66,126,164,144,160,123,165,109,139,148,183,160,127,115,111,113,102,107,97,101,89,102,113,117,84,111,115,126,197,167,130,102,101,86,133,120,92,98,121,116,138,104,97,96,77,120,102,130,90,150,140,133,152,142,177,122,136,184,211,213,245,161
HOUSEHOLD_1_313,HOUSEHOLD_1,HOUSEHOLD,22,209,195,245,357,255,205,198,185,211,165,195,90,1,1,81,197,178,180,56,2,1,2,2,0,1,0,3,0,2,0,6,349,342,316,331,373,296,347,283,290,311,290,297,286,306,319,285,281,294,254,183,166,193,178,179,192,161,166,177,170,123,149,228,191
HOUSEHOLD_1_314,HOUSEHOLD_1,HOUSEHOLD,0,0,0,0,0,0,0,0,0,0,0,0,0,0,0,0,0,0,0,0,0,0,0,0,0,0,0,0,0,0,0,0,0,0,0,0,0,0,0,0,0,0,20,4,0,0,106,97,63,65,78,127,130,124,110,135,149,163,201,192,119,122,110,122,76
HOUSEHOLD_1_315,HOUSEHOLD_1,HOUSEHOLD,0,0,0,0,0,0,0,0,0,0,0,0,0,0,0,0,0,0,0,0,0,0,0,0,0,46,156,101,144,130,176,150,132,131,102,78,82,110,131,114,113,114,129,155,123,118,107,113,118,102,79,82,75,67,95,74,62,69,82,59,46,114,127,138,96
HOUSEHOLD_1_316,HOUSEHOLD_1,HOUSEHOLD,19,212,227,210,188,207,238,280,239,217,200,169,197,167,187,125,161,119,204,233,228,214,204,206,190,198,247,196,209,192,191,176,170,185,185,166,168,160,199,199,186,228,202,245,244,232,236,217,236,204,240,244,244,191,233,267,229,250,242,261,277,268,268,278,193
HOUSEHOLD_1_317,HOUSEHOLD_1,HOUSEHOLD,0,0,0,0,0,0,0,0,0,0,0,0,0,0,0,0,0,0,0,0,0,0,0,0,0,1,0,0,0,0,0,0,0,0,0,0,0,0,0,0,4,60,135,200,263,315,263,390,285,269,227,205,245,172,243,333,401,554,459,506,402,360,359,312,257
HOUSEHOLD_1_318,HOUSEHOLD_1,HOUSEHOLD,0,0,0,0,0,0,0,0,0,0,0,0,0,555,645,745,739,826,886,955,851,873,784,629,459,619,680,659,511,515,717,503,455,698,661,562,447,670,593,531,761,685,736,759,581,755,537,573,567,538,740,692,717,932,876,869,821,511,557,598,701,734,981,945,740
HOUSEHOLD_1_319,HOUSEHOLD_1,HOUSEHOLD,65,927,948,940,888,912,907,970,1029,1030,1114,965,927,1118,1309,959,863,788,939,1096,1040,1142,1003,990,1044,1111,1145,798,813,859,831,712,797,711,754,673,682,1001,955,802,887,817,850,902,806,825,793,745,782,933,1050,819,870,955,894,874,862,912,758,751,658,843,831,831,572
HOUSEHOLD_1_320,HOUSEHOLD_1,HOUSEHOLD,0,0,0,0,0,0,0,0,0,0,0,0,0,0,0,0,0,0,0,0,0,0,0,0,0,0,0,109,155,137,113,141,108,85,89,92,93,109,97,102,113,81,102,98,82,99,104,101,74,121,182,239,49,1,5,2,152,264,235,211,235,260,235,264,168
HOUSEHOLD_1_321,HOUSEHOLD_1,HOUSEHOLD,69,527,590,636,656,607,603,42,1,457,386,488,582,725,755,637,298,1113,839,857,776,867,686,897,697,712,783,672,621,675,672,600,515,701,521,639,673,626,638,760,775,784,680,720,495,676,464,1079,401,550,363,474,444,481,428,395,405,511,465,439,448,648,525,548,652
HOUSEHOLD_1_322,HOUSEHOLD_1,HOUSEHOLD,0,0,0,0,0,0,0,0,0,0,0,0,0,0,0,0,0,0,0,0,0,0,0,0,0,0,0,0,0,0,0,0,0,0,0,0,0,22,320,278,257,485,266,233,237,233,299,248,308,316,387,351,387,402,413,485,440,414,365,361,441,318,315,341,258
HOUSEHOLD_1_323,HOUSEHOLD_1,HOUSEHOLD,2,30,39,168,242,272,417,224,89,136,34,10,13,27,335,314,496,482,501,297,209,101,42,23,11,17,31,68,126,387,339,203,386,132,50,20,14,13,38,41,50,111,138,152,201,160,59,27,31,26,67,148,131,67,161,117,129,70,79,34,22,56,51,70,150
HOUSEHOLD_1_324,HOUSEHOLD_1,HOUSEHOLD,39,399,465,515,443,31,1,114,399,369,286,285,281,273,369,471,576,617,518,434,401,404,337,313,316,311,306,328,314,282,300,326,321,291,299,273,305,148,167,312,340,357,334,369,313,311,288,228,265,293,376,333,347,311,369,442,365,374,392,346,404,416,439,399,286
HOUSEHOLD_1_325,HOUSEHOLD_1,HOUSEHOLD,15,114,119,176,271,356,495,456,401,311,200,160,104,95,176,193,268,404,521,569,378,180,100,122,142,67,68,118,332,348,401,372,325,180,106,83,46,41,80,110,294,344,449,431,359,176,81,83,70,43,101,181,240,240,380,425,334,147,101,101,82,53,110,155,121
HOUSEHOLD_1_326,HOUSEHOLD_1,HOUSEHOLD,27,199,247,187,180,142,162,246,267,392,258,208,238,213,223,202,187,176,183,243,258,224,183,200,136,238,242,171,189,117,146,60,28,53,13,23,29,40,37,39,37,30,33,18,13,22,19,73,140,120,140,119,129,139,178,249,142,259,258,157,135,172,231,174,131
HOUSEHOLD_1_327,HOUSEHOLD_1,HOUSEHOLD,149,1075,2398,1232,1231,1180,1442,2257,2052,1986,1655,1710,2168,2318,3220,2483,1594,1595,2665,2415,3390,2160,1481,1694,2086,2751,3821,3209,2931,3078,2887,2196,3190,2374,2428,1574,1604,2585,3390,2148,399,10,1087,2173,1903,1382,1172,524,1778,2504,2668,2354,2368,2213,2327,2546,1888,1793,1578,1690,1983,1786,1818,1785,1102
HOUSEHOLD_1_328,HOUSEHOLD_1,HOUSEHOLD,0,0,0,0,0,0,0,0,0,0,0,0,0,0,0,0,0,0,0,0,0,0,0,0,0,0,0,0,0,0,0,0,0,0,0,0,0,178,331,427,974,803,845,902,872,872,977,1115,911,869,949,808,928,828,941,878,705,967,711,771,669,816,1317,1196,782
HOUSEHOLD_1_329,HOUSEHOLD_1,HOUSEHOLD,0,0,0,0,0,0,0,0,0,0,0,0,32,131,200,212,179,126,170,370,343,254,277,257,249,268,312,361,400,451,324,340,205,48,131,121,192,293,288,279,318,299,250,243,218,194,194,86,232,360,448,434,386,440,471,414,389,346,244,190,172,330,378,355,333
HOUSEHOLD_1_330,HOUSEHOLD_1,HOUSEHOLD,0,0,0,0,0,0,0,0,0,0,0,0,0,0,0,0,0,0,0,0,0,0,0,0,0,0,0,0,0,0,0,0,0,0,0,0,0,0,25,0,191,365,339,316,312,312,357,361,400,315,408,354,387,341,348,361,366,366,322,244,304,306,326,292,213
HOUSEHOLD_1_331,HOUSEHOLD_1,HOUSEHOLD,80,535,570,579,445,412,488,458,456,467,388,323,457,597,516,361,455,449,502,491,433,461,433,380,177,319,347,332,270,205,275,317,313,336,149,132,164,218,209,183,143,150,218,68,207,199,152,198,131,149,147,110,162,133,167,212,184,259,257,243,210,266,354,256,208
HOUSEHOLD_1_332,HOUSEHOLD_1,HOUSEHOLD,0,0,0,0,0,0,0,0,0,0,0,0,0,0,0,0,0,0,0,0,0,0,0,0,0,0,0,29,84,67,72,83,85,77,63,126,138,100,134,89,103,106,114,112,90,121,126,14,0,0,67,156,125,144,99,0,2,1,148,145,4,0,1,170,109
HOUSEHOLD_1_333,HOUSEHOLD_1,HOUSEHOLD,27,221,193,240,314,361,395,390,358,371,368,319,379,201,122,154,145,169,156,130,140,121,144,119,118,119,135,155,137,142,129,137,119,136,156,146,166,138,211,174,178,196,129,150,122,141,140,123,158,12,0,0,118,127,149,145,123,116,103,109,135,185,249,241,193
HOUSEHOLD_1_334,HOUSEHOLD_1,HOUSEHOLD,0,0,0,0,0,0,0,0,0,0,0,0,0,0,0,0,31,5412,3699,4988,5547,4507,3327,4019,3495,5485,5989,6433,4960,3717,4090,4006,3738,3147,2757,2699,2718,3992,3144,3387,3202,2824,2887,2835,2194,2361,2189,2003,2295,3583,2550,2964,3769,3377,4136,4434,4141,3614,3036,3244,3313,3933,4129,3512,2224
HOUSEHOLD_1_335,HOUSEHOLD_1,HOUSEHOLD,0,0,0,0,0,0,0,0,0,0,0,0,0,0,0,0,0,0,0,36,92,110,96,90,76,105,97,8,1,2,90,93,74,75,103,89,76,66,127,158,117,101,103,123,111,108,89,77,86,73,85,81,84,76,69,88,120,112,94,99,97,98,91,154,119
HOUSEHOLD_1_336,HOUSEHOLD_1,HOUSEHOLD,0,0,0,0,0,0,0,0,6,152,208,203,236,284,273,292,351,298,283,275,204,238,227,258,213,286,305,276,297,227,336,271,289,339,279,213,215,245,255,276,307,244,265,319,263,260,267,201,275,261,276,262,286,223,233,247,265,229,250,188,256,296,292,245,176
HOUSEHOLD_1_337,HOUSEHOLD_1,HOUSEHOLD,0,0,0,0,0,0,0,0,0,0,0,0,0,0,0,0,0,0,0,49,84,77,79,96,80,66,129,96,103,95,84,81,73,87,96,77,96,74,127,90,85,98,88,82,55,97,89,76,75,80,77,84,58,80,74,71,53,80,90,76,71,74,94,88,53
HOUSEHOLD_1_338,HOUSEHOLD_1,HOUSEHOLD,0,0,0,0,0,0,0,0,0,0,0,0,0,0,0,0,0,0,0,0,0,0,0,0,0,0,0,0,0,458,655,582,691,741,639,637,589,325,754,669,730,689,618,713,664,731,776,714,746,698,724,724,763,801,776,831,750,725,886,826,914,886,872,788,615
HOUSEHOLD_1_339,HOUSEHOLD_1,HOUSEHOLD,0,0,0,0,0,0,0,0,0,0,0,0,0,0,0,0,0,0,657,2444,3861,3352,2325,2731,1911,3497,3676,4667,3726,2779,3170,3574,2547,2778,2265,1870,1937,2906,2494,3159,2850,2503,2626,2207,1858,1798,1894,1747,1324,2324,2230,2268,2380,2933,2978,2896,2855,2299,1808,1917,1986,2037,2048,1681,1187
HOUSEHOLD_1_340,HOUSEHOLD_1,HOUSEHOLD,6,100,92,84,79,97,95,93,120,85,80,88,78,103,109,77,93,82,81,66,76,82,91,73,82,84,77,65,79,74,68,78,67,53,38,50,37,45,43,57,52,75,68,68,51,75,62,75,73,51,52,64,66,49,69,52,55,73,64,66,58,65,53,73,49
HOUSEHOLD_1_341,HOUSEHOLD_1,HOUSEHOLD,0,0,0,0,0,0,11,150,200,127,4,88,142,199,248,258,252,184,216,238,213,237,234,153,121,210,216,295,260,159,178,185,178,229,112,107,207,217,278,243,189,213,157,181,161,159,169,195,118,175,138,113,143,152,153,129,176,191,134,203,139,266,298,161,156
HOUSEHOLD_1_342,HOUSEHOLD_1,HOUSEHOLD,0,0,0,0,0,0,0,0,0,0,0,0,0,0,0,0,0,0,0,0,0,0,0,0,0,0,0,0,0,0,0,0,0,0,0,0,0,79,225,306,297,304,293,320,315,286,276,368,308,334,344,329,376,368,344,346,321,372,360,326,373,348,342,366,282
HOUSEHOLD_1_343,HOUSEHOLD_1,HOUSEHOLD,27,710,656,429,332,504,568,724,673,897,777,547,499,686,775,734,538,486,435,563,450,678,724,712,276,6,8,137,668,560,284,658,556,940,707,488,459,5,4,174,639,509,541,696,606,605,368,63,533,496,464,619,515,66,496,597,532,306,628,727,632,420,277,551,381
HOUSEHOLD_1_344,HOUSEHOLD_1,HOUSEHOLD,47,481,622,654,724,691,765,823,760,719,631,457,528,242,360,735,747,762,1030,936,870,675,639,527,497,541,599,553,694,557,506,578,660,670,570,475,414,433,581,514,628,679,834,884,823,854,534,375,363,402,520,586,572,665,821,722,608,763,592,449,428,595,565,532,400
HOUSEHOLD_1_345,HOUSEHOLD_1,HOUSEHOLD,43,333,318,299,343,411,405,474,417,323,343,332,378,364,400,326,321,382,373,351,351,335,294,284,337,256,288,237,318,362,348,409,367,377,333,294,357,288,273,289,289,294,337,359,318,288,256,249,277,225,241,195,250,267,270,276,247,226,231,188,214,241,184,197,165
HOUSEHOLD_1_346,HOUSEHOLD_1,HOUSEHOLD,0,0,0,0,0,0,0,0,0,0,0,0,0,78,249,161,13,0,2,162,219,181,186,197,180,185,222,277,5,6,90,335,302,207,184,200,195,185,222,198,222,280,233,244,249,235,250,177,194,202,232,220,236,237,279,281,261,212,207,199,215,219,227,231,170
HOUSEHOLD_1_347,HOUSEHOLD_1,HOUSEHOLD,45,428,387,211,264,321,275,334,328,395,375,396,366,424,412,409,446,401,377,485,563,463,412,411,396,486,483,333,420,435,421,473,433,401,408,402,432,472,534,447,477,494,517,436,511,519,511,435,456,481,570,515,518,503,535,504,316,578,463,398,444,536,458,462,304
HOUSEHOLD_1_348,HOUSEHOLD_1,HOUSEHOLD,0,0,0,0,0,0,0,0,0,0,0,0,0,0,0,2,0,0,301,504,659,568,477,570,586,537,734,685,660,682,685,715,711,669,591,475,520,521,688,698,763,771,753,779,691,648,571,478,637,519,397,494,892,852,779,429,815,766,668,638,677,733,838,830,599
HOUSEHOLD_1_349,HOUSEHOLD_1,HOUSEHOLD,0,0,0,0,0,0,0,0,0,0,0,0,0,0,0,0,0,0,0,0,0,0,0,0,0,0,0,0,0,0,0,0,0,0,0,0,0,10,505,517,610,622,643,824,779,949,758,786,765,630,650,546,498,532,526,539,505,630,482,533,560,584,543,515,236
HOUSEHOLD_1_350,HOUSEHOLD_1,HOUSEHOLD,43,269,453,571,564,555,583,572,559,608,657,581,545,571,455,418,421,427,545,454,446,486,464,402,434,437,372,262,6,4,108,369,245,310,294,294,294,374,341,241,235,262,274,271,246,278,281,221,317,297,359,330,312,299,343,336,327,289,382,354,319,341,343,311,253
HOUSEHOLD_1_351,HOUSEHOLD_1,HOUSEHOLD,0,0,0,0,0,0,0,0,0,0,0,0,0,0,0,0,64,4274,2532,2041,2984,2238,1491,1950,2106,3306,3246,3681,2711,2237,2505,2581,1908,2279,1941,1786,1830,2619,2322,2528,2423,2380,2378,2469,1981,1995,2060,1864,1796,2291,1830,2026,2319,2224,2479,2730,2512,2372,2081,2114,2201,2040,2218,1826,1128
HOUSEHOLD_1_353,HOUSEHOLD_1,HOUSEHOLD,0,0,39,147,177,193,186,244,237,240,158,126,166,162,175,129,135,110,150,168,132,120,89,110,117,112,110,124,149,148,196,163,141,139,109,93,113,117,125,97,126,131,147,206,185,161,135,119,125,126,133,144,181,171,193,205,194,148,132,125,121,131,144,160,125
HOUSEHOLD_1_354,HOUSEHOLD_1,HOUSEHOLD,89,612,656,593,558,585,693,595,558,576,503,503,577,376,386,303,298,336,393,435,446,365,337,347,334,333,425,412,423,344,304,317,364,318,373,364,332,319,407,399,366,472,425,373,347,367,392,357,432,444,471,430,609,542,633,506,713,715,642,542,631,627,622,607,397
HOUSEHOLD_1_355,HOUSEHOLD_1,HOUSEHOLD,0,0,0,0,0,0,0,0,0,0,0,0,0,0,0,0,0,0,0,0,0,4,30,39,146,194,230,188,205,194,171,206,141,205,175,152,29,1,0,1,0,0,129,175,195,189,174,182,194,222,306,301,301,229,256,285,184,217,131,122,113,174,154,150,136
HOUSEHOLD_1_356,HOUSEHOLD_1,HOUSEHOLD,0,0,0,0,0,0,0,0,0,0,0,0,0,0,0,0,0,0,0,0,0,0,0,0,0,0,0,0,0,0,75,348,420,846,920,1000,1033,944,621,496,429,14,0,0,210,510,502,458,483,406,467,424,382,37,0,0,0,0,0,198,578,740,161,2,1
HOUSEHOLD_1_357,HOUSEHOLD_1,HOUSEHOLD,88,507,615,556,251,470,433,343,271,4,4,3,0,3,2,7,4,7,1,4,116,513,388,536,580,489,467,535,504,421,382,413,467,517,586,368,331,442,393,530,479,262,10,16,216,563,568,366,1,4,199,341,513,390,10,11,285,611,439,235,4,6,22,725,538
HOUSEHOLD_1_358,HOUSEHOLD_1,HOUSEHOLD,0,0,0,0,0,0,0,0,0,0,0,0,0,0,0,0,0,0,0,184,244,272,275,239,201,260,204,240,230,224,221,240,240,279,257,290,238,240,232,214,217,259,225,258,269,252,218,236,278,261,279,334,314,311,225,13,4,0,311,302,11,1,6,411,294
HOUSEHOLD_1_359,HOUSEHOLD_1,HOUSEHOLD,0,0,0,0,0,0,0,0,0,0,0,0,1,173,352,260,322,405,416,473,419,431,392,419,353,428,419,354,430,429,400,436,452,393,408,384,326,0,0,0,0,0,0,0,0,0,0,0,0,41,177,216,209,246,284,284,240,208,192,227,248,168,392,368,232
HOUSEHOLD_1_360,HOUSEHOLD_1,HOUSEHOLD,18,102,112,135,135,144,143,192,145,126,111,105,94,91,107,114,108,120,155,142,124,142,146,114,126,110,114,99,81,108,88,116,92,82,86,77,82,90,88,75,78,99,88,109,93,97,82,63,91,71,81,76,105,93,140,101,101,122,107,98,93,95,106,115,73
HOUSEHOLD_1_361,HOUSEHOLD_1,HOUSEHOLD,0,0,0,0,0,0,0,0,0,0,0,0,0,0,0,0,0,0,0,295,405,435,448,472,561,452,660,549,516,547,529,545,543,595,579,600,616,590,648,545,581,634,606,654,636,673,602,575,674,585,662,670,697,554,790,692,738,689,694,709,665,726,777,744,507
HOUSEHOLD_1_362,HOUSEHOLD_1,HOUSEHOLD,19,179,171,104,93,120,119,117,132,143,144,136,152,108,133,106,89,109,126,164,166,162,191,141,142,153,158,104,130,112,104,110,116,141,166,144,159,116,170,145,144,134,128,132,122,139,155,109,124,107,144,121,90,106,137,134,151,109,124,128,115,105,114,117,93
HOUSEHOLD_1_363,HOUSEHOLD_1,HOUSEHOLD,0,0,0,0,0,0,0,0,0,0,0,0,0,0,0,0,0,0,0,0,0,0,0,0,0,0,0,118,141,166,255,275,234,186,172,127,137,146,163,143,161,162,191,209,169,171,164,150,160,181,203,196,191,196,200,215,211,201,158,147,175,157,158,174,143
HOUSEHOLD_1_364,HOUSEHOLD_1,HOUSEHOLD,27,110,153,174,86,113,230,257,272,337,233,196,250,241,311,265,308,279,264,345,280,248,222,142,235,204,271,240,208,195,229,244,251,224,180,144,159,135,146,121,119,120,135,153,151,131,115,108,101,103,138,103,122,132,122,143,139,148,115,80,107,89,108,129,94
HOUSEHOLD_1_365,HOUSEHOLD_1,HOUSEHOLD,33,270,267,242,256,245,288,258,200,245,226,267,291,249,283,245,238,242,208,179,173,195,202,222,210,186,214,218,217,210,199,194,185,211,216,201,200,191,156,135,173,178,181,188,168,176,165,152,172,142,183,190,209,190,202,207,177,174,177,170,213,191,167,212,141
HOUSEHOLD_1_366,HOUSEHOLD_1,HOUSEHOLD,0,0,0,0,0,0,0,110,1490,1728,1410,1224,1233,1401,1425,1354,1283,1512,1443,1607,1478,1625,1477,1645,1486,1270,518,20,0,0,334,954,1061,935,954,1048,1191,1100,943,793,671,12,1,0,416,931,886,871,901,764,761,681,665,187,16,1,1,0,0,277,709,891,308,0,0
HOUSEHOLD_1_367,HOUSEHOLD_1,HOUSEHOLD,0,0,2,47,66,55,69,72,69,80,48,75,83,67,67,75,97,89,99,71,88,62,63,48,57,69,59,65,42,55,50,51,67,50,31,39,38,23,49,45,61,77,75,70,63,60,45,52,75,57,64,70,79,104,97,113,103,111,84,90,76,101,106,106,74
HOUSEHOLD_1_368,HOUSEHOLD_1,HOUSEHOLD,15,84,83,80,85,81,77,109,96,98,65,69,129,109,114,116,116,119,117,139,122,119,118,98,86,100,83,124,85,92,119,127,111,113,96,75,14,22,17,66,102,72,14,88,105,93,66,59,71,58,86,102,116,93,117,69,86,126,103,91,80,51,136,114,107
HOUSEHOLD_1_369,HOUSEHOLD_1,HOUSEHOLD,0,0,0,0,0,0,0,0,0,0,0,0,0,49,544,548,519,541,623,560,421,549,449,368,473,552,485,392,427,425,414,474,491,468,342,352,442,424,492,341,358,360,433,514,375,435,311,408,354,406,497,468,406,591,540,587,511,510,459,478,518,506,520,486,242
HOUSEHOLD_1_370,HOUSEHOLD_1,HOUSEHOLD,61,513,520,451,439,453,543,481,467,499,448,472,437,302,326,502,526,516,519,515,533,547,413,388,337,364,439,452,370,475,502,534,414,552,553,526,588,553,456,311,430,418,428,462,381,435,427,203,5,7,226,450,441,433,494,477,470,502,460,436,535,454,578,464,302
HOUSEHOLD_1_371,HOUSEHOLD_1,HOUSEHOLD,0,0,0,0,0,0,0,0,0,0,0,0,0,0,0,0,0,0,0,0,0,0,0,0,0,0,0,0,0,0,0,0,0,0,0,0,0,0,0,0,0,0,29,6,1,4,135,95,261,334,335,432,385,332,358,325,312,381,325,328,370,464,482,416,261
HOUSEHOLD_1_372,HOUSEHOLD_1,HOUSEHOLD,104,666,774,778,724,557,442,453,417,430,361,378,384,359,247,228,221,265,326,373,379,396,273,321,342,321,404,411,433,452,489,544,537,544,500,445,493,543,461,440,362,498,480,543,549,547,488,84,629,438,485,409,395,363,433,567,478,509,496,427,763,513,567,516,372
HOUSEHOLD_1_373,HOUSEHOLD_1,HOUSEHOLD,307,1902,1778,1948,1837,1757,1947,1881,1784,2098,1893,1717,1731,1611,1724,1603,1645,1642,1642,1538,1802,1825,1735,1709,1781,1195,1185,1183,1246,1405,1359,1444,1501,1455,1307,1302,1431,1257,1422,1196,1236,1207,1337,1449,1366,1278,1263,1203,1331,1165,1309,1151,1130,1172,1156,972,952,978,909,1039,1183,999,1112,845,602
HOUSEHOLD_1_374,HOUSEHOLD_1,HOUSEHOLD,19,228,195,252,246,172,139,178,141,101,86,109,104,62,0,0,49,182,204,200,271,232,211,223,271,58,6,7,85,99,152,132,98,133,154,104,115,220,161,146,171,147,220,200,157,114,130,127,168,145,147,237,288,175,180,175,173,147,157,192,192,199,167,159,125
HOUSEHOLD_1_375,HOUSEHOLD_1,HOUSEHOLD,16,162,175,137,115,120,132,145,148,162,129,124,120,126,216,177,157,136,138,123,134,98,98,100,105,124,140,121,122,99,112,110,104,106,76,90,96,74,107,110,91,95,112,130,77,112,99,84,68,84,130,109,118,80,81,104,79,98,95,74,90,109,95,97,67
HOUSEHOLD_1_376,HOUSEHOLD_1,HOUSEHOLD,43,311,338,385,396,325,321,253,276,283,224,223,239,210,305,277,310,336,350,346,323,305,297,268,295,284,325,325,335,357,329,339,366,331,282,270,308,283,320,312,357,390,383,346,330,352,286,50,4,5,239,294,266,324,336,367,344,333,317,238,309,319,285,308,241
HOUSEHOLD_1_377,HOUSEHOLD_1,HOUSEHOLD,9,94,177,161,168,133,137,164,196,214,171,144,143,207,205,169,195,171,183,156,169,187,188,172,176,126,210,207,186,169,162,173,181,158,122,165,143,166,155,144,137,123,128,120,128,150,171,151,169,180,185,151,151,142,126,162,134,137,117,127,132,144,121,112,89
HOUSEHOLD_1_378,HOUSEHOLD_1,HOUSEHOLD,0,0,0,0,0,0,0,0,0,0,0,0,0,0,0,0,0,0,0,0,0,0,0,0,0,0,0,0,0,0,0,0,0,0,0,0,0,0,0,0,9,3,1,53,52,42,36,27,44,51,62,47,0,0,11,51,45,39,25,32,46,64,59,71,44
HOUSEHOLD_1_379,HOUSEHOLD_1,HOUSEHOLD,145,948,880,913,935,865,957,1058,884,822,769,629,718,788,901,898,1008,1078,1112,1016,1013,983,729,677,690,723,883,810,776,711,665,866,893,860,695,583,497,543,561,593,620,522,542,633,576,566,478,463,482,443,476,645,654,673,691,696,792,706,511,501,496,659,639,739,552
HOUSEHOLD_1_380,HOUSEHOLD_1,HOUSEHOLD,0,0,0,0,0,0,0,0,0,0,0,0,0,0,0,0,0,0,0,0,0,0,0,0,0,0,0,0,0,0,0,81,172,162,156,156,177,102,140,114,135,141,175,179,154,172,177,179,182,174,179,171,195,198,210,196,184,191,162,189,179,186,208,190,115
HOUSEHOLD_1_381,HOUSEHOLD_1,HOUSEHOLD,44,305,318,307,330,317,367,356,329,368,327,301,361,333,273,234,213,327,365,321,347,323,263,321,277,262,287,239,242,279,284,290,278,276,235,237,246,259,231,192,212,197,236,261,235,241,212,222,235,224,234,214,274,279,299,301,291,304,315,286,295,326,325,356,263
HOUSEHOLD_1_382,HOUSEHOLD_1,HOUSEHOLD,0,0,0,0,0,0,0,0,0,0,0,0,0,0,0,0,0,0,0,0,0,0,0,0,0,0,0,0,0,0,0,0,0,0,0,0,0,0,0,0,0,0,13,233,186,256,241,202,166,268,258,200,305,290,290,348,338,434,482,479,380,475,561,483,391
HOUSEHOLD_1_383,HOUSEHOLD_1,HOUSEHOLD,0,0,0,0,0,0,0,0,0,0,0,0,0,0,0,0,0,0,0,0,0,0,0,0,0,61,360,331,354,440,419,470,431,390,342,330,356,390,329,304,350,357,389,402,406,412,382,367,388,418,322,307,366,347,387,420,331,323,241,222,273,323,365,382,277
HOUSEHOLD_1_384,HOUSEHOLD_1,HOUSEHOLD,0,0,0,0,0,0,0,0,0,0,0,0,0,0,0,0,0,0,0,0,0,0,0,0,0,0,0,0,0,0,0,0,0,0,0,0,72,0,0,157,321,306,338,274,221,270,279,83,191,200,210,218,244,227,226,236,239,306,271,249,261,297,331,321,210
HOUSEHOLD_1_385,HOUSEHOLD_1,HOUSEHOLD,0,0,0,0,0,0,0,0,0,0,0,0,0,0,0,0,0,0,0,0,0,0,0,0,0,0,0,0,136,1516,1121,1183,1234,1202,1091,953,1084,731,582,414,635,588,766,834,667,849,695,978,997,994,953,869,1015,902,981,1010,925,880,835,869,878,871,840,868,605
HOUSEHOLD_1_386,HOUSEHOLD_1,HOUSEHOLD,0,0,0,0,0,0,0,0,0,0,0,0,0,0,0,0,570,675,750,774,571,549,495,564,548,599,698,749,722,577,639,791,749,643,740,771,137,0,0,621,616,650,558,704,659,580,564,585,602,398,487,447,517,482,503,534,496,555,558,450,503,718,768,803,575
HOUSEHOLD_1_387,HOUSEHOLD_1,HOUSEHOLD,169,908,858,881,1012,999,1006,105,4,777,667,973,1038,973,710,606,336,1374,877,904,773,901,712,840,806,622,631,642,652,801,833,867,589,834,548,637,641,620,721,735,902,930,758,910,455,870,565,1202,524,916,917,865,809,860,880,878,861,874,827,755,792,858,903,881,591
HOUSEHOLD_1_388,HOUSEHOLD_1,HOUSEHOLD,0,0,0,0,0,0,0,0,0,0,0,0,0,0,0,0,0,0,0,0,0,0,0,0,0,0,0,0,0,0,0,0,0,0,0,0,0,0,0,0,0,0,0,0,0,111,175,152,181,235,200,188,47,0,2,225,229,201,201,181,209,185,3,0,30
HOUSEHOLD_1_389,HOUSEHOLD_1,HOUSEHOLD,107,799,1616,1144,985,1189,1476,1869,1507,1544,974,1074,1546,2039,2566,1644,1050,1155,1862,1548,2432,1312,1005,951,1402,1660,2213,2034,2264,2068,2284,1536,2215,1753,1634,912,998,2094,1860,1806,313,7,683,1518,1319,962,919,580,1456,2489,2218,2386,2278,2170,2394,2491,1736,1563,1449,1202,1670,1555,1275,1237,858
HOUSEHOLD_1_390,HOUSEHOLD_1,HOUSEHOLD,0,0,0,0,0,0,0,0,0,0,0,0,0,0,0,0,0,0,0,0,0,0,0,0,0,0,0,0,0,0,0,0,0,0,0,0,0,0,0,0,0,0,0,0,0,78,297,305,318,376,346,361,353,285,338,428,342,381,371,352,374,350,338,356,226
HOUSEHOLD_1_393,HOUSEHOLD_1,HOUSEHOLD,81,466,375,286,246,234,213,219,245,327,362,404,432,303,392,408,427,429,571,583,370,377,438,529,472,462,662,674,761,751,791,785,799,809,736,799,855,740,581,577,527,537,513,541,523,535,536,563,614,577,617,617,654,615,609,635,621,636,644,682,714,679,656,519,402
HOUSEHOLD_1_394,HOUSEHOLD_1,HOUSEHOLD,0,0,0,0,0,0,0,0,0,0,0,0,2,168,267,214,203,227,149,153,186,165,165,124,129,147,158,97,123,106,134,193,181,187,154,75,119,160,155,182,182,165,189,190,191,189,172,165,163,132,134,121,89,90,158,206,199,159,142,144,154,185,175,200,125
HOUSEHOLD_1_395,HOUSEHOLD_1,HOUSEHOLD,85,470,352,363,283,261,265,314,281,328,241,292,316,263,252,208,176,210,208,218,187,211,186,183,137,175,213,168,149,140,143,108,132,106,52,100,113,100,83,54,37,61,85,74,64,109,72,102,123,122,132,122,156,137,191,173,143,199,215,177,160,155,203,149,103
HOUSEHOLD_1_396,HOUSEHOLD_1,HOUSEHOLD,0,0,0,0,0,0,0,0,0,0,0,0,0,0,0,0,0,0,0,0,0,0,0,0,0,0,0,0,0,0,0,0,0,0,0,0,13,58,370,271,115,39,138,283,301,278,355,301,310,291,370,369,322,356,363,365,301,385,363,357,363,327,348,326,207
HOUSEHOLD_1_397,HOUSEHOLD_1,HOUSEHOLD,45,344,348,373,411,578,469,630,658,290,27,19,457,430,571,521,499,567,562,576,520,382,558,528,532,403,519,312,318,335,423,428,327,369,350,259,333,338,317,265,82,5,184,264,239,215,176,178,205,167,227,209,245,305,250,324,284,353,267,281,289,323,379,354,316
HOUSEHOLD_1_398,HOUSEHOLD_1,HOUSEHOLD,0,0,0,0,0,0,0,0,0,0,0,0,0,0,163,213,237,236,242,248,224,222,172,158,198,166,186,161,186,178,197,198,177,155,138,121,145,109,154,124,149,140,167,165,145,172,145,112,110,120,139,195,189,206,230,232,201,210,173,144,197,168,178,191,129
HOUSEHOLD_1_399,HOUSEHOLD_1,HOUSEHOLD,0,0,0,0,0,0,46,684,525,868,1301,1320,1329,985,915,781,976,1122,1139,1254,1375,1024,1151,1018,1070,1030,895,786,876,854,924,971,868,772,778,641,694,599,764,811,865,900,907,989,926,276,11,12,971,1063,1564,1734,2075,2046,2233,2273,2211,2048,1842,1910,2193,2165,2338,2407,1987
HOUSEHOLD_1_400,HOUSEHOLD_1,HOUSEHOLD,0,0,0,0,0,0,0,0,0,0,0,0,0,0,0,0,33,49,62,66,74,85,66,59,66,56,71,75,79,77,62,63,28,65,69,81,90,73,87,66,79,84,86,67,63,60,64,73,76,48,62,65,103,112,68,92,136,140,165,151,135,191,202,244,162
HOUSEHOLD_1_401,HOUSEHOLD_1,HOUSEHOLD,18,136,121,123,129,132,148,132,106,100,81,66,71,73,89,67,81,75,104,89,80,89,117,86,33,36,27,3,0,0,34,72,86,106,90,74,65,107,129,85,113,114,99,103,77,94,78,77,59,98,105,85,105,107,108,125,128,75,82,70,66,115,100,128,79
HOUSEHOLD_1_402,HOUSEHOLD_1,HOUSEHOLD,0,0,0,0,0,0,0,0,0,0,0,0,0,0,0,0,0,0,0,0,0,0,0,0,0,0,0,0,0,0,0,0,0,0,0,0,0,0,0,16,44,4,0,0,69,45,49,57,52,33,66,93,110,42,1,2,66,133,78,81,89,79,95,125,84
HOUSEHOLD_1_403,HOUSEHOLD_1,HOUSEHOLD,0,0,0,0,0,1,54,108,102,111,87,112,100,102,110,106,96,97,95,150,149,162,141,130,130,139,154,130,114,133,157,115,113,130,114,105,103,93,119,118,76,95,101,105,94,91,78,93,89,114,95,121,108,103,106,95,123,108,102,84,142,117,158,134,84
HOUSEHOLD_1_404,HOUSEHOLD_1,HOUSEHOLD,0,0,0,211,432,582,423,399,414,486,504,518,479,467,552,585,514,618,661,648,647,489,581,584,536,532,608,468,559,651,670,625,583,188,6,3,498,600,740,561,682,730,699,722,653,591,278,3,0,486,603,563,584,569,560,693,633,635,519,496,562,512,464,483,317
HOUSEHOLD_1_405,HOUSEHOLD_1,HOUSEHOLD,0,0,0,0,0,0,0,0,0,0,0,0,0,0,0,0,0,0,0,0,0,0,0,0,0,0,0,0,0,0,0,0,22,60,65,48,40,96,82,81,100,101,108,111,113,117,124,90,113,97,97,111,109,110,126,121,109,100,100,89,87,122,182,181,150
HOUSEHOLD_1_406,HOUSEHOLD_1,HOUSEHOLD,0,0,0,0,0,0,0,0,0,19,101,95,114,82,41,0,0,0,0,0,0,0,12,136,243,38,1,0,0,61,144,173,156,136,134,115,184,154,198,181,206,39,5,8,4,115,197,176,217,158,226,211,209,203,188,199,202,174,205,168,215,179,203,145,90
HOUSEHOLD_1_407,HOUSEHOLD_1,HOUSEHOLD,0,0,0,0,0,0,0,0,0,0,0,0,0,0,0,0,0,0,0,0,0,0,0,0,0,17,140,127,153,155,118,184,172,202,161,150,209,180,184,158,186,127,0,0,67,205,229,194,172,136,177,190,248,226,198,234,273,255,215,257,262,232,304,301,229
HOUSEHOLD_1_408,HOUSEHOLD_1,HOUSEHOLD,44,443,526,454,399,295,143,477,608,175,99,137,266,377,330,354,296,179,197,275,292,273,279,346,365,228,259,144,446,385,234,350,410,492,617,642,544,195,1,3,264,519,550,559,447,488,463,382,450,466,458,480,455,374,383,402,189,1,1,0,148,370,426,431,356
HOUSEHOLD_1_409,HOUSEHOLD_1,HOUSEHOLD,0,0,0,0,0,0,0,0,0,0,0,0,0,0,0,0,0,0,0,426,1868,1848,1868,1817,1610,1871,3483,4273,4370,4400,4403,3965,3131,3019,2966,2600,2559,2333,2215,2099,2473,2538,2294,2749,2171,1693,1377,1299,1637,1775,1827,1753,1996,2111,2252,2132,2288,2159,1521,1614,2094,1893,2085,2179,1824
HOUSEHOLD_1_410,HOUSEHOLD_1,HOUSEHOLD,73,975,1113,1233,869,901,1166,1288,1124,991,883,804,834,759,863,124,4,3,5,9,6,197,829,853,851,888,938,848,563,4,18,10,12,592,882,738,695,676,775,197,10,3,7,8,4,5,1,2,6,2,3,0,6,7,948,1413,1360,1420,1288,1701,1659,1788,1957,912,1545
HOUSEHOLD_1_411,HOUSEHOLD_1,HOUSEHOLD,0,0,49,457,628,702,779,778,655,677,611,608,650,727,717,632,622,741,752,674,731,734,673,720,724,855,603,563,512,561,415,409,414,122,5,207,284,402,410,348,407,413,444,472,444,449,406,426,431,481,462,364,435,491,544,517,506,599,510,566,626,679,564,510,362
HOUSEHOLD_1_412,HOUSEHOLD_1,HOUSEHOLD,0,0,0,0,0,0,0,0,0,0,0,0,0,0,0,0,0,0,0,195,359,360,290,266,119,276,295,208,242,235,226,226,207,219,221,245,235,202,188,151,141,179,155,157,160,163,128,132,154,128,118,134,148,156,177,185,182,167,133,170,141,151,168,227,140
HOUSEHOLD_1_413,HOUSEHOLD_1,HOUSEHOLD,22,51,5,0,93,103,115,144,204,286,262,279,258,273,193,188,166,158,125,119,175,149,176,220,130,299,296,318,276,288,272,321,295,224,151,212,220,284,420,408,423,385,412,395,388,418,382,445,443,352,441,411,433,359,368,438,447,426,447,423,426,351,367,405,309
HOUSEHOLD_1_414,HOUSEHOLD_1,HOUSEHOLD,0,0,0,0,0,0,0,0,0,0,0,0,0,725,2113,1129,600,858,1419,1476,1884,748,400,729,1615,2312,1929,2509,2697,2283,2803,666,0,73,520,110,16,2,1609,280,16,6,263,1283,1162,1125,1216,627,1502,2227,2268,2036,2041,2249,2055,2088,1393,1448,1190,1074,1612,1485,1452,1458,918
HOUSEHOLD_1_415,HOUSEHOLD_1,HOUSEHOLD,0,0,0,0,0,0,54,80,87,73,59,77,80,83,136,119,113,105,103,95,79,71,64,66,97,83,92,95,89,79,53,72,74,88,48,68,67,79,94,95,101,93,90,81,88,119,69,86,71,79,89,129,104,120,116,118,125,122,104,104,106,107,106,156,89
HOUSEHOLD_1_416,HOUSEHOLD_1,HOUSEHOLD,43,570,754,1117,976,1073,1538,1480,1579,1521,1039,1006,985,1018,777,827,979,1446,1650,1657,1078,1347,1036,850,763,475,675,558,716,1343,1179,1060,1294,941,708,538,511,498,421,362,600,997,1254,1187,1148,889,489,505,468,311,424,548,717,980,920,1364,792,527,449,406,426,642,634,691,594
HOUSEHOLD_1_417,HOUSEHOLD_1,HOUSEHOLD,21,130,148,152,156,144,161,180,185,181,131,125,149,170,166,167,167,160,161,207,185,163,143,145,174,158,132,121,93,107,120,165,131,122,88,79,106,132,131,126,96,125,118,159,126,146,98,95,106,148,147,145,149,148,167,175,165,180,136,140,133,140,147,141,140
HOUSEHOLD_1_418,HOUSEHOLD_1,HOUSEHOLD,0,0,0,0,0,0,0,0,0,0,0,0,0,0,0,0,86,4296,3334,3458,3284,2874,2134,2671,2148,3023,3278,3406,2590,1844,2421,2335,2152,1591,831,780,1343,2286,1804,1977,1679,1616,1659,2464,2296,2098,1831,1942,2141,2680,2438,2516,3043,2873,3030,2933,3572,2869,2735,2940,2751,2776,3106,3139,2403
HOUSEHOLD_1_419,HOUSEHOLD_1,HOUSEHOLD,0,0,0,0,0,0,0,0,0,0,0,0,0,0,0,0,0,0,0,0,0,0,0,0,0,0,38,69,93,91,90,119,101,117,102,79,86,86,83,87,81,103,99,100,108,99,108,91,112,83,107,111,105,98,98,111,96,121,111,109,114,96,93,120,102
HOUSEHOLD_1_420,HOUSEHOLD_1,HOUSEHOLD,0,0,0,0,0,0,0,0,0,0,0,0,0,0,0,0,0,0,0,0,0,0,0,0,0,0,0,0,0,0,29,60,27,30,228,215,139,161,165,123,149,117,131,174,191,219,290,309,161,156,153,140,162,150,145,150,174,298,350,317,164,138,166,160,89
HOUSEHOLD_1_421,HOUSEHOLD_1,HOUSEHOLD,0,0,0,0,0,0,0,0,0,0,0,0,0,113,218,165,198,214,247,237,211,166,156,190,190,205,217,215,240,178,0,0,80,322,287,231,209,10,0,0,0,0,0,0,0,0,0,0,0,159,362,330,364,373,427,464,446,456,379,351,403,408,452,421,296
HOUSEHOLD_1_422,HOUSEHOLD_1,HOUSEHOLD,8,73,61,59,55,51,74,82,71,89,80,96,97,110,122,151,136,136,155,166,137,178,147,135,133,136,133,127,114,147,131,116,126,114,137,121,136,115,125,122,123,146,142,141,144,133,142,139,157,133,132,147,137,155,177,167,150,153,169,151,162,159,153,172,120
HOUSEHOLD_1_423,HOUSEHOLD_1,HOUSEHOLD,0,0,0,0,0,0,0,0,0,0,0,0,0,0,0,0,0,0,0,0,0,0,0,0,0,0,0,0,0,0,0,0,0,0,0,0,0,0,0,0,4,21,16,28,18,55,80,61,43,44,51,26,10,33,35,59,82,187,162,155,170,110,125,106,50
HOUSEHOLD_1_424,HOUSEHOLD_1,HOUSEHOLD,0,0,74,198,237,207,234,284,387,306,259,197,210,369,437,342,311,476,326,304,367,360,417,358,236,309,320,294,251,257,172,149,191,230,74,75,72,125,123,69,89,99,92,157,194,180,170,125,131,128,148,85,113,108,94,126,133,157,119,82,103,173,170,133,102
HOUSEHOLD_1_425,HOUSEHOLD_1,HOUSEHOLD,180,685,938,773,704,823,903,750,708,616,210,436,610,549,401,504,506,478,523,653,593,594,587,567,630,510,606,580,595,638,689,807,612,701,646,623,655,615,596,550,552,652,658,707,580,521,479,98,508,486,584,617,593,722,846,837,706,753,703,644,1046,753,756,697,522
HOUSEHOLD_1_426,HOUSEHOLD_1,HOUSEHOLD,0,0,0,0,0,0,0,0,0,0,0,0,0,0,0,0,0,0,0,320,628,614,438,526,580,559,508,476,530,558,591,646,580,507,638,541,577,566,549,493,482,517,548,638,646,660,609,726,694,551,510,416,406,307,387,422,226,389,364,389,438,469,404,389,238
HOUSEHOLD_1_427,HOUSEHOLD_1,HOUSEHOLD,0,0,0,0,0,0,0,114,1413,1999,1689,1726,1579,1707,1641,1585,1670,1878,1642,1876,1774,1753,1769,1901,1683,1436,627,38,0,0,393,1371,1296,1029,591,828,939,753,968,867,857,16,2,1,548,1185,1254,1156,1141,1001,912,782,786,135,6,4,0,2,0,471,1076,997,362,4,0
HOUSEHOLD_1_428,HOUSEHOLD_1,HOUSEHOLD,22,205,220,170,155,166,129,179,155,175,119,131,122,136,167,166,141,131,126,178,177,153,178,200,185,210,215,174,193,166,157,175,172,88,154,123,136,157,183,160,133,136,158,114,148,174,125,104,106,104,122,141,94,110,92,138,102,116,109,103,89,113,113,132,73
HOUSEHOLD_1_429,HOUSEHOLD_1,HOUSEHOLD,0,0,0,0,0,0,0,0,0,0,0,0,0,0,0,0,0,0,0,0,0,0,0,0,0,0,0,0,0,0,0,0,0,0,0,0,0,0,883,1332,1520,1381,1480,1493,1079,1403,1294,1278,1339,1395,1541,1360,1536,1581,1639,1748,1647,1183,1577,1562,1568,1608,1695,1864,1209
HOUSEHOLD_1_430,HOUSEHOLD_1,HOUSEHOLD,0,0,0,0,0,0,61,442,709,668,844,1139,1235,64,0,0,1,0,0,0,0,0,2,0,0,0,0,0,0,0,157,384,419,338,278,205,300,373,581,380,117,0,125,327,181,125,207,216,1392,1265,1207,1303,1459,1497,1603,2606,1959,1511,1178,1066,1159,1192,1379,1237,867
HOUSEHOLD_1_431,HOUSEHOLD_1,HOUSEHOLD,0,0,0,0,0,0,0,0,0,0,0,0,0,0,0,0,0,0,0,0,0,0,0,0,0,1,23,283,599,533,696,649,324,13,0,2,1,0,34,65,331,509,605,586,620,577,429,315,271,319,294,26,7,2,192,520,563,481,505,307,290,383,430,413,312
HOUSEHOLD_1_432,HOUSEHOLD_1,HOUSEHOLD,13,133,133,109,121,127,150,132,151,164,128,122,144,157,182,175,156,179,182,175,165,151,121,171,136,168,163,136,145,139,176,191,146,171,112,113,103,140,173,144,122,133,142,175,155,160,177,138,134,114,133,146,158,149,140,160,161,151,133,136,135,154,159,195,107
HOUSEHOLD_1_433,HOUSEHOLD_1,HOUSEHOLD,0,0,0,0,0,0,0,0,0,0,0,0,0,0,0,0,0,0,0,0,0,0,0,0,0,0,0,0,0,0,0,0,0,0,0,0,0,0,0,0,0,22,53,58,73,61,59,79,82,56,75,59,83,85,80,74,64,89,76,75,95,82,92,112,82
HOUSEHOLD_1_434,HOUSEHOLD_1,HOUSEHOLD,113,900,1060,686,3,754,1069,1003,920,932,843,895,937,982,917,890,865,929,944,998,998,835,800,747,808,769,620,516,544,557,476,564,593,557,548,498,469,554,600,589,527,557,598,427,471,530,475,560,520,514,526,470,505,574,597,540,588,569,545,524,560,644,635,576,434
HOUSEHOLD_1_435,HOUSEHOLD_1,HOUSEHOLD,0,0,0,0,0,0,0,0,0,0,0,0,0,0,0,0,0,0,0,0,0,0,0,0,18,1,0,3,0,0,11,34,33,27,30,37,134,172,176,109,112,100,110,135,127,135,110,106,93,83,109,113,138,106,101,94,85,104,100,98,109,112,122,123,76
HOUSEHOLD_1_436,HOUSEHOLD_1,HOUSEHOLD,55,350,389,374,349,379,388,338,297,218,140,136,197,202,271,265,156,47,9,39,10,5,4,5,2,0,10,3,10,6,14,8,6,4,8,6,2,4,10,11,165,203,167,165,196,159,141,182,203,198,41,11,5,4,4,108,163,154,181,226,188,52,3,2,56
HOUSEHOLD_1_437,HOUSEHOLD_1,HOUSEHOLD,139,1001,986,939,849,749,665,533,652,396,10,3,16,8,9,8,9,169,934,827,654,518,791,910,919,650,519,638,595,629,748,699,898,599,419,381,537,643,654,669,808,798,301,26,16,5,2,6,447,579,724,627,604,589,690,594,602,561,686,658,711,704,718,692,467
HOUSEHOLD_1_438,HOUSEHOLD_1,HOUSEHOLD,85,445,446,461,446,443,523,451,489,599,560,604,585,469,497,343,315,310,396,404,313,362,396,435,372,279,342,250,355,385,377,401,386,431,471,407,395,393,284,241,248,268,226,260,195,246,250,244,232,205,277,262,262,272,267,277,240,260,284,296,306,271,317,277,218
HOUSEHOLD_1_439,HOUSEHOLD_1,HOUSEHOLD,152,939,1358,887,715,1232,1541,1922,1742,1869,1416,1341,1736,2253,3401,2405,1505,1614,2054,1873,3272,1743,1585,1503,2027,1856,2343,2151,1910,2180,2273,1479,1851,1661,1217,857,792,1704,1887,1906,321,0,673,1344,1218,876,552,382,1022,2140,1792,1838,1842,1834,1973,2272,1440,1382,1160,1110,1444,1051,812,673,529
HOUSEHOLD_1_440,HOUSEHOLD_1,HOUSEHOLD,0,347,446,656,465,519,542,489,444,498,512,482,521,571,543,444,412,385,369,364,372,340,281,247,367,305,333,281,344,335,340,290,294,331,359,340,286,255,178,346,91,2,2,103,295,277,296,320,328,318,496,347,359,350,380,329,329,338,360,348,421,437,495,548,439
HOUSEHOLD_1_441,HOUSEHOLD_1,HOUSEHOLD,30,486,560,692,763,582,513,736,619,326,0,103,625,802,600,566,674,703,636,1000,597,549,461,712,548,531,292,298,206,422,303,351,554,460,580,451,482,462,381,442,456,510,376,500,439,427,398,368,498,566,489,50,192,359,359,300,968,1414,1314,1308,1911,2491,2348,1413,1723
HOUSEHOLD_1_442,HOUSEHOLD_1,HOUSEHOLD,0,0,0,0,0,0,0,0,0,0,0,0,0,0,0,0,0,0,0,0,0,0,0,0,0,0,0,0,0,0,0,0,0,0,0,0,0,0,144,150,160,180,184,191,188,208,210,212,232,218,217,283,271,240,350,233,208,288,263,259,285,267,280,229,206
HOUSEHOLD_1_443,HOUSEHOLD_1,HOUSEHOLD,0,80,366,465,383,375,224,236,51,184,252,391,374,393,392,398,414,467,472,525,310,329,270,360,414,328,516,416,511,583,666,630,679,573,691,704,693,581,167,4,4,675,726,657,54,8,295,600,728,541,611,664,602,247,474,652,625,660,727,728,873,773,715,757,507
HOUSEHOLD_1_444,HOUSEHOLD_1,HOUSEHOLD,0,0,0,0,0,0,0,0,0,0,0,0,0,0,0,0,0,0,0,0,0,0,0,0,0,0,0,0,0,0,35,70,9,14,64,41,94,142,149,124,125,132,157,167,175,132,120,122,143,164,202,176,133,124,117,166,169,174,119,131,121,149,171,168,110
HOUSEHOLD_1_445,HOUSEHOLD_1,HOUSEHOLD,0,0,106,727,813,610,522,570,518,510,428,465,508,610,821,668,620,653,659,674,653,695,588,621,584,640,585,500,624,637,671,776,611,722,630,584,572,709,660,593,689,655,694,723,535,579,650,552,606,537,499,295,6,6,360,689,604,557,498,480,610,611,765,766,562
HOUSEHOLD_1_446,HOUSEHOLD_1,HOUSEHOLD,18,296,308,293,264,263,240,186,207,210,209,175,228,180,193,163,174,169,185,188,191,229,180,166,145,206,244,172,143,146,165,155,128,121,131,97,126,123,162,150,121,126,132,152,120,128,118,120,123,129,133,123,137,106,125,171,131,116,149,111,142,146,141,132,106
HOUSEHOLD_1_447,HOUSEHOLD_1,HOUSEHOLD,0,0,0,0,0,0,0,0,0,0,0,0,0,0,0,0,9,2886,2159,2973,3703,2869,2718,3061,2002,3191,2684,3048,2468,1831,2301,2516,2673,2618,2159,2050,1782,2336,1989,1886,1829,1558,1674,1924,1647,1923,2065,2203,1523,2199,1960,1860,2271,2098,2443,2473,2576,3057,3158,3374,2513,2692,2803,2294,1455
HOUSEHOLD_1_448,HOUSEHOLD_1,HOUSEHOLD,0,0,0,0,0,0,0,0,0,0,0,0,0,0,0,0,0,0,0,0,0,0,0,111,437,20,0,34,56,75,187,520,1049,1344,1432,1399,1280,1278,1313,1167,1327,1214,1315,1694,1826,1780,1462,1524,1481,1391,1520,1545,1988,1622,1931,2103,1950,1998,2187,2369,2225,1865,2509,2574,1759
HOUSEHOLD_1_449,HOUSEHOLD_1,HOUSEHOLD,0,0,0,0,0,0,0,0,0,0,0,0,0,0,0,0,0,0,0,0,0,0,0,0,0,31,190,186,170,208,215,260,190,216,222,248,239,293,398,331,301,304,198,223,227,234,262,238,263,264,311,272,292,319,347,381,318,343,302,299,321,306,304,293,190
HOUSEHOLD_1_450,HOUSEHOLD_1,HOUSEHOLD,0,0,0,0,0,0,0,0,0,0,0,0,0,0,0,0,0,0,11,95,95,79,75,79,52,84,107,91,76,118,99,147,129,115,101,120,200,180,179,225,218,244,271,278,272,282,248,223,188,209,230,236,256,306,329,321,325,341,274,243,240,286,286,301,208
HOUSEHOLD_1_451,HOUSEHOLD_1,HOUSEHOLD,0,0,0,0,0,0,0,0,0,0,0,0,0,0,163,215,57,11,27,46,40,33,35,49,29,37,40,42,0,0,32,117,106,118,101,145,128,127,164,118,144,145,165,136,127,144,140,116,119,135,158,138,153,152,151,154,147,173,130,149,137,136,156,140,104
HOUSEHOLD_1_452,HOUSEHOLD_1,HOUSEHOLD,31,351,356,283,279,270,287,375,323,344,283,238,282,259,320,242,240,113,8,15,158,212,263,213,226,241,208,193,181,208,183,190,166,140,105,119,107,107,127,119,98,114,14,0,8,131,146,109,131,162,142,128,205,163,190,187,205,203,175,169,141,202,152,134,70
HOUSEHOLD_1_453,HOUSEHOLD_1,HOUSEHOLD,0,0,0,0,0,0,0,0,0,0,0,0,0,0,0,0,0,0,0,131,655,549,599,497,444,442,649,644,796,761,957,1027,937,803,751,719,668,640,577,542,637,612,554,540,442,506,424,421,504,448,608,640,699,841,867,964,894,920,795,844,898,931,887,721,449
HOUSEHOLD_1_454,HOUSEHOLD_1,HOUSEHOLD,0,0,0,0,0,0,0,0,0,0,0,0,0,0,0,0,0,0,41,101,96,91,86,75,70,101,131,95,122,141,148,149,121,107,88,89,117,126,127,108,104,111,108,112,140,134,127,97,123,95,113,130,133,110,141,144,142,158,134,127,139,133,139,131,102
HOUSEHOLD_1_455,HOUSEHOLD_1,HOUSEHOLD,0,0,0,0,0,0,0,0,0,0,0,0,0,0,0,0,0,0,0,0,0,0,0,0,0,0,0,0,0,0,0,0,0,0,0,0,0,0,505,392,499,437,367,357,287,292,341,267,282,184,248,266,174,243,244,326,227,283,261,247,322,347,378,384,269
HOUSEHOLD_1_456,HOUSEHOLD_1,HOUSEHOLD,0,0,0,0,0,0,0,0,0,0,0,0,0,0,0,0,0,0,0,0,0,0,0,0,0,0,0,0,0,0,0,0,0,0,0,0,642,452,329,70,31,33,304,338,957,632,531,543,563,480,580,485,534,518,517,574,575,669,631,642,651,658,576,516,385
HOUSEHOLD_1_457,HOUSEHOLD_1,HOUSEHOLD,0,0,0,0,0,0,0,0,0,0,0,0,0,0,0,0,0,0,0,0,0,1,2,0,0,1,0,0,0,0,574,570,480,489,458,490,457,424,353,257,285,313,290,347,319,303,295,304,351,330,526,542,532,505,617,630,588,627,513,603,595,563,569,550,390
HOUSEHOLD_1_458,HOUSEHOLD_1,HOUSEHOLD,0,0,0,0,0,93,399,824,386,365,286,288,351,368,222,230,237,187,243,432,242,231,247,210,274,316,364,380,350,278,259,490,314,310,312,304,387,353,333,301,345,270,304,467,297,336,299,267,461,324,255,272,291,264,239,549,264,315,273,278,321,399,468,508,704
HOUSEHOLD_1_459,HOUSEHOLD_1,HOUSEHOLD,0,0,0,0,0,0,0,0,0,0,0,0,0,0,0,0,139,5087,3736,5238,5632,4333,3397,4191,3261,5141,5114,5921,4422,2958,3800,4333,4150,3652,2855,2654,2678,3852,2856,3407,3338,3085,3278,3339,2769,2779,2394,2386,2265,3454,3238,3273,3835,3550,4118,4547,4307,3778,2744,3130,2865,3362,3393,2974,2046
HOUSEHOLD_1_460,HOUSEHOLD_1,HOUSEHOLD,94,981,881,444,437,378,464,489,427,624,508,449,597,474,560,438,431,410,420,478,463,403,281,275,439,396,445,344,292,233,310,318,233,293,242,273,255,350,296,326,280,241,274,281,302,270,280,206,242,222,204,50,0,0,166,223,212,221,207,227,212,212,243,209,169
HOUSEHOLD_1_461,HOUSEHOLD_1,HOUSEHOLD,18,180,141,177,179,296,357,355,438,349,330,313,363,427,399,346,413,483,546,566,526,506,453,438,431,486,481,488,491,485,529,686,561,547,449,407,488,558,553,520,606,538,597,525,586,537,492,505,714,540,560,519,544,506,541,565,541,537,528,457,612,575,473,559,308
HOUSEHOLD_1_462,HOUSEHOLD_1,HOUSEHOLD,52,410,30,0,2,24,0,0,218,946,658,578,657,442,422,460,349,330,356,555,787,805,753,611,637,500,522,579,715,529,712,890,941,982,556,626,658,555,456,441,598,756,920,820,795,1053,863,688,626,662,639,558,621,676,790,857,882,1231,1114,871,736,857,912,882,675
HOUSEHOLD_1_463,HOUSEHOLD_1,HOUSEHOLD,0,0,0,0,0,0,0,0,0,0,0,0,0,0,0,0,0,0,0,0,0,0,0,6,111,91,15,13,12,108,103,139,120,126,57,109,92,112,150,165,140,144,160,177,170,145,144,126,101,90,88,82,92,89,106,135,103,118,94,76,97,79,75,72,80
HOUSEHOLD_1_464,HOUSEHOLD_1,HOUSEHOLD,20,131,103,91,93,89,121,66,43,59,41,47,36,109,154,128,125,125,174,141,137,136,126,86,94,114,114,9,4,6,116,94,99,103,80,90,87,66,105,73,94,119,133,129,144,155,131,110,66,92,91,77,80,68,70,88,69,96,68,60,59,95,84,98,67
HOUSEHOLD_1_465,HOUSEHOLD_1,HOUSEHOLD,0,0,0,0,0,0,0,0,0,0,0,0,0,0,0,0,0,2418,2487,3280,3521,2656,2281,2370,1797,3134,3528,3079,2597,2450,2352,2410,1911,2020,1880,1859,1986,2511,2238,2094,1863,2024,1969,2618,2585,2270,1991,2050,2133,2442,2521,2454,2529,2468,2690,3100,2609,2667,2576,2566,2818,2796,3427,3340,2268
HOUSEHOLD_1_466,HOUSEHOLD_1,HOUSEHOLD,0,0,0,0,0,0,0,0,0,0,0,0,0,0,0,0,0,0,0,0,0,0,0,0,0,0,0,0,0,0,24,69,70,72,89,68,68,56,47,69,47,52,64,61,77,60,82,67,57,45,68,69,68,54,94,64,65,79,63,71,61,55,64,61,39
HOUSEHOLD_1_467,HOUSEHOLD_1,HOUSEHOLD,0,0,0,0,0,0,0,0,0,0,0,0,0,0,0,0,0,0,0,0,0,0,0,0,0,0,0,0,0,0,0,0,0,0,0,0,0,51,211,212,179,206,183,250,217,226,243,226,200,201,213,240,251,222,223,298,259,233,188,205,235,225,241,265,199
HOUSEHOLD_1_468,HOUSEHOLD_1,HOUSEHOLD,33,201,226,216,193,216,283,281,302,214,195,177,210,239,240,207,215,217,202,236,258,217,232,255,216,213,191,185,182,200,210,195,188,220,187,157,169,168,150,128,145,154,147,152,177,169,152,118,140,132,150,125,127,147,160,199,146,180,148,165,179,182,204,191,131
HOUSEHOLD_1_469,HOUSEHOLD_1,HOUSEHOLD,20,98,86,87,368,351,394,415,322,413,340,348,356,330,205,237,192,231,274,361,290,309,361,394,241,397,462,346,268,305,328,292,288,324,294,355,358,311,418,341,346,340,284,293,302,337,352,396,304,264,290,308,323,341,294,316,334,367,364,356,367,293,350,434,329
HOUSEHOLD_1_470,HOUSEHOLD_1,HOUSEHOLD,28,197,320,217,205,354,497,425,443,419,367,416,370,323,234,166,190,220,198,192,156,178,147,168,135,118,133,119,110,155,130,52,31,50,20,33,22,19,5,0,8,11,7,0,0,0,0,1,128,206,160,88,182,139,193,122,105,118,106,59,54,102,100,86,76
HOUSEHOLD_1_471,HOUSEHOLD_1,HOUSEHOLD,0,0,0,0,0,0,0,0,0,0,0,0,0,0,0,0,0,0,0,0,233,557,480,463,494,505,535,551,581,597,574,594,586,462,373,375,453,403,411,377,395,173,54,380,397,437,416,377,365,299,218,198,219,151,22,9,2,0,0,82,213,149,186,245,206
HOUSEHOLD_1_472,HOUSEHOLD_1,HOUSEHOLD,10,89,88,87,85,93,101,87,97,101,90,100,83,70,91,80,68,80,96,99,96,89,96,82,98,102,124,106,88,79,85,80,75,68,97,38,62,62,73,73,64,71,83,82,69,74,75,48,69,59,65,82,71,76,72,69,80,96,82,73,81,71,79,83,63
HOUSEHOLD_1_473,HOUSEHOLD_1,HOUSEHOLD,0,0,0,0,0,0,0,0,0,0,0,0,0,0,0,0,0,0,0,220,696,1215,1054,969,783,940,1408,1378,797,838,796,1110,1491,1881,1950,1573,1641,1581,1546,1307,1412,1436,1309,1544,1460,1605,1459,1546,1532,1206,1282,1185,1285,1361,1472,1349,1359,1386,1169,1236,1376,1452,1391,1239,845
HOUSEHOLD_1_474,HOUSEHOLD_1,HOUSEHOLD,167,1357,1078,1071,1120,1060,1181,1004,1016,1201,1456,1251,952,1350,1427,1346,1646,1479,1178,1780,1518,1496,1393,1420,1794,1254,1240,1173,1290,1976,1977,1368,1293,1832,1205,987,1240,1668,1047,1480,1170,1441,1375,1664,1027,1221,831,1022,724,706,793,799,948,880,856,962,1033,1079,940,851,1209,950,1081,901,669
HOUSEHOLD_1_475,HOUSEHOLD_1,HOUSEHOLD,48,357,382,440,505,307,362,432,381,389,390,278,292,363,290,268,256,230,255,302,274,250,184,207,253,241,316,296,285,276,253,311,276,244,237,203,228,254,289,224,243,227,229,224,166,147,143,105,159,126,161,107,167,189,198,202,176,128,141,107,113,155,196,211,166
HOUSEHOLD_1_476,HOUSEHOLD_1,HOUSEHOLD,0,0,0,0,0,0,0,0,0,0,0,0,0,0,0,0,0,0,0,0,0,0,0,0,0,0,0,0,0,0,0,0,0,0,0,0,0,0,0,0,0,0,0,0,0,0,0,2,174,181,176,182,184,177,161,145,144,163,204,202,249,211,218,210,181
HOUSEHOLD_1_477,HOUSEHOLD_1,HOUSEHOLD,16,119,115,139,127,140,182,260,227,145,130,93,90,175,147,158,140,163,131,159,239,220,215,172,114,202,173,131,140,203,179,227,316,241,186,93,94,106,103,118,130,161,211,251,200,186,119,118,66,93,92,112,148,198,179,235,163,168,120,67,71,91,85,113,79
HOUSEHOLD_1_478,HOUSEHOLD_1,HOUSEHOLD,62,575,649,607,628,604,683,584,595,591,540,511,516,520,673,573,605,656,617,633,617,602,614,597,638,547,565,575,558,587,581,542,556,506,493,507,539,469,476,462,474,459,472,458,439,492,409,434,498,450,527,514,523,509,537,497,524,561,509,489,603,540,509,512,390
HOUSEHOLD_1_479,HOUSEHOLD_1,HOUSEHOLD,0,0,0,0,0,0,0,136,216,187,152,145,174,138,165,185,154,205,244,279,253,214,213,242,271,221,251,233,264,236,248,205,221,241,198,170,258,243,222,157,201,185,199,188,175,173,140,158,154,34,6,130,143,182,152,166,174,156,165,121,158,154,125,143,119
HOUSEHOLD_1_480,HOUSEHOLD_1,HOUSEHOLD,0,0,0,0,0,0,0,0,0,0,0,0,0,0,0,0,0,0,0,0,0,0,0,0,0,0,0,0,0,0,0,136,382,484,494,482,331,405,373,304,305,301,285,348,228,309,238,153,168,164,158,122,206,164,213,215,221,196,203,240,202,239,239,198,141
HOUSEHOLD_1_481,HOUSEHOLD_1,HOUSEHOLD,0,0,0,0,0,0,0,0,0,0,0,0,85,528,441,261,332,284,287,390,326,224,321,250,363,375,355,256,325,156,141,231,279,127,139,93,217,283,289,229,247,233,279,285,257,264,269,229,215,256,250,209,214,210,251,249,196,220,225,282,298,380,396,337,235
HOUSEHOLD_1_482,HOUSEHOLD_1,HOUSEHOLD,51,406,404,324,355,328,359,397,360,200,0,0,0,0,0,0,0,36,402,385,356,329,307,309,358,304,263,316,286,306,374,401,393,337,346,328,391,329,348,352,310,352,149,0,0,0,0,0,292,386,449,401,410,319,350,402,323,309,287,253,294,260,313,406,295
HOUSEHOLD_1_483,HOUSEHOLD_1,HOUSEHOLD,0,0,0,0,0,0,0,0,0,0,0,0,0,0,108,161,165,158,162,185,175,151,149,140,176,155,170,155,157,140,148,124,134,134,108,109,121,122,115,114,107,82,85,105,85,98,79,84,108,109,103,128,139,156,160,147,123,132,100,124,137,136,159,125,85
HOUSEHOLD_1_484,HOUSEHOLD_1,HOUSEHOLD,0,0,0,0,0,0,0,0,0,0,0,0,0,0,0,0,0,0,0,0,0,0,0,0,0,0,0,0,0,0,0,0,0,0,0,0,0,0,0,0,0,0,0,0,0,0,0,4,14,3,0,178,255,279,272,249,227,273,235,270,175,269,333,258,163
HOUSEHOLD_1_485,HOUSEHOLD_1,HOUSEHOLD,21,119,156,186,157,166,141,167,150,182,113,124,140,132,161,142,180,192,156,221,177,178,164,179,196,146,199,148,159,142,174,169,168,174,156,151,162,118,120,113,122,98,111,154,122,109,102,97,122,99,88,141,128,158,167,175,167,218,212,170,214,208,219,184,161
HOUSEHOLD_1_486,HOUSEHOLD_1,HOUSEHOLD,0,0,0,0,0,0,0,0,0,0,0,0,0,0,0,0,0,0,0,172,295,255,257,268,138,221,286,241,231,252,259,245,185,212,205,237,226,215,207,169,186,212,188,179,150,147,160,192,176,145,177,142,148,172,168,180,203,216,186,211,190,194,174,244,198
HOUSEHOLD_1_487,HOUSEHOLD_1,HOUSEHOLD,0,0,0,0,0,0,0,0,0,655,1381,1278,75,7,3,242,883,879,354,20,3,488,1142,1110,907,1001,995,710,53,6,391,775,806,800,776,784,502,8,4,44,695,750,718,792,755,426,15,1,3,0,2,0,0,0,0,0,0,142,547,599,396,14,0,279,570
HOUSEHOLD_1_488,HOUSEHOLD_1,HOUSEHOLD,62,427,368,249,397,369,433,487,372,374,272,324,369,340,239,204,352,472,295,373,433,368,359,208,17,0,0,158,258,322,311,437,309,327,264,212,260,309,228,324,374,409,484,494,368,336,292,293,319,393,547,428,405,455,480,589,410,418,343,322,330,425,406,395,291
HOUSEHOLD_1_489,HOUSEHOLD_1,HOUSEHOLD,0,0,0,0,0,0,0,0,0,0,0,0,0,0,0,0,0,0,0,0,0,0,0,0,0,0,0,0,0,0,0,0,0,0,0,0,0,0,0,0,0,0,0,0,0,0,0,6,23,6,0,290,432,401,453,368,321,384,287,277,285,344,429,374,295
HOUSEHOLD_1_490,HOUSEHOLD_1,HOUSEHOLD,49,421,397,348,367,310,339,356,351,373,299,280,299,346,407,345,377,327,290,300,236,208,207,216,214,213,262,286,252,243,239,234,175,192,238,206,260,217,253,209,213,217,236,239,217,181,146,164,170,216,192,196,148,144,166,148,163,165,24,2,6,133,143,138,89
HOUSEHOLD_1_491,HOUSEHOLD_1,HOUSEHOLD,0,0,0,0,0,0,0,0,0,0,0,0,0,0,0,0,0,0,0,0,0,0,0,0,0,0,0,0,0,0,51,77,35,46,218,140,144,177,236,202,201,193,165,239,239,248,290,268,180,188,187,184,246,201,240,200,317,351,404,321,183,246,238,252,188
HOUSEHOLD_1_492,HOUSEHOLD_1,HOUSEHOLD,19,151,166,109,128,113,112,108,85,111,130,131,135,104,133,113,103,108,115,125,113,103,108,128,157,121,114,105,95,111,101,102,98,109,98,109,132,121,130,123,105,103,87,106,103,90,98,115,121,89,126,109,89,72,87,108,103,124,125,128,125,131,128,158,97
HOUSEHOLD_1_493,HOUSEHOLD_1,HOUSEHOLD,13,106,141,154,152,164,180,216,175,134,118,94,117,92,142,91,103,98,88,105,107,86,94,77,87,71,95,83,87,104,105,111,90,77,75,72,81,73,78,92,109,104,110,161,114,124,89,77,85,89,88,84,83,127,113,105,90,94,64,60,74,80,71,73,64
HOUSEHOLD_1_494,HOUSEHOLD_1,HOUSEHOLD,0,0,526,702,698,651,612,571,538,701,854,890,898,760,709,731,647,604,548,569,407,0,1,503,663,862,851,761,783,799,835,889,910,917,835,857,876,843,987,803,804,743,758,859,861,916,929,847,869,891,884,794,795,732,832,840,873,942,1063,1026,1032,1074,1050,928,848
HOUSEHOLD_1_495,HOUSEHOLD_1,HOUSEHOLD,0,0,0,0,0,0,0,0,0,0,0,0,0,0,0,0,0,0,0,0,0,0,0,0,0,0,0,0,0,0,62,180,187,193,210,130,230,158,147,169,199,217,242,274,267,316,294,306,223,247,326,251,244,249,298,314,328,387,369,312,343,378,437,528,413
HOUSEHOLD_1_496,HOUSEHOLD_1,HOUSEHOLD,0,0,0,0,0,0,0,0,0,0,0,0,0,0,0,0,0,0,0,0,0,0,0,0,0,0,0,0,0,0,0,0,0,0,0,0,0,0,0,0,0,0,15,0,0,6,112,82,58,62,70,77,87,75,95,120,130,160,111,112,106,137,112,116,88
HOUSEHOLD_1_497,HOUSEHOLD_1,HOUSEHOLD,0,0,0,0,0,0,0,0,0,0,0,0,0,0,0,0,0,0,0,257,448,37,0,1,0,0,0,1,0,0,424,413,421,445,507,411,477,448,465,410,351,365,324,318,320,298,287,245,285,262,506,625,666,565,666,703,602,644,599,647,667,626,615,531,364
HOUSEHOLD_1_498,HOUSEHOLD_1,HOUSEHOLD,52,574,664,532,545,592,858,897,840,878,784,747,802,882,830,706,728,833,873,931,956,817,670,657,664,683,521,491,481,541,490,537,599,180,12,346,515,640,664,580,615,641,641,770,684,648,622,644,647,623,688,512,609,604,536,637,568,558,553,574,592,614,661,616,447
HOUSEHOLD_1_499,HOUSEHOLD_1,HOUSEHOLD,0,0,0,0,0,0,0,0,0,0,0,0,0,0,0,0,0,0,256,290,298,290,312,262,192,13,0,0,74,114,191,195,209,223,227,150,153,198,226,230,211,253,253,206,170,179,184,179,155,147,149,151,139,149,193,212,173,153,165,159,187,152,139,173,153
HOUSEHOLD_1_500,HOUSEHOLD_1,HOUSEHOLD,0,0,0,0,0,0,0,0,0,0,0,0,0,0,0,0,0,0,0,0,0,0,0,0,0,2,70,85,122,111,129,150,110,26,4,63,69,88,84,105,89,89,118,120,145,94,27,83,81,105,122,128,133,122,146,124,132,36,12,4,22,104,116,98,75
HOUSEHOLD_1_501,HOUSEHOLD_1,HOUSEHOLD,1,37,29,25,21,25,31,23,27,40,42,46,36,49,73,71,57,56,63,64,77,73,54,79,80,68,64,54,56,50,51,51,54,61,50,60,79,65,63,54,50,44,44,60,50,57,53,44,69,55,62,45,63,54,68,74,76,68,70,60,82,66,61,64,52
HOUSEHOLD_1_502,HOUSEHOLD_1,HOUSEHOLD,0,0,0,0,0,0,0,0,0,0,0,0,0,0,0,0,0,0,0,0,0,0,0,0,0,0,0,0,0,0,0,0,0,0,0,0,0,2,42,38,33,66,35,48,59,60,47,53,50,46,51,36,38,37,48,39,34,35,55,56,40,44,62,48,45
HOUSEHOLD_1_503,HOUSEHOLD_1,HOUSEHOLD,82,478,486,508,585,655,600,619,710,713,697,473,598,668,855,794,675,622,640,892,925,925,805,846,599,875,904,990,944,815,749,750,793,744,800,664,533,537,609,623,519,402,491,578,580,559,578,539,429,558,638,624,544,534,479,570,469,526,549,398,454,475,466,550,324
HOUSEHOLD_1_504,HOUSEHOLD_1,HOUSEHOLD,0,0,0,0,0,0,0,0,0,0,0,0,0,0,72,153,117,154,148,148,176,144,111,153,110,112,153,126,162,162,136,150,132,131,123,108,103,88,115,102,94,69,106,111,90,92,61,61,67,73,70,98,70,96,74,125,73,77,79,65,99,79,83,91,57
HOUSEHOLD_1_505,HOUSEHOLD_1,HOUSEHOLD,0,192,390,450,331,273,263,301,36,330,387,409,447,439,511,536,642,796,718,805,490,589,606,751,728,599,778,591,540,575,504,616,661,512,515,491,549,572,145,7,5,579,544,555,63,16,317,594,690,657,839,850,712,386,850,880,794,946,777,967,1073,910,854,877,626
HOUSEHOLD_1_506,HOUSEHOLD_1,HOUSEHOLD,88,440,472,473,643,810,946,1004,811,961,903,633,658,638,846,1118,1210,1678,1602,1826,1816,1566,1070,918,796,729,846,792,1131,1253,1296,1372,1609,1059,730,615,463,506,707,785,1150,1100,1567,1209,1166,961,498,501,387,423,621,711,792,1043,1111,1322,1311,1211,830,707,609,708,785,888,707
HOUSEHOLD_1_507,HOUSEHOLD_1,HOUSEHOLD,0,0,0,0,0,0,143,153,208,247,233,253,246,259,263,273,273,224,224,229,217,226,238,222,207,257,215,171,188,213,238,269,271,282,296,219,225,225,224,259,227,174,225,245,209,256,224,199,203,234,235,183,236,208,201,160,181,224,117,58,63,151,162,183,158
HOUSEHOLD_1_508,HOUSEHOLD_1,HOUSEHOLD,58,448,402,359,295,214,258,325,311,515,598,710,413,339,328,324,302,308,343,216,72,11,2,1,65,195,227,186,204,167,168,158,185,179,95,113,162,152,151,140,95,118,165,188,216,156,255,203,106,114,119,133,104,48,17,1,41,123,151,206,190,142,217,166,106
HOUSEHOLD_1_509,HOUSEHOLD_1,HOUSEHOLD,0,0,0,0,0,0,0,0,0,0,0,0,0,0,0,0,0,0,0,0,0,0,0,0,0,0,0,0,0,0,0,0,0,0,0,0,0,384,537,110,12,73,303,562,486,131,7,0,0,1,217,382,477,428,495,534,400,408,295,298,40,166,217,318,215
HOUSEHOLD_1_510,HOUSEHOLD_1,HOUSEHOLD,0,0,0,0,0,0,0,0,0,0,0,0,70,694,830,498,664,504,630,670,689,511,582,435,483,480,396,447,417,5,257,417,471,292,226,343,462,472,452,418,378,382,445,556,507,462,373,331,392,437,429,359,457,370,419,471,467,506,496,424,429,324,418,474,303
HOUSEHOLD_1_511,HOUSEHOLD_1,HOUSEHOLD,0,0,0,0,0,0,0,0,0,0,0,0,0,0,0,0,0,0,0,312,497,475,494,472,468,469,461,424,481,372,408,470,471,407,365,344,336,375,468,427,470,492,456,498,421,444,439,425,396,365,466,414,469,425,434,471,431,483,395,343,366,349,339,397,268
HOUSEHOLD_1_512,HOUSEHOLD_1,HOUSEHOLD,4,10,3,5,0,1,1,0,0,5,25,0,0,0,0,0,0,0,0,0,0,0,0,0,0,0,0,0,0,0,0,0,0,0,0,0,0,0,0,0,0,0,0,0,0,0,0,0,0,0,0,2,74,133,149,137,159,148,158,144,166,173,140,163,113
HOUSEHOLD_1_513,HOUSEHOLD_1,HOUSEHOLD,0,0,169,345,322,321,376,326,282,288,270,287,356,359,143,0,2,0,0,0,0,1,1,2,1,0,0,0,0,0,333,387,311,299,347,330,358,291,214,314,276,287,275,264,217,1,0,0,2,266,403,32,2,2,98,334,251,15,3,4,172,462,431,417,293
HOUSEHOLD_1_514,HOUSEHOLD_1,HOUSEHOLD,0,0,0,0,0,0,0,0,0,0,0,0,0,0,0,0,0,0,0,231,1141,1180,1339,1418,877,1359,2689,2798,3263,3407,2861,1435,2335,2967,2730,2256,1048,2496,2362,1906,1684,1584,1114,909,767,1461,1117,1371,1177,1328,1810,1651,1930,1754,1792,1744,1621,1623,1381,1503,1676,1742,1764,1857,1245
HOUSEHOLD_1_515,HOUSEHOLD_1,HOUSEHOLD,0,0,0,0,0,0,0,0,0,0,0,0,0,0,0,0,0,109,237,488,569,560,524,409,423,483,594,546,490,544,507,573,495,606,691,490,601,617,585,435,462,492,473,503,495,430,395,333,452,398,447,395,411,443,459,416,444,470,419,423,467,447,422,431,319
HOUSEHOLD_1_516,HOUSEHOLD_1,HOUSEHOLD,130,1389,1170,1076,870,1002,965,910,1003,968,860,814,858,1085,1448,1211,1007,1015,1120,1279,1005,998,1090,1012,882,1097,1212,1073,1003,964,959,950,856,869,849,679,680,1149,1175,980,1012,842,804,807,833,746,649,689,678,848,945,786,858,760,876,852,822,805,735,744,809,791,887,835,638
HOUSEHOLD_1_517,HOUSEHOLD_1,HOUSEHOLD,0,0,0,0,0,0,0,0,0,0,0,0,0,0,0,0,0,0,0,0,0,0,0,0,262,938,1309,1361,1571,1614,1611,1704,1689,1825,1478,1524,1615,1666,1616,1499,1686,1663,1719,1630,1556,1760,1758,1569,1691,1575,1689,1630,1827,1741,1865,1784,1690,1839,1541,1695,1828,1604,1894,1943,1442
HOUSEHOLD_1_518,HOUSEHOLD_1,HOUSEHOLD,0,0,0,0,0,0,0,0,0,0,0,0,0,0,0,0,0,0,0,0,0,0,0,0,0,0,0,0,0,0,0,0,0,0,0,0,391,402,235,44,11,17,210,209,599,348,319,335,324,321,428,344,393,400,371,458,435,461,528,467,430,423,303,318,294
HOUSEHOLD_1_519,HOUSEHOLD_1,HOUSEHOLD,63,562,563,513,415,428,404,457,506,553,539,464,505,511,532,526,408,413,382,403,479,474,452,420,234,454,477,424,371,305,333,400,402,385,211,203,271,356,360,304,278,282,318,311,334,412,284,161,147,350,314,343,385,312,434,474,316,556,311,230,187,275,380,283,229
HOUSEHOLD_1_520,HOUSEHOLD_1,HOUSEHOLD,22,241,340,335,288,177,97,333,359,170,62,54,85,254,221,233,182,87,104,118,127,128,118,55,96,78,75,20,143,131,169,227,225,201,239,214,164,57,9,0,95,250,276,290,251,245,221,186,198,214,229,221,213,141,191,200,107,2,2,1,89,237,241,212,166
HOUSEHOLD_1_521,HOUSEHOLD_1,HOUSEHOLD,138,1268,2076,1799,1644,1910,2215,3007,2473,2786,2343,2267,2903,2783,4109,2851,2115,2131,2179,1884,2924,1746,1680,1799,2080,2928,4201,3640,2944,3169,3061,2292,3227,2674,2322,1330,1827,2892,4442,2650,586,8,1173,3132,2645,2115,1708,1289,2173,3149,3242,2956,3559,3149,2704,4021,2587,2458,1983,1860,2305,2029,2210,1887,1159
HOUSEHOLD_1_522,HOUSEHOLD_1,HOUSEHOLD,68,424,476,414,419,632,753,819,632,700,687,567,583,598,639,541,656,624,598,678,591,611,471,370,400,457,412,345,388,375,440,417,355,420,334,274,319,334,249,290,271,277,323,211,243,289,299,248,160,241,274,269,323,328,429,365,310,350,316,255,270,298,194,182,130
HOUSEHOLD_1_523,HOUSEHOLD_1,HOUSEHOLD,0,0,0,0,0,0,0,0,0,0,0,0,0,0,0,0,0,0,0,0,0,0,0,0,0,0,0,0,0,0,0,0,0,0,0,0,0,0,0,0,0,0,0,12,57,83,64,66,60,52,47,38,55,70,58,69,92,106,79,53,61,85,85,79,61
HOUSEHOLD_1_524,HOUSEHOLD_1,HOUSEHOLD,0,0,0,0,0,0,0,0,0,0,0,0,0,0,0,0,0,0,0,0,0,0,0,0,0,0,0,0,0,0,0,0,0,0,0,0,11,48,366,283,38,5,159,392,392,381,448,354,328,329,359,307,430,393,386,375,366,374,405,416,450,428,395,318,234
HOUSEHOLD_1_525,HOUSEHOLD_1,HOUSEHOLD,29,192,238,206,169,151,167,164,186,116,138,97,123,165,133,116,98,105,146,152,144,176,89,136,104,204,158,118,110,77,109,112,55,0,2,2,1,0,145,133,70,81,86,107,68,80,65,53,75,82,97,56,67,51,51,64,42,67,45,59,59,82,80,105,71
HOUSEHOLD_1_526,HOUSEHOLD_1,HOUSEHOLD,0,0,0,0,0,0,0,0,0,0,0,0,0,0,0,0,0,0,0,0,0,0,0,0,0,0,0,0,0,0,0,0,0,0,0,0,0,0,0,0,0,0,0,0,0,0,0,0,14,6,12,103,113,115,121,91,95,92,92,224,271,138,111,181,124
HOUSEHOLD_1_527,HOUSEHOLD_1,HOUSEHOLD,0,0,0,0,0,0,0,0,0,0,0,0,0,0,0,0,0,0,0,0,0,0,0,0,0,0,0,0,0,0,0,0,0,0,0,0,0,18,228,326,343,218,6,2,200,481,469,407,333,223,294,356,365,350,314,349,325,384,386,326,288,315,375,467,389
HOUSEHOLD_1_528,HOUSEHOLD_1,HOUSEHOLD,42,336,363,294,305,338,330,343,286,263,232,238,288,298,375,414,417,481,498,496,468,465,457,523,391,405,373,384,413,426,434,443,414,437,399,437,408,360,413,333,359,311,362,344,320,370,368,357,313,266,259,226,231,241,228,252,289,315,220,228,279,249,198,261,203
HOUSEHOLD_1_529,HOUSEHOLD_1,HOUSEHOLD,0,0,0,0,0,0,1,0,0,0,0,0,0,0,0,0,0,0,0,0,0,0,0,0,0,0,0,223,403,423,458,524,449,479,441,431,383,422,463,468,428,406,38,4,3,478,468,382,423,406,383,291,291,50,3,3,198,292,261,223,278,342,260,503,319
HOUSEHOLD_1_530,HOUSEHOLD_1,HOUSEHOLD,0,0,0,0,0,0,0,0,0,0,0,0,0,0,0,0,0,0,214,300,299,266,243,227,235,190,189,150,192,209,209,246,221,218,206,237,177,183,198,181,194,187,210,233,208,237,214,192,247,207,202,169,185,180,240,230,261,248,194,230,222,252,225,287,201
HOUSEHOLD_1_531,HOUSEHOLD_1,HOUSEHOLD,0,0,0,0,9,76,76,22,0,0,194,216,262,327,311,263,243,233,231,259,265,263,279,243,262,308,365,250,6,1,83,281,260,293,226,201,142,139,151,135,187,207,198,216,217,213,195,195,170,190,204,159,161,160,159,166,144,135,107,93,138,147,139,129,107
HOUSEHOLD_1_532,HOUSEHOLD_1,HOUSEHOLD,0,0,0,0,0,0,31,88,93,153,207,178,187,157,224,208,217,218,268,279,201,250,250,267,216,225,245,283,293,282,325,350,277,332,269,312,318,307,372,294,318,264,299,297,327,342,323,286,291,268,320,298,347,334,365,349,315,335,310,286,284,341,357,304,246
HOUSEHOLD_1_533,HOUSEHOLD_1,HOUSEHOLD,0,0,0,0,0,0,0,0,0,75,241,227,183,90,27,5,2,2,1,0,0,0,0,165,241,46,0,0,0,2,149,213,199,167,154,155,211,176,209,182,220,31,9,7,8,111,212,160,198,160,178,148,157,179,200,201,182,200,168,145,161,162,162,160,103
HOUSEHOLD_1_534,HOUSEHOLD_1,HOUSEHOLD,0,0,0,0,0,0,0,0,0,0,0,0,0,0,0,0,0,0,0,0,0,0,0,0,0,0,0,0,0,0,0,0,0,0,0,0,0,0,0,0,0,0,0,0,0,0,0,4,25,2,0,178,221,229,251,231,211,273,216,225,220,238,246,289,201
HOUSEHOLD_1_535,HOUSEHOLD_1,HOUSEHOLD,0,1169,1966,1527,985,1175,1436,860,1524,1688,1546,1144,1578,1939,1406,1082,1028,1393,1328,1576,1809,2085,1865,1613,1349,1622,1776,1428,1406,1568,1235,1434,1211,1812,1637,1365,1404,1494,1397,846,1139,1160,1014,14,8,5,1267,1428,1341,1109,1157,1187,1198,1211,1132,1076,980,931,1038,1116,1093,1034,1170,1536,974
HOUSEHOLD_1_536,HOUSEHOLD_1,HOUSEHOLD,0,0,0,0,0,0,0,0,0,0,0,0,0,0,0,0,0,0,0,0,0,0,0,0,0,0,0,0,0,0,0,0,0,0,0,0,0,172,633,668,810,757,710,742,449,626,556,598,634,576,616,648,637,688,693,801,684,753,698,658,755,710,779,716,503
HOUSEHOLD_1_537,HOUSEHOLD_1,HOUSEHOLD,52,386,341,315,345,323,350,294,284,389,382,353,390,385,419,387,487,384,341,298,296,326,355,368,346,320,317,311,294,275,284,274,235,258,255,225,282,295,406,332,318,335,295,306,339,320,312,322,407,400,415,373,376,310,292,337,307,350,367,309,373,419,329,289,226
HOUSEHOLD_1_538,HOUSEHOLD_1,HOUSEHOLD,0,0,0,0,0,0,0,0,0,0,0,0,0,0,0,99,234,282,283,382,262,243,275,292,363,355,427,333,403,414,446,612,510,466,430,429,454,441,504,439,485,473,493,828,497,517,488,431,511,465,310,346,353,349,363,595,358,348,307,383,405,361,364,331,245
HOUSEHOLD_1_539,HOUSEHOLD_1,HOUSEHOLD,0,0,0,0,0,0,0,0,167,432,353,305,348,395,415,433,434,479,485,514,524,420,453,416,453,451,479,496,528,516,509,592,539,536,517,467,453,458,460,463,465,574,510,531,509,507,444,475,492,478,465,482,586,569,587,585,557,567,474,472,541,540,590,615,474
HOUSEHOLD_1_540,HOUSEHOLD_1,HOUSEHOLD,0,0,0,0,0,0,0,0,0,0,0,0,0,0,0,0,0,0,0,154,822,700,707,682,620,830,1041,971,1011,1098,1089,792,665,612,608,558,588,552,609,662,727,814,848,838,797,759,700,658,727,676,928,912,858,905,982,957,923,953,889,944,980,987,958,899,614
HOUSEHOLD_1_541,HOUSEHOLD_1,HOUSEHOLD,111,931,666,673,617,553,433,505,761,676,604,691,782,690,613,504,487,592,567,608,611,631,573,622,815,486,621,525,756,369,3,3,3,2,0,2,4,4,1,5,2,200,570,557,520,687,679,596,698,737,762,656,635,685,590,765,632,802,785,672,685,711,695,173,1
HOUSEHOLD_2_001,HOUSEHOLD_2,HOUSEHOLD,13,126,118,120,110,130,132,104,0,1,85,85,98,111,103,17,0,0,89,101,103,102,90,122,109,110,123,86,108,97,93,103,130,104,94,84,76,65,104,82,96,74,89,92,78,84,89,97,96,88,93,97,90,85,89,93,85,74,68,97,81,106,74,73,64
HOUSEHOLD_2_002,HOUSEHOLD_2,HOUSEHOLD,39,309,283,258,308,269,291,311,285,302,212,217,167,223,218,221,240,229,242,221,220,211,205,209,114,165,203,150,178,189,164,199,168,176,173,123,121,106,132,139,210,184,179,201,192,195,210,187,191,173,200,188,214,204,201,195,200,155,112,93,100,183,202,234,136
HOUSEHOLD_2_003,HOUSEHOLD_2,HOUSEHOLD,16,186,191,198,186,150,145,185,174,175,177,226,188,158,184,141,160,113,101,112,114,144,191,30,0,98,154,140,132,86,0,1,52,103,159,154,140,128,131,141,89,90,97,104,118,127,104,93,105,85,91,74,99,80,84,116,84,92,99,101,83,87,72,87,67
HOUSEHOLD_2_004,HOUSEHOLD_2,HOUSEHOLD,0,0,0,0,0,0,0,0,0,0,0,1,14,33,45,44,41,22,7,17,20,27,26,43,62,93,94,79,47,51,28,60,50,63,44,54,47,67,44,55,52,46,42,41,49,51,44,27,45,45,52,58,40,29,43,56,39,46,49,42,52,41,52,29,42
HOUSEHOLD_2_005,HOUSEHOLD_2,HOUSEHOLD,0,0,0,0,0,0,0,0,0,0,0,0,0,0,0,0,0,0,0,0,0,0,0,0,0,0,0,0,0,0,0,0,0,0,0,0,21,37,54,39,36,24,28,33,35,30,30,26,26,22,21,19,21,22,30,23,23,20,23,28,17,22,21,30,21
HOUSEHOLD_2_006,HOUSEHOLD_2,HOUSEHOLD,1,25,30,30,33,33,38,37,36,56,21,8,4,6,19,13,16,30,36,29,33,28,20,29,36,25,25,18,24,21,10,20,23,27,26,34,13,35,17,17,25,18,25,21,15,16,13,16,18,25,28,28,26,36,40,26,28,48,28,23,26,20,20,20,13
HOUSEHOLD_2_007,HOUSEHOLD_2,HOUSEHOLD,0,0,0,0,0,0,0,2,22,38,40,53,57,55,62,58,58,65,75,83,74,61,52,60,68,57,103,68,89,76,89,82,93,79,89,53,40,58,56,84,58,64,116,112,121,88,81,83,90,102,107,85,80,97,91,86,89,100,57,80,119,98,87,81,65
HOUSEHOLD_2_008,HOUSEHOLD_2,HOUSEHOLD,0,0,12,95,95,100,117,77,92,89,65,64,30,23,16,33,33,39,34,40,35,36,37,28,30,24,38,36,39,57,56,34,17,17,14,18,25,21,82,37,38,66,75,49,43,48,40,37,35,28,47,48,47,53,59,61,60,55,37,46,30,25,34,37,31
HOUSEHOLD_2_009,HOUSEHOLD_2,HOUSEHOLD,0,0,0,0,0,0,0,0,0,0,0,0,0,0,0,0,0,0,0,5,112,0,0,43,134,103,94,117,106,103,102,141,83,10,0,106,98,73,76,71,66,76,62,100,85,78,30,1,0,56,104,75,75,11,59,78,62,67,75,65,71,73,52,71,41
HOUSEHOLD_2_010,HOUSEHOLD_2,HOUSEHOLD,7,52,15,0,0,41,59,68,59,34,0,0,19,70,73,67,75,66,61,50,36,32,42,39,48,38,61,52,46,49,38,47,51,39,46,41,37,49,54,72,48,43,40,39,36,45,39,37,52,48,62,58,48,49,57,45,52,54,33,51,43,49,59,46,33
HOUSEHOLD_2_011,HOUSEHOLD_2,HOUSEHOLD,0,0,0,0,0,0,0,0,0,0,0,0,0,0,12,108,115,156,133,131,145,128,127,152,157,144,160,130,145,136,139,145,138,148,142,159,167,149,151,118,164,156,160,143,142,137,147,136,174,160,154,177,162,146,151,150,160,158,178,147,160,139,145,192,124
HOUSEHOLD_2_012,HOUSEHOLD_2,HOUSEHOLD,0,0,0,0,0,0,0,0,47,132,128,29,0,0,95,149,101,65,113,124,142,69,0,0,20,110,135,127,137,117,143,93,1,0,40,154,163,144,164,153,149,159,154,171,150,147,148,132,155,139,140,141,148,145,130,128,126,134,125,127,141,126,126,148,76
HOUSEHOLD_2_013,HOUSEHOLD_2,HOUSEHOLD,0,0,0,0,0,133,48,0,0,0,310,260,211,200,52,0,2,97,72,92,133,67,89,93,96,22,0,12,117,107,96,78,70,84,57,0,1,23,48,60,46,42,38,39,53,64,56,53,71,49,43,50,56,63,52,57,0,0,23,38,49,71,75,59,48
HOUSEHOLD_2_014,HOUSEHOLD_2,HOUSEHOLD,3,59,66,66,64,67,69,59,51,49,55,62,49,50,61,59,53,62,49,45,52,49,39,45,39,44,47,50,52,52,44,42,45,52,47,50,44,39,45,36,37,42,30,38,40,48,55,49,33,46,56,51,50,45,48,47,49,41,28,34,31,41,46,49,35
HOUSEHOLD_2_015,HOUSEHOLD_2,HOUSEHOLD,13,107,97,75,107,40,0,0,81,111,103,79,74,97,126,95,69,87,87,77,84,77,76,100,82,66,90,69,69,85,0,0,4,41,80,98,78,50,73,73,72,99,102,74,0,0,0,53,48,89,86,44,0,0,17,86,90,79,79,93,75,82,72,80,72
HOUSEHOLD_2_016,HOUSEHOLD_2,HOUSEHOLD,13,137,129,88,148,116,170,157,127,144,134,155,110,138,115,125,152,140,140,147,130,128,135,131,143,142,114,116,88,78,66,46,34,66,85,63,28,48,47,38,28,24,45,53,41,38,35,32,106,77,116,94,127,112,70,71,77,95,88,94,112,128,104,110,179
HOUSEHOLD_2_017,HOUSEHOLD_2,HOUSEHOLD,0,0,0,0,0,0,0,0,0,0,0,0,0,0,0,0,0,0,0,0,0,0,0,0,0,0,0,0,0,0,0,0,0,0,0,0,0,0,0,0,0,0,0,23,28,67,61,67,74,80,95,66,78,71,85,72,74,79,74,77,73,66,60,82,52
HOUSEHOLD_2_018,HOUSEHOLD_2,HOUSEHOLD,3,23,25,10,0,0,18,33,22,28,19,13,33,33,37,32,15,19,19,22,12,12,28,21,27,18,19,20,0,0,5,19,17,16,17,12,14,9,10,9,16,13,20,26,15,28,25,22,20,17,31,22,19,14,15,16,18,19,22,16,15,14,21,30,15
HOUSEHOLD_2_019,HOUSEHOLD_2,HOUSEHOLD,10,107,116,102,98,74,72,59,63,84,86,85,94,85,92,73,53,50,51,45,45,62,66,82,83,72,29,27,38,72,50,44,39,33,33,28,40,36,40,37,37,25,29,32,37,14,0,0,27,56,65,54,60,47,46,47,43,56,50,55,42,39,44,48,36
HOUSEHOLD_2_020,HOUSEHOLD_2,HOUSEHOLD,0,0,0,0,0,0,0,0,0,0,0,0,0,0,0,0,0,0,0,0,0,0,0,0,0,0,0,0,0,0,0,0,0,0,12,63,48,49,49,51,56,43,50,49,58,55,46,50,42,40,52,41,43,36,42,55,38,47,49,33,50,36,50,36,32
HOUSEHOLD_2_021,HOUSEHOLD_2,HOUSEHOLD,10,110,125,96,99,87,74,86,86,96,104,109,122,108,114,101,95,101,91,94,74,86,93,98,92,87,92,73,81,87,86,91,77,80,81,71,74,86,96,82,100,77,85,87,83,75,78,96,100,96,106,77,114,100,109,89,88,104,104,79,105,80,120,85,61
HOUSEHOLD_2_022,HOUSEHOLD_2,HOUSEHOLD,0,0,0,94,99,60,11,5,51,0,0,0,41,138,158,161,112,26,18,4,15,0,0,0,20,154,165,151,126,19,6,1,0,5,1,0,0,6,125,142,152,136,109,113,84,0,0,0,0,8,135,120,120,118,127,139,76,0,1,2,0,30,125,133,84
HOUSEHOLD_2_023,HOUSEHOLD_2,HOUSEHOLD,0,0,0,0,0,0,0,0,0,0,0,0,0,0,0,5,7,8,19,20,19,22,18,47,16,22,19,57,47,59,67,68,56,36,53,75,53,40,33,19,22,22,23,22,30,35,29,76,27,16,24,37,92,57,117,100,97,74,113,111,72,73,99,82,120
HOUSEHOLD_2_024,HOUSEHOLD_2,HOUSEHOLD,0,0,0,0,0,0,0,0,0,0,0,0,0,0,0,0,0,0,0,0,0,0,0,0,59,118,155,143,132,139,138,167,170,161,132,99,48,101,126,142,117,120,158,142,136,107,101,81,113,91,141,130,144,118,116,134,121,156,105,111,154,158,229,190,122
HOUSEHOLD_2_025,HOUSEHOLD_2,HOUSEHOLD,1,119,150,137,140,143,134,138,135,138,122,132,115,133,141,129,134,177,155,134,96,116,116,113,118,114,131,104,139,141,77,2,1,49,149,132,147,136,135,113,128,77,1,0,0,1,1,71,123,108,119,129,107,127,155,206,177,121,134,130,121,112,123,107,83
HOUSEHOLD_2_026,HOUSEHOLD_2,HOUSEHOLD,0,0,0,0,0,0,6,18,32,17,18,27,21,21,25,24,20,18,21,23,19,17,22,18,18,18,12,17,20,18,31,34,21,34,30,27,40,39,40,16,33,29,16,22,18,24,21,30,31,20,28,32,21,26,28,30,26,33,35,39,34,41,41,34,31
HOUSEHOLD_2_027,HOUSEHOLD_2,HOUSEHOLD,0,0,0,0,0,0,0,0,0,0,0,0,0,0,0,0,0,0,0,0,0,0,0,0,0,0,0,0,20,17,24,38,34,36,41,49,23,28,30,42,18,36,27,53,24,39,25,32,20,31,35,34,31,29,38,33,25,36,27,23,21,14,17,38,35
HOUSEHOLD_2_028,HOUSEHOLD_2,HOUSEHOLD,7,77,92,95,80,42,0,0,79,91,57,57,51,58,60,41,15,53,45,0,0,19,59,62,44,40,45,35,38,40,40,41,37,62,43,58,41,55,80,63,50,46,49,44,51,51,46,45,52,79,74,83,87,85,96,89,90,85,77,78,64,62,64,62,44
HOUSEHOLD_2_029,HOUSEHOLD_2,HOUSEHOLD,15,107,110,102,99,93,78,89,82,17,1,0,77,56,88,99,99,113,116,99,84,0,0,0,38,100,77,91,86,91,65,88,84,64,12,0,0,72,119,105,84,87,79,81,90,70,3,0,0,0,10,57,86,61,95,77,67,81,77,99,13,64,76,52,41
HOUSEHOLD_2_030,HOUSEHOLD_2,HOUSEHOLD,29,142,141,164,157,139,197,180,165,149,153,139,149,193,156,148,149,167,154,156,143,160,134,148,173,156,149,136,132,154,138,161,149,123,77,4,0,33,127,111,139,125,126,127,128,107,104,108,105,86,101,83,80,104,125,126,116,115,93,98,111,128,97,85,85
HOUSEHOLD_2_031,HOUSEHOLD_2,HOUSEHOLD,0,0,0,0,0,0,0,0,0,0,0,0,0,0,0,0,0,0,0,0,0,0,0,24,202,122,150,131,91,114,118,131,130,104,107,124,100,106,126,94,111,116,110,107,93,97,103,102,67,41,57,68,76,51,45,69,55,71,55,74,47,43,45,47,27
HOUSEHOLD_2_032,HOUSEHOLD_2,HOUSEHOLD,0,0,0,0,0,0,0,0,0,0,0,0,0,0,0,0,0,0,0,0,0,2,50,50,43,62,96,46,2,3,65,97,105,76,66,69,80,61,96,66,2,0,11,80,72,67,45,38,33,46,60,75,83,76,67,68,45,42,34,40,26,47,40,63,36
HOUSEHOLD_2_033,HOUSEHOLD_2,HOUSEHOLD,20,135,152,151,151,113,123,117,129,129,128,150,154,121,121,109,118,107,98,115,113,107,123,101,123,119,131,116,105,96,85,90,88,94,92,106,93,111,103,91,100,88,89,103,88,78,86,68,93,94,78,86,67,74,79,68,81,78,81,105,124,85,78,85,81
HOUSEHOLD_2_034,HOUSEHOLD_2,HOUSEHOLD,8,41,35,30,33,22,21,29,23,23,10,17,35,21,7,19,22,24,24,27,18,12,24,11,20,23,19,24,23,20,15,24,27,37,41,32,22,19,16,21,15,29,26,19,28,23,22,24,19,22,24,18,20,20,26,24,30,31,31,30,25,32,37,23,16
HOUSEHOLD_2_035,HOUSEHOLD_2,HOUSEHOLD,31,239,260,230,252,237,219,228,177,157,107,131,128,175,170,172,185,183,21,0,0,136,153,220,149,126,51,50,135,168,0,3,49,165,182,158,186,140,122,0,2,37,103,93,98,110,119,122,133,130,109,121,130,145,151,151,117,155,124,122,126,110,112,114,66
HOUSEHOLD_2_036,HOUSEHOLD_2,HOUSEHOLD,17,100,111,96,71,89,98,88,108,89,70,94,78,92,108,133,142,173,134,124,131,110,91,119,70,105,140,113,125,144,118,143,157,139,112,163,106,130,98,155,151,162,177,188,175,139,142,125,103,111,130,150,137,136,160,130,100,123,131,170,143,152,151,179,105
HOUSEHOLD_2_037,HOUSEHOLD_2,HOUSEHOLD,21,160,184,163,211,188,167,198,185,144,161,211,156,210,191,191,68,205,159,209,177,174,215,205,213,169,210,167,167,180,197,245,213,242,53,3,1,175,245,187,180,151,174,205,182,222,114,2,1,150,238,217,228,190,219,268,213,204,209,185,211,176,191,195,155
HOUSEHOLD_2_038,HOUSEHOLD_2,HOUSEHOLD,4,54,56,54,41,29,0,0,42,50,47,49,45,50,67,51,18,49,35,0,0,10,33,51,54,36,43,48,56,47,49,57,56,42,34,51,33,35,48,33,35,52,45,42,39,55,44,51,68,50,68,74,65,47,65,45,46,52,55,70,65,51,47,37,30
HOUSEHOLD_2_039,HOUSEHOLD_2,HOUSEHOLD,0,0,0,0,0,0,0,0,0,1,89,91,61,96,88,101,118,122,110,99,85,113,107,109,106,101,86,29,60,45,46,53,81,99,24,2,2,75,107,82,72,58,87,85,76,82,31,0,0,60,94,108,100,75,104,109,131,106,102,117,114,86,91,107,85
HOUSEHOLD_2_040,HOUSEHOLD_2,HOUSEHOLD,0,0,0,0,0,0,0,0,0,0,0,0,0,0,0,0,0,0,0,0,0,0,0,0,0,0,0,0,0,0,0,0,0,0,0,0,0,0,20,64,80,66,70,72,74,72,73,65,64,70,99,63,70,79,99,101,71,80,78,79,37,48,48,69,67
HOUSEHOLD_2_041,HOUSEHOLD_2,HOUSEHOLD,10,83,98,81,120,90,68,0,1,45,76,65,58,87,77,89,77,87,79,95,73,70,77,66,13,0,0,67,75,66,59,85,75,57,60,88,80,105,132,101,95,102,98,77,61,68,72,61,54,75,86,70,63,65,75,69,54,62,63,57,59,47,57,54,46
HOUSEHOLD_2_042,HOUSEHOLD_2,HOUSEHOLD,4,34,36,33,0,0,2,35,37,23,28,17,15,17,28,17,2,0,0,29,22,22,28,30,22,23,26,27,0,0,0,18,21,19,23,22,19,23,22,19,4,0,0,1,22,18,18,16,14,14,17,21,9,0,0,15,32,20,16,23,22,23,19,20,17
HOUSEHOLD_2_043,HOUSEHOLD_2,HOUSEHOLD,7,108,130,111,123,103,117,102,109,120,109,102,115,101,108,96,99,101,98,88,81,83,75,64,63,62,70,66,58,78,81,86,80,67,74,92,97,119,112,91,75,75,74,73,77,76,81,59,68,47,72,59,73,64,58,67,66,85,72,77,89,73,81,66,63
HOUSEHOLD_2_044,HOUSEHOLD_2,HOUSEHOLD,0,0,0,0,0,0,0,0,0,0,0,0,0,0,0,0,0,0,0,0,0,0,0,0,0,0,0,0,0,0,0,0,0,0,0,0,0,0,0,0,0,0,0,0,454,541,600,633,665,719,606,650,748,669,638,693,767,868,893,992,1024,902,916,879,583
HOUSEHOLD_2_045,HOUSEHOLD_2,HOUSEHOLD,10,70,128,131,44,157,131,72,82,66,45,25,46,47,50,57,36,79,97,50,61,53,38,46,39,70,119,132,146,137,151,97,67,59,36,17,31,31,31,78,97,90,2,58,58,38,32,24,28,41,70,81,131,133,94,77,44,48,26,29,17,29,24,59,64
HOUSEHOLD_2_046,HOUSEHOLD_2,HOUSEHOLD,0,0,0,0,0,0,0,0,0,0,0,0,0,0,0,0,0,0,0,0,0,0,0,0,0,16,137,89,101,106,0,0,17,88,90,114,108,92,64,1,2,43,84,94,81,106,95,92,81,77,79,64,61,59,60,73,65,70,70,86,86,98,100,96,68
HOUSEHOLD_2_047,HOUSEHOLD_2,HOUSEHOLD,21,203,191,166,151,144,168,123,146,153,145,191,165,190,163,151,138,144,127,137,119,132,148,163,191,199,221,199,159,140,140,122,124,154,153,227,212,198,154,159,155,121,116,97,86,132,143,115,138,119,140,129,150,113,105,125,120,119,131,169,163,161,139,120,82
HOUSEHOLD_2_048,HOUSEHOLD_2,HOUSEHOLD,12,114,104,121,91,92,120,86,72,97,58,74,66,71,80,62,58,78,90,87,69,74,70,83,71,90,92,76,62,69,74,77,78,82,81,77,60,60,95,87,80,78,79,86,74,90,89,105,86,66,91,70,90,63,87,74,77,57,48,75,48,17,36,53,70
HOUSEHOLD_2_049,HOUSEHOLD_2,HOUSEHOLD,0,0,0,0,0,0,0,0,0,0,0,0,0,0,0,0,0,0,0,0,0,0,0,127,187,186,231,212,221,250,222,212,209,210,197,211,228,214,221,174,202,185,226,236,246,234,209,197,196,165,168,155,186,180,176,223,176,227,191,176,209,246,185,221,161
HOUSEHOLD_2_050,HOUSEHOLD_2,HOUSEHOLD,0,39,38,0,0,86,139,145,126,124,95,73,113,118,132,124,138,178,183,158,162,173,158,182,148,140,181,153,158,153,186,137,192,190,148,136,103,139,135,129,161,108,105,116,123,106,116,86,92,95,119,114,114,101,115,113,107,115,124,109,102,104,120,97,76
HOUSEHOLD_2_051,HOUSEHOLD_2,HOUSEHOLD,7,34,52,101,131,90,82,51,13,42,27,24,11,6,8,119,108,231,142,182,79,72,55,61,51,97,139,210,185,145,140,80,2,22,29,29,38,42,77,121,161,172,123,88,29,23,10,4,22,40,108,104,125,170,180,133,39,69,59,51,44,87,125,139,72
HOUSEHOLD_2_052,HOUSEHOLD_2,HOUSEHOLD,21,196,175,158,154,87,0,0,125,161,196,195,222,257,235,117,10,0,0,0,139,128,135,177,201,153,198,169,163,174,182,111,141,153,127,136,135,148,72,123,104,137,126,75,62,79,118,103,129,101,111,100,48,0,0,0,1,97,98,99,114,85,96,101,93
HOUSEHOLD_2_053,HOUSEHOLD_2,HOUSEHOLD,0,0,0,0,0,0,0,0,0,0,0,7,55,60,95,66,152,159,101,79,123,77,74,72,102,161,93,137,100,90,91,111,71,58,47,53,40,74,51,49,95,59,75,59,69,66,60,57,33,25,51,49,77,82,64,99,89,89,85,90,59,61,67,43,44
HOUSEHOLD_2_054,HOUSEHOLD_2,HOUSEHOLD,11,140,146,170,151,102,88,85,79,86,104,107,119,142,100,137,146,145,120,135,146,112,155,149,144,149,176,135,95,99,96,124,162,113,144,180,182,201,216,180,144,130,147,122,157,141,173,195,184,185,193,131,130,86,88,148,111,152,136,218,202,232,178,192,110
HOUSEHOLD_2_055,HOUSEHOLD_2,HOUSEHOLD,7,58,71,65,64,60,55,69,51,60,32,47,51,54,66,54,46,59,62,51,58,64,46,49,29,59,68,62,52,58,50,57,69,61,52,52,53,61,42,29,62,67,71,82,81,70,63,72,55,54,83,98,79,77,81,63,66,84,94,75,70,60,91,104,57
HOUSEHOLD_2_056,HOUSEHOLD_2,HOUSEHOLD,3,33,45,39,54,56,50,51,55,59,49,52,58,55,64,64,71,54,53,69,75,87,36,55,50,21,26,44,46,54,40,50,31,40,40,32,56,42,59,65,72,63,88,80,56,43,42,39,45,61,66,64,58,35,51,65,50,37,27,24,30,40,55,66,44
HOUSEHOLD_2_057,HOUSEHOLD_2,HOUSEHOLD,0,0,0,0,0,0,0,0,0,0,0,0,0,0,0,0,0,0,0,0,0,0,0,0,0,0,0,0,0,0,0,0,0,0,0,0,0,0,0,0,0,0,0,0,0,0,0,6,52,51,72,51,70,56,70,76,83,63,53,48,51,80,77,71,63
HOUSEHOLD_2_058,HOUSEHOLD_2,HOUSEHOLD,0,0,0,0,0,0,0,0,0,0,0,0,0,0,0,0,0,0,0,0,0,0,0,0,0,0,0,0,0,0,0,0,0,27,59,49,86,116,121,95,82,76,62,51,62,61,94,85,93,87,91,89,63,82,83,61,63,71,55,81,87,84,93,73,60
HOUSEHOLD_2_059,HOUSEHOLD_2,HOUSEHOLD,62,520,509,469,523,500,507,472,273,22,49,263,336,439,385,336,324,420,391,452,377,248,30,194,377,425,483,452,412,447,414,440,431,190,18,78,158,182,310,316,359,301,311,274,237,92,6,3,140,225,208,229,240,206,194,160,243,111,23,96,130,166,199,211,122
HOUSEHOLD_2_060,HOUSEHOLD_2,HOUSEHOLD,0,0,0,0,0,0,0,0,0,0,0,0,0,0,0,0,0,0,0,0,0,0,0,0,0,0,0,0,0,0,0,0,0,0,0,4,19,30,37,24,20,20,23,15,33,33,33,35,17,35,28,31,31,34,31,31,36,45,35,33,13,22,21,39,29
HOUSEHOLD_2_061,HOUSEHOLD_2,HOUSEHOLD,0,0,0,0,0,0,0,0,0,0,0,0,0,0,0,0,0,0,0,0,0,0,0,0,0,0,103,150,156,227,235,240,234,253,256,241,360,430,361,320,272,192,202,192,188,198,183,190,199,211,244,266,232,197,184,164,129,168,177,185,237,268,191,186,133
HOUSEHOLD_2_062,HOUSEHOLD_2,HOUSEHOLD,39,305,291,351,396,461,456,344,335,307,253,127,214,212,141,26,35,38,33,30,22,30,46,21,31,47,301,246,229,869,322,346,271,211,196,169,163,125,223,160,180,203,238,198,166,153,138,129,112,107,120,126,154,172,175,204,136,180,170,149,103,177,217,185,150
HOUSEHOLD_2_063,HOUSEHOLD_2,HOUSEHOLD,7,41,50,57,48,42,66,60,62,49,68,103,91,82,41,1,0,41,75,79,66,72,69,52,59,52,64,55,49,48,58,51,43,40,40,46,43,31,41,52,50,43,44,53,41,41,26,34,37,21,53,39,54,48,37,42,36,50,23,34,27,36,38,26,24
HOUSEHOLD_2_064,HOUSEHOLD_2,HOUSEHOLD,13,106,156,167,167,162,146,143,149,144,146,127,109,105,75,92,95,94,127,146,96,101,70,67,62,83,117,129,89,68,118,120,100,108,113,109,65,63,71,78,112,85,95,107,70,96,109,79,59,92,123,119,140,140,151,124,146,135,133,129,137,140,118,120,88
HOUSEHOLD_2_065,HOUSEHOLD_2,HOUSEHOLD,0,0,0,0,0,0,0,0,0,0,0,0,0,0,0,0,0,2,66,36,43,45,67,34,33,0,0,4,45,36,33,42,26,37,39,32,34,30,0,0,2,24,30,28,24,31,16,15,13,17,27,23,26,16,23,25,17,10,15,30,12,21,21,18,14
HOUSEHOLD_2_066,HOUSEHOLD_2,HOUSEHOLD,0,0,0,0,0,0,0,0,0,0,0,0,0,0,0,0,0,0,0,0,0,0,0,0,0,0,0,0,0,0,0,0,0,0,0,0,0,0,0,0,0,0,0,0,0,0,22,89,70,72,86,108,67,68,79,113,62,62,64,73,60,80,78,63,51
HOUSEHOLD_2_067,HOUSEHOLD_2,HOUSEHOLD,0,0,0,0,0,0,0,0,0,0,0,0,0,0,0,0,0,0,0,0,0,0,0,0,0,0,0,0,0,0,0,0,0,0,0,0,0,0,227,728,84,70,50,27,5,13,4,216,118,222,285,361,179,98,53,123,100,91,147,209,128,240,231,139,112
HOUSEHOLD_2_068,HOUSEHOLD_2,HOUSEHOLD,17,164,149,128,161,116,151,173,166,170,179,189,152,152,153,115,137,189,150,124,159,139,90,71,46,79,105,80,62,96,97,86,100,100,104,126,98,61,88,115,115,127,109,84,59,84,80,112,119,122,138,142,136,150,135,156,166,118,103,129,157,91,146,156,134
HOUSEHOLD_2_069,HOUSEHOLD_2,HOUSEHOLD,0,0,0,0,0,0,0,0,0,0,0,0,2,17,28,22,33,33,45,57,60,55,49,54,39,33,39,34,24,31,43,40,44,38,56,36,43,46,52,58,51,67,57,57,55,51,57,55,51,43,45,55,46,50,54,58,51,48,54,49,59,45,55,65,62
HOUSEHOLD_2_070,HOUSEHOLD_2,HOUSEHOLD,11,161,188,171,199,228,216,224,167,194,172,164,169,166,184,155,159,151,137,128,126,120,140,113,112,135,152,116,128,126,149,160,114,82,115,93,38,62,67,86,141,118,135,137,80,82,67,101,100,83,131,127,147,117,126,108,127,155,88,80,116,101,131,146,86
HOUSEHOLD_2_071,HOUSEHOLD_2,HOUSEHOLD,14,113,133,102,115,94,83,98,75,106,113,124,128,138,164,117,128,130,99,109,121,102,155,184,26,1,1,124,147,164,157,160,165,160,144,164,97,130,143,169,103,0,2,0,0,98,106,102,110,69,77,83,88,106,106,87,88,72,81,98,88,85,103,81,68
HOUSEHOLD_2_072,HOUSEHOLD_2,HOUSEHOLD,0,0,0,0,0,0,0,0,0,0,0,0,0,0,0,0,0,0,0,0,0,0,0,0,0,0,0,0,0,0,0,0,0,0,0,0,0,0,0,0,19,144,220,154,173,179,218,189,172,176,209,189,185,201,189,146,130,167,185,197,203,221,225,221,159
HOUSEHOLD_2_073,HOUSEHOLD_2,HOUSEHOLD,0,0,0,0,0,0,0,0,0,0,0,0,4,25,29,9,13,21,20,18,9,6,11,12,5,0,0,15,18,20,12,12,13,25,19,33,23,23,24,17,26,12,17,18,21,12,23,19,25,23,25,25,23,29,28,19,11,16,21,17,24,16,21,25,28
HOUSEHOLD_2_074,HOUSEHOLD_2,HOUSEHOLD,36,368,419,386,363,399,487,550,491,527,478,511,490,454,500,379,416,367,422,366,388,443,429,374,252,287,292,310,282,318,342,385,226,243,305,298,235,173,198,244,305,270,293,303,346,342,329,298,352,256,291,234,279,301,349,333,261,251,218,243,237,181,298,385,304
HOUSEHOLD_2_075,HOUSEHOLD_2,HOUSEHOLD,24,265,265,238,241,243,208,237,267,299,335,413,317,313,269,264,249,230,226,221,202,270,304,277,243,256,237,205,245,191,254,242,224,289,290,343,201,217,219,212,245,242,190,200,169,241,240,141,196,211,264,237,240,230,211,203,202,231,219,159,149,190,196,223,136
HOUSEHOLD_2_076,HOUSEHOLD_2,HOUSEHOLD,17,186,204,79,47,139,167,123,26,44,150,135,181,190,193,166,195,165,201,205,147,119,137,118,130,141,156,155,145,161,170,176,144,148,133,127,135,116,106,133,150,199,127,2,3,107,198,141,133,156,183,191,193,191,172,178,110,147,154,129,123,138,143,152,139
HOUSEHOLD_2_077,HOUSEHOLD_2,HOUSEHOLD,0,0,0,0,0,0,0,0,0,0,0,0,0,0,0,0,0,0,0,0,0,0,0,0,0,0,0,0,0,0,0,0,0,0,0,0,0,0,0,0,0,0,0,0,0,20,23,32,34,31,49,47,48,45,44,54,54,56,44,52,55,43,40,59,41
HOUSEHOLD_2_078,HOUSEHOLD_2,HOUSEHOLD,31,326,272,227,278,249,265,93,1,0,0,1,88,240,248,259,93,243,220,220,202,181,182,68,0,0,156,194,111,166,167,169,119,7,0,0,0,98,229,213,211,201,156,198,169,31,11,4,38,145,139,24,1,0,1,0,1,0,0,1,0,106,170,148,120
HOUSEHOLD_2_079,HOUSEHOLD_2,HOUSEHOLD,5,61,68,58,67,50,72,82,46,83,63,50,82,59,70,74,60,72,70,74,79,70,68,66,72,76,70,79,71,86,87,98,96,82,84,90,93,77,89,81,74,72,64,85,86,88,80,66,94,49,61,47,46,62,62,63,45,52,57,49,65,64,57,53,39
HOUSEHOLD_2_080,HOUSEHOLD_2,HOUSEHOLD,0,0,0,0,0,0,0,0,0,0,0,0,0,0,0,0,0,0,0,0,0,0,0,0,5,11,22,56,67,96,81,36,19,8,4,10,20,5,27,36,111,218,203,71,31,21,4,4,17,15,39,56,69,144,131,72,36,15,9,5,10,16,35,47,21
HOUSEHOLD_2_081,HOUSEHOLD_2,HOUSEHOLD,0,0,0,0,0,0,0,0,0,0,0,0,0,0,0,0,0,0,0,0,0,0,0,0,0,0,0,0,0,0,0,0,0,0,0,0,0,0,6,67,125,119,160,166,127,144,135,140,144,134,141,145,137,139,179,188,192,167,173,151,178,145,158,123,122
HOUSEHOLD_2_082,HOUSEHOLD_2,HOUSEHOLD,0,0,0,0,31,0,0,151,196,291,231,206,200,187,123,29,33,32,33,31,24,29,26,29,9,16,51,144,189,227,210,201,216,243,190,169,200,183,180,151,176,124,152,143,176,182,205,146,133,145,178,156,152,159,174,165,146,151,138,121,108,92,94,101,80
HOUSEHOLD_2_083,HOUSEHOLD_2,HOUSEHOLD,0,17,19,54,16,10,0,61,38,10,10,11,19,20,12,40,123,120,110,25,9,16,26,14,11,27,57,81,100,118,95,49,32,14,14,15,17,15,43,77,100,101,93,58,35,36,7,6,18,38,68,77,94,124,120,65,11,13,11,9,12,54,75,113,55
HOUSEHOLD_2_084,HOUSEHOLD_2,HOUSEHOLD,32,296,276,290,263,243,282,298,243,235,226,284,296,302,226,281,286,279,227,254,242,215,228,214,208,220,229,239,218,205,176,252,210,196,121,2,1,55,185,158,125,96,116,106,87,102,104,93,95,92,86,76,82,97,91,125,102,97,93,83,116,113,90,87,84
HOUSEHOLD_2_085,HOUSEHOLD_2,HOUSEHOLD,0,0,0,0,0,0,0,0,0,0,0,0,0,0,0,0,0,0,0,0,0,0,0,33,34,50,38,58,44,40,44,39,36,41,28,45,38,36,43,33,41,20,15,12,26,21,18,19,19,22,22,29,30,39,40,38,35,31,26,29,30,18,20,15,17
HOUSEHOLD_2_086,HOUSEHOLD_2,HOUSEHOLD,0,0,0,0,0,0,0,0,0,0,0,0,7,13,22,15,16,11,13,19,20,17,19,16,19,27,16,16,21,11,18,22,28,22,17,17,16,27,25,20,23,9,14,13,6,14,27,21,20,20,20,19,23,12,9,19,10,33,22,27,24,24,18,24,16
HOUSEHOLD_2_087,HOUSEHOLD_2,HOUSEHOLD,0,14,20,6,0,0,15,25,21,29,17,11,20,22,17,16,19,19,17,18,15,15,19,12,6,14,16,14,0,0,5,13,17,9,20,18,10,20,22,20,13,10,21,19,22,20,16,18,15,24,33,18,16,25,23,20,33,26,21,21,16,20,12,15,9
HOUSEHOLD_2_088,HOUSEHOLD_2,HOUSEHOLD,3,69,97,123,102,62,0,0,70,119,92,102,101,93,89,107,98,29,0,0,76,115,113,107,18,0,0,106,98,105,116,143,91,115,92,107,109,100,104,98,13,3,0,1,95,109,70,84,92,81,82,87,83,84,85,95,82,97,103,97,88,87,97,80,62
HOUSEHOLD_2_089,HOUSEHOLD_2,HOUSEHOLD,0,158,255,226,211,227,291,263,130,47,11,8,73,195,185,204,199,244,266,262,237,137,29,13,181,242,238,195,229,204,233,213,232,80,22,33,98,173,221,187,206,185,159,187,134,75,9,0,93,118,166,155,150,143,172,113,162,75,19,137,118,154,143,154,117
HOUSEHOLD_2_090,HOUSEHOLD_2,HOUSEHOLD,24,179,163,169,93,12,124,155,81,21,5,23,108,148,156,144,75,63,138,163,99,146,116,95,102,153,147,120,151,151,159,130,89,25,9,36,127,112,141,104,127,130,122,128,95,24,9,25,72,77,125,104,131,114,130,151,101,13,2,58,93,113,116,139,92
HOUSEHOLD_2_091,HOUSEHOLD_2,HOUSEHOLD,0,0,0,0,0,0,0,0,0,0,0,0,0,0,0,0,0,2,37,45,54,38,27,27,49,39,45,31,38,42,22,42,31,31,32,41,36,23,37,35,33,33,40,35,41,51,45,42,41,40,61,52,60,48,65,65,59,60,42,47,41,54,48,55,41
HOUSEHOLD_2_092,HOUSEHOLD_2,HOUSEHOLD,5,38,40,30,34,37,32,39,36,42,27,31,35,27,26,26,26,28,27,0,0,9,42,32,25,36,24,22,20,29,23,26,24,23,25,28,31,35,35,27,15,21,24,19,21,23,25,19,30,25,25,19,31,27,20,17,24,20,26,20,46,34,42,42,23
HOUSEHOLD_2_093,HOUSEHOLD_2,HOUSEHOLD,0,54,24,197,254,271,270,296,210,32,5,4,2,47,269,260,256,315,328,271,119,35,2,5,1,0,0,63,215,239,194,256,11,5,3,1,0,21,216,225,181,181,139,163,66,37,9,23,52,153,177,182,207,171,195,196,80,35,4,2,0,146,169,188,107
HOUSEHOLD_2_094,HOUSEHOLD_2,HOUSEHOLD,2,25,20,32,21,12,0,0,24,30,30,34,21,28,30,25,13,26,22,0,0,6,20,13,21,21,17,24,31,22,32,20,27,26,20,32,10,18,27,19,16,11,10,18,21,25,21,25,31,24,28,30,30,39,33,31,31,36,39,41,24,30,27,33,16
HOUSEHOLD_2_095,HOUSEHOLD_2,HOUSEHOLD,0,0,0,0,0,0,0,0,0,0,0,0,0,0,0,0,0,1,54,62,72,61,49,62,53,51,57,53,45,52,76,96,73,80,80,89,74,87,83,87,89,84,82,99,55,2,0,1,6,59,73,78,82,92,109,71,88,86,91,87,90,92,88,96,80
HOUSEHOLD_2_096,HOUSEHOLD_2,HOUSEHOLD,0,0,0,0,0,0,0,0,0,0,0,0,0,0,0,0,0,10,95,164,123,148,183,206,240,194,223,224,216,277,240,232,203,179,180,135,119,99,69,47,31,70,154,206,156,174,158,178,173,171,179,180,171,149,179,150,146,146,154,185,205,204,164,157,160
HOUSEHOLD_2_097,HOUSEHOLD_2,HOUSEHOLD,0,20,17,16,16,18,12,15,15,18,11,16,22,12,11,13,6,15,15,9,5,13,11,5,9,5,14,15,24,26,18,12,20,11,14,11,5,4,9,11,18,20,26,28,15,27,24,19,19,38,45,35,42,33,37,38,26,39,43,40,39,47,58,55,43
HOUSEHOLD_2_098,HOUSEHOLD_2,HOUSEHOLD,9,82,94,75,88,97,94,72,78,112,78,78,80,62,79,75,72,101,107,100,76,67,82,81,65,40,60,56,49,62,53,47,72,81,49,44,49,52,42,46,29,45,46,53,56,61,49,47,78,68,84,88,104,99,71,72,59,51,43,42,48,59,48,45,64
HOUSEHOLD_2_099,HOUSEHOLD_2,HOUSEHOLD,7,47,43,47,43,23,0,0,42,69,44,49,45,44,52,52,24,53,35,0,0,18,44,51,40,36,42,37,40,33,35,37,53,40,46,27,34,38,41,32,27,28,30,22,33,40,34,31,46,48,69,58,60,55,46,54,51,58,68,42,61,57,37,63,46
HOUSEHOLD_2_100,HOUSEHOLD_2,HOUSEHOLD,4,38,84,92,58,119,71,41,33,31,14,16,14,27,21,11,8,27,11,2,15,14,16,19,41,58,88,96,108,115,61,45,35,25,17,10,21,11,28,75,83,88,0,26,20,11,20,13,20,29,36,50,96,94,58,40,29,29,13,11,9,18,30,72,67
HOUSEHOLD_2_101,HOUSEHOLD_2,HOUSEHOLD,0,0,0,0,0,0,0,0,0,0,0,0,0,0,0,0,0,0,0,0,0,0,0,0,0,0,0,0,0,0,0,0,0,0,0,0,0,0,0,0,0,20,26,31,32,34,23,31,30,18,21,21,20,23,24,26,24,17,28,21,20,24,28,29,22
HOUSEHOLD_2_102,HOUSEHOLD_2,HOUSEHOLD,0,0,0,0,0,0,0,0,0,0,0,0,0,0,0,0,0,0,0,0,0,0,0,0,0,0,0,0,0,0,0,0,0,0,154,244,266,214,284,302,383,298,340,387,339,400,318,256,203,273,334,353,388,407,399,372,283,306,258,303,278,307,285,338,266
HOUSEHOLD_2_103,HOUSEHOLD_2,HOUSEHOLD,0,0,0,0,0,0,0,0,0,0,0,0,0,0,0,0,0,0,0,0,0,0,0,0,0,7,9,14,91,59,55,88,59,85,68,31,146,106,125,71,132,164,115,93,131,117,96,86,74,65,95,116,85,96,38,81,92,92,79,52,25,54,30,57,25
HOUSEHOLD_2_104,HOUSEHOLD_2,HOUSEHOLD,6,79,80,81,84,96,97,87,58,80,60,76,45,38,52,52,46,51,57,42,45,71,57,51,31,35,24,59,67,62,59,48,56,51,44,20,38,22,35,41,32,52,45,44,34,38,32,37,36,43,45,50,36,45,32,36,28,34,33,40,36,39,51,42,36
HOUSEHOLD_2_105,HOUSEHOLD_2,HOUSEHOLD,7,26,40,36,42,36,32,29,42,42,36,50,35,50,57,63,45,37,50,39,38,31,38,45,51,49,42,39,48,48,60,46,50,50,55,71,59,68,74,63,63,51,51,55,61,61,59,64,43,60,56,63,84,61,57,58,63,56,59,66,56,63,61,71,54
HOUSEHOLD_2_106,HOUSEHOLD_2,HOUSEHOLD,1,18,23,17,24,34,27,26,28,20,21,26,20,30,22,27,22,30,27,31,33,30,25,33,16,30,6,1,18,22,32,24,25,31,37,26,40,31,20,23,30,23,30,39,32,43,25,28,39,29,37,39,52,57,39,49,44,47,39,49,58,55,50,33,29
HOUSEHOLD_2_107,HOUSEHOLD_2,HOUSEHOLD,1,30,43,41,37,26,42,33,33,40,35,29,31,53,51,52,39,55,60,45,59,49,58,54,73,77,70,73,76,62,55,45,61,52,55,49,35,29,28,20,6,18,33,26,44,33,25,31,37,34,35,39,29,34,45,38,36,33,24,32,48,48,45,30,17
HOUSEHOLD_2_108,HOUSEHOLD_2,HOUSEHOLD,22,77,83,49,17,2,0,2,27,93,137,85,110,104,92,45,5,4,2,0,40,98,85,107,102,73,75,56,65,13,4,4,31,78,75,101,52,80,30,5,5,0,0,1,28,80,85,83,79,51,11,4,1,1,0,0,27,68,86,62,36,0,0,1,4
HOUSEHOLD_2_109,HOUSEHOLD_2,HOUSEHOLD,0,0,0,0,0,0,0,0,0,0,0,0,0,0,0,0,0,0,0,0,0,0,0,0,0,0,0,0,0,0,0,0,0,0,0,0,20,12,16,10,176,149,177,155,162,184,172,167,146,153,118,123,159,164,176,159,150,165,129,107,129,154,153,148,111
HOUSEHOLD_2_110,HOUSEHOLD_2,HOUSEHOLD,0,0,0,0,0,0,0,0,0,0,0,0,0,0,0,0,0,0,0,0,0,0,0,0,0,0,0,0,0,0,0,0,0,0,0,0,0,0,0,42,620,506,337,392,543,528,561,579,596,578,739,694,703,999,1279,1217,936,743,636,766,797,708,782,804,551
HOUSEHOLD_2_111,HOUSEHOLD_2,HOUSEHOLD,7,32,40,73,31,0,0,130,72,18,30,22,22,37,117,171,1,1,0,161,44,28,27,22,15,29,118,199,242,306,327,119,60,33,13,16,30,19,73,11,0,1,135,107,21,16,17,12,21,14,45,26,0,1,173,163,40,10,18,13,23,42,66,66,48
HOUSEHOLD_2_112,HOUSEHOLD_2,HOUSEHOLD,0,0,0,0,0,0,0,0,0,0,0,0,0,0,0,15,92,90,123,120,120,97,141,114,103,97,99,100,70,86,87,96,93,123,104,130,72,73,78,61,76,67,48,58,59,67,58,62,61,57,73,84,92,84,105,105,105,100,99,104,91,84,45,97,71
HOUSEHOLD_2_113,HOUSEHOLD_2,HOUSEHOLD,18,115,137,109,133,112,124,126,115,114,103,87,94,105,103,100,98,97,109,121,104,109,106,83,83,88,126,95,113,108,108,97,84,109,79,100,99,93,134,125,132,109,130,107,106,125,106,118,120,126,149,155,188,143,159,168,124,153,154,141,163,171,198,200,175
HOUSEHOLD_2_114,HOUSEHOLD_2,HOUSEHOLD,0,0,0,0,0,0,0,0,0,0,0,0,0,0,0,0,0,0,0,0,0,0,0,0,0,0,0,0,0,0,0,0,0,0,0,24,190,202,178,135,95,97,123,138,82,47,82,82,62,104,126,126,104,92,118,119,80,87,77,84,88,89,95,90,43
HOUSEHOLD_2_115,HOUSEHOLD_2,HOUSEHOLD,50,376,205,70,35,27,107,350,447,493,425,443,83,0,1,335,433,333,373,402,329,201,20,0,0,1,273,342,427,435,398,233,1,3,238,436,299,281,330,336,306,287,363,402,386,392,358,293,333,261,352,301,413,389,427,430,378,388,370,339,344,383,384,394,289
HOUSEHOLD_2_116,HOUSEHOLD_2,HOUSEHOLD,0,0,0,54,76,78,90,84,63,0,0,0,0,2,2,21,59,59,86,87,50,0,0,0,0,0,0,26,53,75,78,86,25,6,0,0,0,3,69,83,69,50,80,86,34,0,0,0,0,8,76,73,84,76,69,66,39,0,0,0,0,4,75,53,69
HOUSEHOLD_2_117,HOUSEHOLD_2,HOUSEHOLD,14,120,149,140,126,152,142,140,157,137,134,138,136,162,190,260,171,158,152,177,156,110,54,87,101,110,90,55,95,79,68,111,73,60,71,53,79,57,91,53,70,63,69,70,61,46,46,56,58,49,56,66,86,83,75,77,73,66,54,46,49,45,74,76,57
HOUSEHOLD_2_118,HOUSEHOLD_2,HOUSEHOLD,0,0,0,0,0,0,0,0,0,0,0,0,0,0,0,0,0,0,0,0,0,0,4,60,150,218,283,234,226,257,224,250,229,228,206,225,218,263,272,211,227,262,252,249,231,276,222,173,244,258,272,258,244,213,230,237,232,235,208,198,283,236,217,221,136
HOUSEHOLD_2_119,HOUSEHOLD_2,HOUSEHOLD,0,0,103,142,131,160,149,103,88,90,112,135,151,151,157,96,91,101,108,100,94,102,67,100,110,91,108,63,98,90,71,79,110,59,82,57,71,54,88,79,82,104,97,93,78,85,82,99,101,88,133,139,124,126,171,166,123,124,72,105,117,109,116,128,89
HOUSEHOLD_2_120,HOUSEHOLD_2,HOUSEHOLD,0,0,0,0,0,0,0,0,0,0,0,0,0,0,0,0,0,0,0,0,0,0,0,0,0,0,0,0,0,0,0,0,0,0,0,0,0,0,0,0,0,0,0,0,4,37,27,30,32,49,50,55,50,45,35,42,38,46,49,48,65,70,98,96,70
HOUSEHOLD_2_121,HOUSEHOLD_2,HOUSEHOLD,0,0,0,0,0,0,0,0,0,0,0,5,40,42,67,61,92,102,68,55,68,53,40,40,46,90,78,92,93,79,88,93,68,58,52,65,41,52,60,57,95,75,81,80,62,62,64,54,31,37,54,47,70,45,69,76,58,63,43,50,37,26,40,54,33
HOUSEHOLD_2_122,HOUSEHOLD_2,HOUSEHOLD,0,19,20,0,0,72,105,92,64,63,1,0,0,111,112,75,83,86,93,75,77,42,0,0,49,98,108,120,124,118,133,152,120,117,0,0,0,0,110,116,121,113,123,115,117,111,96,0,34,102,137,137,134,113,113,98,0,0,5,112,105,82,118,105,98
HOUSEHOLD_2_123,HOUSEHOLD_2,HOUSEHOLD,0,0,0,0,0,0,0,0,0,0,0,0,5,7,18,10,6,14,14,16,2,6,12,6,6,5,9,10,10,11,3,4,2,8,7,10,8,5,7,6,1,4,22,6,13,19,10,25,72,76,93,116,127,148,142,129,102,119,113,121,130,122,138,148,119
HOUSEHOLD_2_124,HOUSEHOLD_2,HOUSEHOLD,12,104,138,182,205,231,204,214,192,201,179,169,149,171,55,19,177,149,135,148,145,139,118,128,126,154,81,11,115,139,204,175,140,131,152,138,111,115,46,14,33,95,97,141,109,108,108,103,114,61,14,60,98,117,145,147,141,66,22,44,128,50,21,9,33
HOUSEHOLD_2_125,HOUSEHOLD_2,HOUSEHOLD,0,2,12,45,71,85,83,67,53,14,10,4,1,3,1,52,77,84,102,107,53,8,3,2,3,0,23,78,87,72,76,87,45,14,0,0,0,4,60,65,69,81,87,81,42,20,8,2,2,20,65,68,74,70,62,70,35,6,2,0,6,0,0,25,56
HOUSEHOLD_2_126,HOUSEHOLD_2,HOUSEHOLD,0,0,0,0,0,0,0,0,0,0,0,0,0,0,72,89,97,134,10,0,0,78,81,97,77,0,0,2,16,75,54,1,0,36,100,74,60,90,73,83,11,0,1,0,84,84,62,62,67,58,60,75,91,86,20,2,1,55,73,58,79,63,76,71,66
HOUSEHOLD_2_127,HOUSEHOLD_2,HOUSEHOLD,0,0,0,0,0,0,0,0,0,0,0,0,0,0,0,0,0,0,0,4,119,0,0,33,102,66,105,113,114,131,118,123,83,10,2,64,57,69,75,66,63,85,99,92,72,78,32,0,0,58,78,74,95,9,57,63,27,59,63,79,62,41,64,42,41
HOUSEHOLD_2_128,HOUSEHOLD_2,HOUSEHOLD,44,300,274,186,279,220,37,0,0,0,190,246,225,217,40,0,6,157,121,145,115,103,104,123,130,26,1,29,150,127,130,97,88,116,105,0,0,44,100,70,74,67,67,74,56,50,62,82,59,68,54,53,54,60,44,38,0,0,10,63,58,55,54,70,45
HOUSEHOLD_2_129,HOUSEHOLD_2,HOUSEHOLD,0,0,0,0,0,0,0,0,0,0,0,0,0,0,0,0,0,0,0,0,0,0,0,0,0,0,0,0,0,0,0,0,0,0,0,0,0,0,0,211,139,200,233,224,156,134,48,1,0,75,118,113,83,8,65,74,61,93,69,69,91,69,74,71,49
HOUSEHOLD_2_130,HOUSEHOLD_2,HOUSEHOLD,0,0,0,0,0,0,0,0,0,0,0,0,0,0,0,0,0,0,0,0,0,0,0,0,0,0,0,0,0,0,0,0,0,0,0,0,0,0,0,0,0,8,19,33,48,38,52,26,11,27,42,37,52,45,52,41,40,37,32,42,28,27,27,30,19
HOUSEHOLD_2_131,HOUSEHOLD_2,HOUSEHOLD,21,63,7,0,0,12,92,93,90,91,78,124,91,55,47,63,58,56,64,57,85,74,88,55,13,5,47,93,73,73,81,64,55,55,74,62,43,43,40,46,56,54,47,46,50,16,0,0,37,58,38,38,44,48,48,52,54,23,0,0,31,54,58,55,36
HOUSEHOLD_2_132,HOUSEHOLD_2,HOUSEHOLD,0,0,0,0,0,0,0,0,0,0,0,0,0,0,0,0,0,0,0,0,0,0,0,0,0,0,0,0,0,0,0,0,0,0,0,0,86,68,112,61,89,102,78,38,56,33,28,34,16,25,46,62,70,54,34,61,38,27,18,19,20,34,43,47,36
HOUSEHOLD_2_133,HOUSEHOLD_2,HOUSEHOLD,0,90,136,117,105,100,112,86,80,96,79,56,0,66,130,89,73,75,80,88,89,87,99,109,122,89,89,86,93,85,108,80,112,96,78,95,88,102,110,84,109,69,102,92,68,73,77,53,77,67,94,90,83,84,88,76,86,85,92,84,83,68,43,50,25
HOUSEHOLD_2_134,HOUSEHOLD_2,HOUSEHOLD,6,19,25,24,23,23,13,18,19,34,24,15,23,27,19,20,15,31,24,0,0,3,28,31,26,27,35,19,21,19,22,11,12,14,15,18,21,27,22,15,20,24,17,16,17,15,19,16,13,26,15,28,23,24,10,18,19,16,10,22,25,32,44,36,34
HOUSEHOLD_2_135,HOUSEHOLD_2,HOUSEHOLD,8,72,118,85,96,81,97,115,105,89,120,102,111,101,116,108,114,73,90,130,112,146,127,131,152,155,205,124,84,142,109,145,132,188,166,208,197,181,200,167,141,135,147,158,145,135,129,131,153,155,176,172,202,167,173,213,174,184,168,161,203,151,153,161,118
HOUSEHOLD_2_136,HOUSEHOLD_2,HOUSEHOLD,13,157,155,179,185,130,92,79,98,105,118,134,120,119,127,111,133,141,126,143,127,117,137,125,117,93,99,118,136,116,91,124,122,102,131,147,147,188,166,114,88,95,105,148,148,178,101,141,101,148,153,111,132,93,99,129,140,143,108,196,200,219,255,202,133
HOUSEHOLD_2_137,HOUSEHOLD_2,HOUSEHOLD,6,49,71,90,88,82,93,89,92,203,78,67,66,64,71,58,56,70,66,64,55,60,54,69,63,60,50,59,55,52,69,64,58,53,51,50,47,57,59,77,70,61,60,53,51,43,41,43,56,58,58,58,64,60,74,75,86,77,54,75,63,67,90,85,65
HOUSEHOLD_2_138,HOUSEHOLD_2,HOUSEHOLD,0,20,13,19,12,17,16,16,15,14,13,15,17,28,19,35,15,19,33,40,30,37,26,20,29,22,22,28,26,18,25,22,28,28,18,29,15,25,21,29,24,32,35,42,39,42,35,26,30,31,37,33,38,28,36,34,22,22,25,29,26,18,27,19,19
HOUSEHOLD_2_139,HOUSEHOLD_2,HOUSEHOLD,0,0,75,140,129,122,112,96,102,90,106,101,118,138,123,98,118,128,143,147,116,65,58,101,107,124,151,176,99,97,99,64,82,68,86,76,76,90,96,77,80,85,112,93,74,53,79,117,108,93,153,102,79,88,122,99,93,123,82,109,103,114,120,123,90
HOUSEHOLD_2_140,HOUSEHOLD_2,HOUSEHOLD,24,237,185,192,219,250,284,353,296,282,307,247,283,222,247,271,287,256,293,314,306,250,268,292,331,282,366,365,268,303,290,264,261,247,224,182,176,173,219,206,245,221,206,217,231,263,236,216,270,235,270,223,227,227,246,244,222,241,179,217,234,234,231,250,186
HOUSEHOLD_2_141,HOUSEHOLD_2,HOUSEHOLD,5,18,40,20,33,30,29,24,21,23,17,5,15,11,12,13,12,8,7,11,11,6,13,12,11,16,37,62,50,40,47,29,25,24,26,29,30,23,38,20,34,24,21,22,27,24,21,23,18,23,30,24,23,28,17,19,26,24,19,21,15,21,22,39,21
HOUSEHOLD_2_142,HOUSEHOLD_2,HOUSEHOLD,52,360,391,393,395,351,372,405,395,512,382,390,395,381,375,378,384,394,406,461,445,433,433,389,387,362,367,379,382,350,364,462,445,449,452,394,435,356,407,370,359,389,441,447,438,557,891,379,412,307,420,527,268,0,294,422,424,547,456,516,516,451,437,622,493
HOUSEHOLD_2_143,HOUSEHOLD_2,HOUSEHOLD,5,87,112,123,98,94,84,76,0,0,76,143,92,82,80,80,93,88,82,66,106,94,110,127,110,93,114,90,81,84,106,109,109,122,82,0,1,1,103,151,166,158,131,136,110,91,38,3,0,13,116,110,100,108,134,140,97,93,104,100,97,121,136,113,73
HOUSEHOLD_2_144,HOUSEHOLD_2,HOUSEHOLD,5,38,55,49,64,16,0,0,32,53,31,50,42,52,45,41,43,60,61,77,59,52,55,49,37,29,30,38,35,35,0,0,0,20,30,33,46,46,47,40,40,33,31,18,0,0,0,31,25,40,35,16,0,0,8,44,44,37,41,43,39,27,35,49,42
HOUSEHOLD_2_145,HOUSEHOLD_2,HOUSEHOLD,19,185,243,70,29,38,201,220,219,220,208,206,49,0,0,118,160,187,158,201,153,204,218,154,125,201,237,224,267,304,303,342,267,286,227,125,122,188,187,171,154,154,149,209,171,157,141,130,150,149,155,140,193,161,181,209,149,158,124,141,162,192,177,153,134
HOUSEHOLD_2_146,HOUSEHOLD_2,HOUSEHOLD,0,0,0,0,0,0,0,0,0,0,0,0,0,0,0,0,0,0,0,0,0,0,0,0,0,0,0,0,0,0,0,0,0,0,0,0,1,8,3,4,48,73,62,66,78,75,85,81,67,85,36,66,113,97,23,0,0,70,112,120,151,190,180,107,44
HOUSEHOLD_2_147,HOUSEHOLD_2,HOUSEHOLD,3,19,24,14,17,15,26,28,19,26,16,21,12,21,14,18,10,11,17,16,10,14,15,13,15,17,18,22,20,21,23,17,16,17,21,18,16,11,13,18,14,16,24,21,23,23,21,16,18,15,21,17,28,11,18,18,18,19,20,19,29,21,27,19,12
HOUSEHOLD_2_148,HOUSEHOLD_2,HOUSEHOLD,0,0,0,0,0,0,0,0,0,0,0,0,0,0,0,0,0,0,0,0,0,0,0,67,206,133,162,125,190,135,152,117,124,107,101,103,55,75,80,72,74,88,93,113,99,66,71,101,69,64,57,65,54,58,43,57,36,52,40,59,55,73,63,57,54
HOUSEHOLD_2_149,HOUSEHOLD_2,HOUSEHOLD,0,0,0,0,0,0,0,0,0,0,6,6,30,33,45,36,45,38,22,23,26,23,19,19,21,18,22,17,20,7,0,0,16,13,20,21,11,13,16,12,16,7,13,10,14,12,9,10,21,12,23,21,27,24,38,27,34,30,15,20,33,17,25,30,20
HOUSEHOLD_2_150,HOUSEHOLD_2,HOUSEHOLD,0,0,0,0,0,0,0,0,0,0,0,0,0,0,0,0,0,0,0,9,65,68,72,59,80,67,81,63,67,54,57,52,55,60,54,53,64,52,61,58,41,59,52,60,59,54,36,36,58,50,52,42,47,59,56,69,59,56,62,49,59,43,71,72,54
HOUSEHOLD_2_151,HOUSEHOLD_2,HOUSEHOLD,0,0,0,0,0,0,0,0,0,0,0,0,0,0,0,0,0,0,0,0,0,0,0,0,0,0,0,0,0,0,0,0,0,0,0,0,0,0,0,0,0,0,33,76,42,0,1,13,63,60,50,55,68,52,62,62,50,83,66,73,77,67,66,66,61
HOUSEHOLD_2_152,HOUSEHOLD_2,HOUSEHOLD,5,40,43,62,63,76,82,79,70,75,60,72,55,74,81,84,76,78,70,72,59,36,57,68,51,63,72,49,77,77,53,74,60,51,41,47,46,54,72,81,79,64,53,57,49,53,45,39,48,37,53,69,63,76,72,70,50,54,62,48,56,48,68,74,58
HOUSEHOLD_2_153,HOUSEHOLD_2,HOUSEHOLD,0,0,0,0,0,0,0,0,0,0,0,0,0,0,0,0,0,0,0,0,0,0,0,0,0,0,0,0,0,0,0,0,0,0,0,0,0,0,0,0,0,126,85,96,106,133,63,3,2,74,121,133,135,117,107,105,90,143,125,108,146,149,148,136,95
HOUSEHOLD_2_154,HOUSEHOLD_2,HOUSEHOLD,11,166,142,165,171,198,261,234,216,162,84,92,118,129,127,138,151,223,297,267,176,165,138,136,105,115,117,101,111,92,78,75,74,76,73,60,49,48,68,106,77,112,92,80,76,75,55,54,64,79,82,103,119,104,119,108,103,93,66,74,77,92,84,110,104
HOUSEHOLD_2_155,HOUSEHOLD_2,HOUSEHOLD,12,90,100,84,107,82,76,81,84,76,103,89,97,97,89,86,99,114,117,110,108,99,94,103,98,103,121,101,114,119,143,154,125,105,101,126,103,91,124,125,106,110,113,109,59,0,1,0,9,89,127,90,125,91,93,106,0,0,17,108,113,152,110,112,83
HOUSEHOLD_2_156,HOUSEHOLD_2,HOUSEHOLD,1,1,0,0,1,5,0,0,17,60,76,26,13,32,1,0,0,0,0,0,0,19,95,101,115,109,103,110,112,93,88,93,65,95,106,104,107,96,102,90,98,75,79,97,86,66,21,5,2,3,42,62,56,53,55,63,57,72,52,75,19,54,64,41,33
HOUSEHOLD_2_157,HOUSEHOLD_2,HOUSEHOLD,0,0,0,0,0,0,0,0,0,0,0,0,0,0,0,0,0,0,0,0,0,0,0,0,0,0,0,0,0,0,0,0,0,0,0,0,27,19,49,30,37,36,47,44,48,60,46,42,27,26,34,23,34,24,33,32,38,35,40,37,37,37,45,37,13
HOUSEHOLD_2_158,HOUSEHOLD_2,HOUSEHOLD,0,10,4,0,0,12,17,27,20,4,1,1,29,39,30,35,50,35,38,48,45,6,1,0,45,43,43,32,47,43,45,62,52,48,41,37,46,33,37,41,47,29,26,58,49,54,42,46,57,36,3,2,9,68,72,65,57,59,60,46,67,15,1,0,26
HOUSEHOLD_2_159,HOUSEHOLD_2,HOUSEHOLD,0,0,0,102,240,227,221,273,232,263,245,238,287,294,277,259,274,289,269,277,273,313,266,216,233,246,283,269,278,297,286,282,236,308,192,248,258,240,244,225,255,239,232,253,194,261,251,206,195,218,220,198,189,247,345,306,242,282,275,260,278,236,272,229,213
HOUSEHOLD_2_160,HOUSEHOLD_2,HOUSEHOLD,0,0,0,124,362,319,373,355,415,363,312,332,351,324,396,390,381,412,357,434,380,369,400,337,233,267,303,338,319,360,357,350,348,301,173,286,252,202,297,258,293,298,294,316,284,300,303,247,285,251,297,261,307,328,424,276,275,320,379,331,252,247,242,248,223
HOUSEHOLD_2_161,HOUSEHOLD_2,HOUSEHOLD,0,0,0,0,0,0,0,0,0,0,0,0,0,0,0,0,0,1,17,15,17,13,27,23,11,13,22,23,21,16,17,18,16,22,27,28,25,17,23,17,30,19,18,18,7,28,25,22,27,29,22,40,23,23,24,25,15,23,21,26,18,17,20,24,12
HOUSEHOLD_2_162,HOUSEHOLD_2,HOUSEHOLD,0,0,0,0,1,49,36,109,113,40,10,0,0,0,0,0,0,27,103,108,88,16,8,3,1,0,0,17,76,125,122,28,7,0,0,0,0,0,0,0,0,0,0,0,0,0,0,0,0,0,0,0,0,0,0,0,0,0,0,0,0,0,7,109,85
HOUSEHOLD_2_163,HOUSEHOLD_2,HOUSEHOLD,9,70,92,81,72,82,89,88,94,74,96,119,82,83,76,77,61,88,101,96,90,82,61,112,65,83,67,65,77,70,52,85,80,67,87,83,51,63,59,64,77,73,78,72,65,58,61,87,47,51,70,81,71,68,86,88,63,97,75,83,46,63,68,62,35
HOUSEHOLD_2_164,HOUSEHOLD_2,HOUSEHOLD,0,0,0,0,0,0,0,0,0,0,0,0,0,0,0,0,0,0,0,0,0,0,0,0,0,0,0,0,0,0,0,0,0,0,62,165,161,158,121,127,1,0,37,195,143,30,12,64,112,28,8,15,137,122,120,167,99,13,2,19,4,3,33,73,95
HOUSEHOLD_2_165,HOUSEHOLD_2,HOUSEHOLD,0,0,0,0,0,0,0,0,0,0,0,0,0,0,0,0,0,8,42,42,29,47,54,56,34,40,44,40,38,44,50,59,59,43,49,58,43,47,43,42,34,35,44,58,48,72,52,50,54,67,57,54,50,51,54,70,40,59,45,57,79,69,86,67,51
HOUSEHOLD_2_166,HOUSEHOLD_2,HOUSEHOLD,14,89,87,98,105,81,100,88,102,101,102,102,105,128,108,94,103,94,87,66,99,100,86,124,22,0,0,115,101,84,99,93,57,75,75,65,78,53,53,54,48,30,44,34,62,15,0,0,67,49,59,68,78,59,87,61,66,69,65,67,69,60,57,74,58
HOUSEHOLD_2_167,HOUSEHOLD_2,HOUSEHOLD,0,0,0,0,0,0,0,0,0,0,0,0,0,0,0,0,0,0,0,0,0,0,0,0,0,0,0,0,0,0,0,0,0,0,0,0,0,0,0,0,0,28,8,0,38,117,151,169,112,139,172,215,257,263,249,188,187,226,187,229,241,200,227,239,219
HOUSEHOLD_2_168,HOUSEHOLD_2,HOUSEHOLD,5,56,30,0,1,15,45,51,44,46,39,62,65,60,29,0,0,8,81,100,65,64,32,55,19,50,53,69,67,32,54,33,44,29,42,64,52,45,75,61,63,56,54,42,48,52,52,55,38,31,50,35,33,43,49,50,36,23,36,59,37,56,56,35,39
HOUSEHOLD_2_169,HOUSEHOLD_2,HOUSEHOLD,0,0,0,0,0,0,0,0,0,0,0,0,0,0,0,0,0,0,0,0,0,0,0,37,43,32,39,34,42,33,42,35,42,36,36,44,44,34,41,38,29,27,45,36,37,44,28,36,51,26,37,44,36,35,48,51,40,41,40,49,46,37,37,47,26
HOUSEHOLD_2_170,HOUSEHOLD_2,HOUSEHOLD,5,84,102,152,140,124,136,138,144,120,114,124,81,70,85,81,86,81,117,135,116,104,87,116,117,87,107,130,163,199,192,169,149,151,97,117,130,115,161,198,197,201,202,223,200,187,180,219,175,188,238,255,229,230,228,224,221,220,180,226,193,209,216,266,204
HOUSEHOLD_2_171,HOUSEHOLD_2,HOUSEHOLD,0,0,0,0,0,0,0,0,0,0,0,0,0,0,0,0,0,0,0,0,0,0,0,0,0,0,0,0,0,0,0,0,0,0,0,0,9,5,12,2,116,114,107,135,144,174,168,147,156,147,131,119,143,124,127,163,151,185,146,160,155,161,165,139,120
HOUSEHOLD_2_172,HOUSEHOLD_2,HOUSEHOLD,33,317,258,265,253,267,262,280,274,308,332,345,341,290,323,251,172,133,113,148,192,194,143,107,50,3,155,144,150,88,1,2,57,169,165,181,178,160,182,159,166,144,148,154,154,150,183,128,135,123,127,115,130,124,135,134,142,151,164,151,147,129,156,172,131
HOUSEHOLD_2_173,HOUSEHOLD_2,HOUSEHOLD,0,0,0,83,110,110,116,92,84,114,3,0,1,48,85,90,94,96,101,140,96,55,0,0,63,101,136,86,100,94,84,89,107,106,3,1,0,0,57,72,105,118,102,100,114,57,1,0,21,91,131,128,104,85,100,77,1,2,7,79,87,94,138,98,69
HOUSEHOLD_2_174,HOUSEHOLD_2,HOUSEHOLD,3,34,46,42,43,43,42,41,49,42,41,35,31,28,39,34,37,42,40,24,32,29,33,41,39,29,48,27,37,41,37,42,34,29,30,31,32,30,33,30,31,34,37,24,29,45,31,37,34,30,40,37,34,29,51,37,44,55,39,32,36,28,35,30,30
HOUSEHOLD_2_175,HOUSEHOLD_2,HOUSEHOLD,0,0,0,0,0,0,0,0,0,0,0,0,0,0,0,0,0,0,0,0,0,0,0,0,0,0,0,0,0,0,0,0,0,0,0,3,13,7,4,5,45,61,56,44,51,44,44,44,39,44,47,39,47,9,5,5,6,0,3,0,1,4,24,31,34
HOUSEHOLD_2_176,HOUSEHOLD_2,HOUSEHOLD,64,570,592,404,0,2,13,486,617,683,553,555,583,630,810,625,249,617,692,748,667,656,605,495,519,602,798,582,556,441,16,182,435,474,703,560,602,517,322,788,359,518,250,475,449,607,580,614,550,662,624,719,905,772,519,790,653,884,939,1007,988,849,767,978,883
HOUSEHOLD_2_177,HOUSEHOLD_2,HOUSEHOLD,0,0,0,0,0,0,0,0,0,0,0,0,0,0,0,0,0,0,0,0,0,0,0,0,0,0,0,0,0,0,0,0,0,0,0,38,42,45,59,73,88,62,65,59,83,171,111,73,40,75,60,46,64,73,63,85,59,53,84,75,51,54,40,79,65
HOUSEHOLD_2_178,HOUSEHOLD_2,HOUSEHOLD,0,0,1,131,141,146,145,139,151,161,2,0,0,116,155,181,173,142,128,165,167,86,0,0,71,183,179,224,182,180,162,151,139,182,5,1,0,1,158,155,168,134,168,145,153,104,1,0,19,140,162,168,141,147,161,145,6,0,32,154,136,161,174,168,109
HOUSEHOLD_2_179,HOUSEHOLD_2,HOUSEHOLD,12,62,60,75,66,77,87,78,69,98,75,100,69,90,106,97,67,82,80,90,65,71,67,47,54,51,73,62,63,70,62,44,1,0,32,62,49,66,64,51,55,48,42,44,55,35,49,36,44,44,44,39,51,48,47,45,56,47,38,42,49,59,54,51,45
HOUSEHOLD_2_180,HOUSEHOLD_2,HOUSEHOLD,0,0,0,0,0,0,0,0,0,0,0,0,0,0,0,0,0,0,0,0,0,0,0,0,0,0,0,0,0,0,0,0,0,0,0,0,0,0,108,118,147,108,99,84,84,96,78,104,132,150,184,207,211,188,173,175,122,160,170,194,202,177,178,199,122
HOUSEHOLD_2_182,HOUSEHOLD_2,HOUSEHOLD,7,73,66,78,73,60,77,94,81,70,75,64,43,71,45,56,68,53,74,47,53,48,64,45,34,34,29,19,38,22,20,25,32,43,43,40,22,27,29,27,38,32,31,58,69,84,75,73,70,63,79,82,92,52,65,72,63,82,60,76,58,75,67,72,41
HOUSEHOLD_2_183,HOUSEHOLD_2,HOUSEHOLD,22,134,144,150,170,131,132,151,128,168,143,174,148,138,153,140,129,142,144,155,134,137,156,140,151,126,162,152,165,170,202,180,170,173,138,155,147,155,159,142,183,124,145,112,105,110,119,115,100,105,122,137,111,106,102,103,93,126,106,138,116,120,119,99,76
HOUSEHOLD_2_184,HOUSEHOLD_2,HOUSEHOLD,23,167,169,172,205,209,232,236,181,159,129,167,130,134,146,176,189,184,225,180,147,120,122,144,211,216,229,180,139,157,174,188,183,199,161,195,126,162,227,163,152,179,154,177,125,160,127,122,90,118,153,157,152,151,176,173,170,182,144,127,76,101,155,179,131
HOUSEHOLD_2_185,HOUSEHOLD_2,HOUSEHOLD,0,0,0,0,0,0,0,0,0,0,0,0,0,0,0,0,0,0,0,0,0,0,66,251,199,193,237,197,200,155,169,229,271,224,243,179,127,193,242,208,183,188,158,187,201,217,168,146,178,200,212,190,232,183,269,334,321,412,237,139,138,166,226,230,185
HOUSEHOLD_2_186,HOUSEHOLD_2,HOUSEHOLD,0,0,0,0,0,0,0,0,0,0,0,0,0,0,0,0,0,0,0,0,0,0,0,0,0,0,0,0,0,0,0,0,0,0,0,0,0,0,0,0,0,0,0,0,0,0,0,0,12,0,1,65,69,53,93,73,79,68,53,50,63,61,74,75,58
HOUSEHOLD_2_187,HOUSEHOLD_2,HOUSEHOLD,0,0,0,0,0,0,0,0,0,0,0,0,0,0,0,0,0,0,0,0,0,0,0,0,21,115,176,168,181,167,178,191,209,166,171,148,128,195,211,191,186,162,166,147,115,122,115,126,171,157,216,98,28,31,33,35,40,15,40,47,97,70,161,186,104
HOUSEHOLD_2_188,HOUSEHOLD_2,HOUSEHOLD,0,0,0,0,0,0,0,0,0,0,0,0,0,0,0,0,0,0,0,0,0,0,0,0,0,0,0,0,0,0,0,0,0,32,85,89,68,85,103,62,82,98,123,144,127,127,129,92,128,109,114,125,135,133,79,132,111,98,77,98,87,114,106,135,86
HOUSEHOLD_2_189,HOUSEHOLD_2,HOUSEHOLD,0,0,0,0,0,0,0,0,0,0,0,0,0,32,70,61,59,46,37,45,28,37,46,41,43,29,61,47,36,38,31,25,27,42,34,23,40,21,27,28,39,27,15,19,16,25,18,17,20,19,29,28,27,23,23,22,18,23,25,30,20,29,22,19,22
HOUSEHOLD_2_190,HOUSEHOLD_2,HOUSEHOLD,0,0,0,0,0,0,3,82,123,122,107,134,106,131,142,59,39,34,29,32,29,59,70,64,61,59,65,61,55,84,40,46,41,66,54,68,52,77,113,108,104,107,105,102,153,122,128,141,119,163,120,152,148,149,127,148,156,183,126,172,126,133,130,146,105
HOUSEHOLD_2_191,HOUSEHOLD_2,HOUSEHOLD,20,133,124,126,146,123,131,115,136,130,101,133,181,221,159,143,138,107,127,132,104,165,174,174,169,170,156,154,155,135,128,179,189,191,154,188,201,204,160,164,164,132,141,134,150,176,165,151,147,153,164,139,149,118,165,156,152,165,131,155,138,160,163,137,121
HOUSEHOLD_2_192,HOUSEHOLD_2,HOUSEHOLD,0,0,0,0,0,0,0,0,0,7,6,6,45,26,51,43,40,43,24,24,35,25,30,27,18,82,59,53,46,41,30,39,33,33,26,23,20,25,24,15,29,25,26,20,33,38,25,29,18,26,27,29,32,48,37,44,34,39,28,30,27,23,31,35,22
HOUSEHOLD_2_193,HOUSEHOLD_2,HOUSEHOLD,31,285,212,158,167,241,200,212,150,268,202,153,191,173,150,126,97,123,83,100,69,100,201,212,142,106,104,126,109,157,185,208,242,211,190,180,155,165,202,171,174,165,155,132,112,133,168,145,140,169,148,217,188,104,125,82,91,42,80,90,80,91,136,143,79
HOUSEHOLD_2_194,HOUSEHOLD_2,HOUSEHOLD,0,0,0,0,0,0,0,0,0,0,0,0,0,0,0,0,0,0,0,0,0,0,0,0,0,0,0,0,0,0,0,0,0,0,0,0,5,2,0,0,0,0,0,0,68,90,96,90,78,64,77,49,28,0,0,0,29,76,70,86,86,78,79,57,45
HOUSEHOLD_2_195,HOUSEHOLD_2,HOUSEHOLD,7,79,82,71,35,0,0,27,84,53,56,56,65,57,71,59,48,76,64,73,77,71,59,71,75,59,68,52,77,96,112,86,47,101,76,95,97,60,89,79,79,66,81,58,67,65,74,71,88,52,74,74,77,91,123,108,79,97,115,125,145,139,128,109,82
HOUSEHOLD_2_196,HOUSEHOLD_2,HOUSEHOLD,0,0,0,0,0,0,0,0,0,0,0,0,0,0,0,0,0,0,0,0,0,0,0,0,0,39,196,158,299,302,283,299,268,280,303,310,288,317,389,336,312,229,291,324,284,240,245,229,211,276,320,331,255,316,306,285,269,272,258,279,322,314,293,305,238
HOUSEHOLD_2_197,HOUSEHOLD_2,HOUSEHOLD,28,223,270,105,25,18,282,336,331,359,294,276,56,0,0,214,324,334,317,407,281,262,261,300,278,293,315,268,240,236,229,290,328,307,265,308,311,262,299,259,227,221,235,342,247,278,277,207,258,253,217,247,236,242,257,292,246,274,257,241,248,259,269,250,226
HOUSEHOLD_2_198,HOUSEHOLD_2,HOUSEHOLD,9,74,89,78,64,63,60,63,61,63,60,43,69,81,98,65,79,60,51,48,70,66,55,57,64,53,84,79,63,71,70,60,59,73,53,51,26,33,47,47,46,54,56,61,50,64,69,49,62,54,65,62,59,39,42,39,35,35,33,36,48,59,61,40,37
HOUSEHOLD_2_199,HOUSEHOLD_2,HOUSEHOLD,0,0,0,102,254,275,265,271,313,288,243,250,235,267,266,250,266,283,272,293,271,191,216,259,257,251,288,259,260,296,237,268,303,282,181,256,230,268,292,245,200,282,237,267,264,343,383,297,295,322,265,260,286,292,425,351,309,357,282,223,228,248,241,196,166
HOUSEHOLD_2_200,HOUSEHOLD_2,HOUSEHOLD,8,145,81,0,1,83,220,223,194,184,189,217,169,155,83,0,0,12,186,182,184,173,161,170,79,118,135,126,141,79,160,155,197,135,127,149,99,97,153,164,130,149,155,117,77,104,83,71,125,110,149,136,120,114,144,128,132,127,95,95,113,129,126,139,91
HOUSEHOLD_2_201,HOUSEHOLD_2,HOUSEHOLD,18,163,159,169,184,160,190,206,193,204,171,176,186,167,187,186,253,241,266,238,206,153,142,135,128,184,236,213,204,219,242,304,233,222,201,220,198,235,224,203,186,170,196,224,209,198,191,162,160,150,163,180,187,180,217,244,203,198,185,174,201,212,225,220,198
HOUSEHOLD_2_202,HOUSEHOLD_2,HOUSEHOLD,1,2,0,6,22,23,14,9,0,0,23,17,29,32,28,11,0,0,23,31,35,27,24,21,1,0,0,17,31,30,22,22,25,26,16,28,11,0,0,2,47,37,29,40,18,33,16,31,26,0,0,1,26,23,27,33,29,27,23,29,17,0,0,3,37
HOUSEHOLD_2_203,HOUSEHOLD_2,HOUSEHOLD,0,0,0,0,0,0,0,0,0,0,0,0,0,0,0,0,0,0,0,0,0,0,0,0,0,0,21,213,211,220,215,247,223,242,289,320,436,462,293,350,363,261,265,256,232,211,220,201,239,247,352,361,324,243,264,293,283,365,241,221,342,356,305,350,259
HOUSEHOLD_2_204,HOUSEHOLD_2,HOUSEHOLD,0,14,10,0,0,6,17,16,18,31,26,27,32,31,40,32,33,39,32,35,32,29,33,37,46,33,38,37,29,25,40,39,46,2,1,0,32,36,57,46,34,41,36,41,33,43,45,42,48,40,44,41,46,28,50,45,48,31,36,35,41,47,43,31,37
HOUSEHOLD_2_205,HOUSEHOLD_2,HOUSEHOLD,0,0,0,0,0,0,0,0,0,0,0,0,0,0,0,0,0,12,44,39,39,47,52,47,52,73,85,68,85,52,33,62,61,60,71,59,52,56,57,52,53,52,39,57,44,45,38,36,39,43,55,39,33,32,54,43,30,51,56,49,47,39,62,57,58
HOUSEHOLD_2_206,HOUSEHOLD_2,HOUSEHOLD,6,49,55,40,51,51,60,66,47,45,33,67,36,53,58,44,35,66,58,66,71,30,31,46,47,67,59,51,18,51,43,78,67,80,66,81,63,80,55,48,50,58,71,54,54,60,54,81,56,70,89,61,70,96,70,73,47,69,60,54,62,67,76,85,63
HOUSEHOLD_2_207,HOUSEHOLD_2,HOUSEHOLD,13,113,130,133,132,135,112,118,121,97,92,96,109,110,88,94,80,81,71,75,89,79,87,66,78,66,70,80,79,80,56,0,2,35,77,77,82,79,118,93,95,63,79,74,83,79,64,60,41,77,74,64,76,81,60,3,1,16,55,46,67,62,62,53,46
HOUSEHOLD_2_208,HOUSEHOLD_2,HOUSEHOLD,0,0,0,9,46,48,56,41,32,41,47,70,14,0,0,31,65,60,79,86,57,54,64,56,9,0,2,25,63,65,62,61,51,57,54,41,35,49,1,0,4,44,35,48,44,49,51,55,60,52,50,50,27,48,57,67,40,43,38,52,55,42,55,54,44
HOUSEHOLD_2_209,HOUSEHOLD_2,HOUSEHOLD,13,96,74,108,95,93,108,100,83,87,104,136,130,93,96,95,132,114,84,114,74,22,46,68,59,72,65,35,81,91,24,13,30,66,80,105,53,67,86,79,84,57,34,29,20,39,58,58,57,29,68,56,66,44,16,22,52,59,66,78,113,52,69,95,50
HOUSEHOLD_2_210,HOUSEHOLD_2,HOUSEHOLD,4,5,0,14,53,47,48,9,0,0,56,33,26,39,47,16,0,0,28,56,59,68,52,28,6,0,0,36,55,52,47,47,37,39,32,20,6,0,0,1,40,41,38,41,37,36,28,32,30,0,0,5,51,41,42,42,37,33,35,50,28,0,0,0,55
HOUSEHOLD_2_211,HOUSEHOLD_2,HOUSEHOLD,3,26,26,17,16,27,21,20,20,23,24,32,9,14,16,17,11,19,17,23,15,20,19,29,21,16,18,23,21,20,25,16,10,22,30,20,21,17,22,13,19,22,19,27,21,24,21,24,15,16,14,22,24,36,19,26,19,26,28,40,14,21,25,22,23
HOUSEHOLD_2_212,HOUSEHOLD_2,HOUSEHOLD,46,281,359,307,333,316,339,385,389,376,288,295,318,361,365,350,351,350,441,373,355,330,344,330,355,312,320,359,323,286,352,378,341,299,324,323,290,302,340,300,327,356,310,382,232,295,199,200,190,215,226,280,274,295,322,286,201,223,214,197,232,263,303,289,203
HOUSEHOLD_2_213,HOUSEHOLD_2,HOUSEHOLD,0,0,0,0,0,0,0,0,0,0,0,0,0,0,0,0,0,0,0,0,0,0,0,0,0,0,0,0,0,0,0,0,0,125,201,305,327,359,696,586,703,755,706,743,827,597,434,448,469,444,481,677,765,801,904,837,669,629,495,441,544,517,609,704,673
HOUSEHOLD_2_214,HOUSEHOLD_2,HOUSEHOLD,12,67,42,0,1,37,66,81,82,85,97,127,93,80,51,1,0,15,82,109,73,85,94,77,56,62,52,68,50,35,71,67,71,60,46,60,66,48,59,82,44,70,58,60,51,86,92,79,51,27,44,59,52,50,64,67,50,68,56,73,56,58,77,58,64
HOUSEHOLD_2_215,HOUSEHOLD_2,HOUSEHOLD,11,115,81,36,81,103,82,129,149,120,53,156,149,216,230,215,184,210,140,155,165,77,15,111,147,152,145,102,20,9,78,151,170,73,18,7,91,134,135,95,25,12,47,91,95,99,89,96,114,71,56,14,10,3,3,28,77,80,90,91,80,121,130,130,97
HOUSEHOLD_2_216,HOUSEHOLD_2,HOUSEHOLD,0,0,0,0,0,0,0,0,0,0,0,0,0,0,0,0,0,0,0,0,0,0,0,0,0,0,0,0,0,0,0,0,0,0,0,0,0,0,0,0,0,0,0,0,0,0,0,22,0,0,10,110,87,83,66,86,77,79,73,53,0,0,1,79,48
HOUSEHOLD_2_217,HOUSEHOLD_2,HOUSEHOLD,23,204,229,249,244,221,260,235,206,250,236,272,238,246,246,237,222,215,247,221,257,278,229,202,236,178,154,201,248,215,244,263,273,229,215,199,252,223,244,217,206,223,247,237,208,186,194,205,266,228,251,219,279,211,231,234,233,232,213,182,198,262,278,250,185
HOUSEHOLD_2_218,HOUSEHOLD_2,HOUSEHOLD,12,50,52,46,51,36,74,72,56,86,64,69,78,82,63,48,36,8,0,0,29,33,22,19,18,43,41,30,28,38,22,44,44,39,33,36,28,34,35,33,36,26,29,37,34,39,39,37,25,27,27,39,32,36,29,20,26,35,24,22,37,27,38,33,22
HOUSEHOLD_2_219,HOUSEHOLD_2,HOUSEHOLD,39,332,305,291,313,279,317,313,179,17,40,202,205,303,319,329,313,334,308,309,295,201,17,2,225,285,436,393,376,380,289,280,316,93,3,12,131,189,314,282,319,283,260,214,170,72,14,51,134,157,196,184,184,198,180,231,215,99,13,70,146,142,122,104,129
HOUSEHOLD_2_220,HOUSEHOLD_2,HOUSEHOLD,14,105,159,167,69,0,0,1,117,117,105,97,111,116,148,123,135,35,0,4,86,113,98,95,108,104,111,98,122,45,56,3,1,25,100,70,96,83,73,77,82,82,64,92,56,51,71,51,54,52,52,63,32,0,0,0,1,69,58,51,70,82,78,69,62
HOUSEHOLD_2_221,HOUSEHOLD_2,HOUSEHOLD,0,0,0,0,0,0,0,0,0,0,0,0,0,0,0,0,0,0,0,0,0,0,0,0,0,0,0,0,0,0,0,0,0,0,0,0,0,0,78,8,1,11,135,211,189,216,207,193,215,145,168,158,176,184,198,206,178,193,187,184,173,175,191,208,139
HOUSEHOLD_2_222,HOUSEHOLD_2,HOUSEHOLD,45,368,340,337,320,166,0,0,233,397,336,361,386,396,398,381,398,79,1,2,321,337,334,308,326,363,427,338,308,235,285,246,274,282,308,333,366,288,221,257,199,229,179,203,179,216,212,203,242,203,217,191,87,1,2,1,5,234,186,175,242,210,276,287,231
HOUSEHOLD_2_223,HOUSEHOLD_2,HOUSEHOLD,5,73,78,69,39,0,0,36,69,77,77,78,77,73,70,61,67,71,58,66,69,52,57,79,71,72,89,53,82,77,77,80,77,64,57,57,62,48,69,87,87,61,51,90,83,62,98,71,72,71,79,69,67,72,63,63,48,52,52,61,51,58,57,40,36
HOUSEHOLD_2_224,HOUSEHOLD_2,HOUSEHOLD,4,37,47,55,56,32,28,34,32,39,33,46,38,35,49,37,28,46,31,33,36,48,43,42,50,50,38,48,46,55,52,38,38,37,36,26,32,12,18,35,53,76,63,85,74,79,68,45,43,45,57,62,56,54,52,65,63,58,55,42,48,49,50,50,52
HOUSEHOLD_2_225,HOUSEHOLD_2,HOUSEHOLD,0,0,0,0,0,0,0,0,0,0,0,0,0,0,0,0,0,0,0,0,0,0,0,0,0,0,0,0,0,0,0,0,0,0,0,13,27,22,78,349,413,524,505,587,533,414,342,414,451,287,338,414,406,472,480,450,515,528,362,294,338,304,434,457,483
HOUSEHOLD_2_226,HOUSEHOLD_2,HOUSEHOLD,20,143,172,116,135,77,0,0,67,129,103,112,115,132,164,134,160,162,42,0,0,108,95,113,74,0,0,0,51,131,62,0,2,49,78,98,76,94,89,106,6,0,0,0,74,104,109,80,97,81,107,106,114,115,31,0,0,82,104,98,128,152,166,123,88
HOUSEHOLD_2_227,HOUSEHOLD_2,HOUSEHOLD,4,18,22,45,59,36,16,49,42,55,41,35,24,34,18,0,0,27,41,48,29,27,26,26,23,15,23,64,67,62,34,0,0,24,28,29,20,25,12,36,32,55,19,26,32,28,29,20,18,15,48,40,36,52,49,54,48,39,34,39,48,23,38,58,28
HOUSEHOLD_2_228,HOUSEHOLD_2,HOUSEHOLD,5,30,37,61,108,83,124,145,136,147,100,101,120,123,120,111,108,100,101,106,107,116,108,106,98,90,104,110,114,130,120,146,101,109,102,70,85,84,78,84,89,73,90,92,96,72,73,61,66,52,80,68,69,76,76,94,100,89,64,77,70,68,76,76,53
HOUSEHOLD_2_229,HOUSEHOLD_2,HOUSEHOLD,0,0,0,0,0,0,0,0,17,71,85,17,0,0,51,83,47,32,73,115,112,58,0,1,24,114,85,94,96,94,104,82,2,1,26,100,98,102,108,117,144,125,117,138,113,122,106,95,94,92,138,125,129,116,92,121,98,108,94,92,95,115,113,118,96
HOUSEHOLD_2_230,HOUSEHOLD_2,HOUSEHOLD,0,0,0,0,0,0,0,0,0,0,0,0,1,0,0,0,0,0,0,0,0,0,0,0,4,14,21,48,37,41,61,39,22,11,16,17,17,4,63,27,28,48,53,16,24,25,13,16,9,20,20,26,29,41,44,23,19,19,10,7,9,9,9,10,10
HOUSEHOLD_2_231,HOUSEHOLD_2,HOUSEHOLD,17,92,86,101,86,102,87,109,98,92,79,87,83,89,89,86,84,98,97,113,91,74,84,88,101,63,79,82,92,100,118,101,77,87,73,67,65,52,73,63,83,83,110,103,71,63,67,51,65,61,74,81,78,69,95,77,79,72,66,60,71,87,93,112,60
HOUSEHOLD_2_232,HOUSEHOLD_2,HOUSEHOLD,0,0,0,0,0,0,0,0,55,165,176,43,0,0,119,149,85,58,74,205,175,50,0,0,37,182,200,157,156,162,132,126,1,0,28,161,161,157,171,160,179,151,157,147,120,129,150,129,113,139,137,105,147,149,162,159,163,135,129,98,124,106,117,144,73
HOUSEHOLD_2_233,HOUSEHOLD_2,HOUSEHOLD,6,61,64,49,63,51,60,53,53,13,0,2,50,61,58,43,46,43,53,55,58,42,52,64,43,58,61,48,53,40,45,35,38,36,50,41,31,40,43,33,32,28,30,44,40,40,35,30,48,40,48,33,42,30,37,36,39,37,32,38,38,28,34,40,25
HOUSEHOLD_2_234,HOUSEHOLD_2,HOUSEHOLD,20,134,83,78,14,0,3,100,77,79,74,87,85,99,99,75,101,107,101,97,77,2,0,39,77,93,124,98,82,106,111,79,73,8,0,71,84,62,71,73,56,86,72,86,41,42,17,0,0,36,70,53,78,5,78,86,119,127,104,97,91,74,72,80,64
HOUSEHOLD_2_235,HOUSEHOLD_2,HOUSEHOLD,19,121,115,99,109,104,106,86,86,118,92,82,86,81,93,81,83,89,82,99,96,79,101,104,114,104,95,74,108,36,0,0,15,88,65,63,64,61,76,56,56,50,57,61,53,56,59,54,31,35,56,38,48,47,62,50,33,40,30,50,64,50,47,58,39
HOUSEHOLD_2_236,HOUSEHOLD_2,HOUSEHOLD,7,46,58,42,33,51,52,39,32,27,38,31,47,46,48,43,50,52,50,37,55,41,45,39,41,51,63,73,80,70,55,53,50,50,45,47,49,40,79,83,76,71,75,70,61,60,42,59,56,54,89,53,85,70,57,86,58,63,70,63,67,63,72,74,73
HOUSEHOLD_2_237,HOUSEHOLD_2,HOUSEHOLD,0,0,0,0,0,0,0,0,0,0,0,0,0,0,0,0,34,200,415,284,290,197,172,135,110,90,109,90,110,118,119,85,85,95,127,135,66,49,0,0,4,74,56,52,46,72,64,59,50,60,57,50,51,25,46,58,54,43,51,62,49,43,53,52,34
HOUSEHOLD_2_238,HOUSEHOLD_2,HOUSEHOLD,13,130,109,97,118,82,103,96,76,13,0,0,81,112,133,113,128,136,125,139,98,0,0,0,119,184,152,156,165,132,143,156,147,127,48,3,0,162,203,159,174,176,134,168,142,99,8,1,0,0,107,103,138,107,116,125,120,120,136,116,56,102,114,158,83
HOUSEHOLD_2_239,HOUSEHOLD_2,HOUSEHOLD,30,298,358,375,329,267,261,292,190,253,243,247,250,296,322,274,314,301,312,285,201,195,258,273,189,242,292,334,386,367,428,411,375,358,315,237,271,178,242,326,310,286,336,381,355,295,268,564,255,294,369,351,380,383,456,422,378,375,330,532,345,321,348,333,250
HOUSEHOLD_2_240,HOUSEHOLD_2,HOUSEHOLD,2,25,53,116,213,228,219,102,56,15,14,15,25,24,70,119,226,303,234,136,32,28,18,16,21,24,61,126,244,323,150,116,57,16,15,18,23,28,58,101,219,264,238,91,38,24,10,12,15,22,57,78,119,298,190,142,34,19,9,18,24,34,53,89,110
HOUSEHOLD_2_241,HOUSEHOLD_2,HOUSEHOLD,21,149,147,139,101,105,140,158,113,114,139,133,115,108,112,137,111,98,127,119,77,78,68,95,71,76,70,82,84,84,74,81,76,85,90,76,50,67,93,101,82,76,90,89,69,82,83,74,41,53,84,80,104,82,71,69,76,61,60,69,62,77,101,71,83
HOUSEHOLD_2_242,HOUSEHOLD_2,HOUSEHOLD,8,62,60,60,63,59,74,46,76,65,56,83,59,60,67,59,68,75,66,47,58,45,70,65,63,56,62,48,53,34,44,41,65,54,38,51,50,46,53,40,50,39,29,33,43,35,34,48,29,26,18,5,5,4,3,6,7,6,2,8,8,12,24,44,18
HOUSEHOLD_2_243,HOUSEHOLD_2,HOUSEHOLD,4,48,41,39,25,35,26,40,39,39,29,24,26,30,23,17,35,36,43,19,37,35,36,23,28,28,25,32,19,29,18,27,26,28,31,41,37,19,20,25,19,17,23,20,23,23,16,18,16,17,22,24,20,28,32,38,44,33,43,31,29,40,48,43,41
HOUSEHOLD_2_244,HOUSEHOLD_2,HOUSEHOLD,1,11,205,188,156,153,0,0,8,180,136,64,12,80,147,155,54,145,155,151,171,142,109,76,30,20,116,108,167,163,126,166,188,146,142,88,29,24,112,129,148,124,155,159,123,155,142,36,16,87,131,143,133,107,134,152,144,148,166,114,39,10,48,118,124
HOUSEHOLD_2_245,HOUSEHOLD_2,HOUSEHOLD,0,0,0,0,0,0,0,0,0,0,0,0,0,0,0,0,0,0,0,0,0,0,0,0,0,27,0,0,19,13,10,13,21,12,9,11,58,48,40,20,12,40,24,21,18,12,30,37,15,10,17,16,17,21,11,39,17,8,20,36,13,18,19,11,15
HOUSEHOLD_2_246,HOUSEHOLD_2,HOUSEHOLD,15,101,97,124,133,96,111,100,95,102,78,108,99,96,87,101,91,94,93,93,90,93,84,105,114,110,103,91,94,117,67,106,96,106,106,119,113,87,83,66,65,59,76,95,87,92,102,95,113,111,82,76,83,81,72,73,84,77,82,94,80,76,81,73,50
HOUSEHOLD_2_247,HOUSEHOLD_2,HOUSEHOLD,18,114,125,41,9,17,103,161,144,147,140,132,38,0,0,99,122,132,162,164,122,111,123,116,121,145,152,127,127,107,134,122,134,132,130,107,100,90,118,111,110,106,120,149,108,132,113,96,102,120,112,108,123,125,120,152,93,110,84,87,123,119,103,86,113
HOUSEHOLD_2_248,HOUSEHOLD_2,HOUSEHOLD,0,0,0,0,0,0,0,0,0,0,0,0,0,0,0,0,0,0,0,0,0,0,0,0,0,0,0,0,0,0,0,0,0,0,0,0,0,0,0,0,0,0,0,0,28,100,124,157,175,189,202,152,172,162,205,286,274,358,323,364,386,329,442,383,256
HOUSEHOLD_2_249,HOUSEHOLD_2,HOUSEHOLD,1,30,55,82,61,101,64,41,33,27,16,26,25,28,15,8,21,12,36,48,30,24,12,32,36,55,64,76,101,115,68,42,23,18,9,14,19,19,31,32,85,59,0,25,22,18,9,16,13,18,53,60,60,78,52,43,23,27,16,5,10,20,15,43,42
HOUSEHOLD_2_250,HOUSEHOLD_2,HOUSEHOLD,19,160,145,173,155,143,159,138,134,141,140,195,196,180,133,123,147,141,143,149,148,144,63,103,12,1,3,224,224,208,175,199,156,189,148,165,205,229,216,129,98,92,114,143,83,135,125,142,129,138,155,137,117,105,102,122,110,105,118,123,123,126,132,122,83
HOUSEHOLD_2_251,HOUSEHOLD_2,HOUSEHOLD,0,0,0,0,0,0,0,0,0,0,0,0,0,0,0,169,177,185,204,239,236,215,230,164,104,109,138,149,118,151,151,209,130,152,103,159,84,165,162,175,122,173,139,169,146,163,167,208,131,166,150,170,174,145,177,152,144,210,167,199,215,234,93,103,113
HOUSEHOLD_2_252,HOUSEHOLD_2,HOUSEHOLD,0,0,0,0,0,0,0,0,68,142,97,100,126,132,122,125,101,95,12,1,1,78,95,78,72,0,0,0,36,102,63,0,0,45,101,67,80,76,126,100,8,2,0,2,72,89,62,64,72,67,63,61,70,74,18,1,1,56,64,69,78,70,97,77,64
HOUSEHOLD_2_253,HOUSEHOLD_2,HOUSEHOLD,2,29,39,40,39,32,32,25,26,24,27,27,27,37,25,28,28,31,19,34,31,30,39,27,34,24,35,43,35,33,36,43,21,35,32,34,26,27,33,38,30,21,25,25,21,31,24,21,34,26,22,26,33,28,38,32,32,23,27,31,34,41,33,36,22
HOUSEHOLD_2_254,HOUSEHOLD_2,HOUSEHOLD,1,46,51,47,41,17,0,0,22,59,36,48,33,32,43,34,25,35,37,47,29,28,37,28,36,24,41,27,35,27,0,0,0,14,34,37,37,40,41,36,29,39,20,19,2,0,1,24,29,28,29,20,0,0,10,41,34,40,34,35,37,38,35,40,35
HOUSEHOLD_2_255,HOUSEHOLD_2,HOUSEHOLD,2,42,59,69,85,73,80,62,52,50,51,50,66,57,72,74,75,61,67,66,45,38,34,25,38,43,45,6,0,0,63,72,48,54,49,40,42,46,54,48,59,47,56,61,49,50,55,47,46,54,63,65,67,75,77,57,49,54,41,34,49,55,44,54,46
HOUSEHOLD_2_256,HOUSEHOLD_2,HOUSEHOLD,25,229,244,195,236,258,289,22,0,2,278,282,167,282,268,186,249,250,183,312,240,272,214,204,269,228,204,205,306,212,229,264,180,0,37,242,169,244,236,195,216,154,133,140,175,11,0,43,0,0,57,234,208,164,149,167,74,0,0,10,141,179,146,157,95
HOUSEHOLD_2_257,HOUSEHOLD_2,HOUSEHOLD,21,156,169,170,43,0,31,206,187,216,238,273,200,264,271,235,272,208,197,188,112,1,0,62,177,146,172,137,163,194,220,177,128,12,0,185,243,143,205,206,128,194,183,225,169,162,51,0,0,75,124,103,120,19,143,164,118,150,125,98,101,106,105,103,72
HOUSEHOLD_2_258,HOUSEHOLD_2,HOUSEHOLD,0,1,1,3,0,0,1,3,0,2,0,1,17,12,20,21,25,29,15,26,24,18,15,12,16,24,55,38,40,43,48,46,50,41,28,41,28,40,29,27,40,38,44,37,36,40,35,36,31,33,56,58,68,58,48,41,34,46,27,37,31,42,43,49,47
HOUSEHOLD_2_259,HOUSEHOLD_2,HOUSEHOLD,17,102,136,109,132,85,100,86,109,118,124,105,90,107,126,112,100,92,86,87,83,83,85,107,119,82,134,91,95,85,90,89,80,95,77,106,98,89,93,62,68,58,66,64,47,64,83,64,70,65,63,66,91,84,85,68,78,105,75,73,74,86,89,85,72
HOUSEHOLD_2_260,HOUSEHOLD_2,HOUSEHOLD,11,75,85,91,63,45,0,0,47,100,56,53,66,58,61,52,58,58,68,71,67,71,62,57,6,0,0,57,66,72,69,93,80,87,72,72,64,67,68,59,8,0,1,1,63,58,52,62,69,50,67,67,73,79,82,84,72,84,72,66,62,79,64,66,48
HOUSEHOLD_2_261,HOUSEHOLD_2,HOUSEHOLD,15,103,123,136,63,0,0,0,129,132,39,1,37,176,159,97,39,34,0,1,107,114,116,95,84,80,108,69,80,51,64,1,1,41,143,112,89,86,67,52,92,96,98,136,105,88,72,72,67,61,67,81,32,1,0,1,2,96,85,104,85,96,69,79,34
HOUSEHOLD_2_262,HOUSEHOLD_2,HOUSEHOLD,21,193,176,134,0,0,1,148,217,220,186,196,202,215,240,175,204,193,167,118,170,192,166,161,150,204,204,171,175,189,168,174,234,202,179,156,179,174,133,199,142,204,175,151,130,108,92,143,147,160,145,147,179,176,214,198,143,154,172,168,179,163,172,167,118
HOUSEHOLD_2_263,HOUSEHOLD_2,HOUSEHOLD,0,0,0,0,0,0,0,0,0,0,0,0,0,0,0,0,0,0,0,0,0,0,0,0,0,0,0,0,0,0,0,0,0,0,0,0,44,58,74,84,33,43,78,83,72,83,48,33,59,53,87,73,92,83,69,62,62,70,57,47,63,42,51,47,28
HOUSEHOLD_2_264,HOUSEHOLD_2,HOUSEHOLD,0,0,0,0,0,0,0,0,0,0,0,0,0,0,0,0,0,0,0,0,0,0,0,0,0,0,0,0,0,0,0,0,0,0,0,0,0,108,144,61,94,99,105,146,134,137,98,118,124,115,76,171,141,136,146,131,128,107,145,137,136,138,147,173,160
HOUSEHOLD_2_265,HOUSEHOLD_2,HOUSEHOLD,0,0,0,0,0,0,0,0,0,0,0,0,23,59,69,79,70,83,74,65,77,50,61,75,64,87,78,60,67,80,69,86,85,117,105,107,45,79,89,89,80,96,126,116,111,115,117,123,78,80,121,100,89,100,99,131,129,122,125,117,108,134,121,118,94
HOUSEHOLD_2_266,HOUSEHOLD_2,HOUSEHOLD,0,0,0,0,0,0,0,0,0,0,0,0,0,0,0,0,0,0,0,0,0,0,0,0,0,0,20,146,155,230,232,222,212,229,231,259,321,371,309,280,316,240,240,230,245,215,255,233,266,261,323,318,295,257,208,260,235,310,184,133,173,283,209,254,198
HOUSEHOLD_2_267,HOUSEHOLD_2,HOUSEHOLD,1,6,2,7,6,4,4,0,0,0,1,2,65,101,129,106,72,95,104,111,61,72,61,73,67,67,47,42,50,68,53,54,60,68,28,71,70,29,41,63,72,125,106,102,120,116,91,91,117,108,131,134,171,147,157,118,167,163,142,162,136,169,138,177,146
HOUSEHOLD_2_268,HOUSEHOLD_2,HOUSEHOLD,13,167,164,172,159,132,78,0,0,75,107,129,146,154,149,157,152,43,65,0,85,77,67,99,19,0,0,88,91,126,107,110,85,98,83,82,115,101,0,0,0,64,105,86,76,99,56,56,61,60,114,101,92,92,84,108,92,93,75,90,83,95,99,94,61
HOUSEHOLD_2_269,HOUSEHOLD_2,HOUSEHOLD,4,77,71,63,53,51,63,48,52,48,52,50,42,58,73,58,80,61,65,49,71,53,73,68,61,67,69,59,76,73,64,71,42,46,56,52,62,70,68,53,49,47,36,37,22,56,46,37,28,46,43,51,43,47,44,48,39,55,41,35,56,40,30,50,35
HOUSEHOLD_2_270,HOUSEHOLD_2,HOUSEHOLD,12,224,141,116,156,121,123,40,0,0,0,0,63,155,182,148,64,137,124,159,152,62,123,36,0,0,147,131,87,112,60,25,26,1,0,0,1,113,171,137,119,151,109,122,120,54,24,6,62,112,103,48,43,3,1,0,0,0,0,0,0,140,161,160,116
HOUSEHOLD_2_271,HOUSEHOLD_2,HOUSEHOLD,1,16,26,66,77,97,116,115,89,96,83,91,77,76,108,100,105,98,112,57,36,71,83,19,28,61,75,76,66,64,70,32,0,2,28,66,34,4,1,1,1,0,0,33,65,46,41,39,32,30,33,37,36,49,13,0,0,28,53,49,48,54,53,38,29
HOUSEHOLD_2_272,HOUSEHOLD_2,HOUSEHOLD,0,0,0,0,0,0,0,0,0,0,0,0,0,0,0,0,0,0,0,0,0,0,0,0,0,0,0,0,0,11,73,82,20,102,116,115,145,81,1,0,0,85,106,78,82,91,112,96,131,131,108,121,113,100,98,119,82,114,88,96,89,103,106,100,83
HOUSEHOLD_2_273,HOUSEHOLD_2,HOUSEHOLD,23,109,117,121,129,116,139,148,126,119,103,98,102,115,121,120,118,128,129,158,123,106,119,109,105,92,100,114,104,32,0,0,103,113,98,121,109,121,154,101,100,82,63,0,1,61,138,109,159,137,158,129,146,129,99,0,2,48,135,112,127,129,147,144,136
HOUSEHOLD_2_274,HOUSEHOLD_2,HOUSEHOLD,2,20,18,15,26,46,55,45,31,26,23,35,31,31,47,60,64,57,58,42,48,33,45,23,21,35,41,49,44,52,61,68,47,36,33,38,13,6,5,33,25,25,34,45,43,34,31,47,40,35,52,51,42,49,43,37,24,23,21,20,18,22,33,30,33
HOUSEHOLD_2_275,HOUSEHOLD_2,HOUSEHOLD,25,166,157,129,131,124,146,139,142,131,155,145,167,165,158,123,127,106,152,134,106,108,127,122,130,131,119,117,130,120,121,143,111,117,75,1,1,36,131,130,121,67,0,0,54,99,95,99,87,86,86,92,102,85,115,141,92,97,90,112,113,116,128,91,75
HOUSEHOLD_2_276,HOUSEHOLD_2,HOUSEHOLD,0,0,0,0,0,0,0,0,0,0,0,0,0,0,0,0,0,1,101,69,102,100,105,98,54,0,0,3,44,35,51,42,32,31,43,36,32,32,1,0,1,39,36,49,49,42,51,47,31,39,30,28,35,31,32,27,31,36,39,24,34,27,33,35,22
HOUSEHOLD_2_277,HOUSEHOLD_2,HOUSEHOLD,0,0,0,0,0,0,0,0,0,0,0,0,0,0,0,0,0,0,0,0,0,0,0,12,4,9,16,51,106,96,113,110,72,80,73,84,59,67,112,82,74,84,80,86,94,87,89,82,64,81,87,73,85,102,79,95,70,84,87,73,93,79,85,91,79
HOUSEHOLD_2_278,HOUSEHOLD_2,HOUSEHOLD,4,12,19,15,11,10,19,16,12,23,24,25,13,19,14,19,26,23,19,18,27,28,21,37,13,19,21,15,26,14,19,18,18,20,19,22,17,17,19,13,10,16,13,12,14,8,4,13,8,12,11,15,13,12,16,17,15,11,15,25,23,23,18,28,24
HOUSEHOLD_2_279,HOUSEHOLD_2,HOUSEHOLD,0,0,0,0,0,0,0,0,3,174,160,191,90,108,95,80,54,65,63,49,85,68,71,64,75,56,61,46,44,34,1,1,0,32,60,95,65,67,63,47,37,54,49,26,0,0,2,60,50,53,33,12,1,1,8,57,55,74,54,55,46,58,54,48,41
HOUSEHOLD_2_280,HOUSEHOLD_2,HOUSEHOLD,0,0,0,0,0,0,0,0,0,0,0,0,0,0,0,0,0,0,0,0,0,0,0,0,0,0,0,0,0,0,0,0,0,0,0,8,21,5,2,8,98,102,106,108,111,78,66,40,49,73,87,75,73,24,36,103,93,76,69,82,83,68,92,36,69
HOUSEHOLD_2_281,HOUSEHOLD_2,HOUSEHOLD,27,130,141,129,114,139,136,103,95,86,121,120,108,136,121,134,156,35,0,0,90,141,143,165,148,133,129,89,109,98,125,123,134,118,111,119,104,81,102,83,102,85,82,76,65,66,62,69,79,61,70,71,70,91,94,54,56,72,53,58,61,76,79,70,58
HOUSEHOLD_2_282,HOUSEHOLD_2,HOUSEHOLD,37,541,434,414,532,344,330,116,0,1,1,1,117,419,403,397,266,346,277,414,373,153,326,89,0,1,121,241,141,107,39,16,112,1,0,0,0,129,306,276,280,293,234,257,167,103,62,25,15,109,152,43,12,0,0,0,0,0,0,0,1,196,224,222,137
HOUSEHOLD_2_283,HOUSEHOLD_2,HOUSEHOLD,28,152,101,83,112,94,113,31,1,0,0,1,27,88,82,78,22,81,61,68,54,46,54,22,2,0,85,100,106,97,48,5,22,0,0,2,0,28,97,121,120,101,90,107,107,62,41,17,73,86,73,30,24,2,0,0,0,0,1,0,0,105,93,92,84
HOUSEHOLD_2_284,HOUSEHOLD_2,HOUSEHOLD,21,255,233,239,239,215,241,257,217,270,229,234,199,173,173,119,103,110,94,117,119,101,99,182,53,0,188,169,158,87,1,1,28,162,178,209,179,160,167,151,143,97,136,145,128,142,144,158,170,143,153,116,130,130,138,108,111,129,114,139,123,139,151,151,88
HOUSEHOLD_2_285,HOUSEHOLD_2,HOUSEHOLD,22,139,166,178,136,147,138,141,124,164,118,157,139,121,141,101,115,138,119,115,101,83,105,44,5,53,135,78,107,79,81,68,58,70,77,73,67,78,78,81,80,59,73,74,72,25,0,0,58,78,95,79,76,71,80,71,62,58,57,57,59,65,56,73,73
HOUSEHOLD_2_286,HOUSEHOLD_2,HOUSEHOLD,0,0,0,0,0,0,0,0,0,0,0,0,0,0,0,0,0,0,0,0,0,0,0,0,0,0,0,0,0,0,0,0,0,0,0,0,0,0,0,0,0,0,26,102,97,118,98,76,91,77,97,102,88,106,118,102,109,116,94,109,107,119,138,103,93
HOUSEHOLD_2_287,HOUSEHOLD_2,HOUSEHOLD,17,150,160,146,149,149,169,143,147,164,102,138,104,120,124,105,82,88,113,128,91,79,72,104,139,190,225,250,177,161,191,215,162,174,119,161,152,163,173,130,127,129,118,153,114,98,92,99,111,126,164,147,194,141,173,133,133,128,116,139,115,113,146,149,122
HOUSEHOLD_2_288,HOUSEHOLD_2,HOUSEHOLD,21,123,149,145,129,122,159,169,205,201,149,160,157,150,151,132,124,141,154,171,121,127,112,129,106,126,174,126,130,119,132,134,120,126,138,133,133,100,90,84,105,84,90,98,90,115,104,109,114,55,75,84,91,77,76,95,81,56,64,71,63,73,75,71,62
HOUSEHOLD_2_289,HOUSEHOLD_2,HOUSEHOLD,0,0,0,0,0,0,0,0,0,0,0,0,0,0,0,0,0,0,0,0,0,0,0,0,0,0,0,15,175,327,448,444,371,45,0,0,17,56,49,7,286,378,381,323,228,9,0,0,0,10,6,92,418,381,385,402,299,11,1,35,29,18,109,350,334
HOUSEHOLD_2_290,HOUSEHOLD_2,HOUSEHOLD,0,12,14,15,12,15,13,8,4,22,10,11,11,16,18,15,16,10,14,16,13,9,13,11,16,45,54,38,40,37,35,30,34,40,30,54,43,40,52,46,47,30,43,38,33,35,33,34,35,37,33,27,39,38,34,48,37,36,33,40,38,39,41,35,31
HOUSEHOLD_2_291,HOUSEHOLD_2,HOUSEHOLD,0,35,32,50,37,45,30,46,42,41,31,41,46,47,46,35,44,30,34,31,40,46,35,27,38,39,51,47,41,44,48,36,39,36,42,38,56,50,61,43,49,47,52,53,52,63,40,38,34,51,68,56,43,38,42,39,38,45,51,30,37,30,30,29,16
HOUSEHOLD_2_292,HOUSEHOLD_2,HOUSEHOLD,2,40,25,0,0,46,68,58,41,37,25,37,26,36,32,32,34,41,28,32,46,34,35,38,35,21,40,41,32,41,27,18,0,3,27,74,80,51,58,54,52,43,53,71,59,47,67,60,57,38,69,44,59,54,64,67,54,58,50,45,63,52,53,45,54
HOUSEHOLD_2_293,HOUSEHOLD_2,HOUSEHOLD,9,80,74,84,67,47,68,87,85,39,4,40,81,82,73,78,75,25,0,0,62,72,68,62,63,71,74,82,56,44,91,78,88,66,62,57,71,63,72,52,44,40,44,60,49,52,48,39,61,45,38,42,54,43,60,73,66,66,57,64,70,58,71,58,44
HOUSEHOLD_2_294,HOUSEHOLD_2,HOUSEHOLD,0,2,29,52,96,42,29,34,28,64,34,36,48,20,4,87,107,82,97,122,106,103,66,98,89,180,323,416,544,535,508,564,476,449,53,333,522,461,531,565,212,67,400,596,528,481,491,483,578,638,912,449,141,85,349,804,451,650,650,642,679,673,778,844,494
HOUSEHOLD_2_295,HOUSEHOLD_2,HOUSEHOLD,16,127,141,152,153,117,142,160,166,180,155,144,161,143,162,160,150,133,126,113,116,125,103,107,91,60,132,117,149,129,127,129,141,128,126,107,127,91,127,113,104,112,109,132,128,112,114,141,146,113,127,126,119,117,139,143,130,154,132,131,134,111,154,129,112
HOUSEHOLD_2_296,HOUSEHOLD_2,HOUSEHOLD,0,0,0,0,0,0,0,0,28,114,95,33,0,0,80,115,104,110,118,106,112,89,1,0,27,113,122,103,114,102,86,72,0,0,28,101,98,94,106,92,99,83,112,106,65,77,90,81,84,95,74,70,68,74,87,106,79,86,83,99,92,73,89,80,51
HOUSEHOLD_2_297,HOUSEHOLD_2,HOUSEHOLD,17,102,113,121,142,131,131,111,105,103,101,113,122,106,115,100,100,129,123,113,108,122,134,122,144,132,149,106,103,121,102,106,100,109,87,129,122,98,103,117,96,110,102,98,91,91,106,100,127,98,126,108,119,110,107,143,101,88,103,118,117,93,83,78,81
HOUSEHOLD_2_298,HOUSEHOLD_2,HOUSEHOLD,0,0,0,0,0,0,0,0,0,0,0,0,0,0,0,0,0,0,0,0,0,0,42,85,84,92,96,101,125,113,98,141,123,104,107,107,101,102,119,126,124,127,131,185,158,169,167,152,173,151,201,190,203,164,165,195,163,147,156,165,211,225,206,188,125
HOUSEHOLD_2_299,HOUSEHOLD_2,HOUSEHOLD,39,442,592,530,485,473,572,514,468,418,363,347,321,336,396,418,435,428,481,491,412,430,359,366,217,274,320,295,310,297,250,304,205,279,251,207,217,257,329,423,417,356,335,351,313,351,319,354,322,307,319,309,436,431,502,387,332,320,224,278,288,276,298,350,312
HOUSEHOLD_2_300,HOUSEHOLD_2,HOUSEHOLD,0,0,0,0,0,0,0,0,0,0,0,0,0,0,0,0,0,0,0,0,0,0,16,35,40,24,26,56,95,68,61,30,9,50,95,93,61,104,125,109,97,60,18,53,58,58,70,63,55,23,91,81,65,42,14,40,61,51,65,68,79,46,63,51,39
HOUSEHOLD_2_301,HOUSEHOLD_2,HOUSEHOLD,53,365,390,405,405,420,386,471,374,459,366,510,462,479,425,381,428,465,403,349,346,369,352,289,320,300,389,385,316,291,337,295,297,339,321,286,318,325,310,257,274,217,238,323,287,232,304,259,272,230,294,247,308,303,297,234,219,232,183,190,207,191,209,199,178
HOUSEHOLD_2_302,HOUSEHOLD_2,HOUSEHOLD,0,0,0,0,0,0,0,0,0,0,0,0,0,0,0,0,0,0,0,0,25,208,182,145,132,182,182,101,79,119,88,146,126,94,97,71,46,49,63,74,52,26,1,1,14,41,38,25,30,54,82,76,66,109,126,137,107,82,57,65,71,76,71,68,69
HOUSEHOLD_2_303,HOUSEHOLD_2,HOUSEHOLD,0,0,0,0,0,0,0,0,0,0,0,0,0,0,0,0,0,0,0,0,0,0,0,0,0,0,0,53,41,66,2,2,28,129,108,122,116,111,74,4,0,42,94,112,76,97,110,78,108,106,121,109,110,85,109,107,92,96,95,78,84,73,72,91,57
HOUSEHOLD_2_304,HOUSEHOLD_2,HOUSEHOLD,4,48,34,52,30,36,26,41,15,0,0,17,41,42,4,0,0,30,25,39,35,32,31,42,37,39,46,28,39,12,0,1,23,32,39,30,36,38,39,30,30,37,20,0,0,18,27,19,22,31,30,32,28,25,25,23,27,32,34,41,49,47,53,45,24
HOUSEHOLD_2_305,HOUSEHOLD_2,HOUSEHOLD,15,143,149,133,141,70,0,0,84,137,137,115,140,133,135,144,134,33,0,0,102,121,129,115,17,0,1,124,99,126,133,159,120,131,119,95,122,64,0,1,0,84,107,94,91,92,76,84,75,70,80,72,69,78,67,106,82,85,84,89,86,63,66,67,51
HOUSEHOLD_2_306,HOUSEHOLD_2,HOUSEHOLD,0,24,35,0,0,15,6,23,54,29,25,18,5,15,8,16,17,57,62,42,38,0,0,0,0,0,0,58,39,36,44,52,42,32,13,1,1,1,1,1,16,26,12,5,3,2,0,0,1,0,0,0,0,0,0,32,115,83,75,65,70,94,87,80,51
HOUSEHOLD_2_307,HOUSEHOLD_2,HOUSEHOLD,0,0,0,0,0,0,0,0,0,0,0,0,0,0,0,0,0,0,0,0,0,0,0,0,0,0,0,0,0,0,0,0,0,0,0,6,28,29,29,33,43,42,34,36,27,28,27,27,17,8,15,20,24,22,30,27,35,35,23,21,20,51,39,24,31
HOUSEHOLD_2_308,HOUSEHOLD_2,HOUSEHOLD,55,376,370,278,283,269,390,356,262,312,298,319,295,391,305,333,338,350,357,337,333,341,342,261,295,334,329,344,325,340,263,273,297,296,305,273,279,207,134,129,134,107,101,137,116,102,109,80,71,80,80,88,80,84,114,121,143,113,101,86,76,77,93,102,80
HOUSEHOLD_2_309,HOUSEHOLD_2,HOUSEHOLD,0,0,0,0,0,0,0,0,0,0,0,0,0,0,0,0,0,0,7,25,20,21,16,16,20,16,25,14,19,25,40,35,23,14,14,13,10,7,31,26,14,25,29,19,19,23,20,20,12,10,18,15,26,21,18,20,35,36,23,36,22,16,28,17,16
HOUSEHOLD_2_310,HOUSEHOLD_2,HOUSEHOLD,10,78,112,134,144,138,141,159,119,98,94,75,99,89,116,111,125,150,150,118,101,85,71,72,64,83,90,90,108,107,133,95,83,80,70,73,69,61,71,72,67,86,103,88,76,79,76,70,60,66,95,89,110,102,102,80,94,80,82,89,94,105,89,123,77
HOUSEHOLD_2_311,HOUSEHOLD_2,HOUSEHOLD,19,166,145,136,144,170,22,0,1,1,213,143,107,104,24,0,2,97,101,108,93,98,96,125,111,29,1,15,101,106,74,100,97,116,59,0,0,30,145,103,139,103,128,123,96,92,114,96,59,56,69,65,78,81,58,52,0,1,28,66,51,61,66,97,69
HOUSEHOLD_2_312,HOUSEHOLD_2,HOUSEHOLD,0,0,0,0,0,0,0,0,0,0,0,0,0,0,0,0,0,0,0,0,0,0,0,0,0,0,0,0,0,0,0,0,0,0,0,0,0,0,0,0,0,0,0,19,181,264,277,258,317,248,328,321,327,307,298,335,334,345,309,352,381,363,319,335,250
HOUSEHOLD_2_313,HOUSEHOLD_2,HOUSEHOLD,0,0,0,0,0,0,0,0,0,0,0,0,0,0,0,0,0,0,0,0,0,0,0,0,0,0,0,0,0,0,0,10,57,18,0,0,45,100,134,134,136,121,106,133,124,140,141,200,112,118,196,113,131,131,138,147,154,185,165,229,186,179,239,206,272
HOUSEHOLD_2_314,HOUSEHOLD_2,HOUSEHOLD,0,0,0,0,0,0,0,0,0,0,0,0,0,0,0,0,39,118,14,7,5,10,0,0,0,0,2,6,16,33,41,0,0,0,0,3,67,59,110,98,59,77,67,54,62,47,35,43,25,21,39,35,50,117,39,61,37,18,30,33,16,44,36,29,30
HOUSEHOLD_2_315,HOUSEHOLD_2,HOUSEHOLD,13,129,120,96,92,105,109,122,98,147,115,138,113,115,160,132,146,140,135,149,162,157,133,73,2,17,148,166,159,159,125,150,146,156,167,178,153,143,152,134,137,133,117,125,120,126,124,103,116,107,100,104,110,105,127,128,108,110,111,114,119,128,121,99,73
HOUSEHOLD_2_316,HOUSEHOLD_2,HOUSEHOLD,11,86,123,107,90,96,104,116,95,91,93,109,100,94,49,81,22,78,91,104,96,85,55,71,47,70,87,62,101,98,84,118,104,144,108,129,127,111,124,122,133,134,130,131,101,121,133,102,122,112,126,106,110,113,108,151,132,133,99,123,79,115,131,165,119
HOUSEHOLD_2_317,HOUSEHOLD_2,HOUSEHOLD,5,58,64,57,73,53,57,63,52,78,60,66,37,68,84,66,54,71,91,79,62,55,129,82,32,56,35,34,48,52,55,62,72,64,58,27,18,39,52,54,46,46,45,66,48,51,49,48,41,33,28,39,40,37,55,46,33,39,26,31,44,37,33,29,18
HOUSEHOLD_2_318,HOUSEHOLD_2,HOUSEHOLD,0,0,0,0,0,0,0,0,0,0,0,0,0,0,0,0,0,0,0,0,0,0,0,9,1,9,7,8,13,13,13,2,7,3,14,19,5,5,14,31,36,39,44,35,45,38,27,30,37,40,47,42,44,60,49,70,72,61,50,70,51,57,46,73,68
HOUSEHOLD_2_319,HOUSEHOLD_2,HOUSEHOLD,0,0,0,0,0,0,0,0,0,0,0,0,0,0,0,0,0,0,0,0,0,0,0,0,0,0,0,31,79,185,156,157,105,103,125,135,100,110,164,139,181,184,206,196,156,156,141,135,153,140,182,192,216,236,229,239,187,177,137,140,113,122,106,120,176
HOUSEHOLD_2_320,HOUSEHOLD_2,HOUSEHOLD,0,0,0,0,0,0,0,0,0,0,0,0,40,192,161,130,161,139,130,118,100,91,101,86,124,116,158,107,136,119,133,105,91,100,87,89,92,80,54,57,59,46,26,0,1,28,57,74,90,47,2,0,24,89,80,78,63,75,51,61,94,54,0,1,23
HOUSEHOLD_2_321,HOUSEHOLD_2,HOUSEHOLD,20,166,174,162,156,142,149,139,126,149,111,123,144,142,141,139,45,42,0,2,113,128,141,123,134,101,134,123,128,22,0,0,93,130,128,122,135,141,138,104,100,94,55,0,0,55,91,93,103,97,118,100,104,92,103,0,0,46,127,130,138,111,120,153,118
HOUSEHOLD_2_322,HOUSEHOLD_2,HOUSEHOLD,0,0,0,0,0,0,0,0,0,0,0,0,0,0,0,0,0,0,0,0,0,0,0,0,56,156,208,199,187,193,187,209,155,176,194,167,153,194,210,154,179,169,210,170,173,154,162,130,113,94,100,138,175,148,197,198,232,183,160,155,177,177,202,242,141
HOUSEHOLD_2_323,HOUSEHOLD_2,HOUSEHOLD,0,0,0,0,0,0,0,0,0,0,0,0,0,0,0,0,0,0,0,0,0,0,3,27,17,28,32,86,117,100,108,80,66,47,92,117,107,172,140,178,183,89,97,105,97,92,97,87,112,131,99,121,111,82,85,101,101,133,105,141,146,187,66,124,141
HOUSEHOLD_2_324,HOUSEHOLD_2,HOUSEHOLD,2,53,97,79,85,67,97,92,74,89,114,141,136,121,118,93,117,107,92,106,84,98,123,162,150,114,125,164,127,95,80,94,97,105,107,152,176,131,117,76,101,118,109,77,75,84,118,89,117,102,96,117,120,91,92,75,64,63,61,88,83,114,100,81,58
HOUSEHOLD_2_325,HOUSEHOLD_2,HOUSEHOLD,28,164,164,140,161,149,155,164,167,152,160,133,108,119,142,127,153,163,174,158,119,102,119,149,149,141,171,170,182,176,155,163,121,135,126,152,129,138,178,146,152,172,215,215,210,205,190,176,191,160,199,162,187,173,176,184,178,140,117,159,143,151,166,163,107
HOUSEHOLD_2_326,HOUSEHOLD_2,HOUSEHOLD,9,87,107,107,104,40,0,0,63,111,76,90,101,102,103,84,32,74,76,0,0,16,80,68,76,66,79,52,57,57,56,65,60,67,60,58,51,63,64,55,52,59,52,62,60,59,46,57,65,68,85,94,89,84,71,76,63,74,82,68,53,55,77,54,65
HOUSEHOLD_2_327,HOUSEHOLD_2,HOUSEHOLD,10,39,49,44,55,42,70,61,61,69,81,78,58,76,68,67,76,84,77,72,63,67,76,72,57,76,75,58,55,51,55,80,64,89,77,56,50,35,45,48,45,41,62,67,59,75,85,71,58,44,64,52,72,70,87,67,69,91,70,78,58,62,74,62,52
HOUSEHOLD_2_328,HOUSEHOLD_2,HOUSEHOLD,19,109,103,99,97,94,95,118,100,93,91,107,90,137,150,144,155,40,1,3,119,124,127,141,98,114,105,112,104,74,0,0,29,82,73,75,86,94,77,92,74,79,70,65,61,58,51,55,44,53,37,43,62,50,50,55,51,55,33,48,60,61,83,75,57
HOUSEHOLD_2_329,HOUSEHOLD_2,HOUSEHOLD,18,187,180,182,204,192,195,173,191,191,227,230,197,141,109,117,165,137,114,125,113,152,171,259,239,228,184,138,140,125,125,137,120,120,119,123,95,124,243,167,125,99,63,73,71,109,125,126,136,115,118,141,120,111,122,165,166,208,188,137,147,181,116,173,119
HOUSEHOLD_2_330,HOUSEHOLD_2,HOUSEHOLD,0,0,0,0,0,0,0,0,0,0,0,0,0,0,0,0,0,0,0,0,0,0,0,0,0,0,0,0,0,0,0,0,0,0,0,0,0,0,0,0,0,0,0,23,47,58,48,71,53,77,63,58,66,52,54,52,50,54,63,70,50,66,64,56,45
HOUSEHOLD_2_331,HOUSEHOLD_2,HOUSEHOLD,0,0,0,0,0,0,0,0,0,0,0,0,0,0,0,0,0,0,0,0,0,1,5,2,19,28,22,26,23,28,22,18,41,18,12,8,15,8,14,14,11,18,21,24,25,30,20,21,19,24,30,32,33,24,32,39,19,30,23,26,32,23,27,20,25
HOUSEHOLD_2_332,HOUSEHOLD_2,HOUSEHOLD,5,90,87,81,81,82,94,91,75,99,92,89,84,88,82,8,0,1,62,71,65,64,62,91,82,84,88,58,74,54,49,59,60,55,67,76,71,73,60,47,50,44,47,47,34,0,0,2,4,44,56,52,61,52,66,55,2,0,5,75,60,44,66,63,49
HOUSEHOLD_2_333,HOUSEHOLD_2,HOUSEHOLD,0,0,0,0,0,0,0,0,0,0,0,0,0,0,0,39,105,105,80,44,19,6,8,3,13,10,25,49,92,121,51,36,9,11,8,12,14,15,28,53,86,105,104,67,28,22,16,10,22,18,59,59,101,127,150,70,37,29,17,19,26,42,64,106,71
HOUSEHOLD_2_334,HOUSEHOLD_2,HOUSEHOLD,0,40,38,34,59,42,43,48,52,46,39,50,21,34,42,44,59,50,64,56,53,59,43,49,22,31,33,42,55,41,50,45,55,53,64,47,49,76,77,64,79,69,94,64,65,86,66,69,62,48,59,67,60,82,71,58,55,60,42,73,50,52,59,59,47
HOUSEHOLD_2_335,HOUSEHOLD_2,HOUSEHOLD,0,0,0,0,0,0,0,0,0,0,0,0,0,0,0,0,0,0,0,0,0,0,0,0,0,0,0,0,0,0,0,0,0,0,0,0,0,0,0,0,0,0,9,17,15,135,261,272,284,236,276,210,207,233,240,256,202,241,200,222,250,249,299,320,256
HOUSEHOLD_2_336,HOUSEHOLD_2,HOUSEHOLD,29,230,101,10,115,206,205,248,263,279,277,323,262,263,284,318,284,290,295,267,299,293,260,268,230,214,312,251,63,102,216,302,276,305,295,378,288,235,268,182,60,342,398,387,350,393,422,392,406,365,406,374,419,404,431,457,369,438,292,7,2,205,351,120,121
HOUSEHOLD_2_337,HOUSEHOLD_2,HOUSEHOLD,14,106,112,80,116,67,88,73,0,0,65,68,56,82,86,59,67,88,83,88,79,83,69,73,81,79,96,59,58,79,78,102,89,92,69,64,68,63,72,65,66,61,60,76,58,50,61,60,70,61,73,66,63,80,69,54,1,0,1,49,56,67,61,68,51
HOUSEHOLD_2_338,HOUSEHOLD_2,HOUSEHOLD,0,0,0,0,0,0,0,0,0,0,0,0,0,0,0,0,0,0,0,0,0,0,0,0,0,0,0,0,0,0,0,0,0,0,0,0,0,0,12,58,79,66,72,72,57,59,86,70,92,76,79,79,63,75,77,82,85,80,80,68,84,81,73,60,57
HOUSEHOLD_2_339,HOUSEHOLD_2,HOUSEHOLD,0,0,1,83,115,68,74,62,60,59,1,0,0,58,70,71,89,75,80,64,70,33,0,0,36,71,99,62,61,66,66,63,68,66,7,0,0,0,45,70,74,51,63,70,77,79,69,3,28,67,56,59,67,60,78,62,0,0,5,68,56,58,72,75,61
HOUSEHOLD_2_340,HOUSEHOLD_2,HOUSEHOLD,0,0,0,0,0,0,0,0,0,0,0,0,0,0,0,0,163,326,187,86,24,14,2,6,6,3,23,68,133,148,73,19,16,9,5,3,5,5,20,47,100,127,100,40,11,10,3,3,12,7,20,38,75,110,105,43,12,8,2,2,1,10,31,33,40
HOUSEHOLD_2_341,HOUSEHOLD_2,HOUSEHOLD,41,283,219,234,251,227,215,206,206,186,238,267,226,171,202,252,214,210,185,193,204,202,222,228,179,179,193,214,168,142,199,220,207,209,213,209,126,214,215,186,191,144,151,146,159,144,183,196,188,150,195,183,201,180,207,226,258,224,290,269,240,271,246,215,164
HOUSEHOLD_2_342,HOUSEHOLD_2,HOUSEHOLD,0,0,0,0,0,0,0,0,0,0,0,0,0,0,0,0,0,0,0,0,0,0,5,221,369,367,438,441,371,372,391,419,361,381,384,395,428,459,403,423,477,475,480,562,483,568,527,525,538,545,561,494,474,527,530,591,485,600,530,598,667,802,753,631,651
HOUSEHOLD_2_343,HOUSEHOLD_2,HOUSEHOLD,0,0,0,0,0,0,0,0,0,0,0,0,0,0,0,0,0,0,0,0,0,0,0,0,0,0,16,99,93,131,144,140,167,116,145,124,156,137,206,181,179,264,257,194,154,68,72,101,116,115,167,125,140,156,139,170,131,137,141,113,139,168,168,143,108
HOUSEHOLD_2_344,HOUSEHOLD_2,HOUSEHOLD,0,0,0,0,0,0,0,0,0,0,0,0,0,0,0,0,0,0,0,0,0,0,0,0,0,0,0,9,76,257,240,334,351,51,0,0,11,98,54,3,260,455,463,479,315,8,0,0,0,52,52,54,249,256,361,369,209,21,58,117,44,24,156,288,207
HOUSEHOLD_2_345,HOUSEHOLD_2,HOUSEHOLD,0,0,40,62,67,52,56,58,54,56,65,58,81,69,46,44,53,49,44,59,45,85,60,54,48,52,59,56,64,48,56,40,54,59,67,63,54,48,59,44,38,51,38,54,46,48,44,43,33,41,52,64,55,61,63,71,57,50,56,57,62,63,42,53,37
HOUSEHOLD_2_346,HOUSEHOLD_2,HOUSEHOLD,0,1,0,0,0,0,0,0,0,0,0,0,0,0,0,0,0,0,0,0,0,0,0,2,70,183,278,263,256,213,229,264,254,256,189,199,133,210,337,255,201,174,240,269,238,206,148,143,175,218,298,330,391,301,420,412,346,433,281,262,171,130,234,359,286
HOUSEHOLD_2_347,HOUSEHOLD_2,HOUSEHOLD,18,146,147,148,126,142,179,151,134,128,52,52,89,115,133,128,170,181,130,115,123,131,159,20,1,78,151,97,78,82,2,1,57,136,103,160,150,130,73,1,1,22,76,85,63,82,72,57,68,82,96,78,87,80,79,77,70,58,71,77,93,73,71,73,55
HOUSEHOLD_2_348,HOUSEHOLD_2,HOUSEHOLD,40,238,298,286,320,332,334,398,425,507,439,453,366,415,396,495,473,421,363,356,333,358,373,429,365,328,392,308,285,328,297,303,336,335,375,468,395,363,425,345,345,314,283,282,283,329,383,362,356,355,367,349,338,334,352,299,254,274,297,301,313,358,317,339,237
HOUSEHOLD_2_349,HOUSEHOLD_2,HOUSEHOLD,27,233,213,242,206,223,346,346,251,247,244,184,198,240,262,215,153,121,0,0,161,198,165,175,138,210,200,142,170,162,164,282,226,230,190,144,124,107,160,250,200,231,184,232,197,139,122,145,129,123,223,184,215,180,217,191,107,110,130,138,130,125,154,182,133
HOUSEHOLD_2_350,HOUSEHOLD_2,HOUSEHOLD,40,343,345,328,415,379,381,291,354,277,274,226,246,256,261,271,370,431,460,433,367,372,341,339,271,344,443,327,276,270,313,368,341,323,249,204,206,168,197,190,177,177,216,219,199,241,235,205,188,178,161,198,234,222,215,283,209,197,174,174,185,203,213,208,140
HOUSEHOLD_2_351,HOUSEHOLD_2,HOUSEHOLD,5,37,38,40,44,14,0,0,36,72,58,43,48,49,55,53,21,60,48,0,0,7,41,35,33,34,41,47,47,54,51,59,58,57,47,51,39,45,47,48,56,50,64,55,62,64,63,66,62,64,70,67,74,66,73,57,66,57,54,44,59,45,66,44,52
HOUSEHOLD_2_352,HOUSEHOLD_2,HOUSEHOLD,12,61,62,71,85,81,57,73,72,66,63,59,94,69,97,47,73,49,44,57,67,61,63,58,58,44,58,48,37,33,28,50,44,44,48,42,53,47,65,49,61,40,70,59,56,41,36,29,13,40,56,42,56,62,73,54,56,64,53,59,53,45,48,59,47
HOUSEHOLD_2_353,HOUSEHOLD_2,HOUSEHOLD,0,0,0,0,0,0,0,0,31,165,170,49,0,0,110,129,92,40,174,195,170,78,0,0,49,199,191,194,212,217,204,139,2,0,53,164,193,159,195,180,209,200,220,212,170,215,205,172,156,164,170,158,190,200,230,187,220,236,209,194,146,180,201,188,147
HOUSEHOLD_2_354,HOUSEHOLD_2,HOUSEHOLD,0,0,0,0,124,344,203,238,276,251,273,272,273,304,306,260,217,243,158,259,322,303,311,296,231,263,276,251,257,253,281,283,256,228,181,194,170,190,232,222,240,216,414,346,220,251,233,165,225,163,202,89,110,226,205,100,159,171,163,164,175,182,192,216,112
HOUSEHOLD_2_355,HOUSEHOLD_2,HOUSEHOLD,12,87,128,119,116,97,92,75,96,94,109,107,88,116,111,104,82,77,94,94,108,118,94,104,103,136,151,123,123,128,122,106,101,101,89,117,124,114,131,99,93,70,76,92,78,71,83,61,68,70,84,57,55,91,77,81,69,51,64,45,58,93,91,75,66
HOUSEHOLD_2_356,HOUSEHOLD_2,HOUSEHOLD,10,60,101,142,155,157,174,128,145,139,96,153,109,100,124,101,105,87,110,121,93,106,93,119,90,61,64,81,82,88,85,88,88,92,79,82,60,62,82,130,98,111,97,100,94,77,80,101,89,68,87,100,87,80,99,122,129,111,93,113,68,72,76,74,70
HOUSEHOLD_2_357,HOUSEHOLD_2,HOUSEHOLD,3,19,24,63,107,144,137,48,40,13,10,14,14,21,24,66,101,135,103,58,33,12,9,6,12,27,46,86,58,23,32,46,30,18,20,9,19,22,45,56,124,129,86,58,32,15,14,4,14,19,48,59,93,148,129,49,42,26,19,9,15,24,40,52,57
HOUSEHOLD_2_358,HOUSEHOLD_2,HOUSEHOLD,0,0,0,0,0,0,0,0,0,0,0,0,0,0,0,0,0,0,0,0,0,0,0,0,0,0,0,0,3,12,7,14,16,17,17,27,11,19,18,25,17,22,36,27,27,44,30,46,29,46,30,43,31,43,41,44,32,37,25,35,25,28,38,37,35
HOUSEHOLD_2_359,HOUSEHOLD_2,HOUSEHOLD,0,0,0,0,0,0,0,0,0,0,0,0,0,0,0,0,0,0,0,0,0,0,0,0,0,0,0,0,0,0,0,0,0,0,0,0,0,0,0,0,11,73,95,130,99,117,48,0,0,62,104,107,99,90,114,113,84,95,91,83,85,97,96,109,81
HOUSEHOLD_2_360,HOUSEHOLD_2,HOUSEHOLD,0,0,0,0,0,0,0,0,0,0,0,0,0,0,0,0,0,0,0,0,0,0,0,0,0,0,0,0,0,0,0,0,0,0,0,7,38,74,110,124,75,56,48,29,34,66,42,32,41,33,21,23,52,44,60,71,67,71,67,77,44,57,46,53,53
HOUSEHOLD_2_361,HOUSEHOLD_2,HOUSEHOLD,0,0,0,0,0,0,0,0,0,0,0,0,0,0,0,0,0,0,0,0,0,0,0,0,0,75,152,157,166,59,0,3,50,145,163,137,153,99,102,99,94,74,86,97,91,112,100,109,80,83,85,77,75,53,74,79,76,71,73,84,80,77,66,84,63
HOUSEHOLD_2_362,HOUSEHOLD_2,HOUSEHOLD,7,41,50,47,30,37,29,32,33,41,35,37,45,46,45,38,46,42,57,53,47,55,38,44,36,49,41,50,49,45,40,50,52,48,46,49,49,60,66,54,59,48,58,52,60,53,51,37,39,46,56,55,55,61,50,59,44,36,31,35,43,40,38,45,44
HOUSEHOLD_2_363,HOUSEHOLD_2,HOUSEHOLD,15,73,83,77,78,62,90,147,116,129,126,105,88,62,94,80,90,106,107,100,82,73,73,46,55,53,41,47,60,53,68,74,74,87,65,65,45,49,53,18,79,65,63,64,57,74,60,50,75,77,84,91,74,75,89,94,64,9,8,0,29,20,57,56,51
HOUSEHOLD_2_364,HOUSEHOLD_2,HOUSEHOLD,0,0,0,0,0,0,0,0,0,0,0,0,0,0,0,0,0,0,0,0,0,0,0,0,16,82,116,110,104,125,40,9,0,0,43,63,21,27,60,13,8,3,35,21,0,0,18,33,53,47,56,59,65,60,32,1,1,51,66,63,77,60,73,59,48
HOUSEHOLD_2_365,HOUSEHOLD_2,HOUSEHOLD,0,0,0,0,0,0,0,0,0,0,0,0,0,0,0,0,0,0,0,0,0,0,0,0,0,0,0,0,0,0,0,0,0,0,0,0,0,0,7,19,15,16,10,11,5,17,13,19,10,9,26,46,45,55,60,57,49,63,49,81,68,69,71,81,54
HOUSEHOLD_2_366,HOUSEHOLD_2,HOUSEHOLD,61,504,446,458,432,389,403,379,323,427,478,551,517,514,491,449,445,430,432,438,417,401,441,530,587,564,570,423,296,314,271,293,392,453,430,561,550,516,458,404,358,309,325,263,161,254,314,316,347,349,412,349,342,263,226,347,341,375,337,258,273,354,270,323,214
HOUSEHOLD_2_367,HOUSEHOLD_2,HOUSEHOLD,10,88,84,87,89,106,103,92,110,91,80,83,66,99,109,107,92,95,112,93,86,91,99,87,97,80,93,54,81,83,72,95,79,91,64,67,64,69,68,47,57,55,52,68,56,46,54,47,44,45,57,48,54,52,50,40,63,46,48,51,43,53,58,50,43
HOUSEHOLD_2_368,HOUSEHOLD_2,HOUSEHOLD,35,239,253,128,91,211,229,229,216,195,189,185,226,226,204,259,118,247,42,42,168,190,181,233,204,235,250,135,104,239,224,247,254,228,225,198,224,207,249,75,145,198,213,203,171,186,162,142,142,160,219,102,31,157,205,207,171,183,150,160,132,146,127,43,42
HOUSEHOLD_2_369,HOUSEHOLD_2,HOUSEHOLD,23,180,227,207,189,219,231,84,37,173,231,210,237,199,229,207,221,215,199,249,196,202,203,195,190,181,245,200,171,188,95,5,3,91,239,177,206,171,214,157,151,138,168,197,190,185,180,193,193,191,230,202,255,250,251,234,155,220,141,155,87,116,201,182,187
HOUSEHOLD_2_370,HOUSEHOLD_2,HOUSEHOLD,27,173,214,185,195,95,0,0,118,177,170,151,175,192,158,55,22,17,78,153,136,137,127,134,21,0,0,80,111,103,63,0,1,57,116,88,76,61,0,0,0,0,0,0,76,112,93,96,93,77,64,75,20,0,0,0,19,73,61,65,77,76,77,60,58
HOUSEHOLD_2_371,HOUSEHOLD_2,HOUSEHOLD,75,441,490,489,308,306,679,729,760,665,374,349,186,238,337,364,329,401,390,477,458,277,232,286,193,252,433,271,378,393,458,377,353,314,241,324,344,351,380,300,264,341,353,349,281,263,239,288,237,273,318,226,181,201,342,388,459,432,334,373,320,438,567,497,263
HOUSEHOLD_2_372,HOUSEHOLD_2,HOUSEHOLD,0,0,0,0,0,0,0,0,0,0,0,0,0,0,0,0,0,0,0,0,0,0,0,0,0,0,0,0,0,0,0,0,0,0,0,0,10,29,72,108,88,86,48,88,71,124,104,91,78,106,48,0,0,25,69,82,76,113,28,17,41,5,17,94,76
HOUSEHOLD_2_373,HOUSEHOLD_2,HOUSEHOLD,15,141,185,182,199,193,173,170,159,172,157,180,174,141,168,188,143,140,144,116,102,100,84,25,1,3,66,85,102,103,88,94,79,90,112,106,107,58,35,34,54,78,64,13,7,16,54,18,6,1,0,0,19,64,66,70,72,94,83,97,92,95,84,78,76
HOUSEHOLD_2_374,HOUSEHOLD_2,HOUSEHOLD,0,0,0,0,0,0,0,0,0,0,0,0,0,0,0,0,0,1,0,0,0,0,0,61,138,144,251,251,316,311,275,233,257,243,197,191,183,193,233,188,213,254,266,238,206,197,132,116,111,82,136,148,163,210,264,289,255,173,132,99,113,156,221,210,208
HOUSEHOLD_2_375,HOUSEHOLD_2,HOUSEHOLD,11,135,156,135,170,157,178,155,0,2,158,182,182,147,167,32,1,1,164,172,137,143,167,173,130,136,132,143,109,118,148,170,183,155,157,182,165,143,142,129,123,117,132,162,89,7,1,1,19,109,154,167,143,137,156,151,0,1,15,134,142,194,170,186,164
HOUSEHOLD_2_376,HOUSEHOLD_2,HOUSEHOLD,19,135,142,167,139,173,172,174,155,108,110,105,67,81,83,110,104,121,138,132,110,66,77,80,65,90,89,107,130,116,120,131,120,86,79,86,67,81,120,125,146,153,205,250,221,195,192,119,150,128,201,181,190,191,223,227,207,170,163,106,126,158,151,155,107
HOUSEHOLD_2_377,HOUSEHOLD_2,HOUSEHOLD,0,78,116,74,77,83,92,100,81,102,89,69,0,61,90,73,96,101,81,128,107,103,88,119,109,44,57,75,95,84,112,83,117,98,70,68,70,61,82,72,83,60,85,79,81,83,72,77,85,73,82,89,92,88,100,80,72,66,63,57,65,69,63,68,53
HOUSEHOLD_2_378,HOUSEHOLD_2,HOUSEHOLD,7,64,75,72,86,86,86,66,68,83,52,97,65,75,65,67,88,83,74,61,55,76,51,84,34,71,58,37,38,36,43,43,64,70,64,66,42,67,92,75,79,44,45,44,62,74,95,94,54,60,60,74,65,44,46,67,57,79,83,72,71,81,74,97,76
HOUSEHOLD_2_379,HOUSEHOLD_2,HOUSEHOLD,29,223,164,165,120,43,0,0,118,128,96,116,87,102,111,77,82,62,120,118,113,112,87,86,50,79,120,92,83,73,1,1,1,29,71,71,96,60,74,69,65,85,38,44,0,0,0,57,68,81,65,19,0,0,8,48,41,72,41,45,27,37,45,40,43
HOUSEHOLD_2_380,HOUSEHOLD_2,HOUSEHOLD,49,270,201,219,179,166,189,204,179,194,162,187,190,241,195,186,179,168,219,164,146,131,133,154,145,146,172,151,130,117,92,0,1,73,165,162,145,136,120,141,138,93,2,0,1,0,0,84,115,98,134,85,95,123,160,239,220,124,95,117,105,102,125,92,94
HOUSEHOLD_2_381,HOUSEHOLD_2,HOUSEHOLD,0,0,0,0,0,0,0,0,0,0,0,0,0,0,0,0,0,0,0,0,0,0,0,0,0,0,0,0,0,0,0,0,0,0,3,26,38,33,29,17,30,16,24,24,27,26,23,34,29,27,44,42,34,37,30,29,39,37,37,36,31,35,37,42,32
HOUSEHOLD_2_382,HOUSEHOLD_2,HOUSEHOLD,0,0,0,0,0,0,0,0,0,0,0,0,0,0,0,0,0,0,0,0,0,0,0,0,0,0,0,0,0,0,0,0,0,0,0,0,0,0,0,0,0,0,7,11,0,106,128,166,169,177,161,227,279,226,199,206,206,221,198,186,201,216,222,243,228
HOUSEHOLD_2_383,HOUSEHOLD_2,HOUSEHOLD,22,90,52,83,138,146,154,157,159,157,148,195,205,107,38,63,127,119,129,127,145,120,92,121,138,94,60,106,152,146,144,134,139,120,158,139,158,84,43,49,63,123,107,174,134,127,137,137,129,65,61,56,161,121,149,175,116,150,157,175,173,84,13,80,99
HOUSEHOLD_2_384,HOUSEHOLD_2,HOUSEHOLD,42,334,180,228,293,238,219,100,1,0,1,1,55,240,219,231,52,176,108,122,163,92,143,52,1,0,178,250,152,175,65,54,133,2,1,0,2,223,305,222,238,272,211,247,210,72,41,23,5,6,149,30,7,0,0,0,1,0,0,0,0,277,233,259,175
HOUSEHOLD_2_385,HOUSEHOLD_2,HOUSEHOLD,0,39,60,77,68,66,78,81,87,95,0,0,0,83,116,118,113,92,118,132,119,67,0,0,69,128,150,145,150,131,121,120,105,66,0,0,33,75,144,125,97,81,80,71,89,80,98,90,91,0,0,3,84,75,83,95,74,54,81,75,57,60,52,83,34
HOUSEHOLD_2_386,HOUSEHOLD_2,HOUSEHOLD,0,0,0,0,0,0,0,0,0,0,0,0,0,0,0,0,0,0,0,0,0,0,0,0,71,91,150,156,177,183,116,167,175,121,125,119,81,58,82,89,87,102,53,96,90,100,80,61,64,65,79,72,82,78,80,89,80,110,84,94,90,88,83,68,60
HOUSEHOLD_2_387,HOUSEHOLD_2,HOUSEHOLD,0,0,0,0,0,0,0,0,0,0,0,0,0,0,0,0,0,0,0,0,0,0,0,0,0,23,141,179,160,134,85,121,42,69,54,79,105,133,97,67,85,64,32,29,24,18,57,24,93,38,33,25,53,50,55,34,18,30,10,25,28,35,30,37,24
HOUSEHOLD_2_388,HOUSEHOLD_2,HOUSEHOLD,25,141,152,136,181,211,167,152,115,124,117,139,123,172,224,180,167,186,153,178,145,143,155,145,144,162,161,155,159,133,138,164,187,160,178,233,174,182,157,114,112,1,0,1,0,163,184,193,172,175,218,172,83,0,0,95,225,239,189,167,169,123,192,149,115
HOUSEHOLD_2_389,HOUSEHOLD_2,HOUSEHOLD,0,0,0,0,0,0,0,0,0,0,0,0,0,0,0,0,0,0,0,0,0,0,0,0,0,0,0,0,0,0,0,0,0,0,0,0,0,0,0,0,0,0,0,514,461,491,482,492,480,463,951,833,875,715,709,688,700,1017,676,604,678,435,414,636,416
HOUSEHOLD_2_390,HOUSEHOLD_2,HOUSEHOLD,14,122,144,106,117,102,97,102,119,99,89,120,130,149,172,181,172,142,102,85,95,92,93,85,82,102,124,111,119,99,92,91,81,86,85,98,107,125,140,113,115,107,94,96,91,70,78,77,75,76,101,111,85,67,81,105,83,83,75,69,63,66,98,88,59
HOUSEHOLD_2_391,HOUSEHOLD_2,HOUSEHOLD,12,102,132,129,96,84,81,75,72,75,70,92,85,85,100,67,75,82,80,74,79,81,66,51,58,60,100,101,72,69,83,86,74,70,95,78,69,85,90,97,80,71,69,68,58,74,85,75,100,50,77,75,58,68,79,79,69,52,68,64,68,65,71,75,72
HOUSEHOLD_2_392,HOUSEHOLD_2,HOUSEHOLD,0,0,0,0,0,0,0,3,10,8,2,11,9,13,13,10,14,12,18,18,8,18,24,11,10,5,11,16,13,15,10,10,13,10,19,17,13,16,23,18,17,11,22,14,13,30,16,17,18,15,15,20,22,31,18,19,20,19,23,26,19,28,22,21,19
HOUSEHOLD_2_393,HOUSEHOLD_2,HOUSEHOLD,0,26,18,45,33,35,51,29,33,34,27,35,28,47,39,29,30,28,33,36,24,28,26,23,28,25,30,6,0,0,25,28,34,23,23,45,27,24,46,28,32,19,19,22,19,14,18,19,13,19,20,31,40,31,25,39,40,32,30,36,31,32,24,30,29
HOUSEHOLD_2_394,HOUSEHOLD_2,HOUSEHOLD,15,124,124,146,133,136,55,0,0,99,104,107,109,135,141,112,91,105,98,96,99,94,100,102,21,0,0,75,98,112,58,0,3,44,109,92,122,73,0,0,0,0,1,0,65,77,74,81,102,81,77,66,24,0,1,0,31,78,84,78,82,79,83,81,67
HOUSEHOLD_2_395,HOUSEHOLD_2,HOUSEHOLD,13,187,229,190,217,216,210,214,190,217,250,227,231,237,224,174,192,208,211,207,191,179,182,192,223,211,240,210,197,217,149,183,158,212,214,288,207,196,273,257,257,249,234,192,190,168,186,165,193,188,238,245,279,314,234,249,192,175,207,205,248,233,193,220,128
HOUSEHOLD_2_396,HOUSEHOLD_2,HOUSEHOLD,0,0,0,0,0,0,0,0,0,0,0,0,0,0,0,0,0,0,0,0,0,0,0,0,0,0,0,0,0,0,0,0,0,0,0,0,6,16,31,23,44,40,46,41,32,35,39,30,43,48,25,0,0,7,29,44,35,33,26,33,31,43,49,75,41
HOUSEHOLD_2_397,HOUSEHOLD_2,HOUSEHOLD,0,0,0,0,0,0,0,0,0,0,0,0,0,0,0,0,0,0,0,0,0,0,0,0,0,0,9,17,18,15,13,8,14,21,24,25,26,41,45,41,49,29,26,31,28,23,16,20,12,21,23,30,35,32,45,45,38,32,29,23,22,40,30,26,25
HOUSEHOLD_2_398,HOUSEHOLD_2,HOUSEHOLD,8,82,111,67,70,51,67,77,73,74,73,76,90,77,76,62,75,57,59,68,42,66,49,58,55,63,58,67,57,65,23,40,41,48,61,77,49,45,52,37,44,37,64,61,36,52,33,48,50,44,57,59,66,39,43,42,33,47,23,28,40,37,30,30,33
HOUSEHOLD_2_399,HOUSEHOLD_2,HOUSEHOLD,0,0,0,0,0,0,0,0,0,0,0,0,0,0,0,0,0,0,0,0,0,0,0,0,0,0,0,0,0,0,0,0,0,0,0,0,0,0,0,0,80,87,103,120,104,101,80,92,94,104,103,114,113,148,138,171,165,149,120,118,145,149,151,119,128
HOUSEHOLD_2_400,HOUSEHOLD_2,HOUSEHOLD,0,0,0,0,0,0,0,0,0,0,0,0,0,0,0,0,0,0,0,0,0,0,0,0,0,0,0,0,0,0,0,0,0,64,78,85,81,97,104,98,89,117,120,139,133,112,104,111,87,121,141,121,132,139,149,127,95,110,95,81,103,133,102,91,70
HOUSEHOLD_2_401,HOUSEHOLD_2,HOUSEHOLD,0,1,0,0,0,0,0,0,0,0,0,0,0,0,0,0,0,0,0,0,0,0,0,0,49,106,186,146,131,112,158,119,81,99,150,163,97,172,205,208,220,186,168,209,156,161,128,106,103,171,131,208,288,354,368,338,265,364,236,154,168,179,239,235,236
HOUSEHOLD_2_402,HOUSEHOLD_2,HOUSEHOLD,0,0,0,0,0,0,0,0,0,0,0,0,0,0,0,0,0,0,0,0,0,0,0,0,0,0,0,0,0,0,0,0,0,0,0,0,8,12,7,15,138,154,96,145,126,117,96,101,108,127,116,112,129,119,158,159,65,117,122,117,167,142,151,162,108
HOUSEHOLD_2_403,HOUSEHOLD_2,HOUSEHOLD,0,85,64,0,0,143,241,197,185,183,158,162,205,185,171,147,185,148,160,201,200,171,158,161,190,176,205,181,179,198,178,186,178,177,148,148,168,132,170,128,153,146,151,154,158,132,129,95,92,115,111,104,123,123,156,153,139,123,106,127,140,128,135,131,117
HOUSEHOLD_2_404,HOUSEHOLD_2,HOUSEHOLD,0,0,0,0,0,0,0,0,0,0,0,0,0,0,0,0,0,0,0,0,0,0,0,0,0,0,0,0,0,0,0,0,0,0,0,0,0,0,0,0,18,155,227,189,132,159,150,158,148,183,197,201,166,169,171,189,155,150,134,115,105,134,137,152,118
HOUSEHOLD_2_405,HOUSEHOLD_2,HOUSEHOLD,0,0,0,0,0,0,0,0,0,0,0,64,217,233,184,161,149,55,29,12,3,0,0,0,23,203,199,190,110,34,17,8,3,5,0,0,1,11,160,163,191,162,135,136,74,0,0,1,1,22,206,158,151,177,151,161,80,0,1,1,1,41,156,182,135
HOUSEHOLD_2_406,HOUSEHOLD_2,HOUSEHOLD,16,90,99,96,89,86,91,88,83,82,75,107,83,100,88,73,91,66,61,70,59,1,1,0,63,70,92,80,81,89,66,88,71,89,93,101,69,74,90,77,62,68,50,55,80,83,76,87,91,76,75,84,85,68,83,89,73,84,84,64,53,96,72,84,61
HOUSEHOLD_2_407,HOUSEHOLD_2,HOUSEHOLD,3,40,50,48,67,54,52,60,48,73,59,51,58,61,64,64,61,59,63,64,46,46,51,45,51,48,61,54,65,52,51,56,56,68,62,43,40,58,47,37,56,57,43,61,50,55,54,44,29,43,60,60,63,59,59,66,54,50,71,68,60,60,47,53,40
HOUSEHOLD_2_408,HOUSEHOLD_2,HOUSEHOLD,0,28,52,0,0,134,198,205,181,165,130,130,140,194,216,168,152,211,172,197,197,214,119,134,132,142,188,180,119,127,143,223,234,201,132,126,139,108,97,201,226,157,136,132,149,129,129,122,149,108,152,142,185,149,159,178,131,120,122,110,118,135,136,130,99
HOUSEHOLD_2_409,HOUSEHOLD_2,HOUSEHOLD,0,0,0,124,333,332,335,372,299,328,313,303,378,339,371,358,398,364,386,374,356,366,290,327,361,394,419,353,343,365,359,387,305,344,248,287,292,359,363,302,346,295,294,296,256,321,288,237,303,258,251,266,261,298,356,325,284,339,308,293,300,267,254,239,196
HOUSEHOLD_2_410,HOUSEHOLD_2,HOUSEHOLD,24,223,218,269,207,240,282,279,228,244,205,247,209,239,219,222,212,237,259,201,175,168,159,208,139,174,196,194,185,170,157,184,184,172,174,173,169,171,138,173,164,155,164,153,143,154,143,164,168,189,225,236,276,242,289,218,254,238,204,220,168,169,193,225,140
HOUSEHOLD_2_411,HOUSEHOLD_2,HOUSEHOLD,0,0,112,189,194,199,187,178,167,181,181,206,210,251,217,200,225,193,148,153,158,86,60,90,125,129,179,137,165,173,163,179,162,87,129,170,134,114,129,121,73,154,149,196,157,124,106,170,106,97,111,138,146,118,120,102,129,192,102,157,168,159,137,125,117
HOUSEHOLD_2_412,HOUSEHOLD_2,HOUSEHOLD,1,28,14,25,27,19,18,22,12,0,0,9,22,14,1,0,1,14,16,19,18,20,24,20,16,16,24,15,13,6,0,0,12,21,23,22,27,18,33,30,24,29,21,0,0,18,24,28,19,19,31,18,14,15,10,24,15,20,22,19,22,35,34,23,23
HOUSEHOLD_2_413,HOUSEHOLD_2,HOUSEHOLD,0,0,0,0,0,0,0,0,0,0,0,0,0,0,0,0,0,0,0,0,0,0,0,0,0,0,0,0,0,0,0,0,0,0,0,0,0,0,0,0,0,0,0,109,108,93,92,105,112,101,113,88,100,111,107,116,103,93,97,100,109,95,102,135,70
HOUSEHOLD_2_414,HOUSEHOLD_2,HOUSEHOLD,0,0,0,0,0,0,0,0,0,0,0,0,0,0,0,0,0,0,0,0,0,0,0,0,0,0,0,1,60,137,109,113,124,19,0,0,0,0,6,18,99,162,107,122,97,5,0,0,0,2,4,77,121,121,112,139,76,75,55,6,13,0,115,190,155
HOUSEHOLD_2_415,HOUSEHOLD_2,HOUSEHOLD,0,0,8,35,44,42,46,45,44,42,31,23,15,21,14,29,36,31,41,37,34,22,32,31,15,21,25,35,37,53,54,49,29,35,26,27,23,15,59,44,29,59,64,51,34,26,20,10,16,9,16,25,43,54,61,48,46,58,37,47,28,21,26,27,17
HOUSEHOLD_2_416,HOUSEHOLD_2,HOUSEHOLD,0,6,0,104,230,246,249,220,201,79,6,14,8,1,213,295,303,345,310,324,169,36,2,1,0,6,0,55,260,240,282,312,126,16,8,0,1,120,226,201,201,189,167,147,102,42,8,22,7,85,172,181,191,217,226,206,133,17,2,0,40,165,191,234,136
HOUSEHOLD_2_417,HOUSEHOLD_2,HOUSEHOLD,12,63,59,57,71,60,98,86,101,95,65,73,90,75,98,86,76,109,115,135,108,103,87,98,78,85,78,91,81,75,95,110,94,84,73,73,85,82,93,93,77,74,78,113,90,74,78,83,78,69,90,75,80,92,86,75,82,56,55,61,55,54,64,52,40
HOUSEHOLD_2_418,HOUSEHOLD_2,HOUSEHOLD,0,0,0,0,0,0,0,0,0,0,0,0,0,0,0,0,0,0,0,0,0,0,0,0,0,0,0,0,0,0,0,0,0,0,0,0,0,0,0,0,0,0,0,0,0,0,0,7,117,92,101,87,98,114,117,129,112,111,104,106,79,88,93,87,63
HOUSEHOLD_2_419,HOUSEHOLD_2,HOUSEHOLD,0,0,0,0,0,0,0,0,0,0,0,0,0,0,0,0,0,0,0,0,0,0,0,0,0,0,0,0,0,0,0,0,0,0,0,0,11,5,0,0,35,45,52,69,60,43,38,41,48,39,39,48,21,0,0,1,3,51,66,49,56,63,48,52,36
HOUSEHOLD_2_420,HOUSEHOLD_2,HOUSEHOLD,0,0,0,55,80,81,84,92,68,0,0,0,0,1,0,0,7,71,80,103,52,0,0,0,14,141,86,38,34,81,115,123,39,2,0,0,0,1,89,84,115,85,113,107,48,0,0,0,0,4,88,93,92,45,75,103,42,1,0,0,0,6,117,112,105
HOUSEHOLD_2_421,HOUSEHOLD_2,HOUSEHOLD,47,469,498,485,424,412,473,498,407,448,389,506,445,440,486,468,364,352,378,418,398,444,418,403,398,451,418,528,449,366,409,392,372,403,511,469,403,370,413,354,421,317,341,362,311,353,416,388,437,392,415,356,371,335,372,269,262,299,238,241,230,212,171,184,142
HOUSEHOLD_2_422,HOUSEHOLD_2,HOUSEHOLD,3,43,54,48,37,59,57,44,47,65,54,41,46,34,38,39,33,40,47,28,51,55,41,43,24,41,65,25,25,47,46,62,46,53,60,50,42,46,52,28,24,16,30,32,39,34,26,36,30,14,35,44,32,40,35,41,41,45,32,32,34,36,34,40,33
HOUSEHOLD_2_423,HOUSEHOLD_2,HOUSEHOLD,29,306,306,61,19,22,199,260,256,313,223,153,28,0,0,215,318,347,247,262,207,150,31,2,0,1,153,181,160,215,240,109,4,8,134,252,254,144,208,209,244,237,239,253,208,251,239,229,237,188,191,193,200,202,194,236,166,191,149,175,229,181,214,275,224
HOUSEHOLD_2_424,HOUSEHOLD_2,HOUSEHOLD,8,76,86,103,84,108,100,103,118,101,71,85,58,98,95,99,87,107,90,76,69,66,61,64,66,63,88,102,98,89,93,83,59,65,51,65,61,66,72,51,72,76,83,68,78,60,60,69,78,74,87,92,74,78,77,70,63,86,74,81,79,68,82,72,66
HOUSEHOLD_2_425,HOUSEHOLD_2,HOUSEHOLD,8,56,75,49,76,84,80,68,43,58,40,50,62,59,55,46,26,33,46,54,41,68,64,59,37,45,40,27,32,32,52,52,40,50,46,51,34,42,40,57,54,41,60,50,37,44,26,60,58,66,55,76,47,42,61,71,41,61,51,50,29,47,45,37,26
HOUSEHOLD_2_426,HOUSEHOLD_2,HOUSEHOLD,0,0,6,148,104,66,0,0,112,242,197,183,162,144,160,136,143,187,186,188,171,143,125,126,127,127,152,154,156,155,138,214,174,187,149,137,127,128,160,142,132,115,146,157,156,139,130,107,105,71,97,99,90,110,114,141,119,124,103,99,94,98,133,150,93
HOUSEHOLD_2_427,HOUSEHOLD_2,HOUSEHOLD,37,352,360,401,401,355,350,342,333,193,236,285,240,291,265,262,276,259,241,286,285,301,354,417,481,333,345,400,440,384,310,379,344,365,396,409,450,381,404,324,344,274,260,253,274,324,350,327,278,300,312,269,233,217,218,231,238,242,225,281,237,306,281,294,190
HOUSEHOLD_2_428,HOUSEHOLD_2,HOUSEHOLD,5,18,19,3,0,0,26,28,32,40,31,33,27,23,44,37,34,25,25,18,21,23,36,42,43,31,44,22,1,0,3,24,20,25,33,21,22,32,39,22,23,24,23,31,21,26,27,19,29,30,45,41,33,20,29,29,30,30,21,21,18,19,22,35,23
HOUSEHOLD_2_429,HOUSEHOLD_2,HOUSEHOLD,5,30,38,30,30,17,15,17,18,0,0,19,40,37,0,0,1,28,16,22,30,26,24,39,31,31,21,23,16,11,0,0,12,33,29,31,41,31,41,34,29,30,17,0,0,18,37,43,30,50,43,45,28,28,29,24,24,33,37,38,48,31,32,39,35
HOUSEHOLD_2_430,HOUSEHOLD_2,HOUSEHOLD,0,0,0,0,0,0,0,0,0,0,0,0,0,0,0,0,0,0,0,0,0,0,6,14,3,18,11,45,51,59,57,34,41,40,42,65,58,105,69,72,95,40,42,35,43,37,46,51,62,106,49,63,92,54,48,57,46,60,54,87,97,160,104,80,100
HOUSEHOLD_2_431,HOUSEHOLD_2,HOUSEHOLD,12,123,134,104,114,105,118,117,108,131,83,104,108,125,151,141,128,113,143,135,123,119,131,57,6,52,155,114,97,98,69,65,59,68,65,46,52,72,81,56,75,63,49,71,67,11,0,0,80,71,93,90,97,83,94,81,62,71,80,95,98,88,88,76,66
HOUSEHOLD_2_432,HOUSEHOLD_2,HOUSEHOLD,0,0,0,0,0,0,0,0,0,0,0,0,0,0,0,0,0,0,0,0,0,0,0,0,0,0,0,0,0,0,0,0,0,0,0,0,9,7,5,0,47,70,75,65,63,73,66,66,70,70,72,56,25,0,1,0,2,100,93,89,103,112,112,101,90
HOUSEHOLD_2_433,HOUSEHOLD_2,HOUSEHOLD,15,98,108,75,93,65,0,0,87,84,89,106,117,95,113,102,94,96,90,111,70,55,69,80,77,68,80,52,67,49,28,0,0,29,57,60,54,41,0,0,0,0,0,0,47,52,59,53,65,40,50,61,30,0,0,1,24,68,59,52,66,63,47,44,47
HOUSEHOLD_2_434,HOUSEHOLD_2,HOUSEHOLD,12,122,133,145,150,139,162,155,128,104,103,97,73,107,116,118,115,137,145,157,138,112,118,127,88,38,33,22,38,47,40,62,36,44,34,47,43,77,80,133,180,100,137,139,117,95,121,156,163,178,222,280,260,248,297,287,289,268,247,284,243,314,292,274,231
HOUSEHOLD_2_435,HOUSEHOLD_2,HOUSEHOLD,9,67,68,52,54,81,66,74,69,68,59,69,64,61,72,58,60,51,47,60,42,54,56,57,54,65,77,71,69,75,65,57,57,61,54,53,51,48,72,57,68,47,53,43,59,67,41,63,59,64,50,63,52,56,69,51,55,65,53,62,53,43,50,77,49
HOUSEHOLD_2_436,HOUSEHOLD_2,HOUSEHOLD,0,0,0,0,0,0,0,0,0,0,0,8,59,47,84,49,64,68,47,41,76,46,56,63,66,104,59,87,85,108,98,93,72,79,81,107,54,45,57,60,102,53,43,59,47,65,73,86,55,67,71,66,82,94,83,87,79,92,72,92,65,66,58,52,30
HOUSEHOLD_2_437,HOUSEHOLD_2,HOUSEHOLD,39,236,270,251,246,198,259,231,235,249,283,296,287,272,323,260,318,261,257,252,224,255,246,264,251,270,289,265,231,269,275,294,264,308,311,380,347,255,315,257,240,215,207,203,184,209,240,205,224,225,228,183,207,205,201,249,192,206,251,246,341,284,282,263,203
HOUSEHOLD_2_438,HOUSEHOLD_2,HOUSEHOLD,17,152,164,169,181,158,171,156,142,170,163,182,217,191,165,177,182,202,187,208,154,185,154,184,158,154,197,203,205,179,186,208,206,190,185,234,191,177,189,168,186,152,177,181,172,200,258,214,196,166,184,165,223,193,210,246,225,219,134,2,1,121,234,221,151
HOUSEHOLD_2_439,HOUSEHOLD_2,HOUSEHOLD,37,329,299,334,390,278,275,87,0,2,2,2,102,334,342,309,114,348,343,327,278,164,199,49,1,2,220,280,142,262,114,30,91,1,0,0,2,275,388,299,379,364,276,319,193,96,27,4,1,88,147,8,1,0,0,2,0,0,0,0,2,267,247,251,196
HOUSEHOLD_2_440,HOUSEHOLD_2,HOUSEHOLD,70,563,676,611,640,682,736,724,586,674,526,636,759,483,463,481,559,528,575,597,612,518,572,645,535,462,332,256,297,232,234,287,248,225,237,284,246,235,348,277,259,211,222,247,268,261,199,438,366,214,318,513,227,221,251,279,327,319,259,335,834,831,922,861,748
HOUSEHOLD_2_441,HOUSEHOLD_2,HOUSEHOLD,4,37,45,44,46,33,35,49,35,26,29,25,28,26,29,32,28,33,42,50,37,39,37,47,35,32,44,36,28,19,31,31,27,27,39,37,42,31,22,29,25,28,31,30,18,33,27,32,26,26,31,31,22,32,40,31,22,31,44,33,35,32,29,27,24
HOUSEHOLD_2_442,HOUSEHOLD_2,HOUSEHOLD,10,88,104,126,133,153,177,163,116,94,83,105,119,158,184,165,230,293,290,365,280,214,161,144,173,126,224,257,259,326,241,254,245,237,195,246,401,392,281,371,329,395,480,502,371,311,256,270,290,280,330,293,385,329,414,480,396,367,281,296,241,224,328,312,277
HOUSEHOLD_2_443,HOUSEHOLD_2,HOUSEHOLD,30,175,108,111,102,84,79,75,93,81,112,169,135,103,120,113,111,101,91,102,111,104,117,107,55,78,91,102,102,87,89,93,104,152,151,191,140,130,89,57,73,62,90,90,82,95,101,72,104,105,121,87,118,90,107,106,76,124,130,132,100,76,85,79,49
HOUSEHOLD_2_444,HOUSEHOLD_2,HOUSEHOLD,13,92,145,131,70,6,20,102,111,110,117,118,131,164,176,129,151,162,104,125,91,120,110,105,21,0,0,110,120,130,127,133,120,130,134,158,158,134,133,117,73,2,3,1,1,82,84,95,83,59,67,67,80,100,117,112,104,94,82,113,91,101,144,110,89
HOUSEHOLD_2_445,HOUSEHOLD_2,HOUSEHOLD,6,46,51,14,0,0,0,0,0,34,49,27,6,0,0,55,55,56,63,65,62,54,49,70,54,48,51,44,54,46,50,45,36,29,48,38,43,42,49,55,56,52,62,55,42,36,37,27,26,38,36,44,63,46,53,70,61,64,60,45,37,51,57,42,40
HOUSEHOLD_2_446,HOUSEHOLD_2,HOUSEHOLD,4,46,33,39,36,23,21,21,20,30,24,44,9,33,35,16,15,22,14,18,19,21,14,54,15,22,27,19,16,13,13,7,4,14,2,15,11,15,15,8,12,5,14,16,13,8,12,14,10,18,11,13,21,10,17,28,17,18,22,51,21,31,16,24,10
HOUSEHOLD_2_447,HOUSEHOLD_2,HOUSEHOLD,36,287,282,250,298,262,262,313,291,287,248,324,307,304,294,331,294,342,265,303,243,288,290,258,260,295,382,335,261,237,278,307,301,269,192,234,200,221,250,251,257,198,222,284,245,241,234,224,263,241,236,209,248,183,224,189,225,263,262,217,246,234,254,247,195
HOUSEHOLD_2_448,HOUSEHOLD_2,HOUSEHOLD,0,0,0,0,0,0,0,0,0,0,0,0,0,0,0,0,0,0,0,0,0,0,0,0,0,0,0,0,0,0,0,0,0,0,0,0,0,0,0,0,0,12,47,66,54,19,29,61,59,43,58,69,57,38,48,64,40,43,29,18,27,33,25,28,17
HOUSEHOLD_2_449,HOUSEHOLD_2,HOUSEHOLD,0,0,0,194,309,302,327,343,192,0,0,0,0,0,11,0,36,341,347,297,192,0,0,0,23,299,191,45,38,310,390,411,104,0,0,0,0,0,3,188,172,192,304,308,138,0,0,0,0,3,170,249,307,283,288,315,177,0,0,0,0,27,229,271,236
HOUSEHOLD_2_450,HOUSEHOLD_2,HOUSEHOLD,7,89,117,109,132,139,156,159,153,179,138,151,202,171,149,152,133,122,125,125,152,135,112,154,178,184,186,169,162,162,168,171,133,155,31,0,2,113,158,148,148,147,181,167,164,165,64,2,1,77,156,129,163,159,158,179,152,180,205,183,200,195,165,147,112
HOUSEHOLD_2_451,HOUSEHOLD_2,HOUSEHOLD,0,0,0,0,0,0,0,0,0,0,0,0,0,0,0,0,0,0,0,0,0,0,0,57,133,139,138,159,163,188,184,155,155,152,142,117,144,123,139,113,128,139,147,154,164,182,165,156,174,179,185,195,198,167,164,169,150,124,158,165,176,189,164,195,112
HOUSEHOLD_2_452,HOUSEHOLD_2,HOUSEHOLD,22,180,176,156,153,122,123,162,146,148,159,150,137,142,174,112,206,235,51,0,0,152,163,179,163,59,0,0,0,0,1,0,25,130,128,144,140,116,93,3,1,39,92,93,85,93,81,90,89,81,97,99,96,92,95,93,77,87,63,93,76,80,103,119,114
HOUSEHOLD_2_453,HOUSEHOLD_2,HOUSEHOLD,5,44,212,192,273,236,264,244,209,205,184,197,253,207,228,198,186,247,276,264,234,236,263,234,253,261,299,260,291,313,345,369,280,251,261,256,270,236,236,210,266,120,2,6,144,256,231,227,255,213,223,234,243,228,207,230,215,180,174,211,223,214,233,209,162
HOUSEHOLD_2_454,HOUSEHOLD_2,HOUSEHOLD,0,0,0,0,0,0,0,0,0,0,0,0,0,0,0,0,0,0,0,0,0,0,0,25,112,112,123,117,130,57,102,64,87,71,57,88,25,28,103,115,101,145,95,102,68,87,57,56,78,50,69,63,117,89,96,138,63,98,66,129,122,138,102,80,102
HOUSEHOLD_2_455,HOUSEHOLD_2,HOUSEHOLD,7,88,81,84,72,102,120,102,90,103,100,93,74,70,76,54,65,69,72,66,58,72,59,81,36,54,48,46,46,60,64,43,50,70,57,49,24,32,46,39,47,46,49,59,55,39,40,41,34,25,38,40,45,38,34,48,41,43,42,42,38,49,58,52,47
HOUSEHOLD_2_456,HOUSEHOLD_2,HOUSEHOLD,2,8,0,7,40,45,36,10,0,0,30,51,46,28,37,12,0,0,19,42,45,34,38,32,9,0,0,20,32,31,36,31,38,41,34,33,20,0,0,1,39,37,37,38,30,31,31,33,28,0,0,2,27,25,31,39,26,33,40,42,33,0,0,0,31
HOUSEHOLD_2_457,HOUSEHOLD_2,HOUSEHOLD,14,159,133,128,134,141,154,171,137,159,142,140,148,129,154,156,137,38,0,0,109,127,131,130,147,134,161,124,138,149,86,0,2,53,144,131,156,136,134,121,18,0,0,1,111,117,117,102,116,125,142,141,158,132,142,158,133,135,135,153,162,145,127,137,108
HOUSEHOLD_2_458,HOUSEHOLD_2,HOUSEHOLD,0,0,0,0,0,0,0,0,0,0,0,9,39,23,27,32,77,65,63,40,30,23,25,12,14,22,22,32,41,13,0,0,16,25,22,15,16,17,13,8,12,26,24,42,22,27,29,31,34,19,39,41,43,49,65,48,49,27,21,18,27,25,44,43,25
HOUSEHOLD_2_459,HOUSEHOLD_2,HOUSEHOLD,0,0,0,0,0,0,0,0,0,0,0,0,0,0,0,0,0,0,0,0,0,0,0,0,0,0,0,0,0,0,0,0,0,0,0,0,4,5,5,0,44,45,63,62,47,36,48,46,72,62,86,71,62,70,78,69,66,47,53,56,55,69,61,78,69
HOUSEHOLD_2_460,HOUSEHOLD_2,HOUSEHOLD,0,0,0,0,0,0,0,0,32,108,68,53,42,26,12,29,13,29,20,27,25,33,34,43,49,61,71,48,51,53,42,30,41,56,66,57,67,61,55,56,47,42,42,47,41,47,53,35,39,33,39,37,51,44,30,40,45,43,37,56,38,63,59,45,35
HOUSEHOLD_2_461,HOUSEHOLD_2,HOUSEHOLD,8,84,89,83,88,77,64,64,75,90,70,96,91,87,81,70,87,71,58,95,70,85,75,99,88,86,88,17,1,1,65,87,46,66,60,69,54,65,81,63,49,52,64,70,62,75,74,58,77,65,60,58,64,55,61,59,56,62,64,54,67,59,59,50,41
HOUSEHOLD_2_462,HOUSEHOLD_2,HOUSEHOLD,6,97,77,68,69,68,78,83,87,92,96,89,71,89,78,64,56,77,91,76,48,17,22,48,36,49,27,54,54,77,20,40,30,37,68,53,35,27,66,49,56,51,7,23,30,39,39,30,30,20,30,50,42,44,11,27,38,47,50,50,49,23,32,40,36
HOUSEHOLD_2_463,HOUSEHOLD_2,HOUSEHOLD,0,0,0,0,0,0,0,0,0,0,0,0,0,0,0,0,0,0,0,0,0,0,0,0,0,0,0,0,0,0,0,0,0,0,0,0,0,0,0,0,0,0,0,34,113,111,116,83,56,0,0,47,105,95,111,122,111,111,109,109,118,119,137,107,98
HOUSEHOLD_2_464,HOUSEHOLD_2,HOUSEHOLD,8,62,61,52,56,62,85,71,79,57,34,35,49,64,49,61,74,74,71,78,61,43,61,40,36,17,2,7,13,7,11,1,8,7,6,20,29,53,52,40,47,53,52,43,41,48,34,26,38,37,28,32,35,52,50,60,50,31,37,25,28,26,27,44,45
HOUSEHOLD_2_465,HOUSEHOLD_2,HOUSEHOLD,31,297,297,352,341,327,390,388,366,267,235,269,207,254,266,258,109,330,301,389,341,281,232,210,190,221,211,206,237,266,258,292,294,246,220,192,142,169,216,210,223,167,228,255,250,195,163,159,164,181,231,215,255,256,254,276,239,182,151,116,113,207,210,230,154
HOUSEHOLD_2_466,HOUSEHOLD_2,HOUSEHOLD,0,1,1,93,116,78,70,101,83,77,2,0,0,89,115,119,119,103,91,111,102,48,2,0,65,91,132,130,152,126,119,135,96,99,3,1,0,3,96,106,86,106,114,86,86,48,0,1,14,89,125,113,96,118,114,87,2,6,11,84,67,101,132,103,88
HOUSEHOLD_2_467,HOUSEHOLD_2,HOUSEHOLD,0,0,0,0,0,0,0,0,0,0,0,0,0,0,0,0,0,81,200,321,230,229,228,274,225,237,266,242,265,240,261,269,270,246,162,1,1,72,220,200,218,203,248,240,216,201,250,186,233,220,218,188,184,168,200,272,228,259,203,185,233,219,193,196,155
HOUSEHOLD_2_468,HOUSEHOLD_2,HOUSEHOLD,20,104,112,93,113,94,95,75,105,105,121,126,117,126,132,122,128,140,116,128,102,79,94,88,73,62,108,101,124,115,100,131,123,126,137,119,69,60,56,99,123,117,128,125,118,110,118,114,97,104,123,128,134,134,139,144,143,145,130,0,0,86,208,217,148
HOUSEHOLD_2_469,HOUSEHOLD_2,HOUSEHOLD,0,0,0,0,0,0,0,0,0,0,0,0,0,0,0,0,0,0,0,0,0,0,0,0,0,0,0,0,0,0,0,0,0,0,0,0,0,0,0,0,0,0,0,15,86,85,90,62,71,81,48,86,97,113,112,119,123,128,105,106,103,100,117,111,79
HOUSEHOLD_2_470,HOUSEHOLD_2,HOUSEHOLD,35,366,373,331,332,426,452,426,446,449,389,405,399,343,393,421,390,483,451,447,446,396,343,265,240,257,277,296,347,297,353,427,340,299,299,273,246,137,192,220,257,274,289,308,293,284,279,337,316,362,377,365,335,319,296,295,301,303,280,234,227,290,325,366,224
HOUSEHOLD_2_471,HOUSEHOLD_2,HOUSEHOLD,16,149,109,126,137,133,134,117,76,28,11,4,51,113,118,160,158,169,168,146,146,66,22,40,79,141,154,176,159,139,163,142,143,148,156,54,87,138,172,168,152,108,111,90,89,59,13,36,66,67,98,90,81,94,114,89,99,54,21,122,127,105,95,95,63
HOUSEHOLD_2_472,HOUSEHOLD_2,HOUSEHOLD,0,41,46,0,0,97,157,165,144,156,127,159,147,182,200,154,158,179,179,215,188,174,168,189,144,172,227,226,237,231,175,260,262,188,161,151,152,162,133,175,221,142,116,141,89,130,89,81,88,99,130,118,150,107,129,161,128,109,122,118,115,145,127,118,95
HOUSEHOLD_2_473,HOUSEHOLD_2,HOUSEHOLD,4,43,52,42,67,71,87,71,79,86,72,72,54,75,33,31,22,55,43,34,25,46,27,33,28,38,59,56,57,30,44,48,60,41,39,41,28,34,52,62,62,66,56,45,48,92,59,65,58,30,59,28,60,56,40,53,52,63,56,60,29,93,68,61,57
HOUSEHOLD_2_474,HOUSEHOLD_2,HOUSEHOLD,6,41,57,51,53,44,45,54,40,39,44,38,23,31,34,35,41,38,42,38,31,37,34,38,46,30,30,27,30,33,48,28,42,34,46,50,31,42,31,35,29,29,32,54,43,34,27,32,32,20,24,23,29,27,22,27,28,32,22,28,24,18,33,19,15
HOUSEHOLD_2_475,HOUSEHOLD_2,HOUSEHOLD,0,0,0,0,0,0,0,0,0,0,0,0,3,114,140,165,52,192,173,147,140,124,96,105,94,68,146,125,139,95,81,135,136,74,94,143,41,7,11,74,84,58,45,80,40,15,1,0,0,49,71,25,27,18,37,106,105,117,95,99,96,96,104,78,65
HOUSEHOLD_2_476,HOUSEHOLD_2,HOUSEHOLD,0,0,0,0,0,0,0,0,0,0,0,0,0,0,3,28,24,30,20,27,40,26,21,38,19,26,34,64,58,68,74,91,59,66,73,134,68,66,37,26,31,20,31,24,28,29,28,81,20,20,19,73,104,106,122,104,100,122,116,142,114,82,76,140,128
HOUSEHOLD_2_477,HOUSEHOLD_2,HOUSEHOLD,0,0,0,0,0,0,0,0,0,0,0,0,0,0,0,0,0,0,0,0,0,0,0,0,0,0,0,0,101,248,263,491,514,81,0,0,41,75,71,37,366,419,443,493,296,13,0,0,0,38,11,81,440,434,481,516,272,21,172,88,35,39,92,332,266
HOUSEHOLD_2_478,HOUSEHOLD_2,HOUSEHOLD,0,0,0,0,0,0,0,0,0,0,0,0,0,0,0,0,0,3,40,59,52,44,45,43,56,45,60,53,58,61,42,55,51,58,51,49,61,74,57,49,39,41,31,43,41,43,42,29,36,27,50,22,37,31,41,43,36,37,37,33,27,43,39,40,37
HOUSEHOLD_2_479,HOUSEHOLD_2,HOUSEHOLD,0,0,0,0,0,83,54,0,0,0,330,303,237,153,44,0,1,139,133,175,155,124,121,139,82,9,0,20,122,124,99,84,77,76,48,0,0,21,79,61,60,68,65,70,63,78,53,42,63,76,69,50,57,64,56,30,0,0,29,76,50,66,58,44,38
HOUSEHOLD_2_480,HOUSEHOLD_2,HOUSEHOLD,7,97,111,102,97,108,134,125,114,121,114,119,98,95,98,97,105,33,1,1,97,101,87,107,95,94,103,82,97,18,0,1,90,83,79,105,105,88,103,95,93,74,37,0,0,46,108,99,100,91,104,79,98,80,65,0,1,34,93,84,123,118,121,100,97
HOUSEHOLD_2_481,HOUSEHOLD_2,HOUSEHOLD,7,52,73,56,72,82,83,68,64,53,42,68,57,64,70,62,67,70,73,71,78,62,53,59,56,47,44,37,41,38,30,23,19,22,23,44,36,38,48,40,49,43,34,24,26,32,24,29,17,27,23,24,41,35,34,35,51,51,45,53,47,43,45,42,47
HOUSEHOLD_2_482,HOUSEHOLD_2,HOUSEHOLD,0,0,0,0,0,0,0,0,4,120,110,150,128,134,101,105,86,96,84,78,56,0,0,20,58,71,85,56,59,73,40,40,28,0,0,53,70,72,76,35,27,42,61,45,41,101,25,0,0,40,74,54,58,12,83,79,68,82,62,56,56,48,35,33,50
HOUSEHOLD_2_483,HOUSEHOLD_2,HOUSEHOLD,32,280,296,89,350,336,384,371,332,317,270,279,337,374,346,343,346,69,0,0,285,345,349,354,349,327,366,353,327,318,233,432,406,366,334,344,334,367,407,353,325,325,368,427,344,331,280,212,264,292,275,371,390,405,465,566,441,456,389,372,377,329,275,384,310
HOUSEHOLD_2_484,HOUSEHOLD_2,HOUSEHOLD,0,0,0,0,0,0,0,0,0,0,0,0,15,182,179,119,73,28,0,4,116,163,112,96,93,109,146,106,116,151,82,4,0,33,92,85,82,99,96,111,17,1,2,0,99,94,88,92,71,88,99,94,32,1,0,19,56,75,52,65,76,73,69,85,70
HOUSEHOLD_2_485,HOUSEHOLD_2,HOUSEHOLD,14,113,156,159,146,163,156,107,152,138,124,16,154,179,153,156,178,174,194,176,169,158,134,182,160,150,151,131,150,161,154,143,134,166,172,187,163,142,174,150,128,148,149,150,116,145,166,119,141,149,159,131,160,138,163,139,133,160,126,139,126,157,146,154,105
HOUSEHOLD_2_486,HOUSEHOLD_2,HOUSEHOLD,11,118,115,144,104,101,131,112,108,139,100,123,124,109,143,111,117,130,164,146,154,153,133,205,97,95,129,113,115,97,105,109,88,109,90,86,119,93,106,66,86,99,89,93,77,82,79,61,63,54,75,82,100,103,97,117,106,114,86,87,114,98,117,120,68
HOUSEHOLD_2_487,HOUSEHOLD_2,HOUSEHOLD,0,0,0,0,0,0,0,0,0,0,0,0,0,0,0,0,0,0,0,0,0,0,0,0,0,0,0,0,0,0,0,0,0,0,0,57,55,54,54,29,34,21,25,51,33,54,39,46,38,29,36,26,27,20,38,34,29,31,33,31,30,41,32,34,35
HOUSEHOLD_2_488,HOUSEHOLD_2,HOUSEHOLD,11,140,141,157,136,131,179,177,144,145,140,148,157,139,125,119,174,53,0,6,83,123,130,114,125,104,133,93,137,121,69,119,145,111,120,125,117,119,114,95,83,86,79,107,61,96,75,70,93,81,69,71,79,82,74,111,91,86,92,95,94,125,112,104,88
HOUSEHOLD_2_489,HOUSEHOLD_2,HOUSEHOLD,0,0,0,0,0,0,0,0,0,0,0,0,13,47,70,60,66,64,51,66,47,41,48,25,28,32,35,30,56,52,38,47,39,36,33,29,30,36,34,25,49,33,42,58,45,39,43,39,43,40,59,56,50,36,54,53,58,61,37,53,38,32,50,39,41
HOUSEHOLD_2_490,HOUSEHOLD_2,HOUSEHOLD,0,0,0,0,0,0,0,0,0,0,0,0,0,0,0,0,0,0,0,0,0,0,0,0,0,0,0,0,0,0,0,0,0,0,0,0,0,0,0,0,0,0,0,0,265,417,327,381,443,435,362,506,518,478,465,469,488,575,441,462,571,505,495,491,331
HOUSEHOLD_2_491,HOUSEHOLD_2,HOUSEHOLD,0,0,0,91,86,65,79,78,77,86,4,0,0,101,154,158,141,135,143,134,143,64,0,1,91,149,178,172,151,142,123,145,101,136,2,1,1,0,113,126,109,120,123,116,108,78,0,0,28,122,132,112,109,97,100,96,0,0,10,108,122,125,127,99,98
HOUSEHOLD_2_492,HOUSEHOLD_2,HOUSEHOLD,25,194,170,0,0,35,247,235,162,191,193,231,229,136,89,126,128,140,152,129,153,191,180,251,209,202,222,199,154,131,167,171,160,178,226,255,181,178,209,175,149,145,143,172,139,160,207,198,163,163,162,172,170,134,152,176,196,253,274,246,197,205,157,152,135
HOUSEHOLD_2_493,HOUSEHOLD_2,HOUSEHOLD,0,0,0,0,0,0,0,0,0,0,0,0,0,0,0,0,0,0,0,0,0,0,0,0,0,0,0,0,0,0,0,0,0,0,0,0,0,0,0,0,0,1,72,117,98,111,93,81,92,92,106,142,112,141,143,130,122,126,113,114,103,105,103,91,81
HOUSEHOLD_2_494,HOUSEHOLD_2,HOUSEHOLD,7,54,43,52,43,19,0,0,24,33,37,33,39,45,51,45,20,58,49,0,0,14,84,62,40,53,67,51,47,47,33,37,44,33,48,37,28,32,50,35,36,36,43,37,36,33,29,65,71,64,67,63,49,51,66,54,60,68,44,53,33,44,56,53,38
HOUSEHOLD_2_495,HOUSEHOLD_2,HOUSEHOLD,33,326,239,209,276,218,192,67,0,3,0,0,73,196,233,192,103,141,106,134,193,81,157,33,2,2,165,164,123,159,32,44,38,2,0,0,0,145,297,198,208,225,187,188,166,82,56,12,2,52,183,38,14,1,0,0,4,10,0,0,4,221,190,264,185
HOUSEHOLD_2_496,HOUSEHOLD_2,HOUSEHOLD,0,0,0,0,0,0,0,0,0,0,0,0,0,0,0,0,0,0,0,0,0,0,0,0,0,0,0,55,78,124,110,121,92,83,93,90,73,68,125,105,92,100,112,100,95,102,94,86,103,95,111,146,151,116,141,134,151,149,124,118,126,122,132,124,105
HOUSEHOLD_2_497,HOUSEHOLD_2,HOUSEHOLD,20,171,133,113,117,108,118,41,0,0,0,1,29,124,124,107,100,97,109,128,101,120,98,92,118,142,130,118,80,92,96,99,104,99,81,67,87,119,110,83,105,111,78,63,75,78,77,55,68,78,117,83,80,85,75,81,70,65,55,62,63,85,62,66,56
HOUSEHOLD_2_498,HOUSEHOLD_2,HOUSEHOLD,0,0,0,0,0,0,0,0,0,0,0,0,0,0,0,0,0,0,0,0,0,0,0,0,0,0,0,0,0,0,0,0,0,0,0,0,0,0,0,46,50,51,56,69,77,148,77,71,44,67,85,127,155,158,158,156,125,254,150,134,162,150,142,115,146
HOUSEHOLD_2_499,HOUSEHOLD_2,HOUSEHOLD,0,0,0,0,0,0,0,0,0,0,0,0,0,0,0,0,0,0,0,0,0,0,0,0,0,0,0,0,0,0,0,0,0,0,0,0,0,0,0,0,0,0,0,295,345,294,303,292,272,286,648,507,505,438,378,361,414,584,362,299,465,267,281,488,319
HOUSEHOLD_2_500,HOUSEHOLD_2,HOUSEHOLD,0,0,74,130,127,117,141,142,156,144,155,131,92,123,80,76,71,84,110,113,96,92,96,99,62,87,99,90,95,86,74,54,94,90,90,123,84,51,111,80,100,94,102,114,93,123,82,81,94,67,84,74,81,89,89,80,68,96,49,78,75,76,93,99,65
HOUSEHOLD_2_501,HOUSEHOLD_2,HOUSEHOLD,0,0,0,0,0,0,0,0,0,0,0,0,0,0,0,0,0,0,0,0,0,0,0,0,0,11,27,73,94,68,100,70,72,107,105,98,131,142,173,127,114,79,75,80,74,59,105,103,116,122,134,126,118,78,96,71,69,86,77,149,206,187,162,170,117
HOUSEHOLD_2_502,HOUSEHOLD_2,HOUSEHOLD,2,4,0,12,44,35,25,9,0,0,17,30,47,37,48,19,0,0,30,35,44,39,28,32,1,0,0,19,6,0,0,0,0,0,0,0,0,0,0,1,37,34,41,35,27,24,29,27,26,0,0,6,35,40,43,30,33,35,41,43,35,0,0,3,32
HOUSEHOLD_2_503,HOUSEHOLD_2,HOUSEHOLD,7,39,46,33,42,31,41,26,35,25,27,26,19,20,34,22,31,30,28,38,32,29,33,34,34,30,38,31,31,29,29,31,30,27,19,23,20,28,19,30,26,38,36,31,35,33,33,36,24,36,35,26,40,35,44,31,37,29,30,26,25,27,22,23,17
HOUSEHOLD_2_504,HOUSEHOLD_2,HOUSEHOLD,0,0,0,0,0,0,0,0,0,1,1,1,16,23,38,56,76,62,61,39,40,19,25,30,25,89,79,51,58,29,35,27,18,29,25,13,22,22,25,28,52,41,38,38,24,22,16,20,18,15,33,40,54,45,39,38,35,24,22,21,23,18,23,27,35
HOUSEHOLD_2_505,HOUSEHOLD_2,HOUSEHOLD,0,141,178,142,154,156,137,161,149,181,132,81,0,92,162,130,138,137,147,136,161,146,134,154,119,124,147,110,137,151,119,99,141,123,112,105,99,80,141,87,98,92,110,104,97,79,74,93,94,80,108,66,94,105,106,106,93,105,77,95,66,66,77,66,54
HOUSEHOLD_2_506,HOUSEHOLD_2,HOUSEHOLD,0,0,0,0,0,0,0,0,0,0,0,0,0,0,0,0,0,0,0,0,0,0,0,51,35,49,47,53,58,51,75,58,55,51,47,61,62,57,83,62,60,72,73,77,63,64,65,64,57,58,69,69,58,70,52,64,42,64,61,74,74,79,63,61,41
HOUSEHOLD_2_507,HOUSEHOLD_2,HOUSEHOLD,0,154,212,247,304,206,229,190,197,202,1,2,0,166,267,235,254,252,225,248,226,133,3,3,126,221,248,183,106,29,60,226,207,138,4,3,50,57,198,167,41,81,118,189,130,7,0,0,15,180,256,206,193,189,205,177,0,0,17,113,104,209,184,229,161
HOUSEHOLD_2_508,HOUSEHOLD_2,HOUSEHOLD,0,0,0,0,0,0,0,0,0,0,0,0,0,14,26,27,27,27,44,44,37,44,33,24,27,32,28,37,24,31,44,42,33,20,40,30,33,45,52,31,36,40,40,29,31,27,30,33,39,50,40,33,40,40,48,43,42,44,42,33,45,39,59,60,40
HOUSEHOLD_2_509,HOUSEHOLD_2,HOUSEHOLD,30,213,206,196,148,148,138,197,161,198,210,158,170,194,172,136,50,239,199,202,214,204,193,208,190,193,116,170,240,175,217,224,205,222,238,219,200,229,181,187,205,180,170,174,183,192,174,151,164,138,161,179,88,126,150,179,127,154,149,134,119,105,106,128,124
HOUSEHOLD_2_510,HOUSEHOLD_2,HOUSEHOLD,0,0,0,124,345,321,359,361,322,318,333,301,330,344,360,325,349,351,375,410,323,375,294,280,330,328,359,316,321,334,270,332,313,301,238,304,272,244,236,248,348,337,338,372,303,284,298,259,235,279,275,268,230,296,423,346,270,295,352,304,285,257,270,268,182
HOUSEHOLD_2_511,HOUSEHOLD_2,HOUSEHOLD,51,351,363,347,352,283,361,359,294,286,312,330,279,309,289,240,255,222,270,301,306,288,292,287,252,159,131,129,109,108,136,139,174,190,150,88,64,64,60,132,147,160,157,187,146,144,99,160,154,173,232,167,173,124,130,123,91,97,107,88,75,92,135,173,156
HOUSEHOLD_2_512,HOUSEHOLD_2,HOUSEHOLD,10,137,159,206,223,273,269,203,172,146,165,153,165,158,189,198,243,249,247,197,172,167,154,153,156,144,157,185,251,234,221,219,174,163,167,161,157,120,175,154,215,231,229,169,171,184,151,174,156,144,175,173,224,226,228,204,170,136,124,137,159,190,183,190,118
HOUSEHOLD_2_513,HOUSEHOLD_2,HOUSEHOLD,0,0,0,0,0,0,0,0,0,0,0,0,0,0,0,0,0,0,0,0,0,0,0,0,0,0,9,106,141,195,229,236,104,262,244,250,317,205,352,252,324,314,320,284,340,204,107,242,216,227,273,219,192,196,213,194,189,146,148,140,125,170,120,128,79
HOUSEHOLD_2_514,HOUSEHOLD_2,HOUSEHOLD,14,70,10,0,1,0,79,80,72,55,92,77,96,71,103,80,59,101,77,84,90,85,74,84,61,26,69,50,59,50,0,0,20,51,52,35,45,36,32,36,40,37,34,28,20,17,34,24,46,39,53,45,43,51,52,54,47,50,42,46,39,47,44,48,43
HOUSEHOLD_2_515,HOUSEHOLD_2,HOUSEHOLD,0,0,0,0,0,0,0,0,0,0,0,0,0,0,0,0,0,0,0,0,0,0,0,0,0,0,0,0,0,0,0,0,0,0,0,2,47,44,59,44,31,47,46,52,51,28,27,25,37,22,41,49,47,40,26,44,57,29,44,34,44,33,42,35,26
HOUSEHOLD_2_516,HOUSEHOLD_2,HOUSEHOLD,6,54,45,48,46,12,0,0,44,53,51,47,49,51,42,46,22,47,47,0,0,9,50,55,44,43,43,34,39,44,37,54,37,44,39,41,31,44,33,35,50,51,44,47,43,49,44,45,40,44,36,45,55,56,45,47,41,50,39,42,45,44,45,40,34
