item_id,precio_medio,precio_mediano,precio_min,precio_max,n
FOODS_1_001,2.166622915927634,2.24,0.99,2.24,2819
FOODS_1_002,8.933912735012417,8.88,7.66,9.48,2819
FOODS_1_003,2.9751843971631207,2.88,2.5,3.23,2820
FOODS_1_004,1.8486311111111111,1.78,1.5,1.96,2250
FOODS_1_005,3.3293716719914803,3.28,0.1,3.54,2817
FOODS_1_006,2.222131205673759,2.24,1.97,2.48,2820
FOODS_1_008,3.352767052767053,3.28,0.5,3.54,2331
FOODS_1_009,2.3883675289919717,2.38,0.99,2.68,2242
FOODS_1_010,6.0182410147991545,5.93,4.09,7.27,2365
FOODS_1_011,2.5178964285714285,2.48,1.19,2.68,2800
FOODS_1_012,6.157833782223932,5.96,5.09,8.22,2599
FOODS_1_013,1.4717378711078928,1.48,1.0,1.5,2762
FOODS_1_014,0.9799999999999999,0.98,0.98,0.98,1842
FOODS_1_015,3.1879405286343614,3.24,1.0,3.48,2724
FOODS_1_016,2.074499284692418,1.98,1.96,2.26,2796
FOODS_1_017,2.3530339588918676,2.38,0.99,2.79,2238
FOODS_1_018,0.9746737588652482,0.98,0.92,1.0,2820
FOODS_1_019,1.024436170212766,1.08,0.48,1.08,2820
FOODS_1_020,2.6469219858156032,2.68,1.5,2.68,2820
FOODS_1_021,0.9751688609044075,0.98,0.94,0.98,1747
FOODS_1_022,5.317312572087658,5.18,3.84,6.55,1734
FOODS_1_023,6.054403744403745,5.93,5.09,8.22,2457
FOODS_1_024,4.706826241134752,4.74,2.0,4.86,2820
FOODS_1_025,4.105513307984791,4.27,2.0,4.27,1841
FOODS_1_026,6.92135231316726,6.98,5.98,6.98,2810
FOODS_1_027,1.8665396825396827,1.78,1.0,1.96,1890
FOODS_1_028,2.757090909090909,2.78,2.48,2.98,1650
FOODS_1_029,3.968662698412698,3.94,1.0,4.27,2520
FOODS_1_030,3.190514120202752,3.24,1.0,3.48,2762
FOODS_1_031,3.3466143417766676,3.28,2.88,3.54,2803
FOODS_1_032,0.9756879432624114,0.98,0.92,1.0,2820
FOODS_1_033,6.078170964660936,5.93,5.09,8.22,2094
FOODS_1_034,6.441490706319703,6.05,4.97,8.81,2690
FOODS_1_035,2.515681981335248,2.48,1.99,2.68,2786
FOODS_1_036,1.7552794588821645,1.78,1.5,1.78,2809
FOODS_1_037,3.2091136034732273,3.24,0.81,3.48,2764
FOODS_1_038,9.198305387085266,8.98,3.48,9.98,2803
FOODS_1_039,2.4786526946107785,2.48,1.94,2.48,2004
FOODS_1_040,1.8330518097941804,1.78,1.0,1.97,2818
FOODS_1_041,2.2087163120567377,2.24,0.7,2.24,2820
FOODS_1_042,0.9748179871520343,0.98,0.94,0.98,1868
FOODS_1_043,1.846132762312634,1.78,1.5,1.96,2335
FOODS_1_044,2.7519539007092195,2.78,1.49,2.98,2820
FOODS_1_045,1.8333605974395448,1.78,1.5,1.97,2812
FOODS_1_046,0.9762765957446808,0.98,0.92,1.0,2820
FOODS_1_047,3.346341637010676,3.28,2.88,3.54,2810
FOODS_1_048,5.977911445279867,5.98,4.98,5.98,2394
FOODS_1_049,2.2242603760198656,2.24,0.99,2.38,2819
FOODS_1_050,5.98,5.98,5.98,5.98,2380
FOODS_1_051,3.87,3.87,3.87,3.87,1909
FOODS_1_052,0.98,0.98,0.98,0.98,1890
FOODS_1_053,6.457339778016469,6.05,5.06,8.81,2793
FOODS_1_054,1.8859942979330004,1.88,1.5,1.98,2806
FOODS_1_055,3.871782037628683,3.98,1.24,4.38,2817
FOODS_1_056,2.231202623906706,2.24,0.99,2.24,1372
FOODS_1_057,2.3019789227166276,2.24,0.98,2.68,1708
FOODS_1_058,1.8477087794432547,1.78,1.5,1.96,2335
FOODS_1_059,5.403085166384659,5.3,4.46,6.86,1773
FOODS_1_060,1.68,1.68,1.68,1.68,1108
FOODS_1_061,2.1669299181785844,2.24,0.99,2.24,2811
FOODS_1_062,4.0039219858156025,3.94,1.2,4.27,2820
FOODS_1_063,2.198585106382979,2.24,1.0,2.48,2820
FOODS_1_064,2.6004895352962047,2.54,2.54,2.68,2819
FOODS_1_065,3.288765519687832,3.28,0.1,3.54,2819
FOODS_1_066,1.3586444286728177,1.36,0.84,1.46,2818
FOODS_1_067,1.979531914893617,1.97,1.0,2.0,2820
FOODS_1_068,3.5752123287671234,3.58,1.0,3.58,1460
FOODS_1_069,2.5123333333333333,2.48,1.25,2.68,2760
FOODS_1_070,0.9751633237822349,0.98,0.94,0.98,1745
FOODS_1_071,1.9767716970702045,2.0,0.99,2.0,1809
FOODS_1_072,4.872079430498314,4.74,2.88,5.28,2669
FOODS_1_073,1.9875773745997865,1.94,1.74,2.12,2811
FOODS_1_074,2.2199326241134756,2.24,0.07,2.24,2820
FOODS_1_075,3.323166489172879,3.28,1.5,3.54,2817
FOODS_1_076,6.43865316275764,6.05,4.97,8.81,2814
FOODS_1_077,3.0639746001881467,2.97,1.5,3.28,2126
FOODS_1_078,3.332515868436238,3.24,1.99,3.48,1733
FOODS_1_079,6.285500431406385,5.83,4.5,8.38,2318
FOODS_1_080,7.478922910662825,7.58,0.99,7.58,2776
FOODS_1_081,6.053081994231562,5.93,4.74,8.22,2427
FOODS_1_082,0.9751162790697675,0.98,0.94,0.98,1720
FOODS_1_083,1.9770742979025953,1.97,1.0,2.0,2813
FOODS_1_084,6.168477929984779,5.83,4.5,8.38,2628
FOODS_1_085,0.9762695035460993,0.98,0.92,1.0,2820
FOODS_1_086,1.681849070100143,1.64,1.0,1.83,2796
FOODS_1_087,6.082642714570858,5.93,4.74,8.22,2505
FOODS_1_088,4.874014184397163,4.74,3.97,5.28,2820
FOODS_1_089,3.340619754680439,3.48,1.16,3.48,1549
FOODS_1_090,3.325427456544874,3.28,1.5,3.54,2819
FOODS_1_091,2.3333215046132008,2.38,0.5,2.68,2818
FOODS_1_092,1.857841516771998,1.78,1.0,1.96,2057
FOODS_1_093,6.034592310942121,5.86,5.09,8.22,2367
FOODS_1_094,3.31755871886121,3.28,2.37,3.54,2810
FOODS_1_095,3.8227482269503543,3.92,2.66,5.26,2820
FOODS_1_096,6.682003546099291,6.46,4.95,9.0,2820
FOODS_1_097,0.98,0.98,0.98,0.98,1868
FOODS_1_098,5.408037037037038,5.06,3.94,8.28,1890
FOODS_1_099,0.9750559152442613,0.98,0.94,0.98,1699
FOODS_1_101,1.9771219163389346,1.97,1.0,2.0,2797
FOODS_1_102,1.7584676258992806,1.78,1.0,1.78,2780
FOODS_1_103,3.901997870830376,3.94,1.0,4.27,2818
FOODS_1_104,3.3292730496453897,3.28,2.37,3.54,2820
FOODS_1_105,1.9102593917710198,1.88,0.5,1.98,2236
FOODS_1_106,3.3210425531914893,3.28,2.88,3.54,2820
FOODS_1_107,6.166098703170029,5.92,4.5,8.38,2776
FOODS_1_108,2.5,2.5,2.5,2.5,2799
FOODS_1_109,2.230291686922703,2.24,0.99,2.24,2057
FOODS_1_110,1.8453938356164383,1.78,1.5,1.96,2336
FOODS_1_111,5.98,5.98,5.98,5.98,1127
FOODS_1_112,1.9776702127659573,1.98,0.75,1.98,2820
FOODS_1_113,0.9764083865086599,0.98,0.94,0.98,2194
FOODS_1_114,3.32449804895353,3.28,0.35,3.54,2819
FOODS_1_115,3.477470355731225,3.58,1.5,3.58,1518
FOODS_1_116,2.4981950354609928,2.48,0.99,2.68,2820
FOODS_1_117,2.1623690773067334,2.24,0.99,2.24,2807
FOODS_1_118,0.98,0.98,0.98,0.98,1887
FOODS_1_119,3.3145760908123445,3.28,1.27,3.54,2819
FOODS_1_120,1.8479348757497858,1.78,1.5,1.96,2334
FOODS_1_121,1.2663402430307362,1.18,0.5,1.5,2798
FOODS_1_122,1.98,1.98,1.98,1.98,820
FOODS_1_123,3.326345195729537,3.28,2.28,3.54,2810
FOODS_1_124,2.1571107142857144,2.24,0.99,2.24,2800
FOODS_1_125,5.143432601880878,5.28,2.5,5.28,1276
FOODS_1_126,2.3693086529884035,2.24,0.5,2.68,2242
FOODS_1_127,1.9891521816246895,1.94,1.0,2.12,2819
FOODS_1_128,3.924813100747597,3.94,1.0,4.27,2809
FOODS_1_129,6.697524822695035,6.47,5.04,9.0,2820
FOODS_1_130,1.7496665484214262,1.78,1.0,1.78,2819
FOODS_1_131,2.849937106918239,2.78,2.78,2.98,795
FOODS_1_132,1.8667760719957651,1.78,1.0,1.96,1889
FOODS_1_133,3.192663568108688,3.24,1.16,3.48,2797
FOODS_1_134,1.9799999999999998,1.98,1.98,1.98,1390
FOODS_1_135,2.510190168640115,2.48,1.5,2.68,2787
FOODS_1_136,4.708605888612984,4.74,3.97,4.86,2819
FOODS_1_137,1.9768888096935138,1.97,0.5,2.0,2806
FOODS_1_138,2.502724370344094,2.48,0.25,2.68,2819
FOODS_1_139,0.98,0.98,0.98,0.98,1922
FOODS_1_140,6.921177304964539,6.98,1.98,6.98,2820
FOODS_1_141,3.3218511925952297,3.28,2.48,3.54,2809
FOODS_1_142,1.4704281567489115,1.48,0.5,1.5,2756
FOODS_1_143,1.9709726659566913,1.97,1.0,2.0,2817
FOODS_1_144,6.958870738636364,6.98,5.98,6.98,2816
FOODS_1_145,0.98,0.98,0.98,0.98,1866
FOODS_1_146,2.224306202940122,2.24,1.0,2.24,2789
FOODS_1_147,5.296159383033419,5.09,3.84,6.79,1945
FOODS_1_148,5.291742217367559,5.09,3.84,6.63,1831
FOODS_1_149,0.98,0.98,0.98,0.98,1845
FOODS_1_150,4.873237588652483,4.74,1.5,5.28,2820
FOODS_1_151,11.402252808988765,10.98,4.0,12.98,1780
FOODS_1_152,7.986835757360766,8.23,4.86,8.58,2819
FOODS_1_153,1.8858566308243727,1.88,0.99,1.98,2790
FOODS_1_154,1.471043100325969,1.48,1.25,1.5,2761
FOODS_1_155,0.98,0.98,0.98,0.98,1861
FOODS_1_156,2.3545093666369317,2.38,0.89,2.79,2242
FOODS_1_157,5.332295293359123,5.11,3.89,6.55,1551
FOODS_1_158,4.680901198842497,4.68,1.0,4.98,2419
FOODS_1_159,5.34392030848329,5.18,3.89,6.68,1556
FOODS_1_160,2.24,2.24,2.24,2.24,778
FOODS_1_161,0.9747144377438808,0.98,0.92,1.0,2819
FOODS_1_162,1.859387159533074,1.78,1.5,1.96,2056
FOODS_1_163,0.9722604651162792,0.98,0.94,0.98,1075
FOODS_1_164,6.106238377007608,5.86,5.09,8.16,2366
FOODS_1_166,2.1611865008880997,2.24,1.0,2.24,2815
FOODS_1_167,4.703847517730496,4.74,2.0,4.86,2820
FOODS_1_168,2.1561063829787237,2.24,1.0,2.24,2820
FOODS_1_169,3.2831762991743565,3.24,1.5,3.48,2059
FOODS_1_170,6.156806464024625,5.96,4.74,8.22,2599
FOODS_1_171,5.581823932525039,5.37,3.89,8.22,1897
FOODS_1_172,1.8766560283687943,1.84,1.5,1.98,2820
FOODS_1_173,1.977761617594892,1.97,1.0,2.0,2819
FOODS_1_174,4.870719858156028,4.74,2.88,5.28,2820
FOODS_1_175,2.971403743315508,2.98,0.99,2.98,2244
FOODS_1_176,3.220131004366812,3.24,0.5,3.48,2748
FOODS_1_177,8.619804895352962,8.48,6.75,8.98,2819
FOODS_1_178,9.280099290780143,8.98,5.0,9.98,2820
FOODS_1_179,3.5777168367346937,3.58,1.79,3.58,784
FOODS_1_180,9.607421540656205,9.67,7.88,9.97,2804
FOODS_1_181,1.3207881773399013,1.28,1.28,1.38,2030
FOODS_1_182,2.0189546351084813,1.97,1.97,2.28,2028
FOODS_1_183,2.9516370738636364,2.98,0.99,2.98,2816
FOODS_1_184,0.999859872611465,1.0,0.67,1.0,2355
FOODS_1_185,2.137301644031451,2.12,0.49,2.28,2798
FOODS_1_186,5.9770334708849155,5.98,2.5,5.98,2181
FOODS_1_187,9.197460826210827,8.98,4.49,9.98,2808
FOODS_1_188,2.9782722513089004,2.98,1.0,2.98,1146
FOODS_1_189,2.3565377777777776,2.38,0.99,2.79,2250
FOODS_1_190,0.9751660939289805,0.98,0.94,0.98,1746
FOODS_1_191,6.024885807504078,5.93,4.4,7.27,2452
FOODS_1_192,2.3406347517730497,2.38,0.99,2.68,2820
FOODS_1_193,5.4597,5.3,4.46,6.71,1900
FOODS_1_194,4.708953158268275,4.74,3.74,4.86,2818
FOODS_1_195,2.221535460992908,2.24,0.99,2.24,2820
FOODS_1_196,1.9783664772727272,1.97,1.0,2.0,2816
FOODS_1_197,4.874576210826211,4.74,3.54,5.28,2808
FOODS_1_198,2.510344215755855,2.48,1.68,2.68,2818
FOODS_1_199,6.117723161620134,5.96,4.74,8.22,2543
FOODS_1_200,0.9720529801324503,0.98,0.94,0.98,1057
FOODS_1_201,2.1603510638297876,2.24,0.99,2.24,2820
FOODS_1_202,0.9751807228915663,0.98,0.94,0.98,1743
FOODS_1_203,2.167471631205674,2.24,0.99,2.24,2820
FOODS_1_204,0.975311004784689,0.98,0.92,1.0,2717
FOODS_1_205,4.971099672437997,4.74,3.94,5.28,2137
FOODS_1_206,1.9975249287749288,1.98,1.1,2.28,2808
FOODS_1_207,3.286292613636363,3.32,1.0,3.32,2816
FOODS_1_208,1.8538955823293173,1.78,1.78,1.96,2241
FOODS_1_209,2.341918439716312,2.38,0.99,2.68,2820
FOODS_1_210,1.8692334293948125,1.96,1.5,1.98,1735
FOODS_1_211,6.03503807106599,5.93,4.48,8.22,2364
FOODS_1_212,6.124319500223115,6.28,2.88,6.28,2241
FOODS_1_213,2.317258865248227,2.38,0.99,2.68,2820
FOODS_1_214,2.9505158437730286,2.92,1.5,3.14,2714
FOODS_1_215,1.7534015223596575,1.68,1.25,1.84,2102
FOODS_1_216,4.949718259629101,4.74,2.99,5.74,2804
FOODS_1_217,3.3280425531914894,3.28,2.5,3.54,2820
FOODS_1_218,0.9762482269503546,0.98,0.92,1.0,2820
FOODS_1_219,2.144145390070922,2.24,0.99,2.24,2820
FOODS_2_001,1.9283441396508727,1.97,0.99,2.38,2005
FOODS_2_002,1.9361768292682926,1.88,1.77,2.28,1640
FOODS_2_003,2.121158363710004,2.18,1.96,2.28,2469
FOODS_2_004,3.835157824042982,3.88,3.38,3.94,1489
FOODS_2_005,3.8099882720875686,3.87,2.0,3.94,2558
FOODS_2_006,10.296699279093719,9.98,5.98,10.97,1942
FOODS_2_007,2.7264090177133653,2.82,0.25,2.98,1242
FOODS_2_008,2.494432013769363,2.5,1.49,2.58,1162
FOODS_2_009,1.4193724364232978,1.48,0.75,1.52,2438
FOODS_2_010,2.4916037735849055,2.5,1.5,2.58,2438
FOODS_2_011,2.731605749486653,2.88,1.5,2.98,2435
FOODS_2_012,2.9889540607054963,2.96,2.42,3.68,2438
FOODS_2_013,1.9329787234042553,1.97,1.57,2.23,2820
FOODS_2_014,2.744971287940935,2.96,1.25,2.96,2438
FOODS_2_015,2.5677615062761503,2.5,1.88,2.77,956
FOODS_2_016,1.181385650224215,1.14,0.98,1.25,2230
FOODS_2_017,3.6926946107784433,3.76,3.0,3.96,835
FOODS_2_018,7.078797208538588,6.98,4.98,7.47,2436
FOODS_2_019,3.1741213804046016,3.28,2.67,3.43,2521
FOODS_2_020,2.437334702258727,2.5,1.0,2.75,2435
FOODS_2_021,0.8346257668711656,0.88,0.58,0.98,2445
FOODS_2_022,7.053882828282829,6.98,4.97,7.47,2475
FOODS_2_023,1.2740425531914894,1.28,1.0,1.28,1081
FOODS_2_024,2.4953153153153154,2.5,1.5,2.58,2442
FOODS_2_025,3.8142655145326003,3.87,1.5,3.94,2546
FOODS_2_026,2.3359716312056737,2.48,1.96,2.48,2820
FOODS_2_027,2.155979166666667,2.17,0.99,2.64,1920
FOODS_2_028,3.842773571920165,3.88,3.38,3.94,1453
FOODS_2_029,10.646057571964958,10.98,7.98,11.54,2397
FOODS_2_030,4.376105517519131,4.48,3.28,5.12,2483
FOODS_2_031,2.072816408204102,2.18,1.0,2.24,1999
FOODS_2_032,2.0844695481335953,2.18,1.0,2.24,2036
FOODS_2_033,2.348839190628328,2.38,2.0,2.38,939
FOODS_2_034,2.4966974510528264,2.5,1.0,2.75,2707
FOODS_2_035,5.11785084202085,5.0,2.0,5.36,1247
FOODS_2_036,3.464825431826535,3.47,2.0,4.25,2721
FOODS_2_037,7.277880032867707,7.24,2.25,7.98,2434
FOODS_2_038,6.034151654796816,6.08,1.5,6.08,2387
FOODS_2_039,4.815657111952407,4.98,4.0,4.98,1849
FOODS_2_040,2.4874775583482944,2.5,1.99,2.58,1114
FOODS_2_041,3.788720930232558,3.88,1.79,3.98,2494
FOODS_2_042,2.0915709219858156,2.18,1.0,2.34,2820
FOODS_2_043,2.752106254709872,2.88,0.25,2.98,2654
FOODS_2_044,2.501251694532309,2.5,1.0,2.98,2213
FOODS_2_045,6.929452644526446,6.98,4.99,7.12,1626
FOODS_2_046,3.883288797533402,3.88,3.34,3.94,973
FOODS_2_047,2.74622641509434,2.96,1.92,3.08,2438
FOODS_2_048,7.957565588773642,7.97,4.0,7.98,1639
FOODS_2_049,2.458970889708897,2.47,2.22,2.98,2439
FOODS_2_050,1.0,1.0,1.0,1.0,898
FOODS_2_051,2.438858808829654,2.5,1.0,2.75,2401
FOODS_2_052,12.553007092198582,12.97,7.97,13.98,2820
FOODS_2_053,7.075197834235735,6.94,5.0,7.34,2401
FOODS_2_054,2.711704918032787,2.78,2.28,2.97,2440
FOODS_2_055,2.5021413634462566,2.5,0.99,2.75,2391
FOODS_2_056,7.051656028368795,6.98,5.73,7.47,2820
FOODS_2_057,3.929047619047619,3.98,3.5,3.98,924
FOODS_2_058,4.870715123094959,4.84,0.99,5.28,2559
FOODS_2_059,5.93645596291614,5.98,5.74,6.33,2373
FOODS_2_060,7.280791586998088,7.24,2.5,7.98,2615
FOODS_2_061,1.9549857954545453,2.0,1.39,2.37,2816
FOODS_2_062,5.459643442622951,5.57,2.0,5.77,2440
FOODS_2_063,2.7633796296296294,2.96,2.08,3.08,2808
FOODS_2_064,2.3006648627754154,2.28,1.0,2.64,2587
FOODS_2_065,0.9494987674609696,1.0,0.84,1.08,2434
FOODS_2_066,5.81433585959314,5.98,1.88,5.98,2507
FOODS_2_067,2.1139557399723374,2.18,1.0,2.34,2169
FOODS_2_068,7.269437602627259,7.24,2.5,7.98,2436
FOODS_2_069,9.458456913827655,8.98,4.98,9.98,1996
FOODS_2_070,5.988132733408324,5.98,4.78,6.36,1778
FOODS_2_071,4.48,4.48,4.48,4.48,925
FOODS_2_072,2.7250186181216383,2.88,0.99,2.98,2417
FOODS_2_073,5.932,5.98,5.74,5.98,995
FOODS_2_074,2.5108676251859197,2.5,1.0,2.57,2017
FOODS_2_075,2.344589104339797,2.38,1.97,2.53,2166
FOODS_2_076,10.10111709770115,9.97,2.88,10.97,2784
FOODS_2_077,6.255228628230617,6.28,2.27,6.48,2012
FOODS_2_078,9.920024009603843,9.88,6.99,9.97,1666
FOODS_2_079,3.823008641005499,3.87,1.99,3.94,2546
FOODS_2_080,2.097433700530396,2.18,1.0,2.34,2451
FOODS_2_081,2.47871921182266,2.58,1.28,2.62,2436
FOODS_2_082,5.935650205761317,5.98,5.74,6.33,2430
FOODS_2_083,6.940255986787778,6.98,2.99,7.56,2422
FOODS_2_084,3.1621937842778793,2.97,1.99,3.44,1641
FOODS_2_085,3.5183242791475138,3.48,1.0,3.84,2393
FOODS_2_086,2.459277800574477,2.47,1.5,2.98,2437
FOODS_2_087,10.140515856236787,9.97,5.98,10.97,2365
FOODS_2_088,7.037769485903814,7.27,4.0,7.47,2412
FOODS_2_089,3.9235033686236767,3.98,3.5,3.98,1039
FOODS_2_090,8.92994140625,8.96,2.0,8.96,1024
FOODS_2_091,2.571181102362205,2.5,1.0,2.77,1016
FOODS_2_092,3.459120879120879,3.48,2.0,4.25,2548
FOODS_2_093,2.4648723723723722,2.5,1.0,2.76,2664
FOODS_2_094,1.2732437442075997,1.28,0.99,1.28,1079
FOODS_2_095,4.416585998271391,4.42,2.66,4.42,1157
FOODS_2_096,7.958848433530906,7.96,2.0,7.98,1181
FOODS_2_097,7.5207722007722015,7.86,4.99,7.86,777
FOODS_2_099,1.9605535248041777,1.97,1.88,2.0,1915
FOODS_2_100,2.436920086393089,2.5,1.0,2.98,2315
FOODS_2_101,5.966870720902135,5.98,5.86,6.33,2483
FOODS_2_102,10.970000000000002,10.97,10.97,10.97,834
FOODS_2_103,7.056891729924092,6.98,4.49,7.47,2503
FOODS_2_104,7.161405201342283,6.98,5.98,7.77,2384
FOODS_2_105,3.0438881491344874,2.96,1.0,3.44,1502
FOODS_2_106,5.272953736654804,5.44,4.92,5.58,1967
FOODS_2_107,1.9691140278917145,1.98,1.0,2.14,2438
FOODS_2_108,3.1136306135357366,2.96,0.99,3.44,1581
FOODS_2_109,2.93827909050379,2.98,1.32,3.23,2243
FOODS_2_110,2.331901041666667,2.38,1.19,2.38,1152
FOODS_2_111,6.004880894506563,5.98,2.0,6.34,2057
FOODS_2_112,3.2055062872270015,3.28,2.5,3.43,1511
FOODS_2_113,2.7325933202357566,2.68,1.0,2.98,2036
FOODS_2_114,2.678128772635815,2.73,1.0,2.77,994
FOODS_2_115,8.512105263157896,8.74,3.5,9.82,1330
FOODS_2_116,1.9040253565768621,1.98,1.0,2.0,2524
FOODS_2_117,6.043908382066277,5.97,5.93,6.36,1026
FOODS_2_118,2.9893303167420813,2.94,1.0,3.28,2210
FOODS_2_119,2.5154342249908392,2.47,2.2,2.98,2729
FOODS_2_120,2.7109789343246593,2.72,2.64,2.72,1614
FOODS_2_121,1.6352222222222221,1.58,1.25,1.78,1710
FOODS_2_122,4.863872255489022,4.93,2.5,4.93,2004
FOODS_2_123,2.9347893989588263,2.97,2.57,2.97,2113
FOODS_2_124,2.681406945681211,2.76,1.66,2.98,2246
FOODS_2_125,2.472424698795181,2.47,1.99,2.67,1328
FOODS_2_126,4.61446249033256,4.84,1.48,4.88,2586
FOODS_2_127,7.181217063989963,6.97,2.49,7.47,2391
FOODS_2_128,0.8329745042492916,0.88,0.58,0.98,2471
FOODS_2_129,9.472084168336673,9.48,6.5,9.54,1996
FOODS_2_130,1.5630120481927712,1.58,0.99,1.58,1079
FOODS_2_131,6.0352474277315045,5.98,5.0,6.87,2041
FOODS_2_132,2.7065317286652077,2.68,1.0,2.98,1828
FOODS_2_133,2.7153571428571426,2.68,0.34,2.98,2324
FOODS_2_134,2.9695816572807723,2.98,1.5,3.27,2486
FOODS_2_135,2.318337624126517,2.46,1.5,2.48,2719
FOODS_2_136,2.9165110037573805,2.94,2.5,3.37,1863
FOODS_2_137,2.501286681715576,2.5,1.0,2.98,2215
FOODS_2_138,1.8603649036490366,1.88,0.88,1.96,2439
FOODS_2_139,2.97723436322532,2.98,2.48,3.27,2654
FOODS_2_140,10.600959568733154,10.98,7.98,11.33,1855
FOODS_2_141,7.080139458572601,6.98,3.0,7.47,2438
FOODS_2_142,3.993855016802689,3.98,3.98,4.24,2083
FOODS_2_143,3.9746697517879674,3.97,1.5,5.32,2377
FOODS_2_144,2.4953404869995874,2.5,1.88,2.58,2423
FOODS_2_145,2.344249471458774,2.38,2.0,2.38,946
FOODS_2_146,1.9015217391304347,1.98,1.19,2.0,2438
FOODS_2_147,3.7152204836415357,3.76,3.0,3.96,703
FOODS_2_148,2.6945033428844316,2.68,1.88,2.98,2094
FOODS_2_149,7.076406890894175,6.98,2.98,7.47,2438
FOODS_2_150,2.7459286592865926,2.96,2.08,2.96,2439
FOODS_2_151,1.938414711477489,1.88,1.77,2.28,1577
FOODS_2_152,2.3129946714031973,2.42,0.84,2.5,2815
FOODS_2_153,2.7559502664298403,2.96,1.39,2.96,2815
FOODS_2_154,12.552884615384615,12.97,8.99,13.98,2392
FOODS_2_155,2.4883300970873785,2.5,2.0,2.58,1030
FOODS_2_156,1.4195571955719557,1.48,1.0,1.52,2439
FOODS_2_157,3.8028846942962655,3.87,1.99,3.94,2437
FOODS_2_158,1.2726315789473686,1.28,1.0,1.28,1026
FOODS_2_159,3.950471615720524,3.97,2.0,4.26,1145
FOODS_2_160,2.831597365170852,2.88,1.0,2.88,2429
FOODS_2_161,7.184232258064516,6.97,5.96,7.47,2325
FOODS_2_162,2.933192546583851,2.93,2.5,2.97,1610
FOODS_2_163,2.7269991511035654,2.88,0.5,2.98,2356
FOODS_2_164,2.796652452025586,2.98,2.18,3.18,2814
FOODS_2_165,3.9215294117647064,3.97,2.5,4.46,1445
FOODS_2_166,2.094648936170213,2.18,0.79,2.34,2820
FOODS_2_167,2.4397778727039725,2.5,1.0,2.75,2341
FOODS_2_168,3.930262901655307,3.98,3.5,3.98,1027
FOODS_2_169,5.871198275862069,5.86,2.5,6.24,2320
FOODS_2_170,2.9749151903505466,2.94,1.0,3.28,2653
FOODS_2_171,2.8639352703199705,2.97,2.0,2.98,2719
FOODS_2_172,2.4654024144869218,2.5,2.0,2.5,994
FOODS_2_173,8.726591080876796,8.67,3.99,8.98,2646
FOODS_2_174,2.681899775617053,2.82,1.8,2.98,2674
FOODS_2_175,2.3423397761953204,2.48,1.98,2.5,1966
FOODS_2_176,2.668966804979253,2.74,1.0,2.98,2410
FOODS_2_177,3.292764227642276,3.33,1.0,3.33,1845
FOODS_2_178,2.4927006039689386,2.5,2.0,2.58,1159
FOODS_2_179,4.988347213324792,4.97,4.84,5.28,1561
FOODS_2_180,2.2825155279503107,2.48,1.0,2.48,1610
FOODS_2_181,1.938939716312057,1.97,1.76,2.38,2820
FOODS_2_182,1.9729479294792946,1.98,1.0,2.14,2439
FOODS_2_183,8.75664573328408,8.67,7.76,8.98,2707
FOODS_2_184,4.864773218142549,4.98,2.97,5.34,2315
FOODS_2_185,1.953296853625171,2.0,1.5,2.0,731
FOODS_2_186,5.362252488213725,5.5,2.5,5.5,1909
FOODS_2_187,5.0993396226415095,5.0,5.0,5.36,848
FOODS_2_188,2.6772958602354726,2.68,0.33,2.98,2633
FOODS_2_189,2.495596986817326,2.5,1.0,2.58,2655
FOODS_2_190,2.716451745379877,2.88,1.0,2.98,2435
FOODS_2_191,8.88382626680455,8.88,6.98,8.98,967
FOODS_2_192,1.8472784810126581,1.96,1.0,1.97,2212
FOODS_2_193,5.324704830053667,5.63,2.0,5.63,1118
FOODS_2_194,6.950570662581387,6.98,5.98,7.56,2611
FOODS_2_195,3.180322180916977,3.27,2.48,3.47,2421
FOODS_2_196,3.803993685872139,3.87,1.0,3.94,2534
FOODS_2_197,3.1611382978723404,3.28,2.67,3.43,2820
FOODS_2_198,9.343235779060182,9.24,5.0,9.88,2426
FOODS_2_199,0.9496463815789473,1.0,0.84,1.08,2432
FOODS_2_200,4.2528612716763,3.98,1.0,4.97,1730
FOODS_2_201,5.349808027923212,5.63,4.98,5.63,1146
FOODS_2_202,2.8883140778776206,2.98,1.0,3.43,2337
FOODS_2_203,3.377971464019851,3.25,2.5,3.62,1612
FOODS_2_204,0.9494524495677232,1.0,0.84,1.08,2429
FOODS_2_205,2.7453345148427117,2.68,1.89,2.98,2257
FOODS_2_206,10.637993630573249,10.98,7.98,11.54,2198
FOODS_2_207,7.292891902672518,7.24,2.83,7.98,2507
FOODS_2_208,7.071004366812227,6.98,3.5,7.47,2748
FOODS_2_209,6.059151450053705,5.97,5.93,6.36,931
FOODS_2_210,3.7151923076923077,3.74,3.44,3.74,1040
FOODS_2_211,2.2995563271604937,2.28,0.99,2.64,2592
FOODS_2_212,4.673322475570033,4.84,3.0,5.97,2456
FOODS_2_213,3.9121763255240447,3.97,2.5,4.46,1622
FOODS_2_214,2.4880806310254164,2.5,1.6,2.58,1141
FOODS_2_215,1.8679319371727747,1.84,1.72,1.96,764
FOODS_2_216,5.949405187835421,5.98,2.5,6.12,2236
FOODS_2_217,3.9946950917203767,3.98,3.98,4.24,2017
FOODS_2_218,3.8054464973056192,3.87,1.5,3.94,2598
FOODS_2_219,2.73647250509165,2.88,1.5,2.98,2455
FOODS_2_220,1.9711128967456812,1.98,0.34,2.14,2489
FOODS_2_221,1.0934160139251523,1.0,0.5,1.34,2298
FOODS_2_222,2.511636452719255,2.5,1.88,2.57,2041
FOODS_2_223,2.119482981473503,2.18,1.0,2.34,2321
FOODS_2_224,5.847682875264271,5.97,2.0,6.48,2365
FOODS_2_225,2.4548227535037097,2.5,1.0,2.58,2426
FOODS_2_226,7.488787346221441,7.98,3.0,7.98,1707
FOODS_2_227,4.378909329829172,4.47,2.27,4.48,1522
FOODS_2_228,4.867814465408805,4.93,4.72,4.93,1908
FOODS_2_229,2.1201538461538463,2.18,1.0,2.34,2730
FOODS_2_230,2.1198519127930897,2.18,1.0,2.34,2431
FOODS_2_231,2.490347144456887,2.5,0.2,2.98,2679
FOODS_2_232,2.3537556561085973,2.33,1.96,2.56,2431
FOODS_2_233,4.332836158192091,4.48,2.52,4.48,2655
FOODS_2_234,2.7429686810763125,2.68,1.0,2.98,2267
FOODS_2_235,2.702496595551521,2.88,1.0,2.98,2203
FOODS_2_236,2.8549215614739145,2.97,2.0,3.18,2741
FOODS_2_237,2.4720851747689836,2.48,1.0,2.58,2489
FOODS_2_238,1.6334136062612883,1.58,1.0,1.78,1661
FOODS_2_239,12.662469927826784,12.96,2.0,13.98,1247
FOODS_2_240,2.092833333333333,2.18,0.99,2.34,2820
FOODS_2_241,2.34027027027027,2.38,2.0,2.38,1998
FOODS_2_242,2.479645018152481,2.5,0.5,2.58,2479
FOODS_2_243,7.288832236842106,7.24,2.19,7.98,2432
FOODS_2_244,5.788477099236641,5.88,5.28,5.94,2620
FOODS_2_245,2.970225258493353,2.98,1.5,3.27,2708
FOODS_2_246,2.0848839285714287,2.18,0.2,2.18,1120
FOODS_2_247,2.1378480113636367,2.25,1.0,2.25,2816
FOODS_2_248,5.918052946199829,5.96,3.72,5.98,1171
FOODS_2_249,3.0875224775224774,3.25,1.0,3.28,1001
FOODS_2_250,10.970000000000002,10.97,10.97,10.97,787
FOODS_2_251,7.63361316872428,7.87,5.99,7.87,2430
FOODS_2_252,3.89840616966581,3.97,3.48,3.97,778
FOODS_2_253,7.802366412213741,7.82,1.99,7.98,655
FOODS_2_254,6.248600597609562,6.28,3.98,6.48,2008
FOODS_2_255,2.395218270008084,2.56,1.0,2.68,2474
FOODS_2_256,5.883185840707965,5.62,4.97,6.36,1695
FOODS_2_257,0.9994075829383886,1.0,0.5,1.0,1688
FOODS_2_258,2.925771123872026,2.97,2.64,3.22,2438
FOODS_2_259,3.559472161966739,3.67,2.97,3.78,1383
FOODS_2_260,2.7329590948651004,2.88,1.0,2.98,2298
FOODS_2_261,9.958570683359417,10.0,9.88,10.0,1917
FOODS_2_262,1.970569905699057,1.98,1.0,2.14,2439
FOODS_2_263,5.957315895372234,5.92,2.5,10.98,2485
FOODS_2_264,3.7818871034198596,3.88,1.0,4.26,2427
FOODS_2_265,3.5898241500586163,3.48,2.0,3.96,1706
FOODS_2_266,9.295698657384387,9.46,6.72,10.27,2011
FOODS_2_267,1.8624164948453608,1.96,0.78,1.97,2425
FOODS_2_268,3.5646398184912083,3.48,3.0,3.96,1763
FOODS_2_269,2.7431513513513512,2.68,1.5,2.98,1850
FOODS_2_270,3.4043156596794084,3.47,1.0,3.48,1622
FOODS_2_271,10.976127098321344,10.98,10.97,10.98,834
FOODS_2_272,1.9397677419354837,1.88,1.77,2.28,1550
FOODS_2_273,2.7330032292787942,2.68,0.5,2.98,1858
FOODS_2_274,7.072789171452009,6.98,4.48,7.47,2438
FOODS_2_275,2.3241910251132154,2.48,1.0,2.48,2429
FOODS_2_276,3.1617375886524823,3.28,2.67,3.43,2820
FOODS_2_277,1.2712186046511627,1.28,0.75,1.58,1075
FOODS_2_278,2.4602911646586345,2.5,0.2,2.5,996
FOODS_2_279,2.5124017232094773,2.5,1.49,2.57,1857
FOODS_2_280,3.773326280152349,3.88,1.8,3.98,2363
FOODS_2_281,7.263972096840377,7.24,0.33,7.98,2437
FOODS_2_282,6.946991769547326,6.98,3.0,7.56,2430
FOODS_2_283,1.4173590982286635,1.48,0.58,1.52,2484
FOODS_2_284,2.4692630676949445,2.47,0.75,2.47,2334
FOODS_2_285,3.5862127659574465,3.98,1.74,4.47,2820
FOODS_2_286,1.565957446808511,1.58,1.25,1.58,1081
FOODS_2_287,2.486266009852217,2.5,1.39,2.58,1015
FOODS_2_288,2.749779359430605,2.88,1.58,2.98,2810
FOODS_2_289,2.4815295062224005,2.5,1.5,2.58,2491
FOODS_2_290,2.665562248995984,2.73,1.0,2.77,996
FOODS_2_291,7.013870120120121,6.98,3.99,7.47,2664
FOODS_2_292,3.1288607594936706,2.98,2.98,3.28,790
FOODS_2_293,3.9112129703763006,3.88,3.18,4.22,2498
FOODS_2_294,1.13672695035461,1.25,0.5,1.34,2820
FOODS_2_295,12.544847471792728,12.97,8.5,13.98,2393
FOODS_2_296,3.1359643916913944,2.96,2.96,3.44,1348
FOODS_2_297,3.4700157418339233,3.5,2.0,4.25,2541
FOODS_2_298,12.545286491007948,12.97,6.78,13.98,2391
FOODS_2_299,1.9424316939890711,1.97,1.57,2.24,2562
FOODS_2_300,6.198100949525238,6.28,2.48,6.48,2001
FOODS_2_301,2.8299766899766903,2.98,1.5,3.18,1287
FOODS_2_302,10.653278542869836,10.98,7.98,11.54,2251
FOODS_2_303,2.114838976052849,2.18,0.99,2.34,2422
FOODS_2_304,3.9515872434017596,3.97,1.78,4.24,2728
FOODS_2_305,8.848976982097186,8.96,1.75,10.48,2346
FOODS_2_306,4.067340650063318,4.14,1.0,4.43,2369
FOODS_2_307,2.5120096205237843,2.5,1.49,2.57,1871
FOODS_2_308,2.666708385481852,2.74,0.89,2.98,2397
FOODS_2_309,2.591001437470053,2.64,2.0,2.74,2087
FOODS_2_310,3.912171628721541,3.97,1.5,4.46,1142
FOODS_2_311,2.746309963099631,2.96,2.08,3.08,2439
FOODS_2_312,5.011197889182059,4.98,3.5,5.26,1895
FOODS_2_313,9.188440325497288,8.66,5.99,9.88,2212
FOODS_2_314,4.873234817813765,4.84,2.43,5.28,2470
FOODS_2_315,2.498544034090909,2.5,1.98,2.58,2816
FOODS_2_316,10.664864864864866,10.98,8.98,11.54,2294
FOODS_2_317,12.535418439716313,12.97,5.98,13.98,2820
FOODS_2_318,5.061687800612155,4.97,4.46,5.97,2287
FOODS_2_319,2.643735099337748,2.68,1.0,2.98,2265
FOODS_2_320,1.8037295081967215,1.86,0.69,1.86,1464
FOODS_2_321,2.937841213202498,2.98,0.75,3.23,2242
FOODS_2_322,2.872643442622951,2.97,2.47,2.98,2440
FOODS_2_323,3.781676229508197,3.88,1.0,7.0,2440
FOODS_2_324,2.499231433506045,2.5,1.99,3.28,1158
FOODS_2_325,1.1818063157894736,1.14,0.98,1.25,2375
FOODS_2_326,0.9506199677938809,1.0,0.84,1.26,2484
FOODS_2_327,1.9134208367514356,1.98,1.68,2.0,2438
FOODS_2_328,4.42,4.42,4.42,4.42,1114
FOODS_2_329,3.4402181967888015,3.48,1.0,4.23,2429
FOODS_2_330,3.9703877159309022,3.97,1.0,5.32,2605
FOODS_2_331,2.746497777777778,2.68,1.5,2.98,2250
FOODS_2_332,3.515293393516619,3.67,2.5,3.78,2437
FOODS_2_333,3.1664146706586824,3.24,1.5,3.34,2672
FOODS_2_334,10.63898921832884,10.98,6.88,11.54,2226
FOODS_2_335,3.516059513074842,3.67,1.5,3.78,2218
FOODS_2_336,2.543285577841452,2.5,1.0,2.88,2094
FOODS_2_337,6.280688788335848,6.28,4.97,6.48,1989
FOODS_2_338,2.934124531835206,2.97,1.44,2.97,2136
FOODS_2_339,3.458235942668137,3.47,2.0,4.25,2721
FOODS_2_340,2.9719460067491563,2.98,1.5,3.27,2667
FOODS_2_341,2.492816486751717,2.5,2.0,2.58,1019
FOODS_2_342,5.93728055783429,5.98,5.74,6.33,2438
FOODS_2_343,3.784816646065101,3.88,1.0,3.98,2427
FOODS_2_344,2.7379726027397258,2.88,1.0,2.98,2555
FOODS_2_345,8.088564778898371,7.98,3.0,8.47,1289
FOODS_2_346,2.3463291139240505,2.38,2.0,2.38,948
FOODS_2_347,1.9599637389202256,2.0,1.57,2.24,2482
FOODS_2_348,5.866057813154588,5.98,1.0,6.33,2387
FOODS_2_349,6.031986013986014,5.98,5.94,6.87,2145
FOODS_2_350,4.91058904109589,4.98,1.5,5.08,1460
FOODS_2_351,2.9731326191355745,2.98,1.18,3.27,2707
FOODS_2_352,10.680672413793104,10.98,8.88,11.54,2320
FOODS_2_353,2.782123821238212,2.82,1.5,3.0,2439
FOODS_2_354,4.951008861622358,4.98,3.98,5.08,1467
FOODS_2_355,2.5750531400966183,2.5,1.0,2.77,1035
FOODS_2_356,2.4963995485327315,2.5,1.78,2.58,2658
FOODS_2_357,1.9292428513894484,1.97,1.57,2.23,2483
FOODS_2_358,2.573268238761975,2.5,2.0,2.88,2714
FOODS_2_359,1.960068686868687,2.0,1.5,2.24,2475
FOODS_2_360,0.8188624244578742,0.88,0.58,0.98,2813
FOODS_2_361,3.8073075464543042,3.87,1.99,3.94,2637
FOODS_2_362,7.461829745596869,7.86,3.99,7.97,1022
FOODS_2_363,2.494041630529055,2.5,1.99,2.58,1153
FOODS_2_364,2.6615832649712883,2.66,1.5,2.78,2438
FOODS_2_365,10.78763157894737,10.97,7.98,10.97,874
FOODS_2_366,2.709425287356322,2.88,0.99,2.98,2175
FOODS_2_367,4.832129292929293,4.84,1.0,5.28,2475
FOODS_2_368,7.503134751773049,7.87,5.8,7.87,2820
FOODS_2_369,4.860336700336701,4.87,2.0,4.87,891
FOODS_2_370,5.032711297071129,4.97,4.46,6.78,2390
FOODS_2_371,1.9349254790631654,1.97,1.57,2.38,2818
FOODS_2_372,8.958378623188407,8.98,8.67,8.98,1104
FOODS_2_373,5.868726275832982,5.97,2.0,6.48,2371
FOODS_2_374,1.93952401010952,2.0,1.57,2.23,2374
FOODS_2_375,4.886499176276771,4.98,2.0,4.98,2428
FOODS_2_376,1.9079346601577167,1.98,1.28,2.0,2663
FOODS_2_377,2.6750705645161292,2.73,1.0,2.77,992
FOODS_2_378,3.393885135135135,3.5,1.0,3.66,2664
FOODS_2_379,6.98,6.98,6.98,6.98,530
FOODS_2_380,5.090149253731343,4.97,4.46,5.97,2747
FOODS_2_381,2.492582517228872,2.5,1.0,2.75,2757
FOODS_2_382,3.6179937912301123,3.58,2.97,5.17,2577
FOODS_2_383,1.9403206806282722,1.88,1.77,2.28,1528
FOODS_2_384,2.179139344262295,2.28,1.56,2.28,2440
FOODS_2_385,2.4490684624017955,2.38,2.0,2.62,1782
FOODS_2_386,2.7243598448108632,2.68,0.99,2.98,2062
FOODS_2_387,12.97,12.97,12.97,12.97,975
FOODS_2_388,2.972783314876338,2.98,2.46,3.27,2709
FOODS_2_389,12.568772878535775,12.97,8.99,13.98,2404
FOODS_2_390,6.933493333333333,7.16,6.12,7.16,750
FOODS_2_391,1.9741950354609927,1.98,0.99,2.14,2820
FOODS_2_392,4.98,4.98,4.98,4.98,2719
FOODS_2_393,3.918103975535168,3.98,1.49,3.98,981
FOODS_2_394,2.6872895277207394,2.78,1.5,2.97,2435
FOODS_2_395,3.9179916897506923,3.97,2.98,4.46,1444
FOODS_2_396,2.9442971887550202,2.98,1.78,3.23,2241
FOODS_2_397,2.973592072667217,2.94,1.0,3.28,2422
FOODS_2_398,2.353793281653747,2.36,1.5,2.54,1935
FOODS_2_399,1.9727364864864865,1.98,0.88,2.14,2664
FOODS_3_001,2.4573150183150183,2.5,0.79,2.5,2730
FOODS_3_002,2.502899069434503,2.5,1.49,2.56,1397
FOODS_3_003,3.89505376344086,3.98,1.98,3.98,744
FOODS_3_004,5.089412866958151,4.98,4.27,5.98,1601
FOODS_3_005,2.0801173541963016,1.98,0.99,2.28,2812
FOODS_3_006,7.880000000000001,7.88,7.88,7.88,1054
FOODS_3_007,0.20144685389264133,0.2,0.05,0.25,2813
FOODS_3_008,0.7605988023952096,0.79,0.44,0.79,1670
FOODS_3_009,2.274459893048128,2.28,0.99,2.28,935
FOODS_3_010,2.799793438639125,2.78,1.69,2.84,1646
FOODS_3_011,1.9457173371306513,1.98,1.88,2.98,2809
FOODS_3_012,2.2666402592725965,2.28,0.88,2.88,2777
FOODS_3_013,2.5148902546093064,2.58,0.88,2.58,2278
FOODS_3_014,1.9824822695035462,1.98,1.76,2.18,2820
FOODS_3_015,1.7315478323181654,1.78,1.0,1.78,2791
FOODS_3_016,2.9783429991715,2.98,1.98,2.98,1207
FOODS_3_017,2.0228115015974444,1.98,1.88,2.08,2817
FOODS_3_018,4.495474178403756,4.5,3.27,4.54,1065
FOODS_3_019,1.9481591492482582,1.98,0.5,1.98,2727
FOODS_3_020,1.047432624113475,1.0,0.05,1.38,2820
FOODS_3_021,2.234156127344091,2.28,0.98,2.48,2293
FOODS_3_022,1.98,1.98,1.98,1.98,1446
FOODS_3_023,3.949738297088094,3.98,3.78,3.98,2713
FOODS_3_024,0.9838487115544472,1.0,0.83,1.0,1203
FOODS_3_025,2.8557782754759238,2.88,2.67,2.88,2679
FOODS_3_026,1.9798742632612965,1.98,1.66,1.98,2545
FOODS_3_027,2.273809714973906,2.38,0.5,2.38,2491
FOODS_3_028,3.802777574203005,3.88,1.0,3.88,2729
FOODS_3_029,1.3730353817504655,1.38,0.99,1.6,2685
FOODS_3_030,1.2755685856432124,1.28,0.88,1.48,2814
FOODS_3_031,4.568794871794871,4.68,1.5,4.68,2340
FOODS_3_032,2.9781403118040086,2.98,1.98,2.98,1796
FOODS_3_033,2.498413957176844,2.5,1.5,2.5,1261
FOODS_3_034,2.5061336032388666,2.5,1.99,2.56,1482
FOODS_3_035,3.872376126126126,3.88,2.5,4.18,2664
FOODS_3_036,2.870523690773067,2.88,2.5,2.88,1604
FOODS_3_037,2.4938141470180306,2.5,1.5,2.56,2163
FOODS_3_038,4.9779702300405955,4.98,4.48,4.98,739
FOODS_3_039,4.034896250455042,3.98,2.98,4.28,2747
FOODS_3_040,2.4948622139187298,2.5,1.0,2.56,2141
FOODS_3_041,2.9644420226678294,2.98,0.99,2.98,2294
FOODS_3_042,1.601981981981982,1.58,1.48,1.68,2775
FOODS_3_043,2.4931569425599274,2.5,0.99,2.56,2211
FOODS_3_044,2.8781240310077516,2.88,2.5,2.88,1290
FOODS_3_045,3.978802419354839,3.98,1.99,3.98,2480
FOODS_3_046,1.9739675901725038,1.98,1.0,1.98,1913
FOODS_3_047,1.0,1.0,1.0,1.0,740
FOODS_3_048,1.501289437585734,1.5,0.89,2.0,2187
FOODS_3_049,4.678612081877184,4.68,2.48,4.74,2003
FOODS_3_050,2.109279279279279,2.18,1.48,2.28,2664
FOODS_3_051,1.9799999999999998,1.98,1.98,1.98,1439
FOODS_3_053,3.9791703892788766,3.98,2.68,3.98,1567
FOODS_3_054,2.024773457010346,2.18,1.48,2.18,2803
FOODS_3_055,3.2592424242424243,3.48,0.98,3.48,2244
FOODS_3_056,1.80958126330731,1.74,1.74,1.98,2818
FOODS_3_057,2.81066691367173,2.88,1.19,2.98,2699
FOODS_3_058,1.98,1.98,1.98,1.98,1456
FOODS_3_059,2.1330033124769967,2.24,1.0,2.28,2717
FOODS_3_060,2.964515491100857,2.98,0.89,2.98,1517
FOODS_3_061,2.9649608938547485,2.98,1.48,2.98,1790
FOODS_3_062,2.830553080920564,2.88,1.88,2.94,2694
FOODS_3_063,2.401563432835821,2.48,1.88,2.68,2680
FOODS_3_064,1.081986111111111,1.08,0.67,1.48,2160
FOODS_3_065,3.628457142857143,3.68,2.98,3.98,2625
FOODS_3_066,2.995450874831763,2.98,2.5,3.28,2229
FOODS_3_067,3.9466548295454547,3.98,3.78,3.98,2816
FOODS_3_068,2.3883778767631774,2.5,0.99,2.98,2694
FOODS_3_069,2.9677340957827023,2.97,1.0,2.98,2798
FOODS_3_070,0.20329470198675498,0.2,0.05,0.25,1812
FOODS_3_071,1.3391397849462368,1.34,0.98,1.34,1674
FOODS_3_072,2.494486571879937,2.5,0.87,2.84,1266
FOODS_3_073,2.939481481481481,2.98,2.5,3.28,1350
FOODS_3_074,4.2786635676932026,4.48,3.98,4.48,1721
FOODS_3_075,2.87535390199637,2.88,1.5,2.88,1653
FOODS_3_076,1.0924107142857142,1.0,0.79,1.48,2352
FOODS_3_077,2.7567979576951127,2.88,1.25,2.88,1371
FOODS_3_078,2.9311116012351124,2.97,1.5,2.97,2267
FOODS_3_079,5.979817784256561,5.98,4.98,6.48,2744
FOODS_3_080,1.595886524822695,1.58,1.48,1.68,2820
FOODS_3_081,4.604495511669659,4.68,2.99,4.74,2785
FOODS_3_082,1.9823959094229364,1.98,1.0,2.18,2738
FOODS_3_083,18.796832210003547,18.98,5.0,19.48,2819
FOODS_3_084,1.9577692307692307,1.98,0.98,1.98,1300
FOODS_3_085,2.98,2.98,2.98,2.98,1122
FOODS_3_086,1.0908362235067437,1.0,1.0,1.48,2595
FOODS_3_087,2.5059149722735676,2.5,2.5,2.56,1623
FOODS_3_088,2.7780631399317404,2.78,1.49,2.78,1172
FOODS_3_089,0.9998519321054533,1.0,0.59,1.0,2769
FOODS_3_090,1.3645212765957446,1.38,0.99,1.6,2820
FOODS_3_091,6.070304810870365,5.98,3.98,6.48,2723
FOODS_3_092,3.688338278931751,3.68,1.67,3.98,2696
FOODS_3_093,2.1122773393461105,2.18,1.88,2.28,2661
FOODS_3_094,2.9783296213808463,2.98,1.98,2.98,1796
FOODS_3_095,5.18095305832148,4.98,1.5,5.64,2812
FOODS_3_096,4.266697382970881,4.28,1.99,4.68,2713
FOODS_3_097,2.016474407944996,2.0,1.39,2.24,2618
FOODS_3_098,4.271211445559271,4.28,1.49,4.68,2691
FOODS_3_099,2.4972811387900355,2.5,1.98,2.56,2810
FOODS_3_100,3.9799999999999995,3.98,3.98,3.98,2072
FOODS_3_101,0.9997279179810725,1.0,0.77,1.0,2536
FOODS_3_102,1.9827858924118278,1.98,1.0,2.18,2807
FOODS_3_103,3.2553551136363637,3.28,2.78,3.38,2816
FOODS_3_104,3.0147383444338725,2.98,1.5,3.48,2102
FOODS_3_105,2.879409479409479,2.88,2.5,2.88,1287
FOODS_3_106,1.0,1.0,1.0,1.0,1537
FOODS_3_107,2.5104506742370476,2.48,0.99,2.68,2818
FOODS_3_108,0.9999096622152396,1.0,0.77,1.0,2546
FOODS_3_109,0.9999574468085107,1.0,0.88,1.0,2820
FOODS_3_110,10.45819209039548,9.78,4.5,11.98,1416
FOODS_3_111,4.98,4.98,4.98,4.98,1044
FOODS_3_112,2.979281553398058,2.98,1.5,2.98,2060
FOODS_3_113,1.1490347764371895,1.14,0.98,1.5,2818
FOODS_3_114,2.5583549783549784,2.68,1.88,2.68,1848
FOODS_3_115,4.267503546099291,4.28,2.0,4.68,2820
FOODS_3_116,1.155253996447602,1.18,1.0,1.18,2815
FOODS_3_117,2.1333404255319146,2.24,1.88,2.28,2820
FOODS_3_118,1.1549059950336997,1.18,1.0,1.18,2819
FOODS_3_119,4.28,4.28,4.28,4.28,735
FOODS_3_120,4.978137122237258,4.98,3.33,4.98,2217
FOODS_3_121,2.97839653304442,2.98,1.98,2.98,1846
FOODS_3_122,2.4968483412322278,2.5,0.01,2.5,1266
FOODS_3_123,2.535794326241135,2.68,1.88,2.68,2820
FOODS_3_124,5.322572953736655,5.44,4.44,5.98,2810
FOODS_3_125,4.98,4.98,4.98,4.98,924
FOODS_3_126,3.5391796875,3.48,2.78,3.78,2560
FOODS_3_127,3.5223443223443223,3.48,2.98,3.78,2730
FOODS_3_128,2.9857603517772078,2.98,2.5,3.28,2729
FOODS_3_129,2.5477083333333335,2.48,1.29,2.68,1584
FOODS_3_130,2.5436486486486487,2.48,0.99,2.68,2368
FOODS_3_131,0.9998186119873816,1.0,0.77,1.0,2536
FOODS_3_132,2.6493707543796927,2.68,0.5,2.78,2797
FOODS_3_133,0.8161972330613694,0.8,0.38,0.88,2819
FOODS_3_134,6.737781324820431,6.98,5.98,6.98,1253
FOODS_3_135,1.4067631774313287,1.48,0.82,1.48,1347
FOODS_3_136,4.2751063829787235,4.28,2.2,4.68,2820
FOODS_3_137,2.507716405605936,2.5,2.5,2.56,1213
FOODS_3_138,1.9799999999999998,1.98,1.98,1.98,2228
FOODS_3_139,4.951351246105919,4.98,2.0,4.98,2568
FOODS_3_140,3.0113079255088784,3.0,1.5,3.58,2309
FOODS_3_141,2.796600355239787,2.88,1.5,2.98,2815
FOODS_3_142,4.023301326017376,3.98,1.0,4.48,2187
FOODS_3_143,2.4774257425742574,2.5,1.0,2.56,1515
FOODS_3_144,1.9029743223965763,1.88,1.5,1.98,2804
FOODS_3_145,2.836582995951417,2.78,1.0,2.98,2470
FOODS_3_146,5.30367396593674,5.44,1.68,5.98,2466
FOODS_3_147,3.4811893870082344,3.58,2.98,3.58,1093
FOODS_3_148,1.0492659574468084,1.0,0.49,1.38,2820
FOODS_3_149,2.465010931351115,2.5,0.88,2.5,2287
FOODS_3_150,2.1310425531914894,2.24,1.88,2.28,2820
FOODS_3_151,2.7269829972321076,2.78,1.25,2.78,2529
FOODS_3_152,2.5995907473309607,2.68,1.98,2.88,1124
FOODS_3_153,1.8030320489737124,1.74,1.74,1.98,2777
FOODS_3_154,2.98,2.98,2.98,2.98,2812
FOODS_3_155,1.9826507313592578,1.98,0.99,2.18,2803
FOODS_3_156,3.8726651651651656,3.88,2.49,4.18,2664
FOODS_3_157,3.054657276995305,2.98,1.67,3.32,1065
FOODS_3_158,6.074644522144522,5.98,2.5,6.24,1716
FOODS_3_159,2.956768916155419,2.98,0.79,2.98,1956
FOODS_3_160,2.531216312056738,2.68,1.0,2.68,2820
FOODS_3_161,1.997960923623446,1.98,0.1,2.08,2815
FOODS_3_162,1.9792196209587514,1.98,1.76,2.18,2691
FOODS_3_163,2.01513621503814,2.0,1.0,2.24,2753
FOODS_3_164,2.8029258517034066,2.88,2.48,2.94,998
FOODS_3_165,3.492708590217838,3.38,2.38,3.87,2433
FOODS_3_166,1.0,1.0,1.0,1.0,741
FOODS_3_167,1.9800000000000002,1.98,1.98,1.98,1485
FOODS_3_168,3.7512697828487305,3.65,2.0,3.96,2717
FOODS_3_169,3.9797812215132176,3.98,3.5,3.98,2194
FOODS_3_170,1.978977194194886,1.98,0.5,1.98,1447
FOODS_3_171,2.4781592920353983,2.48,1.68,2.48,1130
FOODS_3_172,1.78,1.78,1.78,1.78,749
FOODS_3_173,11.234078611536498,10.98,7.0,13.98,1959
FOODS_3_174,5.994752155172414,5.98,1.39,6.48,2784
FOODS_3_175,7.2468541820873424,7.48,3.0,7.48,2702
FOODS_3_176,1.4511681582666038,1.5,0.99,1.64,2123
FOODS_3_177,2.805539707016191,2.88,0.75,2.98,2594
FOODS_3_178,1.9449372723593685,1.98,1.52,2.37,2471
FOODS_3_179,4.360052009456265,3.98,1.5,4.98,2115
FOODS_3_180,2.9371253602305476,2.98,1.99,2.98,1388
FOODS_3_181,2.98,2.98,2.98,2.98,1911
FOODS_3_182,1.9776906628652886,1.98,1.0,2.18,2806
FOODS_3_183,3.0011135857461024,2.98,2.98,3.28,2694
FOODS_3_184,3.0721808510638295,2.98,1.48,3.43,2820
FOODS_3_185,2.315192724122997,2.28,0.99,2.48,2309
FOODS_3_186,2.2761938278289113,2.28,0.75,2.28,1847
FOODS_3_187,2.443985815602837,2.5,0.88,2.5,2820
FOODS_3_188,1.9799245567710297,1.98,1.88,1.98,2651
FOODS_3_189,2.503441890166028,2.5,1.5,2.56,1566
FOODS_3_190,1.0,1.0,1.0,1.0,1242
FOODS_3_191,1.0,1.0,1.0,1.0,2803
FOODS_3_192,5.559992684711046,5.48,5.48,5.93,1367
FOODS_3_193,2.431607920792079,2.5,1.25,2.5,2525
FOODS_3_194,2.9518629550321194,2.98,1.25,2.98,2802
FOODS_3_195,2.650743145743146,2.68,2.0,2.78,2772
FOODS_3_196,4.472020703933747,4.48,1.5,4.98,2415
FOODS_3_197,1.9744856396866841,1.98,1.76,1.98,1915
FOODS_3_198,5.896559270516717,5.94,4.98,6.44,1645
FOODS_3_199,2.4699404540379604,2.5,1.0,2.56,2687
FOODS_3_200,2.1549941474834178,2.0,0.75,2.38,2563
FOODS_3_201,2.495210263720599,2.5,1.98,2.56,2806
FOODS_3_202,4.260904255319149,4.28,2.0,4.68,2820
FOODS_3_203,4.4878723404255325,4.48,3.98,4.98,2820
FOODS_3_204,2.4764742917103884,2.48,2.0,2.48,1906
FOODS_3_205,1.1380997624703089,1.18,0.98,1.28,1263
FOODS_3_206,2.5146643264589734,2.58,2.0,2.58,2279
FOODS_3_207,1.9817659574468085,1.98,1.0,2.18,2820
FOODS_3_208,4.841409214092141,4.88,4.68,4.88,1845
FOODS_3_209,3.98,3.98,3.98,3.98,1024
FOODS_3_210,2.0576788990825685,1.98,1.0,2.18,2180
FOODS_3_211,4.425211830535572,4.58,1.5,5.28,2502
FOODS_3_212,2.9492198581560283,2.98,2.78,2.98,2820
FOODS_3_213,2.1948805704099823,2.24,1.0,2.5,2805
FOODS_3_214,1.045631205673759,1.0,0.33,1.38,2820
FOODS_3_215,1.0447551169590643,0.98,0.75,1.24,2736
FOODS_3_216,2.4951671868033882,2.5,1.5,2.56,2243
FOODS_3_217,2.9560212765957443,2.98,1.98,2.98,2820
FOODS_3_218,1.9936481033091205,2.0,0.5,2.0,1239
FOODS_3_219,1.3153120567375887,1.38,0.77,1.48,2820
FOODS_3_220,3.2070054730258017,3.28,1.0,3.28,1279
FOODS_3_221,4.979058380414313,4.98,3.98,4.98,1062
FOODS_3_222,4.152735073292814,3.98,1.5,4.54,2797
FOODS_3_223,1.98,1.98,1.98,1.98,2340
FOODS_3_224,3.89345390070922,3.98,2.5,4.48,2820
FOODS_3_225,1.9800996015936256,1.98,1.5,3.0,2510
FOODS_3_226,1.6058865248226952,1.58,1.48,1.68,2820
FOODS_3_227,2.59636170212766,2.68,2.0,2.72,2820
FOODS_3_228,1.5959219858156029,1.58,1.48,1.68,2820
FOODS_3_229,3.6392117465224105,3.78,2.5,3.78,1294
FOODS_3_230,3.5541361668634393,3.48,3.26,3.78,2541
FOODS_3_231,5.32445390070922,5.48,4.68,5.98,2820
FOODS_3_232,3.0397748729121283,3.0,1.99,3.68,2754
FOODS_3_233,2.4937141183362628,2.5,1.75,2.56,1707
FOODS_3_234,0.2017431519032373,0.2,0.05,0.25,2811
FOODS_3_235,1.810945054945055,1.74,1.74,1.98,2730
FOODS_3_236,2.4935500000000004,2.5,1.98,2.56,1800
FOODS_3_237,0.9994341801385681,1.0,0.5,1.0,1732
FOODS_3_238,3.6145714285714288,3.68,3.18,3.75,2730
FOODS_3_239,1.887697228144989,1.98,0.5,1.98,2814
FOODS_3_240,0.9993492155723417,1.0,0.5,1.0,1721
FOODS_3_241,2.7917981186685963,2.78,1.0,2.98,2764
FOODS_3_242,9.628376694759986,9.88,0.05,9.88,2729
FOODS_3_243,1.5105440967283075,1.58,1.0,1.58,2812
FOODS_3_244,9.627663242846662,9.88,4.98,9.88,2726
FOODS_3_245,2.2407304347826087,2.28,0.98,2.48,2300
FOODS_3_246,1.9490839135214364,1.98,0.79,1.98,2729
FOODS_3_247,4.895267857142857,4.88,4.88,4.94,1568
FOODS_3_248,1.9647634763476347,1.98,0.79,1.98,2727
FOODS_3_249,2.562326241134752,2.5,1.67,3.18,2820
FOODS_3_250,3.906625625240477,3.88,3.88,3.98,2599
FOODS_3_251,2.976579448144624,2.98,0.5,2.98,2102
FOODS_3_252,1.520354609929078,1.48,1.48,1.58,2820
FOODS_3_253,1.9799999999999998,1.98,1.98,1.98,1637
FOODS_3_254,1.74,1.74,1.74,1.74,743
FOODS_3_255,3.98,3.98,3.98,3.98,698
FOODS_3_256,2.552738898756661,2.58,2.38,2.58,2815
FOODS_3_257,3.909389638041164,3.98,2.5,4.48,2818
FOODS_3_258,1.6099413243922884,1.72,1.34,1.78,2386
FOODS_3_259,1.6101343408900084,1.72,1.34,1.78,2382
FOODS_3_260,1.9693943298969072,1.97,1.5,1.97,776
FOODS_3_261,4.433067597354887,4.48,1.5,4.48,2722
FOODS_3_262,6.545468599033817,6.54,6.5,6.72,1035
FOODS_3_263,2.725954372623574,2.78,1.25,2.78,2630
FOODS_3_264,3.8985120093731696,3.88,3.28,3.98,1707
FOODS_3_265,3.946796875,3.98,3.78,3.98,2816
FOODS_3_266,3.7800578034682077,3.88,1.0,3.88,2768
FOODS_3_267,2.0819103521878337,1.98,1.25,2.28,2811
FOODS_3_268,2.1829739776951675,2.18,2.08,2.28,2152
FOODS_3_269,2.970492907801418,2.98,1.5,3.28,2820
FOODS_3_270,2.9788743253662298,2.98,2.0,2.98,1297
FOODS_3_271,4.510157624633432,4.48,2.99,5.28,2728
FOODS_3_272,9.593560182833926,9.78,8.78,13.68,1969
FOODS_3_273,2.0172685539403217,2.0,1.78,2.24,2614
FOODS_3_274,1.3752377495462793,1.44,0.79,1.6,2755
FOODS_3_275,2.4590672782874616,2.5,1.0,2.56,1308
FOODS_3_276,4.504785478547856,4.48,2.99,5.28,2727
FOODS_3_277,1.9254841334418227,1.98,1.78,1.98,1229
FOODS_3_278,0.998989218328841,1.0,0.25,1.0,742
FOODS_3_279,2.8031645569620256,2.88,1.5,2.98,2686
FOODS_3_280,4.273620550161813,4.28,1.99,5.48,2472
FOODS_3_281,1.2142872378243867,1.25,0.59,1.38,2813
FOODS_3_282,2.505997375328084,2.5,1.98,2.56,1524
FOODS_3_283,2.802943803498325,2.88,0.99,2.98,2687
FOODS_3_284,1.9793264604810996,1.98,1.0,1.98,1455
FOODS_3_285,1.2129399217916814,1.25,0.77,1.38,2813
FOODS_3_286,3.93981559738763,3.98,2.5,3.98,2603
FOODS_3_287,6.306305147058824,6.48,2.5,7.48,2720
FOODS_3_288,1.489099715099715,1.5,0.99,1.5,1755
FOODS_3_289,2.7988920454545454,2.88,1.0,2.98,2816
FOODS_3_290,1.0,1.0,1.0,1.0,2809
FOODS_3_291,2.68851976137211,2.78,1.99,2.78,2682
FOODS_3_292,3.5050428816466552,3.5,3.5,3.56,1749
FOODS_3_293,1.9769310600444774,1.98,1.76,2.18,2698
FOODS_3_294,2.4779737827715356,2.48,1.5,2.48,2670
FOODS_3_295,0.815290780141844,0.8,0.38,0.88,2820
FOODS_3_296,1.777010135135135,2.0,0.25,2.0,592
FOODS_3_297,2.875859564164649,2.88,2.5,2.88,1652
FOODS_3_298,18.801933309684287,18.98,17.88,19.48,2819
FOODS_3_299,1.4884839816933637,1.5,0.99,1.5,1748
FOODS_3_300,3.989252473433492,3.98,1.5,4.53,2729
FOODS_3_301,1.962088809946714,1.98,0.79,1.98,2815
FOODS_3_302,1.4958100558659218,1.5,0.33,1.5,2327
FOODS_3_303,2.9799920697858844,2.98,2.97,2.98,2522
FOODS_3_304,4.332925531914894,4.48,3.48,4.48,2820
FOODS_3_305,3.537659574468085,2.98,2.98,4.68,2820
FOODS_3_306,1.5584538258575198,1.58,0.1,1.68,1895
FOODS_3_307,3.9901877934272303,3.98,2.98,4.28,2130
FOODS_3_308,4.93417855686914,4.98,4.48,4.98,2453
FOODS_3_309,1.98,1.98,1.98,1.98,2571
FOODS_3_310,0.999861714737258,1.0,0.77,1.0,2531
FOODS_3_311,2.947560283687943,2.98,2.5,2.98,2820
FOODS_3_312,2.87748643761302,2.88,0.99,2.88,1659
FOODS_3_313,1.8818841107871718,1.88,0.99,1.97,2744
FOODS_3_314,2.531543745480839,2.68,2.0,2.68,2766
FOODS_3_315,1.7803883495145632,1.74,1.74,1.98,2163
FOODS_3_316,2.494904021937843,2.5,1.49,2.56,2188
FOODS_3_317,1.047163120567376,1.0,0.5,1.38,2820
FOODS_3_318,1.3206276595744681,1.38,1.0,1.48,2820
FOODS_3_319,0.9793499111900532,1.0,0.64,1.18,2815
FOODS_3_320,2.0292201039861353,1.98,1.98,2.18,2308
FOODS_3_321,1.4017363896848138,1.48,0.79,1.48,1745
FOODS_3_322,2.4973310999441654,2.5,1.49,2.56,1791
FOODS_3_323,2.4757299843014127,2.48,2.0,2.48,1911
FOODS_3_324,3.1026530612244896,3.0,2.0,3.98,2548
FOODS_3_325,2.495647855530474,2.5,1.49,2.56,2215
FOODS_3_326,1.317790780141844,1.38,0.88,1.48,2820
FOODS_3_327,3.173927173061864,3.18,1.97,3.28,2554
FOODS_3_328,3.7825247706422016,3.88,1.5,3.88,2725
FOODS_3_329,2.9657466307277627,2.98,1.98,2.98,1855
FOODS_3_330,3.9932746607994134,3.98,3.74,4.53,2727
FOODS_3_331,1.5108581560283687,1.58,0.99,1.58,2820
FOODS_3_332,1.9800000000000002,1.98,1.98,1.98,2466
FOODS_3_333,1.9800000000000002,1.98,1.98,1.98,1158
FOODS_3_334,2.788319027181688,2.78,0.99,2.98,2796
FOODS_3_335,2.2126470588235296,2.18,0.98,2.48,1904
FOODS_3_336,2.532216312056738,2.68,1.97,2.68,2820
FOODS_3_337,3.978422174840085,3.98,2.5,3.98,938
FOODS_3_338,3.6781487603305787,3.68,2.56,3.68,1210
FOODS_3_339,0.8157056737588653,0.8,0.49,0.88,2820
FOODS_3_340,3.0733764135702746,2.98,2.98,3.32,1238
FOODS_3_341,3.9324297520661156,3.98,2.49,3.98,2420
FOODS_3_342,1.2179074733096085,1.25,0.79,1.38,2810
FOODS_3_343,3.4835996771589994,3.38,2.72,3.87,2478
FOODS_3_344,2.0529979035639414,2.0,2.0,2.24,1431
FOODS_3_345,2.5209368346344925,2.68,1.79,2.68,2818
FOODS_3_346,1.9800000000000002,1.98,1.98,1.98,2820
FOODS_3_347,2.1354905458437385,2.24,1.77,2.28,2803
FOODS_3_348,0.8150762681802058,0.8,0.38,0.88,2819
FOODS_3_349,1.574984076433121,1.58,1.38,1.68,2512
FOODS_3_350,3.4937071362372567,3.58,2.98,3.58,1079
FOODS_3_351,1.0442163120567376,1.0,0.5,1.38,2820
FOODS_3_352,4.090667412378822,3.98,1.0,4.38,2682
FOODS_3_353,8.94217261904762,8.98,3.0,8.98,672
FOODS_3_354,2.9675233644859818,2.98,0.99,2.98,1498
FOODS_3_355,1.0485992907801418,1.0,0.5,1.38,2820
FOODS_3_356,2.9931290092658585,2.98,2.98,3.28,2806
FOODS_3_357,4.073581081081081,3.98,1.88,4.38,2812
FOODS_3_358,2.871916312916919,2.88,1.67,2.88,1649
FOODS_3_359,2.779236058059587,2.78,1.78,2.78,1309
FOODS_3_360,2.198865096359743,2.24,1.19,2.5,2802
FOODS_3_361,1.9792831105710815,1.98,1.29,1.98,1646
FOODS_3_362,2.4936393088552915,2.5,1.78,2.56,1852
FOODS_3_363,2.4535501653803746,2.48,0.99,2.77,2721
FOODS_3_364,2.7763474025974024,2.78,2.48,2.78,1232
FOODS_3_365,4.286116666666667,4.28,1.09,5.24,2400
FOODS_3_366,1.74,1.74,1.74,1.74,753
FOODS_3_367,2.651881656804734,2.68,1.99,2.68,2535
FOODS_3_368,5.977515086971956,5.98,4.98,6.48,2817
FOODS_3_369,3.9451773049645387,3.98,3.78,3.98,2820
FOODS_3_370,6.800412168792935,6.98,5.98,6.98,1019
FOODS_3_371,2.5006911636045492,2.5,1.0,2.84,1143
FOODS_3_372,3.28,3.28,3.28,3.28,1114
FOODS_3_373,1.8167840626111702,1.74,1.74,1.98,2811
FOODS_3_374,2.408320610687023,2.5,0.99,2.98,2358
FOODS_3_375,1.8042632759910249,1.74,1.74,1.98,2674
FOODS_3_376,1.0,1.0,1.0,1.0,2817
FOODS_3_377,1.5940780141843973,1.58,1.38,1.68,2820
FOODS_3_378,4.615837815473728,4.68,1.98,4.68,2417
FOODS_3_379,2.1914238410596028,1.98,1.74,2.48,2114
FOODS_3_380,1.9915015974440895,1.98,1.88,2.08,2817
FOODS_3_381,2.941804347826087,2.98,1.67,2.98,1840
FOODS_3_382,1.925691056910569,1.98,1.78,1.98,1230
FOODS_3_383,1.2710842516885887,1.28,0.84,1.48,2813
FOODS_3_384,2.9668896321070233,2.98,0.98,2.98,2093
FOODS_3_385,2.976806842480399,2.98,1.0,2.98,2806
FOODS_3_386,2.495593451568895,2.5,1.0,2.56,2199
FOODS_3_387,2.5931382978723407,2.68,0.99,3.18,2820
FOODS_3_388,4.093631205673758,3.98,1.0,4.38,2820
FOODS_3_389,1.5951960784313726,1.58,1.48,1.68,2652
FOODS_3_390,1.7709407665505226,1.78,1.68,1.78,1148
FOODS_3_391,2.7917773279352227,2.78,1.0,2.98,2470
FOODS_3_392,3.8685551601423485,3.88,0.5,3.98,2810
FOODS_3_393,3.504965986394558,3.5,3.5,3.56,1764
FOODS_3_394,2.8022423596304193,2.88,1.0,2.98,2814
FOODS_3_395,3.9579390154298313,3.98,1.99,3.98,2722
FOODS_3_396,10.556919113858836,10.84,7.98,11.48,1941
FOODS_3_397,1.987428774928775,1.98,0.99,2.08,2808
FOODS_3_398,6.016368794326241,5.98,4.88,6.48,2820
FOODS_3_399,3.504923076923077,3.5,3.5,3.56,1755
FOODS_3_400,2.9611524822695037,2.98,1.99,2.98,2820
FOODS_3_401,1.9799249249249247,1.98,1.88,1.98,2664
FOODS_3_402,5.5114117647058825,4.98,3.54,6.48,2210
FOODS_3_403,1.4881439177612792,1.5,0.8,1.5,1751
FOODS_3_404,0.9761365313653136,1.0,0.49,1.18,2710
FOODS_3_405,3.8072898190847817,3.98,1.99,3.98,2819
FOODS_3_406,0.8145106382978724,0.8,0.38,0.88,2820
FOODS_3_407,2.9846382978723405,2.98,2.92,3.32,2820
FOODS_3_408,2.9642359630419333,2.98,1.5,3.17,2814
FOODS_3_409,2.7717984934086624,2.78,0.25,2.78,1062
FOODS_3_410,2.6480968096809683,2.68,0.02,2.78,2727
FOODS_3_411,2.979984973703982,2.98,2.97,2.98,2662
FOODS_3_412,0.20217359855334538,0.2,0.05,0.25,2765
FOODS_3_413,0.9993383221740844,1.0,0.01,1.0,2539
FOODS_3_414,5.0703187613843355,5.18,2.5,5.18,2196
FOODS_3_415,2.4983039399624762,2.5,1.49,2.98,2665
FOODS_3_416,2.667824267782427,2.68,2.5,2.68,1434
FOODS_3_417,4.498315585672798,4.5,3.14,4.54,1033
FOODS_3_418,3.978534031413613,3.98,1.78,3.98,2483
FOODS_3_419,2.7785744680851066,2.88,1.5,2.88,940
FOODS_3_420,8.3650824964132,8.48,4.99,8.48,2788
FOODS_3_421,2.48,2.48,2.48,2.48,1880
FOODS_3_422,2.133756651294785,2.24,1.0,2.28,2819
FOODS_3_423,2.9657802964254576,2.98,1.0,2.98,2294
FOODS_3_424,3.798921220723918,3.88,2.5,3.88,2818
FOODS_3_425,2.4773948220064725,2.48,0.1,2.48,1854
FOODS_3_426,2.967146829810901,2.98,1.48,2.98,1798
FOODS_3_427,2.47688241639698,2.48,1.5,2.48,1854
FOODS_3_428,2.028205582631812,1.98,1.98,2.18,2257
FOODS_3_429,5.979916874480466,5.98,5.88,5.98,1203
FOODS_3_430,5.971596277738009,5.98,2.0,5.98,1397
FOODS_3_431,0.9997795275590552,1.0,0.77,1.0,2540
FOODS_3_432,3.8963652482269504,3.98,2.0,4.48,2820
FOODS_3_433,0.999724734565474,1.0,0.77,1.0,2543
FOODS_3_434,2.831495395948435,2.88,2.0,2.88,2715
FOODS_3_435,1.3201631205673758,1.38,0.83,1.48,2820
FOODS_3_436,2.471416666666667,2.5,0.99,2.5,960
FOODS_3_437,1.0,1.0,1.0,1.0,1484
FOODS_3_438,0.999952305246423,1.0,0.88,1.0,2516
FOODS_3_439,2.9747262647262644,2.98,1.67,2.98,1443
FOODS_3_440,4.699664147774979,4.88,3.5,5.22,1191
FOODS_3_441,6.602231111111111,6.48,4.99,6.98,2250
FOODS_3_442,2.4772499999999997,2.48,2.0,2.48,1920
FOODS_3_443,2.482869924294563,2.5,0.79,2.5,1453
FOODS_3_444,6.614457777777778,6.48,4.0,6.98,2250
FOODS_3_445,2.475788100208768,2.48,0.79,2.48,1916
FOODS_3_446,1.155126110124334,1.18,1.0,1.18,2815
FOODS_3_447,1.809005424954792,1.74,1.74,1.98,2765
FOODS_3_448,3.0952238805970147,3.0,0.4,3.98,2546
FOODS_3_449,1.98,1.98,1.98,1.98,2813
FOODS_3_450,3.0412813067150632,3.0,2.49,3.68,2755
FOODS_3_451,1.464972927946689,1.48,1.0,1.48,2401
FOODS_3_452,4.971552397868562,4.98,2.0,5.26,2815
FOODS_3_453,2.804136460554371,2.88,0.99,2.98,2345
FOODS_3_454,0.20147303814116616,0.2,0.05,0.25,2281
FOODS_3_455,2.239361888111888,2.28,0.98,2.48,2288
FOODS_3_456,3.9271723475756124,3.98,1.25,3.98,2083
FOODS_3_457,2.4595982142857142,2.5,0.79,2.5,2240
FOODS_3_458,1.9036804564907275,1.88,1.5,1.98,2804
FOODS_3_459,1.8689680957128612,1.88,1.25,1.88,2006
FOODS_3_460,1.965099290780142,1.98,0.99,1.98,2820
FOODS_3_461,1.451755319148936,1.48,0.98,1.68,2820
FOODS_3_462,1.0,1.0,1.0,1.0,2820
FOODS_3_463,6.046275631855031,5.98,2.48,6.48,2097
FOODS_3_464,3.483323782234957,3.48,2.0,3.68,2792
FOODS_3_465,1.8073855977296913,1.74,1.74,1.98,2819
FOODS_3_466,3.7570170454545457,3.78,2.0,3.78,704
FOODS_3_467,1.9592659574468085,1.98,0.79,1.98,2820
FOODS_3_468,1.1549431818181817,1.18,1.0,1.18,2816
FOODS_3_469,6.156124113475178,5.98,4.99,6.68,2820
FOODS_3_470,1.8077146912704047,1.74,0.48,1.98,2818
FOODS_3_471,2.497991967871486,2.5,1.0,2.5,1245
FOODS_3_472,1.97,1.97,1.97,1.97,734
FOODS_3_473,3.8744090056285176,3.88,3.58,4.18,2665
FOODS_3_474,1.8678935395814378,1.88,1.67,1.88,2198
FOODS_3_475,0.999822695035461,1.0,0.5,1.0,2820
FOODS_3_476,5.973758915834523,5.98,4.98,6.48,2804
FOODS_3_477,1.5934042553191488,1.58,1.38,1.68,2820
FOODS_3_478,1.806559940431869,1.74,1.0,1.98,2686
FOODS_3_479,0.9982075471698113,1.0,0.75,1.0,2650
FOODS_3_480,2.673038337513436,2.78,0.99,2.98,2791
FOODS_3_481,3.7921631205673756,3.88,1.29,3.88,2820
FOODS_3_482,2.9773835403726707,2.98,2.49,2.98,1288
FOODS_3_483,2.9485877240630094,2.98,1.99,2.98,1841
FOODS_3_484,1.990372869318182,1.98,0.99,2.08,2816
FOODS_3_485,3.81481560283688,3.98,3.48,3.98,2820
FOODS_3_486,2.7315365418894832,2.88,1.99,2.88,2805
FOODS_3_487,1.6274437627811862,1.68,1.48,1.68,1467
FOODS_3_488,4.278011272141707,4.18,1.0,4.98,2484
FOODS_3_489,1.9244537114261886,1.98,1.78,1.98,1199
FOODS_3_490,3.498931705455933,3.48,2.0,3.68,2621
FOODS_3_491,1.3608404255319149,1.38,0.99,1.6,2820
FOODS_3_492,2.975985288424313,2.98,1.98,2.98,2583
FOODS_3_493,7.249699523635031,7.48,5.98,7.48,2729
FOODS_3_494,2.9644615950018376,2.98,1.49,3.28,2721
FOODS_3_495,1.9449615540267098,1.98,1.52,2.37,2471
FOODS_3_496,3.9919609438567942,3.98,3.98,4.28,2458
FOODS_3_497,2.4502875399361024,2.5,0.88,2.5,2817
FOODS_3_498,0.201695885509839,0.2,0.02,0.25,2795
FOODS_3_499,2.5060037523452157,2.5,2.5,2.56,1599
FOODS_3_500,2.4051347708894877,2.5,0.88,2.5,742
FOODS_3_501,0.8156418439716312,0.8,0.38,0.88,2820
FOODS_3_502,2.50625814863103,2.5,2.5,2.56,1534
FOODS_3_503,2.4423529411764706,2.48,2.16,2.48,2788
FOODS_3_504,1.3064290780141845,1.38,0.77,1.48,2820
FOODS_3_505,3.473822739480752,3.48,2.0,3.62,2234
FOODS_3_506,3.9768061142397424,3.98,1.0,3.98,2486
FOODS_3_507,1.9799999999999998,1.98,1.98,1.98,1063
FOODS_3_508,1.0,1.0,1.0,1.0,2816
FOODS_3_509,1.9737077483099323,1.98,1.76,1.98,1923
FOODS_3_510,2.0554059216809932,2.0,1.0,2.28,1047
FOODS_3_511,6.478040322580646,6.48,3.99,6.98,2480
FOODS_3_512,1.9800000000000002,1.98,1.98,1.98,1056
FOODS_3_513,4.44608914450036,4.48,3.98,4.98,2782
FOODS_3_514,4.9739225016995245,4.98,2.0,4.98,1471
FOODS_3_515,2.865645933014354,2.88,2.0,2.88,1672
FOODS_3_516,3.530094994519547,3.48,2.39,3.78,2737
FOODS_3_517,2.8925857519788916,2.88,2.88,2.94,758
FOODS_3_518,2.8769974874371855,2.88,1.17,2.88,1592
FOODS_3_519,0.9989470198675497,1.0,0.25,1.0,1510
FOODS_3_520,3.973055663682367,3.98,3.82,4.16,2569
FOODS_3_521,2.5390467784642543,2.54,2.0,2.54,1133
FOODS_3_522,2.5388576709796675,2.68,1.98,2.68,2705
FOODS_3_523,1.98,1.98,1.98,1.98,1466
FOODS_3_524,0.9781224640354113,1.0,0.49,1.18,2711
FOODS_3_525,1.9953067729083667,2.0,0.99,2.0,1255
FOODS_3_526,1.97977304964539,1.98,1.66,1.98,2820
FOODS_3_527,4.977419913419913,4.98,2.99,4.98,1155
FOODS_3_528,4.971946480938417,4.98,1.99,5.26,2728
FOODS_3_529,3.9799999999999995,3.98,3.98,3.98,1049
FOODS_3_530,1.6275975975975976,1.68,1.48,1.68,1998
FOODS_3_531,2.4714989406779657,2.48,1.0,2.48,1888
FOODS_3_532,2.975309168443497,2.98,2.68,2.98,1407
FOODS_3_533,4.971695035460993,4.98,3.0,5.26,2820
FOODS_3_534,4.7888506562610855,4.88,0.5,4.88,2819
FOODS_3_535,6.153163120567377,5.98,5.98,6.68,2820
FOODS_3_536,2.7274178217821783,2.74,0.99,2.98,2525
FOODS_3_537,3.9782889079965607,3.98,1.99,3.98,2326
FOODS_3_538,1.4088480392156861,1.48,0.89,1.48,2040
FOODS_3_539,2.7173251417769375,2.78,1.0,2.98,2116
FOODS_3_540,3.024083424807903,2.98,2.5,3.28,2733
FOODS_3_541,0.979063829787234,1.0,0.64,1.18,2820
FOODS_3_542,2.4972007648183556,2.5,1.5,2.56,2615
FOODS_3_543,3.7782325244476636,3.88,1.29,3.88,2761
FOODS_3_544,2.9672686483454855,2.98,1.48,2.98,1783
FOODS_3_545,1.0,1.0,1.0,1.0,1243
FOODS_3_546,5.975742187500001,5.98,4.98,6.48,2816
FOODS_3_547,0.20133652430044185,0.2,0.05,0.25,2716
FOODS_3_548,2.5524474660074166,2.58,1.58,2.58,2427
FOODS_3_549,2.47638689048761,2.68,2.0,2.68,1251
FOODS_3_550,2.969488035614914,2.98,1.79,2.98,1797
FOODS_3_551,4.5934395647104544,4.68,2.99,4.74,2573
FOODS_3_552,1.976573839662447,1.98,0.99,1.98,1185
FOODS_3_553,2.5061114982578396,2.5,1.67,2.56,1435
FOODS_3_554,3.7739666424945613,3.88,1.88,3.88,2758
FOODS_3_555,1.595886524822695,1.58,1.48,1.68,2820
FOODS_3_556,2.480947210782478,2.5,0.75,2.88,2671
FOODS_3_557,2.4740819423368743,2.5,1.48,2.56,1318
FOODS_3_558,2.990220913107511,2.98,1.0,3.28,2716
FOODS_3_559,2.879517730496454,2.98,1.0,3.0,2820
FOODS_3_560,2.848369512783406,2.88,1.99,2.88,2073
FOODS_3_561,2.976723796967699,2.98,0.99,2.98,1517
FOODS_3_562,4.974421824104235,4.98,4.88,4.98,2456
FOODS_3_563,3.7633854907539117,3.78,2.5,3.78,703
FOODS_3_564,1.8146552949538022,1.74,1.74,1.98,2814
FOODS_3_565,2.6164194008559205,2.68,2.48,2.88,2804
FOODS_3_566,0.9996147211040828,1.0,0.33,1.0,1739
FOODS_3_567,1.8099226804123711,1.74,0.99,1.98,2716
FOODS_3_568,0.9988370754173863,1.0,0.33,1.0,1737
FOODS_3_569,4.100510638297872,3.98,1.0,4.38,2820
FOODS_3_570,1.6197229219143576,1.72,1.34,1.78,2382
FOODS_3_571,8.542188333968738,8.68,5.0,9.44,2623
FOODS_3_572,2.735361216730038,2.78,1.36,2.78,2630
FOODS_3_573,0.9999347826086957,1.0,0.88,1.0,1840
FOODS_3_574,5.977162114224903,5.98,4.98,6.48,2819
FOODS_3_575,6.550642570281124,6.54,6.5,6.72,996
FOODS_3_576,2.499205718824464,2.5,1.5,2.5,1259
FOODS_3_577,3.0722174840085286,2.98,1.48,3.43,2814
FOODS_3_578,3.08436420722135,3.0,1.0,3.98,2548
FOODS_3_579,1.9443244803695148,1.98,0.99,1.98,1732
FOODS_3_580,0.2012029520295203,0.2,0.05,0.25,2710
FOODS_3_581,3.1030574257425743,3.18,1.98,3.48,2525
FOODS_3_582,1.9738768115942027,1.98,0.61,2.18,2760
FOODS_3_583,1.4835748792270531,1.5,1.0,1.5,1242
FOODS_3_584,1.0,1.0,1.0,1.0,2701
FOODS_3_585,3.941900486344931,3.98,2.98,3.98,2673
FOODS_3_586,1.5959219858156029,1.58,1.48,1.68,2820
FOODS_3_587,2.515531914893617,2.48,1.87,2.68,2820
FOODS_3_588,3.868870408870409,3.94,3.54,3.98,1443
FOODS_3_589,1.09349855907781,1.0,0.98,1.28,1735
FOODS_3_590,2.572705673758865,2.5,1.48,3.18,2820
FOODS_3_591,2.885995016019936,2.74,1.0,3.68,2809
FOODS_3_592,7.246630513376718,7.48,5.98,7.48,2766
FOODS_3_593,6.529436674436675,6.48,1.75,6.98,2574
FOODS_3_594,0.9767582417582417,1.0,0.49,1.18,2730
FOODS_3_595,1.9793907745865973,1.98,1.88,1.98,1149
FOODS_3_596,2.8805744680851064,2.98,1.98,3.0,2820
FOODS_3_597,2.797068965517241,2.78,1.29,2.84,1624
FOODS_3_598,1.9049543795620438,1.88,1.48,1.98,2192
FOODS_3_599,1.7979841897233202,1.98,1.38,1.98,1012
FOODS_3_600,2.50214074512123,2.5,1.49,2.56,1691
FOODS_3_601,1.98,1.98,1.98,1.98,1103
FOODS_3_602,2.6055357142857143,2.68,1.99,2.68,728
FOODS_3_603,0.999171270718232,1.0,0.1,1.0,1086
FOODS_3_604,2.5057368060315284,2.5,1.77,2.56,1459
FOODS_3_605,2.5840899959823225,2.68,1.48,3.18,2489
FOODS_3_606,2.8644076969332533,2.88,2.0,2.88,1663
FOODS_3_607,2.2412478260869566,2.28,0.98,2.48,2300
FOODS_3_608,1.809548899314327,1.74,1.74,1.98,2771
FOODS_3_609,2.9752242483982254,2.98,1.19,2.98,2029
FOODS_3_610,1.9575426136363634,1.98,0.74,1.98,2816
FOODS_3_611,2.4656879432624113,2.48,1.87,2.68,2820
FOODS_3_612,4.158976923076923,3.98,3.5,4.54,2600
FOODS_3_613,2.8781986754966886,2.88,2.5,2.88,755
FOODS_3_614,0.9774349839686498,1.0,0.5,1.18,2807
FOODS_3_615,4.251982570806101,4.28,2.5,4.68,2754
FOODS_3_616,2.810661278471712,2.98,1.87,2.98,2722
FOODS_3_617,2.546486068111455,2.48,1.98,2.78,2584
FOODS_3_618,2.2165402124430957,1.98,1.98,2.56,1977
FOODS_3_619,2.830667053364269,2.88,0.99,2.98,1724
FOODS_3_620,6.574873443149859,6.48,3.5,6.98,2489
FOODS_3_621,1.5015137614678897,1.5,1.5,1.74,872
FOODS_3_622,2.551790780141844,2.58,1.5,2.58,2820
FOODS_3_623,2.965595238095238,2.98,1.5,2.98,1764
FOODS_3_624,2.4766093750000002,2.48,1.0,2.48,1920
FOODS_3_625,2.991857077833409,3.0,2.5,11.25,2197
FOODS_3_626,3.979517839922855,3.98,3.48,3.98,1037
FOODS_3_627,2.8357440476190474,2.88,1.49,2.88,2688
FOODS_3_628,3.983049645390071,3.98,3.88,4.48,2820
FOODS_3_629,5.187115384615384,4.98,1.0,5.64,2808
FOODS_3_630,2.529801418439716,2.68,1.5,2.68,2820
FOODS_3_631,3.5694250100522718,3.68,2.66,3.78,2487
FOODS_3_632,3.994137931034483,3.98,3.74,4.53,2726
FOODS_3_633,2.878214285714286,2.88,2.5,2.88,1064
FOODS_3_634,3.982804964539007,3.98,1.99,4.48,2820
FOODS_3_635,0.9785587188612099,1.0,0.49,1.18,2810
FOODS_3_636,3.505829477858559,3.5,3.5,3.56,1513
FOODS_3_637,2.9706451612903226,2.98,2.5,2.98,1798
FOODS_3_638,1.488250993753549,1.5,0.88,1.5,1761
FOODS_3_639,1.9759902597402599,1.98,0.99,1.98,1232
FOODS_3_640,1.4993294648613797,1.5,0.77,1.5,1551
FOODS_3_641,2.055410292072323,2.0,2.0,2.24,1438
FOODS_3_642,3.256737173717372,3.48,1.28,3.48,2222
FOODS_3_643,1.807802237459401,1.74,0.48,1.98,2771
FOODS_3_644,1.7305366795366797,1.68,0.67,1.98,2590
FOODS_3_645,2.3974787234042556,2.5,1.5,2.98,2820
FOODS_3_646,2.570202199361476,2.68,1.48,3.18,2819
FOODS_3_647,1.189687924016282,1.18,1.0,1.28,737
FOODS_3_648,1.0,1.0,1.0,1.0,2688
FOODS_3_649,5.78850538599641,5.94,2.0,6.44,2228
FOODS_3_650,2.97247191011236,2.98,0.99,2.98,1513
FOODS_3_651,4.325975177304964,4.18,2.49,5.22,2820
FOODS_3_652,3.9794578313253015,3.98,3.5,3.98,2656
FOODS_3_653,3.9216963292547273,3.98,1.49,3.98,1798
FOODS_3_654,1.5770249900833002,1.58,1.38,1.68,2521
FOODS_3_655,1.9813011020263063,1.98,1.0,2.18,2813
FOODS_3_656,3.4812580414581844,3.48,1.5,3.68,2798
FOODS_3_657,3.1985339013134544,3.0,2.0,3.98,2817
FOODS_3_658,2.8001521606816797,2.78,0.25,2.84,1643
FOODS_3_659,3.1304484304932734,2.98,2.98,3.78,2230
FOODS_3_660,1.4536791443850265,1.48,0.88,1.68,2805
FOODS_3_661,3.28,3.28,3.28,3.28,1131
FOODS_3_662,2.498849420849421,2.5,1.0,2.84,1295
FOODS_3_663,1.8055287437899217,1.74,1.74,1.98,2818
FOODS_3_664,2.1341488603988603,2.24,1.88,2.28,2808
FOODS_3_665,2.97887760857304,2.98,1.98,2.98,1773
FOODS_3_666,2.5331063829787235,2.68,1.49,2.68,2820
FOODS_3_667,2.022770485987939,1.98,1.75,2.08,2819
FOODS_3_668,1.6058865248226952,1.58,1.48,1.68,2820
FOODS_3_669,0.7132192374350087,0.75,0.1,0.75,2308
FOODS_3_670,1.989506917346577,1.98,0.98,2.08,2819
FOODS_3_671,2.081595744680851,1.98,1.68,2.28,2820
FOODS_3_672,2.4100747330960854,2.48,1.48,2.64,2810
FOODS_3_673,5.98,5.98,5.98,5.98,1299
FOODS_3_674,2.9783475177304966,2.98,1.98,2.98,2820
FOODS_3_675,1.9802580645161292,1.98,1.78,2.28,2325
FOODS_3_676,7.247929773226042,7.48,3.98,7.48,2734
FOODS_3_677,3.944678076609617,3.98,2.5,3.98,2454
FOODS_3_678,4.9327191194455775,4.98,3.0,4.98,2453
FOODS_3_679,3.8341295546558705,3.88,2.68,3.96,2717
FOODS_3_680,2.4962387387387386,2.5,1.49,2.56,2220
FOODS_3_681,1.1015447443181818,1.0,1.0,1.48,2816
FOODS_3_682,3.5044331065759637,3.5,2.5,3.56,1764
FOODS_3_683,2.5063534083388483,2.5,2.5,2.56,1511
FOODS_3_684,1.8906756756756755,1.88,0.5,1.98,1998
FOODS_3_685,2.4582304964539006,2.5,0.88,2.5,2820
FOODS_3_686,3.7313448149505315,3.88,1.77,3.88,2729
FOODS_3_687,2.8901177336276676,2.98,1.88,3.0,2718
FOODS_3_688,1.8705119152691967,1.88,1.78,1.88,2266
FOODS_3_689,2.8255716773070225,2.88,0.99,2.98,1723
FOODS_3_690,9.98,9.98,9.98,9.98,906
FOODS_3_691,7.48,7.48,7.48,7.48,1019
FOODS_3_692,0.8167695035460992,0.8,0.38,0.88,2820
FOODS_3_693,3.4851744186046516,3.48,2.49,3.78,1376
FOODS_3_694,1.6058510638297872,1.58,1.48,1.68,2820
FOODS_3_695,3.990722935779816,3.98,3.74,4.53,2725
FOODS_3_696,4.506900826446281,4.5,3.98,4.54,968
FOODS_3_697,3.0406826434277416,3.0,2.98,3.68,2754
FOODS_3_698,1.0,1.0,1.0,1.0,1239
FOODS_3_700,2.597741477272727,2.68,0.99,3.18,2816
FOODS_3_701,1.9931062670299728,1.98,1.98,2.24,1468
FOODS_3_702,2.9944397163120566,2.98,2.98,3.28,2820
FOODS_3_703,1.98,1.98,1.98,1.98,965
FOODS_3_704,4.252904255319149,4.28,1.49,4.68,2820
FOODS_3_705,3.8042228739002932,3.88,3.5,3.88,2728
FOODS_3_706,1.9800000000000002,1.98,1.98,1.98,1458
FOODS_3_707,1.1385408406026962,1.18,0.98,1.28,1261
FOODS_3_708,2.8559386068476975,2.78,2.48,2.98,2541
FOODS_3_709,2.2340244731475187,2.18,1.0,2.42,1471
FOODS_3_710,2.9622532467532467,2.98,0.99,2.98,1540
FOODS_3_711,0.2017678381256656,0.2,0.05,1.0,2817
FOODS_3_712,3.593817243920413,3.48,2.76,4.22,2714
FOODS_3_713,3.5842790262172284,3.48,1.51,3.78,2136
FOODS_3_714,1.5240425531914894,1.48,1.48,1.58,2820
FOODS_3_715,3.9800000000000004,3.98,3.98,3.98,2278
FOODS_3_716,1.3796379726468222,1.34,0.98,1.88,2486
FOODS_3_717,1.9799286733238233,1.98,1.88,1.98,2804
FOODS_3_718,1.3034114583333332,1.38,0.75,1.48,2688
FOODS_3_719,2.3919609582963623,2.5,1.8,2.84,2254
FOODS_3_720,4.351672504378284,4.38,1.99,4.54,1142
FOODS_3_721,1.982906227630637,1.98,1.74,2.18,2794
FOODS_3_722,2.5055029585798816,2.5,1.98,2.56,1014
FOODS_3_723,1.3745248226950355,1.38,1.0,1.6,2820
FOODS_3_724,6.512842928216062,6.48,1.99,6.88,2814
FOODS_3_725,2.832520385470719,2.88,1.66,2.88,2698
FOODS_3_726,2.4940595171252107,2.5,1.5,2.56,1781
FOODS_3_727,3.821202127659575,3.98,2.98,4.48,2820
FOODS_3_729,3.942543006731489,3.98,3.47,3.98,2674
FOODS_3_730,4.816808510638299,4.98,3.98,4.98,2820
FOODS_3_731,2.9783192329385226,2.98,1.98,2.98,1773
FOODS_3_732,2.0229290780141844,2.18,1.48,2.18,2820
FOODS_3_733,1.957734067663257,1.98,1.88,1.98,1271
FOODS_3_734,1.6329786476868329,1.68,0.98,1.78,2810
FOODS_3_735,2.0,2.0,2.0,2.0,870
FOODS_3_736,1.815596663039536,1.74,1.74,1.98,2757
FOODS_3_737,3.48,3.48,3.48,3.48,1250
FOODS_3_738,1.373177304964539,1.38,1.0,1.6,2820
FOODS_3_739,1.489509692132269,1.5,1.25,1.5,1754
FOODS_3_741,1.3247293861242282,1.25,0.5,1.58,2753
FOODS_3_742,1.2180489642184558,1.25,0.88,1.38,2655
FOODS_3_743,2.9738461538461536,2.98,2.5,2.98,780
FOODS_3_744,2.0806410256410257,1.98,1.68,2.28,2808
FOODS_3_745,2.0507930720145855,1.98,1.94,2.18,2194
FOODS_3_746,1.966127659574468,1.98,0.79,1.98,2820
FOODS_3_747,0.9992947813822285,1.0,0.5,1.0,1418
FOODS_3_748,3.90671285604311,3.88,3.88,3.98,2598
FOODS_3_749,1.815651865008881,1.74,1.74,1.98,2815
FOODS_3_750,2.268159221902017,2.28,1.97,2.88,2776
FOODS_3_751,4.9499474375821295,4.98,1.0,4.98,1522
FOODS_3_752,0.2014630681818182,0.2,0.05,0.25,2816
FOODS_3_753,5.324455128205129,5.48,3.99,5.98,2808
FOODS_3_754,6.074886429819452,5.98,2.5,6.24,1717
FOODS_3_755,1.0499539007092198,1.0,0.5,1.38,2820
FOODS_3_756,2.6151997146932953,2.68,1.5,2.88,2804
FOODS_3_757,2.5823713170039047,2.5,1.48,3.18,2817
FOODS_3_758,2.4529550511793503,2.5,0.88,2.5,2247
FOODS_3_759,2.833437967115097,2.98,1.0,2.98,1338
FOODS_3_760,2.8747334200260077,2.88,0.99,2.88,769
FOODS_3_761,1.9938277511961722,2.0,0.89,2.0,1672
FOODS_3_762,3.6131916452913155,3.68,1.5,3.68,2729
FOODS_3_763,3.582601948754962,3.48,1.99,3.78,2771
FOODS_3_764,2.969302325581395,2.98,1.98,2.98,2494
FOODS_3_765,2.8797120511908996,2.98,1.0,3.0,2813
FOODS_3_766,2.807198153409091,2.88,1.29,2.98,2816
FOODS_3_767,0.9779739035882566,1.0,0.49,1.18,2759
FOODS_3_768,1.9218624891209746,1.98,1.78,1.98,1149
FOODS_3_769,1.217689299680057,1.25,0.84,1.38,2813
FOODS_3_770,3.975777777777778,3.98,0.99,3.98,1890
FOODS_3_771,2.492888684452622,2.5,1.5,2.56,2174
FOODS_3_772,5.298849557522124,5.44,2.25,5.98,2599
FOODS_3_773,4.976577355229041,4.98,2.5,4.98,1157
FOODS_3_774,6.337202692595363,6.48,4.98,7.48,2674
FOODS_3_775,3.5832956381260095,3.48,1.25,3.78,2476
FOODS_3_776,2.9776228209191755,2.98,1.98,2.98,1262
FOODS_3_777,2.977828947368421,2.98,1.0,2.98,912
FOODS_3_778,2.0909105892047792,1.98,1.0,2.28,2427
FOODS_3_779,2.4790688705234163,2.48,0.79,2.48,1815
FOODS_3_780,2.967428571428571,2.98,1.0,2.98,945
FOODS_3_781,2.3967513069454816,2.48,1.34,2.68,2678
FOODS_3_782,2.5965957446808514,2.68,2.0,2.72,2820
FOODS_3_783,5.32156450463293,5.44,3.0,5.98,2806
FOODS_3_784,1.3012517730496453,1.38,0.33,1.52,2820
FOODS_3_785,3.0889010989010988,3.0,1.99,3.98,2548
FOODS_3_786,1.9821120228326792,1.98,1.76,2.18,2803
FOODS_3_787,2.2370980392156863,2.28,0.98,2.48,2295
FOODS_3_788,3.7694204463642906,3.88,1.99,3.88,2778
FOODS_3_789,1.4891421991940126,1.5,0.99,1.5,1737
FOODS_3_790,2.4853258246178602,2.68,1.98,2.68,1243
FOODS_3_791,2.492652771198484,2.5,1.0,2.5,2111
FOODS_3_792,1.0,1.0,1.0,1.0,2820
FOODS_3_793,2.9785283687943265,2.98,1.98,2.98,2820
FOODS_3_794,2.7993255236066736,2.88,0.99,2.98,2817
FOODS_3_795,2.975017301038062,2.98,2.68,2.98,1445
FOODS_3_796,2.9279946879150067,2.98,2.5,2.98,753
FOODS_3_797,4.00891156462585,3.98,3.48,4.38,2058
FOODS_3_798,1.98,1.98,1.98,1.98,1707
FOODS_3_799,2.1004699181203277,2.08,1.68,2.18,2809
FOODS_3_800,2.133427146419665,2.24,1.88,2.28,2807
FOODS_3_801,1.0,1.0,1.0,1.0,2391
FOODS_3_802,1.6799999999999997,1.68,1.68,1.68,2767
FOODS_3_803,0.9996836313617606,1.0,0.66,1.0,1454
FOODS_3_804,1.88,1.88,1.88,1.88,2763
FOODS_3_805,1.0,1.0,1.0,1.0,2679
FOODS_3_806,2.467915567282322,2.5,0.99,2.56,1516
FOODS_3_807,1.979886524822695,1.98,1.66,1.98,2820
FOODS_3_808,0.9809676271789399,1.0,0.66,1.18,2811
FOODS_3_809,1.0,1.0,1.0,1.0,2437
FOODS_3_810,2.4948264692272093,2.5,1.49,3.82,2161
FOODS_3_811,1.8705918727915192,1.88,1.78,1.88,2264
FOODS_3_812,2.827943262411347,2.88,1.59,2.94,2820
FOODS_3_813,4.501877934272301,4.5,3.98,4.54,1065
FOODS_3_814,1.7877037933817592,1.88,0.77,1.88,2478
FOODS_3_815,2.4740143964562566,2.48,0.79,2.48,1806
FOODS_3_816,0.20257330415754923,0.2,0.05,0.25,2285
FOODS_3_817,2.8222301136363637,2.88,1.88,2.94,2816
FOODS_3_818,2.98,2.98,2.98,2.98,2063
FOODS_3_819,1.9829131054131055,1.98,1.76,2.18,2808
FOODS_3_820,1.9704778420038538,1.98,1.57,1.98,2595
FOODS_3_821,4.979134495641345,4.98,3.59,4.98,1606
FOODS_3_822,3.8767198581560285,3.98,0.99,4.48,2820
FOODS_3_823,2.795198221563542,2.88,0.99,2.98,2699
FOODS_3_824,2.5211418439716313,2.68,2.0,2.68,2820
FOODS_3_825,4.107855875044374,3.98,1.99,4.38,2817
FOODS_3_826,1.2798304058146577,1.28,1.0,1.28,1651
FOODS_3_827,0.9995247148288974,1.0,0.5,1.0,1052
HOBBIES_1_001,8.298075916230365,8.26,5.0,9.58,1528
HOBBIES_1_002,3.9674586244942995,3.97,2.0,3.97,2719
HOBBIES_1_003,2.965733445096396,2.97,0.94,5.97,1193
HOBBIES_1_004,4.5028448892065756,4.64,3.77,4.64,2798
HOBBIES_1_005,2.8809022556390977,2.88,1.5,3.08,2660
HOBBIES_1_006,1.0017207207207208,1.0,0.96,1.12,2220
HOBBIES_1_007,7.880229197807672,7.88,5.0,7.94,2007
HOBBIES_1_008,0.4758970641536789,0.48,0.42,0.5,2759
HOBBIES_1_009,1.72247608535688,1.77,0.88,1.77,2718
HOBBIES_1_010,2.97468085106383,2.97,1.97,3.17,2820
HOBBIES_1_011,3.48,3.48,3.48,3.48,2161
HOBBIES_1_012,6.472092940759134,6.52,5.98,6.58,2819
HOBBIES_1_013,1.9699999999999998,1.97,1.97,1.97,2145
HOBBIES_1_014,1.008115823817292,0.98,0.98,1.16,2452
HOBBIES_1_015,0.7078949236776713,0.7,0.5,0.83,2817
HOBBIES_1_016,0.7095616241466043,0.7,0.55,0.97,2783
HOBBIES_1_017,1.9473613251155621,1.98,1.0,1.98,2596
HOBBIES_1_018,11.821699463327372,11.88,9.88,11.88,2236
HOBBIES_1_019,0.47186666666666666,0.46,0.35,0.5,1875
HOBBIES_1_020,12.193680781758957,12.68,10.67,12.68,2763
HOBBIES_1_021,11.813631386861315,11.88,10.0,12.17,2740
HOBBIES_1_022,7.141414893617021,7.18,3.16,7.56,2820
HOBBIES_1_023,3.4228581560283686,3.44,2.97,3.72,2820
HOBBIES_1_024,8.864651837524178,8.98,3.18,8.98,2068
HOBBIES_1_025,3.893988483685221,3.98,2.12,3.98,2605
HOBBIES_1_026,17.93772727272727,17.97,9.0,17.97,1496
HOBBIES_1_027,19.970008176614883,19.98,12.98,20.77,1223
HOBBIES_1_028,7.684248226950356,7.98,5.36,7.98,2820
HOBBIES_1_029,8.456667855868712,8.98,7.44,8.98,2803
HOBBIES_1_030,0.7157676969092721,0.7,0.27,0.8,2006
HOBBIES_1_031,10.979045083422081,10.98,10.85,11.53,2817
HOBBIES_1_032,0.5597198581560283,0.57,0.47,0.58,2820
HOBBIES_1_033,16.115634517766498,15.97,12.99,16.86,1379
HOBBIES_1_034,4.800958363244796,4.66,4.66,5.77,2786
HOBBIES_1_035,2.0235328185328183,2.12,1.0,2.12,2590
HOBBIES_1_036,1.0648587772613516,1.12,0.93,1.12,2797
HOBBIES_1_037,12.907402422611037,12.97,11.88,13.48,2229
HOBBIES_1_038,3.206028368794326,3.22,3.17,3.22,2820
HOBBIES_1_039,5.879125,5.88,3.99,5.88,2160
HOBBIES_1_040,12.92361229314421,12.97,9.99,13.48,2115
HOBBIES_1_041,3.977207275483137,4.22,2.88,4.22,2639
HOBBIES_1_042,7.647632359169844,7.48,3.56,7.83,2361
HOBBIES_1_043,0.7082663771263119,0.7,0.68,0.83,2763
HOBBIES_1_044,1.4805656350053362,1.48,1.48,1.51,2811
HOBBIES_1_045,10.58,10.58,10.58,10.58,957
HOBBIES_1_046,18.884484536082475,18.98,12.99,18.98,776
HOBBIES_1_047,1.7218264014466547,1.77,0.63,1.77,2765
HOBBIES_1_048,0.4701808118081181,0.48,0.24,0.5,2710
HOBBIES_1_049,8.040034453057709,7.88,7.88,8.68,2322
HOBBIES_1_050,10.369092864826102,10.94,8.22,10.98,2789
HOBBIES_1_051,5.98,5.98,5.98,5.98,1660
HOBBIES_1_052,5.879101930848676,5.88,4.88,5.88,2227
HOBBIES_1_053,3.9693990384615385,3.97,2.97,3.97,1664
HOBBIES_1_054,2.9688999447208406,2.97,0.98,2.97,1809
HOBBIES_1_055,8.473406951484431,8.98,7.44,8.98,2762
HOBBIES_1_056,0.94,0.94,0.94,0.94,1615
HOBBIES_1_057,4.836798457087753,4.88,4.48,4.88,2074
HOBBIES_1_058,8.438004987531173,8.67,5.97,9.47,2807
HOBBIES_1_060,29.662547124214594,29.97,26.0,30.98,2069
HOBBIES_1_061,2.795385983635717,2.83,2.62,2.83,2811
HOBBIES_1_062,0.97,0.97,0.97,0.97,1584
HOBBIES_1_063,5.34815158546017,5.47,4.86,5.47,2586
HOBBIES_1_064,12.880734708650019,12.97,10.0,13.48,2763
HOBBIES_1_065,4.88,4.88,4.88,4.88,2170
HOBBIES_1_066,1.2493386243386244,1.25,1.0,1.25,1512
HOBBIES_1_067,0.5532411347517731,0.57,0.25,0.58,2820
HOBBIES_1_068,6.973343994314144,7.0,5.5,7.44,2814
HOBBIES_1_069,13.520236768802228,13.68,12.48,13.98,2154
HOBBIES_1_070,5.8795324918186065,5.88,4.88,5.88,2139
HOBBIES_1_072,1.97,1.97,1.97,1.97,2689
HOBBIES_1_073,5.349928800284799,5.47,4.97,5.47,2809
HOBBIES_1_074,3.669831130690161,3.67,2.5,3.83,2724
HOBBIES_1_075,6.97437522249911,7.0,5.76,7.24,2809
HOBBIES_1_076,3.2689281886387995,3.43,1.99,3.43,2799
HOBBIES_1_077,9.856034404708012,9.98,9.46,9.98,2209
HOBBIES_1_078,12.466051883439944,12.78,9.98,12.78,2814
HOBBIES_1_079,8.087245296414626,7.88,6.39,8.97,2817
HOBBIES_1_080,0.5518998579545454,0.57,0.25,0.58,2816
HOBBIES_1_081,14.72,14.72,14.72,14.72,1503
HOBBIES_1_082,3.8474342572850038,3.78,3.78,4.28,2814
HOBBIES_1_083,16.95326994189118,17.48,9.48,17.48,1893
HOBBIES_1_084,4.2433877261440225,4.38,3.67,4.78,2819
HOBBIES_1_085,14.723862068965516,14.72,14.72,15.28,1885
HOBBIES_1_086,8.367645390070921,8.26,8.26,9.74,2820
HOBBIES_1_087,12.584966313763234,12.88,11.93,12.88,2078
HOBBIES_1_088,2.57,2.57,2.57,2.57,2816
HOBBIES_1_089,8.041030058651026,7.97,5.0,8.82,2728
HOBBIES_1_090,1.018668789808917,0.98,0.7,1.08,1570
HOBBIES_1_091,0.6921263877028181,0.7,0.68,0.7,1171
HOBBIES_1_092,2.337503576537911,2.38,2.17,2.38,2796
HOBBIES_1_093,19.77410714285714,20.38,18.46,20.38,2072
HOBBIES_1_094,12.963344432112468,12.97,5.97,12.97,2703
HOBBIES_1_095,7.675987654320988,7.68,0.78,7.68,2268
HOBBIES_1_097,4.169882310984308,4.24,2.38,4.52,2804
HOBBIES_1_098,14.776648936170213,14.97,13.97,15.68,2820
HOBBIES_1_099,14.779748226950355,14.97,13.97,15.68,2820
HOBBIES_1_100,11.215720369056069,11.28,10.0,12.0,2818
HOBBIES_1_102,4.98,4.98,4.98,4.98,1768
HOBBIES_1_103,0.7079929078014184,0.7,0.5,0.83,2820
HOBBIES_1_104,23.931996557659208,23.98,12.72,23.98,1162
HOBBIES_1_105,6.674309058614565,6.68,6.44,7.48,2815
HOBBIES_1_106,2.4868193113241035,2.57,0.25,2.57,2817
HOBBIES_1_107,3.978756145526057,3.98,2.98,3.98,2034
HOBBIES_1_108,12.770974212034384,12.98,11.98,13.62,2792
HOBBIES_1_109,5.853530303030303,6.12,4.98,6.12,2640
HOBBIES_1_110,3.6699999999999995,3.67,3.67,3.67,2811
HOBBIES_1_111,3.043950573065903,3.12,1.99,3.56,2792
HOBBIES_1_112,2.6832468916518653,2.72,0.92,2.88,2815
HOBBIES_1_113,1.4693910860012553,1.47,0.97,1.47,1593
HOBBIES_1_114,5.937798289058982,5.97,1.5,5.97,2221
HOBBIES_1_115,0.6841204948897256,0.68,0.5,0.76,1859
HOBBIES_1_116,6.47,6.47,6.47,6.47,2093
HOBBIES_1_117,12.201750266808967,12.68,6.77,12.68,2811
HOBBIES_1_118,11.092096831612672,11.12,10.62,11.68,2809
HOBBIES_1_119,1.7325783289817231,1.77,1.0,1.77,1532
HOBBIES_1_120,10.474436875567665,10.98,1.18,11.23,2202
HOBBIES_1_121,1.04956369982548,1.0,1.0,1.12,1719
HOBBIES_1_122,1.7321498371335504,1.77,1.0,1.77,1535
HOBBIES_1_123,7.916824408468244,7.98,4.3,7.98,1606
HOBBIES_1_124,5.978924791086351,5.98,3.24,6.25,1795
HOBBIES_1_125,11.72876526458616,11.73,4.32,11.98,737
HOBBIES_1_126,9.575205479452055,9.58,6.78,9.58,1168
HOBBIES_1_127,1.0779403409090909,1.0,1.0,1.26,2816
HOBBIES_1_128,8.512876468494126,8.77,4.0,9.65,2809
HOBBIES_1_129,4.847641325536062,4.88,4.48,4.88,2052
HOBBIES_1_130,2.6646748554913295,2.73,1.88,2.73,2768
HOBBIES_1_131,0.6838998401704849,0.68,0.5,0.76,1877
HOBBIES_1_132,4.251489361702127,4.22,3.94,4.58,2820
HOBBIES_1_133,12.62240481927711,12.88,11.77,12.88,2075
HOBBIES_1_134,3.621838893409276,3.87,2.48,3.87,2458
HOBBIES_1_135,19.80563390847712,20.38,16.99,20.38,1333
HOBBIES_1_136,4.88,4.88,4.88,4.88,2152
HOBBIES_1_137,9.439599148634267,9.48,2.5,10.98,2819
HOBBIES_1_138,5.88,5.88,5.88,5.88,2185
HOBBIES_1_139,2.594794801641587,2.63,2.0,2.74,1462
HOBBIES_1_140,1.0495149035651665,1.0,1.0,1.12,1711
HOBBIES_1_141,14.775173758865247,14.97,13.97,15.68,2820
HOBBIES_1_142,0.9444799309451876,0.94,0.94,1.0,2317
HOBBIES_1_143,8.524039007092199,8.77,5.99,8.77,2820
HOBBIES_1_144,11.202875444839858,11.28,5.48,12.0,2810
HOBBIES_1_145,1.2962268346923649,1.28,0.99,1.45,2698
HOBBIES_1_146,4.798278921220724,4.66,3.91,5.77,2818
HOBBIES_1_147,10.050397748592871,9.97,9.47,11.67,2665
HOBBIES_1_148,4.88,4.88,4.88,4.88,1679
HOBBIES_1_149,1.5463303498779497,1.56,1.42,1.56,2458
HOBBIES_1_150,1.7236415362731152,1.77,0.88,1.77,2812
HOBBIES_1_151,5.149053191489362,5.47,4.38,5.47,2820
HOBBIES_1_152,5.056783042394016,4.98,4.86,5.5,1604
HOBBIES_1_153,6.182998289136014,6.18,4.99,6.38,2338
HOBBIES_1_154,2.769185774450164,2.88,2.47,2.88,2137
HOBBIES_1_155,18.98,18.98,18.98,18.98,1548
HOBBIES_1_156,1.8540625,1.88,1.63,1.88,1184
HOBBIES_1_157,11.224580838323353,11.28,10.98,11.98,2672
HOBBIES_1_158,22.077062937062937,22.98,19.98,22.98,1287
HOBBIES_1_159,3.237318035138043,3.24,1.5,3.24,2789
HOBBIES_1_160,19.77090297790586,20.38,15.0,20.38,2082
HOBBIES_1_161,0.6920508474576271,0.7,0.68,0.7,1180
HOBBIES_1_162,3.9791218005295677,3.98,1.99,3.98,2266
HOBBIES_1_163,9.357555317630263,9.42,7.99,10.84,2802
HOBBIES_1_164,8.967712765957447,8.97,5.12,8.97,2820
HOBBIES_1_165,4.957268842268842,4.97,1.97,4.97,2574
HOBBIES_1_166,11.166828543111992,10.98,9.5,11.98,2018
HOBBIES_1_167,0.6836867341502397,0.68,0.5,0.76,1877
HOBBIES_1_168,4.83,4.83,4.83,4.83,1158
HOBBIES_1_169,0.553124316441852,0.57,0.25,0.58,2743
HOBBIES_1_170,17.97,17.97,17.97,17.97,1301
HOBBIES_1_171,2.8309650582362726,2.88,2.47,2.88,1202
HOBBIES_1_172,2.926109929078014,2.98,2.82,3.23,2820
HOBBIES_1_173,10.966908051453073,10.97,7.48,10.97,2099
HOBBIES_1_174,4.88,4.88,4.88,4.88,2166
HOBBIES_1_175,1.9705873976504094,1.97,1.97,2.0,2809
HOBBIES_1_176,5.728000764525994,5.94,3.0,5.94,2616
HOBBIES_1_177,4.197296195652174,4.24,3.98,4.25,2208
HOBBIES_1_178,0.4759828141783029,0.48,0.42,0.5,2793
HOBBIES_1_179,6.869195721077654,6.87,4.84,6.87,2524
HOBBIES_1_180,19.94926298157454,19.98,7.68,19.98,1194
HOBBIES_1_181,1.9536844809866392,1.97,0.94,1.97,1946
HOBBIES_1_183,7.927285986049461,7.98,6.97,8.78,1577
HOBBIES_1_184,12.330473421926909,12.68,10.76,12.68,2408
HOBBIES_1_185,3.1539068610024885,3.24,2.08,3.32,2813
HOBBIES_1_186,16.723353596757853,17.48,13.23,17.48,987
HOBBIES_1_187,6.973963675213675,7.0,5.51,7.44,2808
HOBBIES_1_188,12.863123312331233,12.88,6.88,12.88,2222
HOBBIES_1_189,0.4768556701030928,0.48,0.4,0.5,2716
HOBBIES_1_190,9.962552238805971,9.97,4.98,9.97,1340
HOBBIES_1_191,8.963254035683942,8.97,5.0,8.97,1177
HOBBIES_1_192,3.4779891107078043,3.54,3.24,3.54,2755
HOBBIES_1_193,8.491518268889678,8.77,7.74,8.77,2819
HOBBIES_1_194,2.6970602836879434,2.5,1.5,3.5,2820
HOBBIES_1_195,11.204855786783499,11.28,5.76,11.98,2739
HOBBIES_1_197,12.780473581213307,12.84,5.54,12.84,2555
HOBBIES_1_198,8.376641357748996,8.38,4.62,8.38,2239
HOBBIES_1_199,3.640041220115416,3.68,3.22,3.98,2426
HOBBIES_1_200,7.852116040955631,7.88,7.47,7.94,2051
HOBBIES_1_201,5.5046730632551535,5.47,2.87,5.98,2814
HOBBIES_1_202,1.717063829787234,1.77,1.0,1.77,2820
HOBBIES_1_203,13.115704419889504,12.98,12.98,13.48,1448
HOBBIES_1_204,9.90390243902439,9.98,9.72,9.98,820
HOBBIES_1_205,5.88,5.88,5.88,5.88,2158
HOBBIES_1_206,2.954822006472492,2.92,2.72,3.14,927
HOBBIES_1_207,2.7100496806245564,2.78,2.53,2.78,2818
HOBBIES_1_208,3.239424753050552,3.24,2.25,3.24,1721
HOBBIES_1_209,0.6988652482269503,0.7,0.25,0.83,2820
HOBBIES_1_210,5.75652650021901,5.88,3.98,5.88,2283
HOBBIES_1_211,4.848261617900173,4.72,4.0,4.98,1162
HOBBIES_1_212,7.4664816360601,7.47,4.99,7.5,2396
HOBBIES_1_213,8.367999999999999,8.26,8.26,9.74,2820
HOBBIES_1_214,9.864068153134204,9.88,7.44,9.88,2377
HOBBIES_1_215,10.739946657183499,10.98,3.98,11.72,2812
HOBBIES_1_216,1.723199558173785,1.77,0.88,1.77,2716
HOBBIES_1_217,3.47,3.47,3.47,3.47,2700
HOBBIES_1_218,10.602222222222222,10.58,8.58,10.98,1728
HOBBIES_1_219,1.74,1.74,1.74,1.74,1313
HOBBIES_1_220,3.0526262988176285,3.12,1.5,3.56,2791
HOBBIES_1_221,2.94307774227902,2.97,1.97,2.97,2817
HOBBIES_1_223,1.0500175131348513,1.0,1.0,1.12,1713
HOBBIES_1_224,3.9598804047838088,3.97,0.94,3.97,2174
HOBBIES_1_225,29.667421837421838,29.97,26.96,30.98,2079
HOBBIES_1_226,14.744043987229514,14.97,13.97,15.68,2819
HOBBIES_1_227,1.9692592592592593,1.97,1.93,1.97,2808
HOBBIES_1_228,6.87,6.87,6.87,6.87,2525
HOBBIES_1_229,6.447325812873258,6.47,2.0,6.47,1507
HOBBIES_1_230,4.475396674584323,4.48,1.25,4.48,2105
HOBBIES_1_231,6.869999999999999,6.87,6.87,6.87,2501
HOBBIES_1_232,0.47624178712220766,0.48,0.46,0.48,761
HOBBIES_1_233,0.7086312056737588,0.7,0.68,0.83,2820
HOBBIES_1_234,0.2982415548357242,0.3,0.1,0.3,2161
HOBBIES_1_235,12.812435077154685,12.98,9.0,13.48,2657
HOBBIES_1_236,11.775953589557652,11.88,8.0,12.17,2758
HOBBIES_1_237,7.97867730496454,7.98,6.43,7.98,2820
HOBBIES_1_238,5.913912386706949,5.94,3.5,5.94,2648
HOBBIES_1_239,2.97,2.97,2.97,2.97,2819
HOBBIES_1_240,2.8799169960474305,2.88,1.99,3.08,2530
HOBBIES_1_241,21.140621600621603,21.78,18.94,21.98,1287
HOBBIES_1_242,2.6937943262411346,2.78,2.5,3.5,2820
HOBBIES_1_243,13.87880400751409,13.88,11.97,13.88,1597
HOBBIES_1_244,0.4743294460641399,0.48,0.22,0.5,2744
HOBBIES_1_245,4.943157663592446,4.97,0.25,4.97,2277
HOBBIES_1_246,10.973285953177259,10.98,2.95,10.98,1196
HOBBIES_1_247,16.88,16.88,16.88,16.88,1201
HOBBIES_1_248,0.9491999999999999,0.94,0.94,1.0,2400
HOBBIES_1_249,4.916075675675676,4.88,0.98,5.37,2775
HOBBIES_1_250,4.877141600703606,4.88,2.97,6.0,2274
HOBBIES_1_251,15.483027638190956,15.83,14.0,15.83,2388
HOBBIES_1_252,0.68170796460177,0.68,0.6,0.7,1130
HOBBIES_1_253,12.738109418282548,12.78,6.68,13.67,1444
HOBBIES_1_254,0.708677304964539,0.7,0.41,0.83,2820
HOBBIES_1_255,1.8767350661194708,1.88,0.88,1.88,2193
HOBBIES_1_256,0.47532978723404257,0.48,0.25,0.5,2820
HOBBIES_1_257,16.802841911764705,16.76,7.96,25.8,2720
HOBBIES_1_258,11.480539772727273,11.78,10.68,12.24,2816
HOBBIES_1_259,1.0280128720836685,0.97,0.97,1.63,2486
HOBBIES_1_260,12.62507729468599,12.88,11.77,12.88,2070
HOBBIES_1_261,0.4691017173051519,0.46,0.01,0.5,2271
HOBBIES_1_262,8.98,8.98,8.98,8.98,1178
HOBBIES_1_263,4.9685361423901195,4.97,0.94,4.97,2753
HOBBIES_1_264,4.47,4.47,4.47,4.47,2812
HOBBIES_1_265,3.9699999999999998,3.97,3.97,3.97,2070
HOBBIES_1_266,4.799217018233822,4.66,3.78,5.77,2797
HOBBIES_1_267,2.88,2.88,2.88,2.88,2108
HOBBIES_1_268,0.4759842237361061,0.48,0.4,0.5,2789
HOBBIES_1_269,11.738230452674896,11.73,11.73,11.98,729
HOBBIES_1_270,4.845834951456311,4.88,4.47,4.88,2060
HOBBIES_1_271,5.77,5.77,5.77,5.77,2259
HOBBIES_1_272,8.44,8.44,8.44,8.44,2212
HOBBIES_1_273,12.193684771033015,12.68,7.48,12.68,2817
HOBBIES_1_274,9.878625954198474,9.88,7.0,9.88,2096
HOBBIES_1_275,12.60250360403652,12.88,11.93,12.88,2081
HOBBIES_1_276,7.68458510638298,7.98,6.67,7.98,2820
HOBBIES_1_277,1.7236028368794327,1.77,1.0,1.77,2820
HOBBIES_1_278,0.5590713765477058,0.57,0.17,0.58,2746
HOBBIES_1_279,3.916135693215339,3.98,3.78,3.98,1356
HOBBIES_1_280,10.748505173028898,10.98,9.86,11.72,2803
HOBBIES_1_281,4.198521505376344,4.24,3.98,4.25,2232
HOBBIES_1_282,4.245673758865248,4.22,3.98,4.58,2820
HOBBIES_1_283,10.56762002042901,10.98,8.22,10.98,979
HOBBIES_1_284,4.879443462897526,4.88,3.62,4.88,2264
HOBBIES_1_285,10.87140832595217,10.88,7.0,10.88,2258
HOBBIES_1_286,0.7080668088130775,0.7,0.67,0.83,2814
HOBBIES_1_287,5.648716447047341,5.48,2.0,5.98,2049
HOBBIES_1_288,0.558183446793264,0.57,0.3,0.58,2791
HOBBIES_1_289,4.97,4.97,4.97,4.97,2817
HOBBIES_1_290,5.500505698005698,5.36,3.99,5.97,2808
HOBBIES_1_292,6.58,6.58,6.58,6.58,1196
HOBBIES_1_293,3.6192385392385393,3.68,3.28,3.68,2574
HOBBIES_1_294,3.88,3.88,3.88,3.88,1756
HOBBIES_1_295,0.4755639913232104,0.48,0.2,0.5,2766
HOBBIES_1_296,7.159250976215833,7.38,2.0,7.38,2817
HOBBIES_1_297,14.880788530465951,14.72,10.0,16.0,2790
HOBBIES_1_298,4.2420078041858815,4.38,3.67,4.78,2819
HOBBIES_1_299,1.2696346677030703,1.27,0.33,1.27,2573
HOBBIES_1_300,9.4714005702067,9.48,2.48,10.98,2806
HOBBIES_1_301,6.080078014184397,6.24,4.43,6.24,2820
HOBBIES_1_302,2.88,2.88,2.88,2.88,2754
HOBBIES_1_303,8.886738894907909,8.98,2.97,8.98,2769
HOBBIES_1_304,3.9719945355191255,3.98,2.0,3.98,2562
HOBBIES_1_305,2.87,2.87,2.87,2.87,2789
HOBBIES_1_306,13.957293553542888,13.98,12.37,13.98,1877
HOBBIES_1_307,3.97,3.97,3.97,3.97,2163
HOBBIES_1_308,11.18231641202563,10.98,9.98,11.98,2029
HOBBIES_1_309,5.113685897435897,5.12,3.48,5.18,2808
HOBBIES_1_310,5.344001418942887,5.5,4.0,5.72,2819
HOBBIES_1_311,15.841888217522659,14.66,13.0,17.98,2648
HOBBIES_1_312,0.5596950354609929,0.57,0.3,0.58,2820
HOBBIES_1_313,1.23,1.23,1.23,1.23,2775
HOBBIES_1_314,3.97,3.97,3.97,3.97,2811
HOBBIES_1_315,4.357350921575714,4.67,2.97,4.97,2767
HOBBIES_1_316,0.94,0.94,0.94,0.94,2042
HOBBIES_1_317,7.661677304964539,7.98,3.98,7.98,2820
HOBBIES_1_318,4.186553480475382,4.28,3.96,4.28,1178
HOBBIES_1_319,1.008482269503546,1.0,0.34,1.25,2820
HOBBIES_1_320,4.445113717128643,4.48,2.0,4.62,2814
HOBBIES_1_321,6.669198581560283,6.68,3.0,7.48,2820
HOBBIES_1_322,3.9640666362391603,3.97,2.97,3.97,2191
HOBBIES_1_323,5.071198435277383,5.24,4.46,5.24,2812
HOBBIES_1_324,14.895559502664298,14.72,13.0,16.0,2815
HOBBIES_1_325,6.435657142857144,6.44,0.25,6.44,1750
HOBBIES_1_326,1.971638879035119,1.97,1.97,2.23,2819
HOBBIES_1_327,7.848984034833092,7.88,7.47,7.94,2067
HOBBIES_1_328,6.447886524822695,6.42,5.5,6.96,2820
HOBBIES_1_329,3.9692532221379837,3.97,2.5,3.97,2638
HOBBIES_1_330,7.631284599006388,7.78,6.18,8.24,2818
HOBBIES_1_331,0.9400000000000001,0.94,0.94,0.94,2268
HOBBIES_1_332,7.836503631961259,7.88,6.88,7.88,2065
HOBBIES_1_333,4.961621978021977,4.97,0.94,4.97,2275
HOBBIES_1_334,5.98,5.98,5.98,5.98,1224
HOBBIES_1_335,12.59526618705036,12.88,9.99,12.88,2085
HOBBIES_1_336,1.879280670785525,1.88,0.25,1.88,2266
HOBBIES_1_337,3.6723262411347513,3.67,3.67,3.83,2820
HOBBIES_1_338,8.467640246109301,8.98,0.01,9.43,2763
HOBBIES_1_339,7.98,7.98,7.98,7.98,1273
HOBBIES_1_340,7.922855377008653,7.98,6.97,7.98,1618
HOBBIES_1_341,0.47575886524822697,0.48,0.3,0.5,2820
HOBBIES_1_342,19.755491803278687,20.38,2.0,20.38,2074
HOBBIES_1_343,5.152695035460993,5.32,4.33,5.32,2820
HOBBIES_1_344,11.832945838837515,11.78,10.0,12.24,757
HOBBIES_1_345,7.628533901313455,7.78,4.99,8.24,2817
HOBBIES_1_346,3.960248823133827,3.97,0.97,3.97,1487
HOBBIES_1_347,9.877683910773612,9.88,5.0,9.88,2107
HOBBIES_1_348,0.47566158212131965,0.48,0.38,0.5,2819
HOBBIES_1_349,11.207654320987654,10.98,9.98,11.98,2025
HOBBIES_1_350,2.9945654487406883,2.98,1.0,3.68,2819
HOBBIES_1_351,5.776144278606965,5.76,3.79,7.22,2814
HOBBIES_1_352,2.595393180236604,2.63,1.0,2.74,1437
HOBBIES_1_353,1.0188130185067008,0.98,0.7,1.08,1567
HOBBIES_1_354,23.156368375325805,22.98,19.98,23.98,1151
HOBBIES_1_355,4.2410886524822695,4.38,1.47,4.78,2820
HOBBIES_1_356,5.640234042553192,5.76,4.98,6.0,2820
HOBBIES_1_357,13.944764980265518,14.48,11.98,16.97,2787
HOBBIES_1_358,2.5975034106412007,2.63,2.46,2.74,1466
HOBBIES_1_359,1.4693722536095417,1.47,0.97,1.47,1593
HOBBIES_1_360,14.852166193181818,14.94,10.46,16.17,2816
HOBBIES_1_361,29.663116883116885,29.97,26.98,30.98,2079
HOBBIES_1_362,9.846584507042254,9.98,1.77,9.98,1420
HOBBIES_1_363,2.8545189918352856,2.88,1.44,2.88,2817
HOBBIES_1_364,12.461305890702626,12.78,11.68,12.78,2818
HOBBIES_1_365,3.97,3.97,3.97,3.97,2818
HOBBIES_1_366,3.97,3.97,3.97,3.97,1738
HOBBIES_1_367,8.36721078779276,8.26,8.26,9.74,2818
HOBBIES_1_368,4.21831025914093,4.22,2.0,4.28,2817
HOBBIES_1_369,1.0172182871860915,0.98,0.7,1.08,1553
HOBBIES_1_370,0.4760390070921986,0.48,0.35,0.5,2820
HOBBIES_1_371,0.4757452863749555,0.48,0.42,0.5,2811
HOBBIES_1_372,6.674617021276595,6.68,6.44,7.48,2820
HOBBIES_1_373,14.72,14.72,14.72,14.72,1554
HOBBIES_1_374,17.48,17.48,17.48,17.48,1805
HOBBIES_1_375,9.876012405848472,9.88,6.88,9.88,2257
HOBBIES_1_376,16.094996563573883,15.97,12.98,16.86,1455
HOBBIES_1_377,9.731331676136364,9.88,3.92,9.98,2816
HOBBIES_1_378,3.238651079136691,3.24,2.94,3.24,2780
HOBBIES_1_379,2.180986515259049,2.24,1.98,2.34,2818
HOBBIES_1_380,1.7205788352272726,1.77,1.0,1.77,2816
HOBBIES_1_381,0.7086024619840695,0.7,0.6,0.83,2762
HOBBIES_1_382,1.9700000000000002,1.97,1.97,1.97,2794
HOBBIES_1_383,2.978858024691358,2.98,1.98,2.98,2268
HOBBIES_1_384,11.190084033613445,10.98,9.98,11.98,2023
HOBBIES_1_385,9.723103168155971,9.97,8.98,9.97,1231
HOBBIES_1_386,5.737185782337853,5.68,5.68,5.86,2729
HOBBIES_1_387,1.0183503184713376,0.98,0.7,1.08,1570
HOBBIES_1_388,2.8803860569715143,2.88,1.0,3.08,2668
HOBBIES_1_389,11.927392739273927,11.97,5.36,11.97,1212
HOBBIES_1_390,11.652648936170213,11.73,10.56,11.92,2820
HOBBIES_1_391,3.8776838397181854,3.88,1.25,3.88,2271
HOBBIES_1_392,12.979906382978724,12.98,12.87,12.98,1175
HOBBIES_1_393,28.505718120805373,28.96,17.97,28.96,1490
HOBBIES_1_394,7.797431930693069,7.78,6.49,7.88,1616
HOBBIES_1_395,7.471725589225589,7.48,1.63,7.48,1188
HOBBIES_1_396,1.8793912659902956,1.88,0.5,1.88,2267
HOBBIES_1_397,4.2473882820258195,4.22,3.98,4.58,2014
HOBBIES_1_398,0.5515,0.57,0.15,0.58,2820
HOBBIES_1_399,1.9682391304347826,1.97,1.94,1.97,2760
HOBBIES_1_400,1.1141577825159914,1.14,0.7,1.14,2814
HOBBIES_1_401,1.9664,1.97,0.92,1.97,1975
HOBBIES_1_402,9.783056179775281,9.94,9.34,9.94,2225
HOBBIES_1_403,13.396772175193227,13.68,11.48,13.98,2717
HOBBIES_1_404,0.4754331279449076,0.48,0.25,0.5,2759
HOBBIES_1_405,12.193252391464313,12.68,10.67,12.68,2718
HOBBIES_1_406,3.8799999999999994,3.88,3.88,3.88,2815
HOBBIES_1_407,2.7343029443064917,2.88,2.29,3.5,2819
HOBBIES_1_408,0.5989539007092198,0.6,0.1,0.62,2820
HOBBIES_1_409,5.665553191489362,5.76,4.5,6.0,2820
HOBBIES_1_410,28.573241978609627,28.96,17.97,28.96,1496
HOBBIES_1_411,1.3339350695683199,1.34,1.0,1.34,2803
HOBBIES_1_412,2.050968733982573,2.08,0.94,2.08,1951
HOBBIES_1_413,4.799327641408751,4.66,4.16,5.77,2811
HOBBIES_1_414,7.160188679245284,7.22,5.0,7.22,2809
HOBBIES_1_415,6.674617021276595,6.68,6.44,7.48,2820
HOBBIES_1_416,4.83069980879541,4.97,3.97,4.97,2615
HOBBIES_1_417,0.5596843971631206,0.57,0.47,0.58,2820
HOBBIES_1_418,3.8877496159754226,3.98,1.98,3.98,2604
HOBBIES_1_419,5.98,5.98,5.98,5.98,2252
HOBBIES_1_420,5.709783687943262,5.74,5.43,5.96,2820
HOBBIES_1_421,8.38240804597701,8.26,4.99,9.58,1740
HOBBIES_1_422,3.402323518978361,3.62,1.0,3.62,2819
HOBBIES_1_423,7.697610891523935,7.78,7.28,7.98,2277
HOBBIES_1_424,1.7233695258776691,1.77,1.0,1.77,2763
HOBBIES_2_001,5.656421952957947,5.47,2.97,5.97,2806
HOBBIES_2_002,1.8135060326472676,1.97,1.47,2.17,2818
HOBBIES_2_003,1.9700000000000002,1.97,1.97,1.97,2751
HOBBIES_2_004,2.4705364806866954,2.47,0.97,2.57,2796
HOBBIES_2_005,4.47,4.47,4.47,4.47,1955
HOBBIES_2_006,3.9209729151817534,3.97,0.4,3.97,2806
HOBBIES_2_007,0.9721314387211367,0.97,0.97,1.17,2815
HOBBIES_2_008,3.7972586588061903,3.88,0.99,3.88,2714
HOBBIES_2_009,5.31465413267116,5.47,3.97,5.97,2819
HOBBIES_2_010,0.9696872920825017,0.97,0.5,0.97,1503
HOBBIES_2_011,0.97,0.97,0.97,0.97,2814
HOBBIES_2_012,1.97,1.97,1.97,1.97,1127
HOBBIES_2_013,7.127952194077773,6.97,2.5,7.47,2803
HOBBIES_2_014,0.97,0.97,0.97,0.97,1557
HOBBIES_2_015,2.664746957078796,2.47,1.47,3.47,1561
HOBBIES_2_016,4.95199074074074,4.97,1.97,5.17,2808
HOBBIES_2_017,0.5361935483870968,0.57,0.15,0.57,2170
HOBBIES_2_018,3.359105447276362,3.37,2.37,3.37,2001
HOBBIES_2_019,3.361127551020408,3.37,3.0,3.37,1960
HOBBIES_2_020,3.7896096855800505,3.88,3.47,3.88,2767
HOBBIES_2_021,0.9682685069008782,0.97,0.05,0.97,1594
HOBBIES_2_022,4.97,4.97,4.97,4.97,2813
HOBBIES_2_023,0.97,0.97,0.97,0.97,858
HOBBIES_2_024,4.77,4.77,4.77,4.77,1056
HOBBIES_2_025,0.5,0.5,0.5,0.5,1114
HOBBIES_2_026,0.23,0.23,0.23,0.23,730
HOBBIES_2_027,2.04128526645768,1.97,1.97,2.77,1595
HOBBIES_2_028,0.844241452991453,0.88,0.23,1.17,2808
HOBBIES_2_029,2.7729232464193903,2.77,2.0,2.88,2723
HOBBIES_2_030,0.9618854415274463,0.97,0.5,0.97,2095
HOBBIES_2_031,6.967784860557769,6.97,5.57,6.97,1255
HOBBIES_2_032,0.9817122557726465,0.97,0.97,1.0,2815
HOBBIES_2_033,2.7747867298578197,2.77,2.33,2.88,2743
HOBBIES_2_034,2.7626986994219656,2.97,1.95,2.97,2768
HOBBIES_2_035,4.465682210708117,4.47,3.97,4.47,1158
HOBBIES_2_036,0.9542603760198651,0.97,0.88,0.97,2819
HOBBIES_2_037,0.9638088306647258,0.97,0.5,0.97,2061
HOBBIES_2_038,0.9700000000000001,0.97,0.97,0.97,1093
HOBBIES_2_039,4.9619076376554165,4.97,1.47,4.97,2815
HOBBIES_2_040,0.88,0.88,0.88,0.88,1106
HOBBIES_2_041,1.97348623853211,1.97,1.97,5.77,1090
HOBBIES_2_042,0.8738691883372735,0.74,0.74,1.47,2538
HOBBIES_2_043,0.97,0.97,0.97,0.97,1091
HOBBIES_2_044,4.465502248875562,4.47,2.97,4.47,2001
HOBBIES_2_045,2.708649592549476,2.47,0.97,2.97,1718
HOBBIES_2_046,2.7815684882895675,2.97,2.47,2.97,2818
HOBBIES_2_047,0.5306703229737965,0.5,0.5,0.57,1641
HOBBIES_2_048,2.7731592403214025,2.77,2.0,2.88,2738
HOBBIES_2_049,2.771553153153153,2.97,1.0,2.97,2775
HOBBIES_2_050,1.972440775305097,1.97,1.97,2.17,2786
HOBBIES_2_051,1.8230017761989343,1.97,1.47,1.97,2815
HOBBIES_2_052,2.468793103448276,2.47,1.0,2.47,2436
HOBBIES_2_053,4.960502894356006,4.97,4.42,4.97,2764
HOBBIES_2_054,4.441488235294117,3.97,2.5,4.97,1700
HOBBIES_2_055,2.7717811704834605,2.97,2.47,2.97,2751
HOBBIES_2_056,3.3171848137535815,3.5,1.0,3.5,2792
HOBBIES_2_057,1.9761253561253562,1.97,1.97,2.17,2808
HOBBIES_2_058,0.4960061919504644,0.5,0.47,0.5,1292
HOBBIES_2_059,0.23187117668225982,0.23,0.2,0.47,2779
HOBBIES_2_060,0.9721146953405018,0.97,0.87,1.17,2790
HOBBIES_2_061,1.97,1.97,1.97,1.97,2815
HOBBIES_2_062,5.740114942528735,5.88,1.47,5.88,2784
HOBBIES_2_063,0.9633812949640287,0.97,0.5,0.97,2085
HOBBIES_2_064,0.97,0.97,0.97,0.97,1566
HOBBIES_2_065,0.5,0.5,0.5,0.5,1106
HOBBIES_2_066,4.969273783587509,4.97,3.97,4.97,2754
HOBBIES_2_067,2.97,2.97,2.97,2.97,946
HOBBIES_2_068,1.9612929745889387,1.97,0.98,1.97,2676
HOBBIES_2_069,2.971587874413569,2.97,1.97,3.17,2771
HOBBIES_2_070,9.961814254859613,9.97,5.0,9.97,926
HOBBIES_2_071,0.97,0.97,0.97,0.97,1516
HOBBIES_2_072,7.270181928441479,7.97,4.47,7.97,1649
HOBBIES_2_073,0.5373228346456692,0.57,0.15,0.57,2159
HOBBIES_2_074,3.971713673687969,3.97,3.97,4.17,2801
HOBBIES_2_075,2.7735943190094683,2.77,0.05,2.88,2746
HOBBIES_2_076,2.7756636197440585,2.77,2.48,2.88,2735
HOBBIES_2_077,9.89922208281054,9.97,2.79,9.97,1594
HOBBIES_2_078,6.370587397650409,6.97,4.97,7.67,2809
HOBBIES_2_079,2.3638563106796115,2.47,1.0,2.47,2575
HOBBIES_2_080,3.976613133476089,3.97,0.25,4.0,2802
HOBBIES_2_081,2.0500245098039214,1.97,1.97,2.77,1632
HOBBIES_2_082,0.88,0.88,0.88,0.88,1074
HOBBIES_2_083,2.7720160408312067,2.77,0.89,2.88,2743
HOBBIES_2_084,6.302403918613413,5.97,5.07,6.97,1327
HOBBIES_2_085,0.9725595449697831,0.97,0.97,1.17,2813
HOBBIES_2_086,0.97,0.97,0.97,0.97,1513
HOBBIES_2_087,0.9700000000000001,0.97,0.97,0.97,1536
HOBBIES_2_088,2.762403708987161,2.77,2.67,3.17,2804
HOBBIES_2_089,2.9692870068765838,2.97,1.0,2.97,2763
HOBBIES_2_090,1.6003292894280763,1.57,1.57,1.77,1154
HOBBIES_2_091,0.97,0.97,0.97,0.97,1572
HOBBIES_2_092,4.97,4.97,4.97,4.97,2156
HOBBIES_2_093,1.9699999999999998,1.97,1.97,1.97,2673
HOBBIES_2_094,2.0665895249695496,1.97,1.97,2.77,1642
HOBBIES_2_095,0.88,0.88,0.88,0.88,1104
HOBBIES_2_096,2.7184620861516553,2.77,1.97,2.77,2809
HOBBIES_2_097,1.9685831721470017,1.97,0.98,1.97,2068
HOBBIES_2_098,0.8451322373123659,0.88,0.77,1.17,2798
HOBBIES_2_099,0.97,0.97,0.97,0.97,1564
HOBBIES_2_100,0.8451034975017845,0.88,0.77,1.17,2802
HOBBIES_2_101,0.5345791245791245,0.53,0.5,0.57,2079
HOBBIES_2_102,5.971988636363636,5.97,4.97,6.17,2816
HOBBIES_2_103,2.7647152126892576,2.97,1.0,2.97,2774
HOBBIES_2_104,2.9675654290931224,2.97,0.97,2.97,1643
HOBBIES_2_105,2.562657417289221,2.47,1.99,2.77,2811
HOBBIES_2_106,0.9689389920424403,0.97,0.57,0.97,1508
HOBBIES_2_107,0.5366019417475727,0.57,0.5,0.57,2163
HOBBIES_2_108,2.97,2.97,2.97,2.97,1122
HOBBIES_2_109,0.97,0.97,0.97,0.97,867
HOBBIES_2_110,5.968540942928039,5.97,4.5,5.97,2015
HOBBIES_2_111,3.9700000000000006,3.97,3.97,3.97,1084
HOBBIES_2_112,2.331671408250356,2.47,0.59,2.47,2812
HOBBIES_2_113,5.666652205350687,5.77,0.97,6.58,2766
HOBBIES_2_114,2.0760877403846156,1.97,1.0,4.97,1664
HOBBIES_2_115,2.495520056798012,2.47,0.5,3.17,2817
HOBBIES_2_116,2.9717045454545454,2.97,0.97,3.17,2816
HOBBIES_2_117,2.774215900802334,2.77,2.48,2.88,2742
HOBBIES_2_118,3.9658662832494613,3.97,1.97,3.97,2782
HOBBIES_2_119,3.1411702925731433,2.97,2.47,3.67,2666
HOBBIES_2_120,2.4247286271727564,2.47,1.25,2.57,2819
HOBBIES_2_121,0.97,0.97,0.97,0.97,1107
HOBBIES_2_122,0.8450359195402298,0.88,0.77,1.17,2784
HOBBIES_2_123,0.5375265834489135,0.57,0.5,0.57,2163
HOBBIES_2_124,0.23,0.23,0.23,0.23,2178
HOBBIES_2_125,0.9632721121314645,0.97,0.5,0.97,2069
HOBBIES_2_126,0.5,0.5,0.5,0.5,1135
HOBBIES_2_127,3.97,3.97,3.97,3.97,1586
HOBBIES_2_128,4.498808844507846,4.97,0.07,4.97,2804
HOBBIES_2_129,0.23993740795287188,0.23,0.12,0.47,2716
HOBBIES_2_130,6.878714944976926,6.97,3.5,7.47,2817
HOBBIES_2_131,6.044448979591836,5.97,3.88,6.57,2695
HOBBIES_2_132,2.871919770773639,2.88,1.0,2.88,698
HOBBIES_2_133,2.7745620437956204,2.77,2.33,2.88,2740
HOBBIES_2_134,6.30641746854182,6.97,3.97,6.97,2702
HOBBIES_2_135,0.5370444033302497,0.57,0.45,0.57,2162
HOBBIES_2_136,2.772962016070124,2.77,2.0,2.88,2738
HOBBIES_2_137,2.9695298542548194,2.97,1.97,2.97,2127
HOBBIES_2_138,0.9698013245033111,0.97,0.87,0.97,1510
HOBBIES_2_139,4.967971014492754,4.97,4.47,4.97,1725
HOBBIES_2_140,2.614340448823208,2.47,0.98,2.77,1827
HOBBIES_2_141,0.5353168843734881,0.53,0.5,0.57,2067
HOBBIES_2_142,0.2312540192926045,0.23,0.2,0.47,2799
HOBBIES_2_143,1.0231525804038892,0.97,0.27,1.57,2674
HOBBIES_2_144,0.5289508793208005,0.5,0.5,0.57,1649
HOBBIES_2_145,2.77273987595768,2.77,2.33,2.88,2741
HOBBIES_2_146,1.9689577363896849,1.97,1.0,1.97,2792
HOBBIES_2_147,0.9700000000000001,0.97,0.97,0.97,1536
HOBBIES_2_148,0.8437276626161544,0.88,0.77,1.17,2798
HOBBIES_2_149,1.4958830845771145,0.97,0.5,2.47,1608
HOUSEHOLD_1_001,6.075092658588738,5.97,2.5,7.32,2806
HOUSEHOLD_1_002,6.065435804701628,5.97,3.0,7.32,2765
HOUSEHOLD_1_003,8.97,8.97,8.97,8.97,1737
HOUSEHOLD_1_004,2.196167494677076,2.36,1.87,2.37,2818
HOUSEHOLD_1_005,10.04311135371179,9.97,4.88,10.72,2748
HOUSEHOLD_1_006,6.9581220657277,6.97,1.99,6.97,2769
HOUSEHOLD_1_007,1.4988544527265595,1.48,1.48,1.54,2549
HOUSEHOLD_1_008,5.423237957261861,5.47,3.88,5.47,2761
HOUSEHOLD_1_009,17.962604765817584,17.97,8.97,17.97,1217
HOUSEHOLD_1_010,3.0420954692556634,3.17,1.0,3.17,1236
HOUSEHOLD_1_011,4.625475177304964,4.63,3.97,4.97,2820
HOUSEHOLD_1_012,3.9122113943028487,3.92,0.93,3.92,2668
HOUSEHOLD_1_013,4.950125403081333,4.97,0.5,4.97,2791
HOUSEHOLD_1_014,17.95759538598048,17.97,2.99,17.97,2254
HOUSEHOLD_1_015,5.154453630481668,4.97,1.88,5.88,2782
HOUSEHOLD_1_016,4.851294326241135,4.88,1.5,4.98,2820
HOUSEHOLD_1_017,4.94619399739017,4.97,1.49,4.97,2299
HOUSEHOLD_1_018,10.053820224719102,9.97,9.97,10.47,2225
HOUSEHOLD_1_019,0.9761545711592837,0.98,0.96,0.98,2122
HOUSEHOLD_1_020,6.97,6.97,6.97,6.97,949
HOUSEHOLD_1_021,1.9431012891344384,1.98,1.0,1.98,2715
HOUSEHOLD_1_022,4.84,4.84,4.84,4.84,967
HOUSEHOLD_1_023,8.953657370517929,8.97,0.4,8.97,1255
HOUSEHOLD_1_024,1.47,1.47,1.47,1.47,1284
HOUSEHOLD_1_025,2.9793829787234043,2.98,1.99,2.98,2820
HOUSEHOLD_1_026,2.8865425971877583,2.87,2.87,2.97,1209
HOUSEHOLD_1_027,5.658501952431665,5.64,2.0,5.97,2817
HOUSEHOLD_1_028,2.8729198682766195,2.97,0.25,2.97,2733
HOUSEHOLD_1_029,6.969912638322656,6.96,3.98,7.48,1717
HOUSEHOLD_1_030,4.924314968308143,4.97,1.48,4.97,2051
HOUSEHOLD_1_032,10.720150618612156,10.86,7.0,10.86,1859
HOUSEHOLD_1_033,4.2473997871585665,4.47,0.74,4.47,2819
HOUSEHOLD_1_034,3.9457978723404254,3.94,2.5,4.37,2820
HOUSEHOLD_1_035,4.618804627249357,4.63,1.5,4.63,2334
HOUSEHOLD_1_036,2.9710989010989013,2.98,0.01,2.98,1001
HOUSEHOLD_1_037,4.032483150053211,3.97,1.5,4.23,2819
HOUSEHOLD_1_038,5.169886524822695,5.22,2.5,5.66,2820
HOUSEHOLD_1_039,2.8783660844250365,2.97,0.75,2.97,2748
HOUSEHOLD_1_040,4.532226804123711,4.47,3.47,4.94,2425
HOUSEHOLD_1_042,10.320036271309394,9.97,5.99,10.97,2757
HOUSEHOLD_1_043,2.856381048387097,2.97,0.99,2.97,992
HOUSEHOLD_1_044,17.97,17.97,17.97,17.97,1217
HOUSEHOLD_1_045,2.663264726756565,2.67,1.0,3.22,2818
HOUSEHOLD_1_046,3.748797872340425,3.78,3.62,3.78,2820
HOUSEHOLD_1_047,4.0303665158371045,3.97,1.0,4.23,2210
HOUSEHOLD_1_048,2.839613475177305,2.84,1.75,2.84,2820
HOUSEHOLD_1_049,5.77342522974102,5.97,4.67,5.97,1197
HOUSEHOLD_1_050,3.700192582025678,3.84,3.5,3.97,1402
HOUSEHOLD_1_051,2.9401349464867383,2.96,2.66,2.96,2149
HOUSEHOLD_1_052,4.048737261852016,3.97,0.99,4.23,2257
HOUSEHOLD_1_053,15.028539964476023,14.97,9.99,15.47,2815
HOUSEHOLD_1_054,3.92,3.92,3.92,3.92,973
HOUSEHOLD_1_055,3.9271879432624113,3.97,2.0,4.24,2820
HOUSEHOLD_1_056,11.878854609929078,11.97,3.24,12.47,2820
HOUSEHOLD_1_057,1.6883173629743196,1.66,0.5,1.77,2609
HOUSEHOLD_1_058,6.48,6.48,6.48,6.48,1525
HOUSEHOLD_1_059,2.9307320540156363,2.87,1.0,3.12,2814
HOUSEHOLD_1_060,29.94466296590008,29.97,15.0,29.97,1261
HOUSEHOLD_1_061,1.874578923147722,1.88,1.0,1.88,2173
HOUSEHOLD_1_062,4.98,4.98,4.98,4.98,2544
HOUSEHOLD_1_063,10.305888969521046,10.97,4.99,10.97,2756
HOUSEHOLD_1_064,5.77598310652276,5.78,1.5,5.78,2131
HOUSEHOLD_1_065,0.98,0.98,0.98,0.98,2349
HOUSEHOLD_1_066,3.027970852017937,2.96,2.96,3.34,1784
HOUSEHOLD_1_067,4.320301418439716,4.47,1.5,4.47,2820
HOUSEHOLD_1_068,6.965355484101464,6.97,5.97,6.97,2799
HOUSEHOLD_1_069,1.9698333333333335,1.97,1.5,1.97,2820
HOUSEHOLD_1_070,3.6814705882352943,3.93,0.25,3.97,2584
HOUSEHOLD_1_071,2.0996611081226466,1.98,1.49,2.36,1859
HOUSEHOLD_1_072,8.004335363668936,7.98,7.98,8.96,2791
HOUSEHOLD_1_073,8.448606856309263,8.48,3.5,8.88,2742
HOUSEHOLD_1_074,4.993767392079914,4.97,1.97,6.44,2803
HOUSEHOLD_1_075,2.7283503649635037,2.73,1.0,2.73,2740
HOUSEHOLD_1_076,4.964489947877886,4.98,3.75,4.98,1343
HOUSEHOLD_1_077,6.491012514220706,6.42,1.0,6.98,1758
HOUSEHOLD_1_078,2.8385906040268454,2.84,1.69,2.97,2384
HOUSEHOLD_1_079,4.851480545730166,4.88,2.15,4.88,1979
HOUSEHOLD_1_080,10.066305852737571,9.97,6.0,10.47,1589
HOUSEHOLD_1_081,8.178038439796495,7.98,6.0,8.47,1769
HOUSEHOLD_1_082,3.48,3.48,3.48,3.48,2220
HOUSEHOLD_1_083,0.977043354655295,0.98,0.5,0.98,2814
HOUSEHOLD_1_085,16.55482788671024,16.67,7.17,16.67,2295
HOUSEHOLD_1_086,4.934116394606104,4.97,0.43,5.27,2818
HOUSEHOLD_1_087,4.322741134751773,4.47,3.37,4.47,2820
HOUSEHOLD_1_088,5.968879432624113,5.97,2.99,6.42,2820
HOUSEHOLD_1_089,5.08764405543399,5.22,3.0,5.22,2742
HOUSEHOLD_1_090,2.9292853806632415,2.96,2.5,2.96,2141
HOUSEHOLD_1_091,6.948049303322615,6.97,3.0,6.97,2799
HOUSEHOLD_1_092,1.687100889060688,1.66,0.5,1.77,2587
HOUSEHOLD_1_093,3.9511075338055375,3.94,1.89,3.98,1553
HOUSEHOLD_1_094,3.5922450765864333,3.48,3.17,3.88,2285
HOUSEHOLD_1_095,6.103628917378916,5.97,2.5,7.32,2808
HOUSEHOLD_1_096,3.647542105263158,3.5,3.5,3.97,1900
HOUSEHOLD_1_097,3.9977411347517733,3.97,1.97,4.54,2820
HOUSEHOLD_1_098,7.98,7.98,7.98,7.98,920
HOUSEHOLD_1_099,2.366354826686545,2.37,1.49,2.37,2683
HOUSEHOLD_1_100,8.030326472675656,7.97,6.97,8.78,2818
HOUSEHOLD_1_101,2.3657785714285717,2.37,1.97,2.37,2800
HOUSEHOLD_1_102,17.917194004995835,17.97,1.99,17.97,1201
HOUSEHOLD_1_103,4.8806391304347825,4.94,4.64,4.97,2300
HOUSEHOLD_1_104,2.97,2.97,2.97,2.97,1515
HOUSEHOLD_1_105,4.038381358946994,3.98,2.0,4.23,2811
HOUSEHOLD_1_106,9.102247744052503,8.97,8.97,9.46,1219
HOUSEHOLD_1_107,3.48,3.48,3.48,3.48,2189
HOUSEHOLD_1_108,4.852693674484719,4.88,4.74,5.26,2814
HOUSEHOLD_1_109,3.7600390070921983,3.97,1.0,3.97,2820
HOUSEHOLD_1_110,3.6473004201680674,3.5,3.5,3.97,1904
HOUSEHOLD_1_112,2.97,2.97,2.97,2.97,2744
HOUSEHOLD_1_113,5.8855918106206015,5.74,5.74,6.47,1563
HOUSEHOLD_1_114,0.9698968338669512,0.97,0.77,0.97,2811
HOUSEHOLD_1_115,4.953159737417943,4.97,0.49,4.97,2285
HOUSEHOLD_1_116,2.9677827050997783,2.97,1.0,2.97,902
HOUSEHOLD_1_117,8.247902247591865,7.97,5.48,8.97,2803
HOUSEHOLD_1_118,0.97,0.97,0.97,0.97,2596
HOUSEHOLD_1_119,3.5670445344129553,3.64,2.86,3.74,2717
HOUSEHOLD_1_120,4.456163793103448,4.47,2.5,4.47,2320
HOUSEHOLD_1_121,2.4764991433466594,2.48,0.99,2.48,1751
HOUSEHOLD_1_122,2.261849342367477,2.26,2.26,2.42,2509
HOUSEHOLD_1_123,8.960876979293545,8.97,5.99,8.97,1642
HOUSEHOLD_1_124,3.9933386517750296,3.98,3.98,4.36,2507
HOUSEHOLD_1_125,5.724263289332857,5.72,5.72,6.34,2803
HOUSEHOLD_1_126,8.76162399414777,8.96,3.97,8.96,2734
HOUSEHOLD_1_127,7.9783870967741946,7.98,3.98,7.98,2480
HOUSEHOLD_1_128,2.678650939918909,2.67,0.99,2.83,2713
HOUSEHOLD_1_129,3.883081560283688,3.98,3.67,4.23,2820
HOUSEHOLD_1_130,6.491009697661152,6.42,3.5,6.98,1753
HOUSEHOLD_1_131,4.9152540415704395,4.94,1.0,4.94,866
HOUSEHOLD_1_132,1.9278219226676125,1.97,1.0,1.97,2819
HOUSEHOLD_1_133,3.119739478957916,3.12,2.5,3.22,1996
HOUSEHOLD_1_134,4.052235717498876,3.97,1.49,4.23,2223
HOUSEHOLD_1_135,1.4800675961132235,1.48,1.48,1.52,2367
HOUSEHOLD_1_136,4.299074468085106,4.47,0.99,4.47,2820
HOUSEHOLD_1_137,12.963165374677002,12.98,5.93,12.98,774
HOUSEHOLD_1_138,4.953483664772727,4.97,0.5,4.97,2816
HOUSEHOLD_1_139,4.98,4.98,4.98,4.98,1515
HOUSEHOLD_1_140,15.066197802197802,14.97,13.97,15.47,2730
HOUSEHOLD_1_141,1.7916702127659576,1.77,0.97,1.87,2820
HOUSEHOLD_1_142,5.985397923875432,5.97,1.44,6.27,2023
HOUSEHOLD_1_143,1.97,1.97,1.97,1.97,1628
HOUSEHOLD_1_144,2.9321340131099785,2.97,1.0,2.97,2746
HOUSEHOLD_1_145,2.045276595744681,1.98,1.98,2.24,2820
HOUSEHOLD_1_146,6.060918439716312,5.98,3.25,6.24,2820
HOUSEHOLD_1_147,1.1939716312056738,1.14,0.39,1.57,2820
HOUSEHOLD_1_148,5.865447087776866,5.88,2.39,5.92,1219
HOUSEHOLD_1_149,0.9701347995743171,0.97,0.97,0.98,2819
HOUSEHOLD_1_150,12.246588894073728,12.48,7.97,12.48,2143
HOUSEHOLD_1_151,0.9241900075700227,0.93,0.5,1.28,2642
HOUSEHOLD_1_152,9.95658735554045,9.98,3.5,9.98,1471
HOUSEHOLD_1_153,1.97,1.97,1.97,1.97,1748
HOUSEHOLD_1_154,3.2382575757575753,3.28,0.99,3.38,2376
HOUSEHOLD_1_155,3.4698600247015237,3.47,3.13,3.47,2429
HOUSEHOLD_1_156,2.73,2.73,2.73,2.73,859
HOUSEHOLD_1_157,4.348274853801169,4.47,2.93,4.47,2736
HOUSEHOLD_1_158,3.547770562770563,3.24,2.24,4.17,2310
HOUSEHOLD_1_159,7.929999999999999,7.93,7.93,7.93,623
HOUSEHOLD_1_160,10.326539301310044,9.97,8.94,10.97,2748
HOUSEHOLD_1_161,12.553315051797686,12.88,7.88,12.88,1641
HOUSEHOLD_1_162,5.638479573712256,5.64,1.5,5.97,2815
HOUSEHOLD_1_163,9.977937716262977,9.98,7.0,9.98,1445
HOUSEHOLD_1_164,2.8852526926263464,2.87,0.98,2.97,1207
HOUSEHOLD_1_165,17.94649044868947,17.97,2.0,17.97,2251
HOUSEHOLD_1_166,4.948040924592648,4.97,0.38,4.97,2639
HOUSEHOLD_1_167,2.816014234875445,2.74,2.74,2.98,2248
HOUSEHOLD_1_168,2.9474173369079537,2.97,1.49,2.97,2238
HOUSEHOLD_1_169,2.9595511767925564,2.94,2.94,3.28,1827
HOUSEHOLD_1_170,1.9622903516681693,1.96,1.96,1.98,2218
HOUSEHOLD_1_171,8.96522182786158,8.97,1.17,8.97,2254
HOUSEHOLD_1_172,1.9706739278420695,1.96,1.96,2.12,1469
HOUSEHOLD_1_173,0.9700000000000001,0.97,0.97,0.97,2370
HOUSEHOLD_1_174,5.769008130081301,5.88,0.55,5.92,2460
HOUSEHOLD_1_175,4.857705735660848,4.88,2.5,4.98,2807
HOUSEHOLD_1_176,3.8873220704529117,3.98,3.74,3.98,2782
HOUSEHOLD_1_177,7.46413475177305,7.5,5.97,7.97,2820
HOUSEHOLD_1_178,4.434948563320326,4.47,3.97,4.47,2819
HOUSEHOLD_1_179,0.957659574468085,0.97,0.84,0.98,2820
HOUSEHOLD_1_180,2.927974261201144,2.98,1.0,2.98,2098
HOUSEHOLD_1_181,4.040574468085106,3.98,3.92,4.23,2820
HOUSEHOLD_1_182,4.190149041873669,3.97,0.99,4.97,2818
HOUSEHOLD_1_183,4.7836605584642236,4.88,1.5,4.88,2292
HOUSEHOLD_1_184,12.023053191489362,11.97,1.95,12.47,2820
HOUSEHOLD_1_185,2.859063670411985,2.87,0.62,2.97,1335
HOUSEHOLD_1_186,3.1163497694217805,2.97,1.29,3.47,2819
HOUSEHOLD_1_187,6.524632768361582,6.48,6.48,6.98,885
HOUSEHOLD_1_188,3.993636363636364,3.98,3.98,4.36,2508
HOUSEHOLD_1_189,5.483877995642701,5.48,1.0,5.88,2754
HOUSEHOLD_1_190,4.945794912559618,4.94,4.94,4.97,1258
HOUSEHOLD_1_191,3.231397163120567,3.28,0.96,3.38,2820
HOUSEHOLD_1_192,3.6321205673758863,3.62,3.62,4.63,2820
HOUSEHOLD_1_193,2.42,2.42,2.42,2.42,1107
HOUSEHOLD_1_194,4.98,4.98,4.98,4.98,2274
HOUSEHOLD_1_195,3.8790851581508514,3.88,2.0,3.88,2055
HOUSEHOLD_1_196,1.9281879432624112,1.97,0.78,1.97,2820
HOUSEHOLD_1_197,4.86591134751773,4.97,4.46,5.66,2820
HOUSEHOLD_1_198,0.9772109569548204,0.98,0.97,0.98,2811
HOUSEHOLD_1_199,1.6887869362363916,1.66,0.5,1.77,2572
HOUSEHOLD_1_200,1.9936960514233244,1.98,0.99,2.08,2178
HOUSEHOLD_1_201,4.84,4.84,4.84,4.84,731
HOUSEHOLD_1_202,1.979404690318701,1.98,0.99,1.98,1663
HOUSEHOLD_1_203,4.954136460554372,4.97,2.0,4.97,2814
HOUSEHOLD_1_204,1.8827470431133153,1.88,1.88,2.16,2621
HOUSEHOLD_1_205,5.9581985756179305,5.97,5.94,5.97,2387
HOUSEHOLD_1_206,4.876538871139511,4.92,2.37,4.98,2817
HOUSEHOLD_1_207,7.936140613313388,7.97,1.0,7.97,2674
HOUSEHOLD_1_208,0.9337311385459535,0.93,0.93,0.97,729
HOUSEHOLD_1_209,3.5336167800453517,3.47,2.0,3.62,882
HOUSEHOLD_1_210,4.602641237855344,4.68,1.97,4.78,2779
HOUSEHOLD_1_211,3.874014909478168,3.87,3.82,4.52,2817
HOUSEHOLD_1_212,4.60669376693767,4.63,0.75,5.22,2583
HOUSEHOLD_1_213,4.48,4.48,4.48,4.48,1166
HOUSEHOLD_1_214,1.794576734025123,1.87,0.99,1.87,1831
HOUSEHOLD_1_215,2.2013247863247867,2.18,1.96,2.66,2808
HOUSEHOLD_1_216,11.97,11.97,11.97,11.97,987
HOUSEHOLD_1_217,1.885918604651163,1.83,1.83,1.97,1720
HOUSEHOLD_1_218,1.9366231155778895,1.94,1.0,1.98,1990
HOUSEHOLD_1_219,6.626612679315132,6.48,3.29,6.98,2161
HOUSEHOLD_1_220,1.8858857808857807,1.83,1.83,1.97,1716
HOUSEHOLD_1_221,12.126557377049181,11.97,10.97,12.57,1220
HOUSEHOLD_1_222,10.3181336238199,9.97,7.97,10.97,2754
HOUSEHOLD_1_223,9.463799196787148,9.47,4.5,9.47,2490
HOUSEHOLD_1_224,8.259435369318181,7.97,3.38,8.97,2816
HOUSEHOLD_1_225,1.6807380073800737,1.64,1.64,1.88,1897
HOUSEHOLD_1_226,2.9566333333333334,2.98,2.88,2.98,1200
HOUSEHOLD_1_227,2.73,2.73,2.73,2.73,858
HOUSEHOLD_1_228,9.361740064446831,9.47,4.47,9.47,2793
HOUSEHOLD_1_229,2.8741919007661436,2.96,2.38,2.96,2741
HOUSEHOLD_1_230,3.2567659574468086,3.28,2.92,3.28,2820
HOUSEHOLD_1_231,2.971334503950834,2.98,2.4,2.98,1139
HOUSEHOLD_1_232,4.05949594959496,3.97,1.39,4.23,2222
HOUSEHOLD_1_233,11.35599513381995,10.97,4.17,11.97,2055
HOUSEHOLD_1_234,0.9700000000000001,0.97,0.97,0.97,2820
HOUSEHOLD_1_235,3.5201789627465305,3.47,1.49,3.88,2738
HOUSEHOLD_1_236,2.5192650731359256,2.47,0.88,2.64,2803
HOUSEHOLD_1_237,5.876820319849482,5.88,2.5,5.88,1063
HOUSEHOLD_1_238,2.4742482915717536,2.48,0.99,2.48,1756
HOUSEHOLD_1_239,3.9631167763157897,3.97,1.99,3.97,1216
HOUSEHOLD_1_241,7.939575134168157,7.94,6.99,7.94,2236
HOUSEHOLD_1_242,4.864366666666666,4.88,0.99,4.88,600
HOUSEHOLD_1_243,1.97,1.97,1.97,1.97,2820
HOUSEHOLD_1_244,3.160831600831601,2.96,2.96,3.38,1443
HOUSEHOLD_1_245,2.584121274409044,2.63,2.48,2.74,973
HOUSEHOLD_1_246,3.98,3.98,3.98,3.98,776
HOUSEHOLD_1_247,0.97,0.97,0.97,0.97,2812
HOUSEHOLD_1_248,8.959029255319148,8.97,1.17,8.97,2256
HOUSEHOLD_1_249,7.969999999999999,7.97,7.97,7.97,1752
HOUSEHOLD_1_250,2.68,2.68,2.68,2.68,1404
HOUSEHOLD_1_251,1.9798809066461776,1.98,1.67,1.98,2603
HOUSEHOLD_1_252,9.457764654418199,9.47,4.97,9.47,2286
HOUSEHOLD_1_253,3.5295833333333335,3.47,1.99,3.62,888
HOUSEHOLD_1_254,0.9756047032474804,0.98,0.97,0.98,1786
HOUSEHOLD_1_255,9.362908380681818,9.47,4.5,9.47,2816
HOUSEHOLD_1_256,5.884152482269503,5.97,1.99,5.97,2820
HOUSEHOLD_1_257,5.1812405063291145,5.24,1.5,5.44,1580
HOUSEHOLD_1_258,2.968955026455027,2.97,1.39,2.97,1512
HOUSEHOLD_1_259,9.64572340425532,10.97,5.99,11.52,2820
HOUSEHOLD_1_260,2.97,2.97,2.97,2.97,1533
HOUSEHOLD_1_261,5.995862068965517,5.97,4.97,6.97,1856
HOUSEHOLD_1_262,0.97,0.97,0.97,0.97,1651
HOUSEHOLD_1_263,7.56087626384208,7.48,2.99,7.98,2077
HOUSEHOLD_1_264,7.264963181148748,7.47,3.0,7.47,1358
HOUSEHOLD_1_265,4.475035486160397,4.46,2.99,4.92,2818
HOUSEHOLD_1_266,1.0017184643510055,1.0,1.0,2.88,1094
HOUSEHOLD_1_267,9.722097744360902,9.74,4.99,9.97,1330
HOUSEHOLD_1_268,8.337689850958125,8.37,4.37,8.37,2818
HOUSEHOLD_1_269,2.9712021660649817,2.96,1.25,3.12,2770
HOUSEHOLD_1_270,9.939047962495492,9.98,3.99,9.98,2773
HOUSEHOLD_1_271,2.9793569553805774,2.98,2.0,2.98,1524
HOUSEHOLD_1_272,9.953276595744681,9.97,6.97,10.94,2820
HOUSEHOLD_1_274,4.931961852861036,4.94,1.99,4.94,734
HOUSEHOLD_1_275,2.97,2.97,2.97,2.97,2731
HOUSEHOLD_1_276,17.179195804195803,17.97,12.78,17.97,2574
HOUSEHOLD_1_277,0.9760466245750364,0.98,0.96,0.98,2059
HOUSEHOLD_1_278,6.175235982250908,5.97,3.0,6.97,2479
HOUSEHOLD_1_279,0.9700543281419775,0.97,0.97,1.12,2761
HOUSEHOLD_1_280,4.97,4.97,4.97,4.97,2163
HOUSEHOLD_1_281,4.9143311582381735,4.97,1.5,4.97,2452
HOUSEHOLD_1_282,3.885603038936372,3.98,2.88,3.98,2106
HOUSEHOLD_1_283,1.4799924127465856,1.48,1.47,1.48,1318
HOUSEHOLD_1_284,4.948931297709923,4.94,4.94,4.97,1441
HOUSEHOLD_1_285,2.7464969271290602,2.76,2.72,2.76,2278
HOUSEHOLD_1_286,4.876125265392781,4.93,0.5,4.93,942
HOUSEHOLD_1_287,4.61790780141844,4.63,0.26,4.97,2820
HOUSEHOLD_1_288,8.119381307591048,7.98,4.5,8.47,2279
HOUSEHOLD_1_289,5.099974424552429,5.22,2.0,5.22,2737
HOUSEHOLD_1_290,9.863569563595673,9.88,3.39,9.88,2681
HOUSEHOLD_1_291,3.6917849073655673,3.72,3.54,3.76,2213
HOUSEHOLD_1_292,6.619277108433735,6.48,3.0,6.98,2158
HOUSEHOLD_1_293,12.370310711365496,12.47,8.97,12.47,1223
HOUSEHOLD_1_294,1.989393613204162,1.97,1.0,2.27,2787
HOUSEHOLD_1_295,2.98,2.98,2.98,2.98,2684
HOUSEHOLD_1_296,4.937977067977068,4.97,1.99,4.97,1221
HOUSEHOLD_1_297,7.939508977647491,7.94,2.0,8.48,2729
HOUSEHOLD_1_298,3.626470325747434,3.72,1.0,3.76,2241
HOUSEHOLD_1_299,5.001592920353982,4.97,0.43,5.27,1582
HOUSEHOLD_1_300,4.873619565217391,4.88,1.89,4.88,920
HOUSEHOLD_1_301,4.877820823244552,4.94,4.64,4.97,2065
HOUSEHOLD_1_302,8.38474688187821,8.47,7.62,9.87,2726
HOUSEHOLD_1_303,0.9579226878612715,0.97,0.84,0.98,2768
HOUSEHOLD_1_304,2.0970977917981073,1.98,1.98,2.36,1902
HOUSEHOLD_1_305,2.9710651629072684,2.97,2.97,3.12,2394
HOUSEHOLD_1_306,1.9691923397169027,1.97,1.0,1.97,1201
HOUSEHOLD_1_307,2.886598192276089,2.87,2.87,2.97,1217
HOUSEHOLD_1_308,6.931495327102804,6.94,1.48,6.94,642
HOUSEHOLD_1_309,6.799936170212765,6.97,5.92,6.97,2820
HOUSEHOLD_1_310,7.476078014184398,7.5,5.97,7.97,2820
HOUSEHOLD_1_311,3.893781278962002,3.97,0.27,3.97,1079
HOUSEHOLD_1_312,2.365542920029347,2.37,2.28,2.37,2726
HOUSEHOLD_1_313,4.195900709219858,3.97,1.99,4.97,2820
HOUSEHOLD_1_314,7.98,7.98,7.98,7.98,885
HOUSEHOLD_1_315,9.478577165806081,9.48,7.0,9.48,1743
HOUSEHOLD_1_316,3.9668333333333337,3.97,3.0,3.98,2820
HOUSEHOLD_1_317,1.9211090909090907,1.96,1.34,1.96,1100
HOUSEHOLD_1_318,2.92053415061296,2.98,1.0,2.98,2284
HOUSEHOLD_1_319,1.9434572756524848,1.98,1.0,1.98,2797
HOUSEHOLD_1_320,4.481440251572327,4.47,0.5,4.94,1590
HOUSEHOLD_1_321,2.962947853848883,2.97,1.29,3.47,2819
HOUSEHOLD_1_322,2.8631939799331105,2.87,0.89,2.97,1196
HOUSEHOLD_1_323,4.92240727532097,4.97,1.99,5.48,2804
HOUSEHOLD_1_324,5.908638297872341,5.97,2.0,5.97,2820
HOUSEHOLD_1_325,3.5060138081395347,3.47,0.99,3.88,2752
HOUSEHOLD_1_326,4.85987557767508,4.88,2.0,4.98,2813
HOUSEHOLD_1_327,0.957252669039146,0.97,0.84,0.98,2810
HOUSEHOLD_1_328,4.7287468247248094,4.84,4.47,4.94,1181
HOUSEHOLD_1_329,4.954324681038275,4.97,1.99,4.97,2273
HOUSEHOLD_1_330,2.4188166666666664,2.42,1.0,2.42,1200
HOUSEHOLD_1_331,4.854333333333333,4.88,1.5,4.88,2820
HOUSEHOLD_1_332,9.741204576043069,9.74,2.0,9.97,1486
HOUSEHOLD_1_333,2.95015278283012,2.97,2.73,3.46,2749
HOUSEHOLD_1_334,0.9761647058823529,0.98,0.96,0.98,2125
HOUSEHOLD_1_335,8.959860609189468,8.97,0.99,9.42,1937
HOUSEHOLD_1_336,4.87,4.87,4.87,4.87,2436
HOUSEHOLD_1_337,4.967795431976167,4.97,2.5,4.97,2014
HOUSEHOLD_1_338,3.954348646947766,3.94,3.94,3.98,1589
HOUSEHOLD_1_339,0.9760436893203883,0.98,0.96,0.98,2060
HOUSEHOLD_1_340,4.9602166193181825,4.98,1.97,4.98,2816
HOUSEHOLD_1_341,4.853026264210113,4.88,2.0,4.88,2551
HOUSEHOLD_1_342,17.916592956592957,17.97,1.0,17.97,1221
HOUSEHOLD_1_343,4.9378026269080575,4.97,2.5,5.27,2817
HOUSEHOLD_1_344,7.963351063829788,7.98,7.93,7.98,2820
HOUSEHOLD_1_345,3.9408120567375886,3.88,1.98,4.32,2820
HOUSEHOLD_1_346,4.04232260907889,3.98,3.94,4.23,2269
HOUSEHOLD_1_347,7.966097907059241,7.97,1.5,7.97,2819
HOUSEHOLD_1_348,1.9428185328185328,1.98,1.86,2.47,2072
HOUSEHOLD_1_349,2.9491419141914195,2.94,2.94,3.28,1212
HOUSEHOLD_1_350,2.84653984206748,2.74,1.0,2.98,2786
HOUSEHOLD_1_351,0.9752678571428571,0.98,0.5,0.98,2128
HOUSEHOLD_1_353,3.4387609329446063,3.44,2.0,3.44,2744
HOUSEHOLD_1_354,1.929560283687943,1.93,0.69,1.93,2820
HOUSEHOLD_1_355,8.17802197802198,7.98,2.0,8.47,1820
HOUSEHOLD_1_356,5.946947791164659,5.96,1.46,5.96,1494
HOUSEHOLD_1_357,12.017194602272726,11.97,2.99,12.47,2816
HOUSEHOLD_1_358,9.89005120327701,9.97,3.88,9.97,1953
HOUSEHOLD_1_359,6.7953046909250325,6.98,5.47,6.98,2281
HOUSEHOLD_1_360,3.9696842852075207,3.97,1.5,4.42,2819
HOUSEHOLD_1_361,1.855145728643216,1.88,1.0,1.88,1990
HOUSEHOLD_1_362,7.968936170212765,7.97,4.97,7.97,2820
HOUSEHOLD_1_363,2.9681261154074954,2.97,1.29,2.97,1681
HOUSEHOLD_1_364,7.473963804116395,7.48,2.99,7.86,2818
HOUSEHOLD_1_365,4.017780141843971,3.97,3.82,4.18,2820
HOUSEHOLD_1_366,5.9556242568370985,5.96,4.44,5.96,2523
HOUSEHOLD_1_367,3.97,3.97,3.97,3.97,2722
HOUSEHOLD_1_368,8.51332269503546,8.48,1.0,10.68,2820
HOUSEHOLD_1_369,3.6915309734513277,3.72,1.39,3.76,2260
HOUSEHOLD_1_370,6.932336879432624,6.98,6.37,7.27,2820
HOUSEHOLD_1_371,4.859553072625698,4.94,4.64,4.94,895
HOUSEHOLD_1_372,1.9669787234042553,1.97,0.99,1.97,2820
HOUSEHOLD_1_373,3.404387423202024,3.42,3.22,3.42,2767
HOUSEHOLD_1_374,3.9188721804511277,3.97,0.36,3.97,2793
HOUSEHOLD_1_375,7.949851063829787,7.97,1.0,7.97,2820
HOUSEHOLD_1_376,5.023195035460993,4.98,4.0,5.44,2820
HOUSEHOLD_1_377,8.749097370291402,8.96,3.0,8.96,2814
HOUSEHOLD_1_378,22.70312678741659,22.98,11.99,22.98,1049
HOUSEHOLD_1_379,0.97,0.97,0.97,0.97,2810
HOUSEHOLD_1_380,4.57,4.57,4.57,4.57,1489
HOUSEHOLD_1_381,4.834631205673759,4.97,2.5,4.97,2820
HOUSEHOLD_1_382,2.28,2.28,2.28,2.28,987
HOUSEHOLD_1_383,3.436451240623197,3.48,1.25,3.48,1733
HOUSEHOLD_1_384,4.84,4.84,4.84,4.84,1275
HOUSEHOLD_1_385,1.97,1.97,1.97,1.97,1605
HOUSEHOLD_1_386,2.9390256959314778,2.96,2.86,2.96,1868
HOUSEHOLD_1_387,2.957521276595745,2.97,1.29,3.47,2820
HOUSEHOLD_1_388,3.5066139954853273,3.47,1.98,3.62,886
HOUSEHOLD_1_389,0.9571489361702127,0.97,0.84,0.98,2820
HOUSEHOLD_1_390,1.8674712643678162,1.88,1.83,1.88,870
HOUSEHOLD_1_393,1.977304347826087,1.98,0.99,1.98,2185
HOUSEHOLD_1_394,4.874984083674398,4.88,0.99,4.88,2199
HOUSEHOLD_1_395,4.854620567375886,4.88,0.99,4.98,2820
HOUSEHOLD_1_396,3.9649475383373693,3.97,1.99,4.13,1239
HOUSEHOLD_1_397,2.7671382978723402,2.77,1.0,3.22,2820
HOUSEHOLD_1_398,2.8775602140945584,2.87,2.84,2.96,2242
HOUSEHOLD_1_399,1.0386729117876659,1.07,0.49,1.07,2562
HOUSEHOLD_1_400,6.97,6.97,6.97,6.97,1735
HOUSEHOLD_1_401,9.362902767920511,9.47,6.47,9.47,2818
HOUSEHOLD_1_402,6.946204620462046,6.97,5.34,6.97,909
HOUSEHOLD_1_403,3.989230174081238,3.93,0.25,4.28,2585
HOUSEHOLD_1_404,2.6775322283609575,2.67,0.99,2.83,2715
HOUSEHOLD_1_405,2.98,2.98,2.98,2.98,1270
HOUSEHOLD_1_406,4.881238859180035,4.97,0.99,4.97,2244
HOUSEHOLD_1_407,5.179489230769231,5.24,1.48,5.24,1625
HOUSEHOLD_1_408,5.573846699787083,5.48,1.5,5.98,2818
HOUSEHOLD_1_409,2.9605254860746193,2.94,2.94,3.28,1903
HOUSEHOLD_1_410,4.259478538488826,4.47,1.5,4.47,2819
HOUSEHOLD_1_411,3.157551988325429,3.28,1.5,3.28,2741
HOUSEHOLD_1_412,18.110644202180374,17.97,12.99,18.96,2018
HOUSEHOLD_1_413,18.054144854786664,17.97,5.74,20.46,2789
HOUSEHOLD_1_414,0.9602233363719235,0.97,0.84,0.98,2194
HOUSEHOLD_1_415,12.566610169491526,12.58,5.0,13.21,2419
HOUSEHOLD_1_416,3.528993824918271,3.47,1.39,3.88,2753
HOUSEHOLD_1_417,5.478665246716365,5.48,1.72,5.48,2817
HOUSEHOLD_1_418,0.9761719116956318,0.98,0.96,0.99,2129
HOUSEHOLD_1_419,8.928341176470587,8.94,2.0,8.94,1700
HOUSEHOLD_1_420,6.43966688874084,6.42,6.42,6.48,1501
HOUSEHOLD_1_421,6.168009433962264,5.98,5.47,6.64,2120
HOUSEHOLD_1_422,3.6312191235059763,3.62,1.0,3.98,2510
HOUSEHOLD_1_423,2.961676136363636,2.96,2.96,2.98,704
HOUSEHOLD_1_424,2.956864530225783,2.97,0.19,2.97,2746
HOUSEHOLD_1_425,1.9662836879432624,1.97,0.97,1.97,2820
HOUSEHOLD_1_426,2.5196833250865907,2.48,2.48,2.62,2021
HOUSEHOLD_1_427,5.9485351329892815,5.96,4.96,5.96,2519
HOUSEHOLD_1_428,7.966996453900709,7.97,1.5,7.97,2820
HOUSEHOLD_1_429,2.9551499999999997,2.98,2.88,2.98,1200
HOUSEHOLD_1_430,0.9561817406143345,0.97,0.94,0.98,2344
HOUSEHOLD_1_431,7.418405197873597,7.48,5.0,7.88,1693
HOUSEHOLD_1_432,3.9559640933572715,3.97,1.5,4.16,2785
HOUSEHOLD_1_433,8.958172888015717,8.97,3.97,8.97,1018
HOUSEHOLD_1_434,3.9277553191489365,3.97,2.74,4.46,2820
HOUSEHOLD_1_435,7.973209621993128,7.93,7.93,8.47,1455
HOUSEHOLD_1_436,10.861691595441595,10.97,4.97,11.97,2808
HOUSEHOLD_1_437,3.2310925860234123,3.28,1.92,3.38,2819
HOUSEHOLD_1_438,7.333666666666668,7.48,6.56,7.48,2820
HOUSEHOLD_1_439,0.9580170273146507,0.97,0.94,0.98,2819
HOUSEHOLD_1_440,15.03144586894587,14.97,11.99,15.47,2808
HOUSEHOLD_1_441,2.832707423580786,2.87,2.77,3.22,1145
HOUSEHOLD_1_442,8.97,8.97,8.97,8.97,1191
HOUSEHOLD_1_443,2.5097534445250185,2.47,0.01,2.64,2758
HOUSEHOLD_1_444,4.877514705882353,4.88,1.5,4.88,1360
HOUSEHOLD_1_445,1.930273224043716,1.97,1.0,1.97,2745
HOUSEHOLD_1_446,3.9197659574468084,3.93,3.88,4.48,2820
HOUSEHOLD_1_447,0.9761556603773585,0.98,0.96,0.98,2120
HOUSEHOLD_1_448,0.9750962695547533,0.98,0.96,0.98,1662
HOUSEHOLD_1_449,15.136537911301861,14.97,11.99,15.72,1398
HOUSEHOLD_1_450,3.4385334158415843,3.42,3.42,3.47,1616
HOUSEHOLD_1_451,6.954445952057893,6.98,1.5,7.47,2211
HOUSEHOLD_1_452,3.3042411347517735,3.47,1.53,3.47,2820
HOUSEHOLD_1_453,2.098389694041868,1.98,1.98,2.36,1863
HOUSEHOLD_1_454,2.97,2.97,2.97,2.97,2050
HOUSEHOLD_1_455,2.97,2.97,2.97,2.97,1210
HOUSEHOLD_1_456,6.966812053925456,6.97,2.95,6.97,1261
HOUSEHOLD_1_457,10.07043804755945,9.97,9.97,10.47,1598
HOUSEHOLD_1_458,2.4613053435114502,2.48,0.5,2.48,2620
HOUSEHOLD_1_459,0.9761665098777046,0.98,0.96,0.98,2126
HOUSEHOLD_1_460,3.89695390070922,3.88,0.18,3.97,2820
HOUSEHOLD_1_461,0.97,0.97,0.97,0.97,2582
HOUSEHOLD_1_462,2.197053435114504,2.36,0.99,2.37,2620
HOUSEHOLD_1_463,2.9795385481148005,2.98,2.16,2.98,1777
HOUSEHOLD_1_464,9.355655296229802,9.47,2.96,9.47,2785
HOUSEHOLD_1_465,0.9759198113207547,0.98,0.5,0.98,2120
HOUSEHOLD_1_466,3.963159268929504,3.96,3.62,3.97,1532
HOUSEHOLD_1_467,11.81189756507137,11.97,11.47,11.98,1191
HOUSEHOLD_1_468,4.980985815602837,4.98,4.94,6.22,2820
HOUSEHOLD_1_469,17.973520773638967,17.97,1.0,20.46,2792
HOUSEHOLD_1_470,2.978583690987125,2.98,1.0,2.98,2796
HOUSEHOLD_1_471,2.503706151499746,2.48,1.0,2.74,1967
HOUSEHOLD_1_472,4.82504609929078,4.82,3.82,5.28,2820
HOUSEHOLD_1_473,2.097234490010515,1.98,1.98,2.36,1902
HOUSEHOLD_1_474,0.9700000000000001,0.97,0.97,0.97,2820
HOUSEHOLD_1_475,2.6602912621359223,2.67,0.31,3.16,2781
HOUSEHOLD_1_476,4.84,4.84,4.84,4.84,767
HOUSEHOLD_1_477,13.058892149669846,13.48,5.97,13.48,2726
HOUSEHOLD_1_478,2.654173758865248,2.67,2.42,2.74,2820
HOUSEHOLD_1_479,7.484580873671782,7.52,6.98,7.56,2541
HOUSEHOLD_1_480,2.742715053763441,2.73,2.73,2.77,1488
HOUSEHOLD_1_481,4.880782608695652,4.94,4.64,4.97,2300
HOUSEHOLD_1_482,3.2245701357466063,3.28,1.96,3.38,2652
HOUSEHOLD_1_483,4.535792057117359,4.54,1.5,4.54,2241
HOUSEHOLD_1_484,9.97,9.97,9.97,9.97,694
HOUSEHOLD_1_485,2.97,2.97,2.97,2.97,2816
HOUSEHOLD_1_486,18.080677370797794,17.97,3.0,18.96,1993
HOUSEHOLD_1_487,1.9369519152404238,1.97,1.09,1.97,2454
HOUSEHOLD_1_488,9.889412844036698,9.98,8.97,9.98,2725
HOUSEHOLD_1_489,9.97,9.97,9.97,9.97,693
HOUSEHOLD_1_490,12.675695035460993,12.97,6.48,12.97,2820
HOUSEHOLD_1_491,6.43398813447594,6.42,1.0,6.48,1517
HOUSEHOLD_1_492,4.017547906316537,3.97,3.58,4.68,2818
HOUSEHOLD_1_493,2.755955934612651,2.73,1.99,2.97,2814
HOUSEHOLD_1_494,7.97,7.97,7.97,7.97,2571
HOUSEHOLD_1_495,3.5672612732095494,3.74,1.49,3.74,1508
HOUSEHOLD_1_496,7.932693208430913,7.93,7.93,7.98,854
HOUSEHOLD_1_497,15.19341054706752,14.97,9.97,15.72,2029
HOUSEHOLD_1_498,3.1577395315826826,3.28,1.29,3.82,2818
HOUSEHOLD_1_499,3.94824747231584,3.97,1.97,3.97,2077
HOUSEHOLD_1_500,4.439709639953542,4.44,3.94,4.44,1722
HOUSEHOLD_1_501,3.9660101801096324,3.97,3.96,3.97,2554
HOUSEHOLD_1_502,4.147818791946309,4.23,3.93,4.23,1192
HOUSEHOLD_1_503,1.0056985815602837,0.97,0.86,1.28,2820
HOUSEHOLD_1_504,3.1174163319946455,2.96,2.86,3.38,2241
HOUSEHOLD_1_505,2.5188407871198573,2.47,1.25,2.64,2795
HOUSEHOLD_1_506,3.533599537037037,3.47,1.49,3.88,2592
HOUSEHOLD_1_507,1.6904261913986827,1.66,1.66,1.77,2581
HOUSEHOLD_1_508,4.849449769258076,4.88,2.0,4.98,2817
HOUSEHOLD_1_509,3.044237288135593,3.17,2.83,3.17,1239
HOUSEHOLD_1_510,4.876973913043478,4.94,0.88,4.97,2300
HOUSEHOLD_1_511,6.003747514910536,5.97,3.33,6.27,2012
HOUSEHOLD_1_512,1.8699999999999999,1.87,1.87,1.87,1180
HOUSEHOLD_1_513,10.332771128037722,9.97,8.94,10.97,2757
HOUSEHOLD_1_514,3.6471728849185494,3.5,3.5,3.97,1903
HOUSEHOLD_1_515,2.4648952380952385,2.47,0.99,2.47,2100
HOUSEHOLD_1_516,1.9434042553191488,1.98,1.0,1.98,2820
HOUSEHOLD_1_517,0.9690318970341355,0.98,0.88,0.98,1787
HOUSEHOLD_1_518,6.966817102137767,6.97,2.95,6.97,1263
HOUSEHOLD_1_519,4.8588569400071,4.88,1.5,4.98,2817
HOUSEHOLD_1_520,5.579215755855217,5.48,4.97,5.98,2818
HOUSEHOLD_1_521,0.9576702127659575,0.97,0.84,0.98,2820
HOUSEHOLD_1_522,1.7819503546099291,1.74,1.73,1.84,2820
HOUSEHOLD_1_523,20.471290322580643,20.53,9.99,20.53,930
HOUSEHOLD_1_524,3.963152350081038,3.97,0.83,4.13,1234
HOUSEHOLD_1_525,4.033404255319149,3.97,1.5,4.23,2820
HOUSEHOLD_1_526,4.94,4.94,4.94,4.94,704
HOUSEHOLD_1_527,5.205924686192469,5.24,1.0,5.24,1195
HOUSEHOLD_1_528,2.9358752436647175,2.97,0.99,3.12,2565
HOUSEHOLD_1_529,2.9560569800569803,2.97,1.88,2.97,1755
HOUSEHOLD_1_530,1.9611229428848014,1.97,1.0,1.97,2066
HOUSEHOLD_1_531,8.247103931490853,7.98,2.5,9.87,2569
HOUSEHOLD_1_532,2.4793789341166597,2.48,1.0,2.48,2383
HOUSEHOLD_1_533,4.897837505129257,4.97,0.01,4.97,2437
HOUSEHOLD_1_534,9.964971181556196,9.97,6.48,9.97,694
HOUSEHOLD_1_535,6.963214285714286,6.97,3.97,6.97,2800
HOUSEHOLD_1_536,2.9557073170731707,2.98,2.88,2.98,1230
HOUSEHOLD_1_537,15.967056737588653,15.97,3.0,16.22,2820
HOUSEHOLD_1_538,3.48,3.48,3.48,3.48,2144
HOUSEHOLD_1_539,3.6653047313552527,3.97,2.98,3.97,2494
HOUSEHOLD_1_540,1.679620253164557,1.64,1.64,1.88,1896
HOUSEHOLD_1_541,7.471402698863637,7.5,5.97,7.97,2816
HOUSEHOLD_2_001,6.5895669151579686,6.47,1.99,7.27,2817
HOUSEHOLD_2_002,2.674471256210078,2.67,2.67,2.88,2818
HOUSEHOLD_2_003,9.203899147727272,8.94,5.5,10.47,2816
HOUSEHOLD_2_004,5.667539608574091,5.67,3.47,5.67,2146
HOUSEHOLD_2_005,5.47,5.47,5.47,5.47,1240
HOUSEHOLD_2_006,3.668260710362505,3.74,1.0,4.24,2731
HOUSEHOLD_2_007,2.58,2.58,2.58,2.58,2300
HOUSEHOLD_2_008,2.4757920059215395,2.48,0.99,2.48,2702
HOUSEHOLD_2_009,5.856613065326634,5.94,4.97,5.94,1990
HOUSEHOLD_2_010,6.968952449052556,6.97,4.5,7.47,2797
HOUSEHOLD_2_011,5.627317625736294,5.62,5.62,5.67,2207
HOUSEHOLD_2_012,4.666948665297742,4.78,2.99,4.97,2435
HOUSEHOLD_2_013,5.911890337423313,5.94,1.5,5.94,2608
HOUSEHOLD_2_014,5.973070642527511,5.97,4.0,6.47,2817
HOUSEHOLD_2_015,4.401358637814828,4.44,3.84,4.44,2819
HOUSEHOLD_2_016,1.8118977841315227,1.87,0.99,1.98,2798
HOUSEHOLD_2_017,3.7200000000000006,3.72,3.72,3.72,914
HOUSEHOLD_2_018,7.911202283267928,7.94,5.0,7.94,2803
HOUSEHOLD_2_019,9.435896613190732,9.47,3.94,10.47,2805
HOUSEHOLD_2_020,8.47,8.47,8.47,8.47,1345
HOUSEHOLD_2_021,4.4439836240655035,4.47,1.97,4.47,2809
HOUSEHOLD_2_022,5.634862183020948,5.64,3.0,5.67,2721
HOUSEHOLD_2_023,3.97,3.97,3.97,3.97,1755
HOUSEHOLD_2_024,2.2195977653631287,2.22,1.5,2.22,1790
HOUSEHOLD_2_025,5.439442458899213,5.47,3.97,5.97,2798
HOUSEHOLD_2_026,3.9664698890649763,3.97,1.0,3.97,2524
HOUSEHOLD_2_027,4.97,4.97,4.97,4.97,1551
HOUSEHOLD_2_028,5.939332860184528,5.94,5.0,5.94,2818
HOUSEHOLD_2_029,10.417455642299505,10.43,7.96,14.56,2818
HOUSEHOLD_2_030,3.8914113475177308,3.97,2.0,4.32,2820
HOUSEHOLD_2_031,5.94,5.94,5.94,5.94,1823
HOUSEHOLD_2_032,8.303463983050849,7.86,3.5,9.43,1888
HOUSEHOLD_2_033,6.979751773049645,6.97,3.97,7.47,2820
HOUSEHOLD_2_034,11.302362598144184,11.58,8.78,11.97,2802
HOUSEHOLD_2_035,6.154927279177014,5.94,2.0,7.27,2819
HOUSEHOLD_2_036,3.97,3.97,3.97,3.97,2814
HOUSEHOLD_2_037,10.942025540971976,10.77,3.99,11.84,2819
HOUSEHOLD_2_038,5.938939285714286,5.94,2.97,5.94,2800
HOUSEHOLD_2_039,9.562924217462932,9.27,5.0,10.72,2428
HOUSEHOLD_2_040,3.97,3.97,3.97,3.97,1173
HOUSEHOLD_2_041,5.321490418736692,5.27,2.67,5.97,2818
HOUSEHOLD_2_042,4.280408816210452,4.28,3.28,4.72,2813
HOUSEHOLD_2_043,4.827933972310968,4.97,2.97,5.27,2817
HOUSEHOLD_2_044,3.48,3.48,3.48,3.48,950
HOUSEHOLD_2_045,8.369897090134849,8.64,3.49,8.64,2818
HOUSEHOLD_2_046,7.057246543778803,6.94,5.94,7.67,1736
HOUSEHOLD_2_047,3.2822754703585373,3.27,2.94,3.67,2817
HOUSEHOLD_2_048,3.7157229129662523,3.57,1.0,3.94,2815
HOUSEHOLD_2_049,3.42,3.42,3.42,3.42,1845
HOUSEHOLD_2_050,7.297752515840477,6.67,3.67,8.48,2683
HOUSEHOLD_2_051,9.969505198996057,9.97,9.92,10.24,2789
HOUSEHOLD_2_052,5.136191489361702,4.97,4.0,5.67,2820
HOUSEHOLD_2_053,1.9557491438356165,1.97,0.99,1.97,2336
HOUSEHOLD_2_054,4.858197942532813,4.87,2.0,4.87,2819
HOUSEHOLD_2_055,8.964301994301994,8.97,4.97,8.97,2808
HOUSEHOLD_2_056,5.8948304177079605,5.97,2.78,6.0,2801
HOUSEHOLD_2_057,4.97,4.97,4.97,4.97,778
HOUSEHOLD_2_058,9.97,9.97,9.97,9.97,1381
HOUSEHOLD_2_059,3.152478723404255,2.97,1.5,3.48,2820
HOUSEHOLD_2_060,7.9636505460218405,7.98,2.5,7.98,1282
HOUSEHOLD_2_061,2.96883707201889,2.97,1.0,2.97,1694
HOUSEHOLD_2_062,2.9277174298899538,2.94,1.88,3.04,2817
HOUSEHOLD_2_063,4.671862117981521,4.97,3.58,4.97,2814
HOUSEHOLD_2_064,3.8692777175875768,3.87,1.87,3.87,2769
HOUSEHOLD_2_065,5.467963510848126,5.47,4.88,5.47,2028
HOUSEHOLD_2_066,6.94,6.94,6.94,6.94,828
HOUSEHOLD_2_067,0.97,0.97,0.97,0.97,985
HOUSEHOLD_2_068,2.88,2.88,2.88,2.88,2819
HOUSEHOLD_2_069,10.085713656387664,9.87,1.5,10.83,2270
HOUSEHOLD_2_070,2.969864237227581,2.97,1.0,3.24,2799
HOUSEHOLD_2_071,6.391756414889771,6.47,5.77,7.27,2767
HOUSEHOLD_2_072,2.58,2.58,2.58,2.58,1079
HOUSEHOLD_2_073,20.45197547087166,19.97,12.97,20.97,2283
HOUSEHOLD_2_074,0.9694606103619589,0.97,0.96,0.97,2818
HOUSEHOLD_2_075,1.8483819345661452,1.84,0.97,1.87,2812
HOUSEHOLD_2_076,8.946523589925505,8.97,4.0,9.97,2819
HOUSEHOLD_2_077,4.120220417633411,3.48,3.48,6.67,862
HOUSEHOLD_2_078,5.7135202271114265,5.47,3.0,6.48,2818
HOUSEHOLD_2_079,4.476723698580269,4.47,3.94,4.97,2747
HOUSEHOLD_2_080,8.861956649091974,8.98,1.0,8.98,1707
HOUSEHOLD_2_081,2.57,2.57,2.57,2.57,1147
HOUSEHOLD_2_082,4.739984732824428,4.47,2.5,5.92,2620
HOUSEHOLD_2_083,9.949500362056481,9.97,8.97,10.24,2762
HOUSEHOLD_2_084,3.9997269503546096,3.97,2.0,4.27,2820
HOUSEHOLD_2_085,7.932000000000001,7.94,3.58,7.94,1820
HOUSEHOLD_2_086,3.97,3.97,3.97,3.97,2275
HOUSEHOLD_2_087,7.935691086250451,7.94,5.0,7.94,2771
HOUSEHOLD_2_088,6.9686071428571426,6.97,5.97,7.67,2800
HOUSEHOLD_2_089,3.1534951802927527,2.97,0.97,3.48,2801
HOUSEHOLD_2_090,5.962881476224272,5.97,1.99,6.27,2818
HOUSEHOLD_2_091,8.73805622879302,8.97,8.47,8.97,2063
HOUSEHOLD_2_092,5.935650929899857,5.94,2.0,5.94,2796
HOUSEHOLD_2_093,3.2244444444444444,3.24,0.97,3.27,2781
HOUSEHOLD_2_094,5.933142857142858,5.94,2.0,5.94,2800
HOUSEHOLD_2_095,6.430793960058451,6.47,4.98,6.47,2053
HOUSEHOLD_2_096,3.47,3.47,3.47,3.47,2077
HOUSEHOLD_2_097,5.478110912343471,5.48,2.2,5.48,2795
HOUSEHOLD_2_098,3.3026117814052522,3.47,2.97,3.47,2818
HOUSEHOLD_2_099,5.94,5.94,5.94,5.94,2808
HOUSEHOLD_2_100,8.380302598789605,8.64,7.87,9.12,2809
HOUSEHOLD_2_101,4.49,4.49,4.49,4.49,1050
HOUSEHOLD_2_102,2.490482456140351,2.5,2.48,2.5,1368
HOUSEHOLD_2_103,1.9705595667870037,1.97,1.97,2.28,1662
HOUSEHOLD_2_104,4.973599284436493,4.97,4.94,5.47,2795
HOUSEHOLD_2_105,4.9881277098935755,4.98,3.47,5.48,2537
HOUSEHOLD_2_106,8.360908115838399,8.44,4.99,8.64,2797
HOUSEHOLD_2_107,11.972332469455758,11.97,11.97,12.67,2701
HOUSEHOLD_2_108,8.88869502523432,8.88,2.0,9.47,2774
HOUSEHOLD_2_109,3.8175437135720234,3.87,3.27,3.87,1201
HOUSEHOLD_2_110,3.17,3.17,3.17,3.17,1130
HOUSEHOLD_2_111,6.4482197645379955,6.44,5.0,6.97,2803
HOUSEHOLD_2_112,3.9540938362465505,3.97,1.5,3.97,2174
HOUSEHOLD_2_113,1.8821116678596994,1.88,1.88,1.98,2794
HOUSEHOLD_2_114,5.9257813702848345,5.94,1.5,5.94,1299
HOUSEHOLD_2_115,3.519897126640653,3.27,1.0,3.97,2819
HOUSEHOLD_2_116,5.651163227016885,5.64,4.64,5.67,2665
HOUSEHOLD_2_117,2.2892408655551613,2.47,1.19,2.5,2819
HOUSEHOLD_2_118,3.4191475409836065,3.42,1.5,3.46,1830
HOUSEHOLD_2_119,5.84,5.84,5.84,5.84,2755
HOUSEHOLD_2_120,7.94,7.94,7.94,7.94,899
HOUSEHOLD_2_121,1.9584314568113448,1.97,1.0,1.97,2327
HOUSEHOLD_2_122,6.959740353407862,6.97,2.69,6.97,2773
HOUSEHOLD_2_123,1.979647766323024,1.98,1.57,1.98,1164
HOUSEHOLD_2_124,5.200152807391613,5.28,3.28,5.28,2814
HOUSEHOLD_2_125,8.856529562982006,8.88,5.0,9.47,2723
HOUSEHOLD_2_126,6.954352100089365,6.97,2.5,6.97,2238
HOUSEHOLD_2_127,5.856845806127575,5.94,4.09,5.94,1991
HOUSEHOLD_2_128,5.918045406172402,5.94,4.19,5.94,2819
HOUSEHOLD_2_129,5.810251299826691,5.73,5.73,5.94,1154
HOUSEHOLD_2_130,7.97,7.97,7.97,7.97,1013
HOUSEHOLD_2_131,12.148423295454545,12.27,7.0,13.27,2816
HOUSEHOLD_2_132,1.9698758727695889,1.97,0.88,2.28,1289
HOUSEHOLD_2_133,4.963489118801284,4.97,2.0,4.97,2803
HOUSEHOLD_2_134,5.934888019907572,5.94,3.99,5.94,2813
HOUSEHOLD_2_135,10.3152734375,9.98,5.98,15.97,2816
HOUSEHOLD_2_136,4.8571875,4.87,1.85,4.87,2816
HOUSEHOLD_2_137,2.945334281650071,2.94,1.0,3.44,2812
HOUSEHOLD_2_138,5.88954269381922,5.97,2.19,6.0,2799
HOUSEHOLD_2_139,5.84,5.84,5.84,5.84,2757
HOUSEHOLD_2_140,6.974078014184396,6.97,6.97,7.47,2820
HOUSEHOLD_2_141,4.814546599496222,4.98,4.48,4.98,2382
HOUSEHOLD_2_142,1.9704255319148938,1.97,1.97,2.27,2820
HOUSEHOLD_2_143,6.4475541356052535,6.46,2.18,6.87,2817
HOUSEHOLD_2_144,4.400565031982943,4.44,1.99,4.44,2814
HOUSEHOLD_2_145,3.9596068620443177,3.97,3.0,3.97,2798
HOUSEHOLD_2_146,6.4548212728857886,6.47,1.99,6.47,1147
HOUSEHOLD_2_147,3.9692536777897387,3.97,1.89,3.97,2787
HOUSEHOLD_2_148,5.938661202185792,5.94,3.49,5.94,1830
HOUSEHOLD_2_149,3.9711540111540113,3.98,1.0,3.98,2331
HOUSEHOLD_2_150,6.97,6.97,6.97,6.97,1954
HOUSEHOLD_2_151,4.436732869910625,4.44,3.97,4.44,1007
HOUSEHOLD_2_152,12.36759642857143,11.97,9.97,13.94,2800
HOUSEHOLD_2_153,9.437972093023255,8.97,7.97,9.94,1075
HOUSEHOLD_2_154,1.8784279630943932,1.88,0.97,1.88,2818
HOUSEHOLD_2_155,6.591465058531394,6.47,4.67,7.27,2819
HOUSEHOLD_2_156,7.0737490134175225,6.96,4.99,7.47,2534
HOUSEHOLD_2_157,5.47075769534333,5.47,5.47,5.95,1267
HOUSEHOLD_2_158,11.429086142322097,11.47,4.0,12.67,2670
HOUSEHOLD_2_159,3.9427259204165117,3.93,2.43,4.27,2689
HOUSEHOLD_2_160,3.9430308664931206,3.93,2.53,4.27,2689
HOUSEHOLD_2_161,10.94647290640394,10.97,5.0,10.97,2030
HOUSEHOLD_2_162,3.969771602588504,3.97,3.67,3.97,2627
HOUSEHOLD_2_163,7.990637535816619,8.0,4.0,8.0,2792
HOUSEHOLD_2_164,8.45658771280533,8.47,6.96,8.47,1351
HOUSEHOLD_2_165,5.840688161693936,5.84,3.0,6.24,2078
HOUSEHOLD_2_166,9.401553742461868,9.47,4.99,10.47,2819
HOUSEHOLD_2_167,2.88,2.88,2.88,2.88,1003
HOUSEHOLD_2_168,6.928657193605685,6.94,0.69,6.94,2815
HOUSEHOLD_2_169,5.84,5.84,5.84,5.84,1825
HOUSEHOLD_2_170,1.4836136849607982,1.47,1.44,1.57,2806
HOUSEHOLD_2_171,3.8229907329401858,3.87,3.27,3.87,1187
HOUSEHOLD_2_172,6.1910709219858155,5.94,3.0,7.27,2820
HOUSEHOLD_2_173,6.917079808753218,6.97,2.97,6.97,2719
HOUSEHOLD_2_174,3.9696644055694397,3.97,3.5,3.97,2801
HOUSEHOLD_2_175,5.966691604322526,5.97,1.99,5.97,1203
HOUSEHOLD_2_176,4.971262859169919,4.97,2.47,5.47,2819
HOUSEHOLD_2_177,2.98,2.98,2.98,2.98,1313
HOUSEHOLD_2_178,6.994072713918473,6.97,3.0,44.36,2723
HOUSEHOLD_2_179,5.9354026250443415,5.97,2.0,6.47,2819
HOUSEHOLD_2_180,2.84,2.84,2.84,2.84,1195
HOUSEHOLD_2_182,6.984043308484202,7.0,0.05,7.0,2817
HOUSEHOLD_2_183,4.826352022711142,4.97,1.99,5.27,2818
HOUSEHOLD_2_184,1.9631808510638298,1.96,1.25,1.97,2820
HOUSEHOLD_2_185,3.3439776357827475,3.33,3.33,3.48,1878
HOUSEHOLD_2_186,9.98,9.98,9.98,9.98,666
HOUSEHOLD_2_187,3.327505617977528,3.33,2.22,3.33,1780
HOUSEHOLD_2_188,7.2515819613457415,7.24,4.97,7.54,1397
HOUSEHOLD_2_189,14.476073619631903,14.48,10.0,14.48,2282
HOUSEHOLD_2_190,0.965891807134457,0.97,0.75,0.98,2551
HOUSEHOLD_2_191,5.012202127659575,4.67,1.99,5.44,2820
HOUSEHOLD_2_192,1.9550148493848114,1.97,0.99,1.97,2357
HOUSEHOLD_2_193,4.93454255319149,4.94,2.0,4.94,2820
HOUSEHOLD_2_194,6.268181818181818,6.27,4.27,6.27,1100
HOUSEHOLD_2_195,14.900600782083185,14.97,4.97,14.97,2813
HOUSEHOLD_2_196,2.27,2.27,2.27,2.27,1428
HOUSEHOLD_2_197,3.9716346837242362,3.97,3.47,4.67,2814
HOUSEHOLD_2_198,7.867049005681818,7.94,2.5,7.97,2816
HOUSEHOLD_2_199,3.9431500742942056,3.93,2.43,4.27,2692
HOUSEHOLD_2_200,6.931792011514934,6.94,0.5,6.94,2779
HOUSEHOLD_2_201,6.0572624113475175,5.97,2.0,6.54,2820
HOUSEHOLD_2_202,8.757468785471056,8.86,6.98,8.97,2643
HOUSEHOLD_2_203,2.9699999999999998,2.97,2.97,2.97,1671
HOUSEHOLD_2_204,12.957451708766715,12.97,7.74,13.87,2692
HOUSEHOLD_2_205,5.8480375180375175,5.84,2.55,6.24,2079
HOUSEHOLD_2_206,2.8723616636528027,2.88,0.38,2.88,2765
HOUSEHOLD_2_207,6.888286018452803,6.47,5.97,7.47,2818
HOUSEHOLD_2_208,12.916236519152102,12.97,5.0,12.97,2689
HOUSEHOLD_2_209,8.31385520684736,8.47,2.5,8.87,2804
HOUSEHOLD_2_210,8.942667394468705,8.97,4.28,8.97,2748
HOUSEHOLD_2_211,19.97849607982894,20.0,10.0,20.0,2806
HOUSEHOLD_2_212,2.6632375886524824,2.67,1.5,2.97,2820
HOUSEHOLD_2_213,0.9654513148542998,0.97,0.93,0.97,1407
HOUSEHOLD_2_214,6.914747869318182,6.94,2.98,6.94,2816
HOUSEHOLD_2_215,1.9017116477272724,1.88,1.52,2.13,2816
HOUSEHOLD_2_216,6.933279569892474,6.94,5.94,6.94,744
HOUSEHOLD_2_217,2.867021276595745,2.87,2.67,3.27,2820
HOUSEHOLD_2_218,11.438539325842697,10.97,7.97,12.87,2759
HOUSEHOLD_2_219,3.1467056737588655,2.97,1.5,3.48,2820
HOUSEHOLD_2_220,7.103375886524823,6.97,5.77,7.67,2820
HOUSEHOLD_2_221,2.77,2.77,2.77,2.77,1160
HOUSEHOLD_2_222,5.135599290780141,4.97,1.5,5.67,2820
HOUSEHOLD_2_223,14.950433238636363,14.97,6.77,15.97,2816
HOUSEHOLD_2_224,3.97,3.97,3.97,3.97,2804
HOUSEHOLD_2_225,0.9649061224489796,0.97,0.93,0.97,1225
HOUSEHOLD_2_226,6.962260468417316,6.97,5.96,7.67,2818
HOUSEHOLD_2_227,3.988756737333812,4.0,0.93,5.0,2783
HOUSEHOLD_2_228,5.185652792600497,4.97,4.97,5.67,2811
HOUSEHOLD_2_229,4.6693454545454545,4.78,3.97,4.97,2475
HOUSEHOLD_2_230,2.470480324074074,2.48,1.0,2.48,1728
HOUSEHOLD_2_231,3.9781063829787233,3.97,3.67,4.36,2820
HOUSEHOLD_2_232,4.668354786806114,4.78,2.49,4.97,2486
HOUSEHOLD_2_233,11.894484352773826,11.47,9.97,12.67,2812
HOUSEHOLD_2_234,5.876315412186381,5.94,4.97,5.94,2790
HOUSEHOLD_2_235,7.166841731724627,6.97,5.97,7.67,2818
HOUSEHOLD_2_236,8.478397435897437,8.48,4.97,8.48,2808
HOUSEHOLD_2_237,5.9384282352941185,5.94,4.27,5.94,2125
HOUSEHOLD_2_238,10.313534421575586,9.96,5.99,11.67,2818
HOUSEHOLD_2_239,1.24,1.24,1.24,1.24,2820
HOUSEHOLD_2_240,4.9802107208872455,4.97,3.0,5.18,2705
HOUSEHOLD_2_241,4.979556350626118,4.98,2.98,5.48,2795
HOUSEHOLD_2_242,13.087820056899005,13.24,3.88,13.24,2812
HOUSEHOLD_2_243,2.607792022792023,2.56,2.56,2.97,2808
HOUSEHOLD_2_244,3.9723867721063986,3.97,2.0,4.27,2782
HOUSEHOLD_2_245,1.97,1.97,1.97,1.97,1696
HOUSEHOLD_2_246,7.874259850905219,7.87,7.87,8.67,2817
HOUSEHOLD_2_247,3.969466950959488,3.97,3.47,4.67,2814
HOUSEHOLD_2_248,9.08344827586207,8.97,8.97,9.27,870
HOUSEHOLD_2_249,8.374907076483202,8.64,5.0,8.64,2798
HOUSEHOLD_2_250,7.035514914772727,6.96,3.36,34.18,2816
HOUSEHOLD_2_251,3.9641357175607523,3.97,0.3,3.97,2181
HOUSEHOLD_2_252,6.924258373205742,6.97,4.47,6.97,2508
HOUSEHOLD_2_253,5.861712450945416,5.97,0.98,5.97,2803
HOUSEHOLD_2_254,4.4018792184724695,4.44,3.97,4.44,2815
HOUSEHOLD_2_255,9.990827389443654,9.97,8.97,10.87,2804
HOUSEHOLD_2_256,5.79469365818703,5.94,4.97,5.97,2791
HOUSEHOLD_2_257,5.873929462059139,5.94,4.97,6.48,2807
HOUSEHOLD_2_258,3.9790399610136453,3.98,3.54,3.98,2052
HOUSEHOLD_2_259,7.74290127840909,7.97,2.0,7.97,2816
HOUSEHOLD_2_260,6.970496630010642,6.97,5.97,7.67,2819
HOUSEHOLD_2_261,7.091792051100071,6.97,2.97,7.67,2818
HOUSEHOLD_2_262,4.974141843971632,4.97,3.15,5.47,2820
HOUSEHOLD_2_263,5.47,5.47,5.47,5.47,1266
HOUSEHOLD_2_264,3.48,3.48,3.48,3.48,1244
HOUSEHOLD_2_265,4.965783615316117,4.97,0.25,4.97,2246
HOUSEHOLD_2_266,2.97,2.97,2.97,2.97,1676
HOUSEHOLD_2_267,1.9763744837081227,1.98,1.93,1.98,2179
HOUSEHOLD_2_268,5.439691489361701,5.47,3.0,5.97,2820
HOUSEHOLD_2_269,10.368728241563055,9.97,6.99,10.97,2815
HOUSEHOLD_2_270,5.711797513321492,5.47,2.75,6.48,2815
HOUSEHOLD_2_271,4.669845268082044,4.78,1.5,4.97,2779
HOUSEHOLD_2_272,5.463803921568627,5.47,3.99,5.47,1530
HOUSEHOLD_2_273,5.270508173418621,5.27,4.5,5.87,2814
HOUSEHOLD_2_274,6.201943527686102,5.98,5.98,6.78,2727
HOUSEHOLD_2_275,5.178290780141843,5.27,4.67,5.67,2820
HOUSEHOLD_2_276,5.47,5.47,5.47,5.47,2061
HOUSEHOLD_2_277,3.3292190252495595,3.33,2.0,3.33,1703
HOUSEHOLD_2_278,10.972258294684268,11.0,2.97,11.0,2803
HOUSEHOLD_2_279,4.422649329540838,4.44,3.97,4.44,2461
HOUSEHOLD_2_280,5.97,5.97,5.97,5.97,1219
HOUSEHOLD_2_281,5.032905285562255,4.97,3.0,5.27,2819
HOUSEHOLD_2_282,5.714354151880766,5.47,2.75,6.48,2818
HOUSEHOLD_2_283,5.698709219858157,5.47,3.0,6.48,2820
HOUSEHOLD_2_284,6.192061014544166,5.94,2.94,7.27,2819
HOUSEHOLD_2_285,4.670220014194464,4.67,1.0,5.27,2818
HOUSEHOLD_2_286,2.14,2.14,2.14,2.14,1007
HOUSEHOLD_2_287,1.9065874423554452,1.87,0.99,1.98,2819
HOUSEHOLD_2_288,3.9047641007449454,3.97,3.67,3.97,2819
HOUSEHOLD_2_289,5.892811344019728,5.92,1.79,5.97,1622
HOUSEHOLD_2_290,6.24,6.24,6.24,6.24,2372
HOUSEHOLD_2_291,4.892717236467236,4.97,2.58,4.97,2808
HOUSEHOLD_2_292,12.565441595441596,14.97,9.97,15.97,2808
HOUSEHOLD_2_293,7.1758410220014195,6.97,2.5,7.47,2818
HOUSEHOLD_2_294,4.76303777544596,4.77,2.0,4.77,1906
HOUSEHOLD_2_295,5.923645390070922,5.97,2.5,6.67,2820
HOUSEHOLD_2_296,4.666482452601855,4.78,3.0,4.97,2479
HOUSEHOLD_2_297,6.055379971590909,5.97,2.5,6.54,2816
HOUSEHOLD_2_298,3.4200928612884502,3.42,3.42,3.46,1723
HOUSEHOLD_2_299,1.2394929078014183,1.24,1.23,1.24,2820
HOUSEHOLD_2_300,7.959893276414087,7.97,3.0,8.47,1874
HOUSEHOLD_2_301,1.975695035460993,1.97,1.0,2.27,2820
HOUSEHOLD_2_302,3.0642988741044013,2.98,2.68,3.48,1954
HOUSEHOLD_2_303,7.022293577981652,6.94,5.94,7.67,1635
HOUSEHOLD_2_304,6.030174129353234,5.94,4.97,6.48,2814
HOUSEHOLD_2_305,5.34943161634103,5.27,4.97,5.97,2815
HOUSEHOLD_2_306,4.966819880418535,4.97,2.5,5.67,2676
HOUSEHOLD_2_307,5.98,5.98,5.98,5.98,1275
HOUSEHOLD_2_308,3.53959219858156,3.47,1.5,3.94,2820
HOUSEHOLD_2_309,2.4686703296703296,2.48,1.0,2.48,1820
HOUSEHOLD_2_310,1.4198338257016248,1.42,0.97,1.42,2708
HOUSEHOLD_2_311,5.904236505681819,5.94,1.99,5.94,2816
HOUSEHOLD_2_312,3.97,3.97,3.97,3.97,942
HOUSEHOLD_2_313,1.9587490165224235,1.97,0.87,1.97,1271
HOUSEHOLD_2_314,1.9710313688212928,1.97,1.97,2.28,2104
HOUSEHOLD_2_315,7.650617021276596,7.67,1.88,7.97,2820
HOUSEHOLD_2_316,7.246624068157615,7.24,4.69,7.67,2817
HOUSEHOLD_2_317,4.4457847693957815,4.44,1.29,4.94,2797
HOUSEHOLD_2_318,3.97,3.97,3.97,3.97,1416
HOUSEHOLD_2_319,1.98,1.98,1.98,1.98,1667
HOUSEHOLD_2_320,8.512190226876092,8.47,7.23,8.97,2292
HOUSEHOLD_2_321,5.2720177304964535,5.27,4.5,5.87,2820
HOUSEHOLD_2_322,2.22,2.22,2.22,2.22,1779
HOUSEHOLD_2_323,3.97,3.97,3.97,3.97,1766
HOUSEHOLD_2_324,14.256897666068223,14.26,4.26,14.97,2785
HOUSEHOLD_2_325,3.7563758865248227,3.82,1.5,4.0,2820
HOUSEHOLD_2_326,5.9399999999999995,5.94,5.94,5.94,2817
HOUSEHOLD_2_327,2.989325590108655,2.98,2.97,3.0,2669
HOUSEHOLD_2_328,7.1779886484569,6.97,5.97,7.67,2819
HOUSEHOLD_2_329,2.7971983250856494,2.72,0.99,3.27,2627
HOUSEHOLD_2_330,3.6920682302771857,3.72,1.29,3.72,938
HOUSEHOLD_2_331,3.9401075268817203,3.97,1.5,3.97,1767
HOUSEHOLD_2_332,6.573946714031972,6.47,1.99,7.27,2815
HOUSEHOLD_2_333,4.980732381391064,4.98,2.49,5.0,2171
HOUSEHOLD_2_334,2.980520951302378,2.98,1.5,3.0,2649
HOUSEHOLD_2_335,6.211038824763904,6.24,3.48,6.24,953
HOUSEHOLD_2_336,9.153955965909091,9.26,7.97,9.97,2816
HOUSEHOLD_2_337,6.59760908123448,6.47,4.0,7.27,2819
HOUSEHOLD_2_338,4.92,4.92,4.92,4.92,1158
HOUSEHOLD_2_339,6.924972517405643,6.97,1.99,6.97,2729
HOUSEHOLD_2_340,4.982669767441862,4.98,2.0,5.0,2150
HOUSEHOLD_2_341,5.294524822695036,5.32,1.8,5.87,2820
HOUSEHOLD_2_342,0.9700000000000001,0.97,0.97,0.97,1694
HOUSEHOLD_2_343,2.78,2.78,2.78,2.78,1683
HOUSEHOLD_2_344,5.846406349206349,5.92,3.0,5.97,1575
HOUSEHOLD_2_345,5.84,5.84,5.84,5.84,2754
HOUSEHOLD_2_346,3.3113141025641024,3.33,3.0,3.33,1872
HOUSEHOLD_2_347,9.187382050372472,8.94,5.15,10.47,2819
HOUSEHOLD_2_348,6.48828541001065,6.42,1.99,7.44,2817
HOUSEHOLD_2_349,4.83591134751773,4.97,2.74,4.97,2820
HOUSEHOLD_2_350,2.928797872340425,2.94,1.5,3.04,2820
HOUSEHOLD_2_351,5.936782608695652,5.94,1.5,5.94,2760
HOUSEHOLD_2_352,2.9648527846754167,2.97,0.99,3.24,2819
HOUSEHOLD_2_353,4.669535728704077,4.78,3.97,4.97,2477
HOUSEHOLD_2_354,0.9699138576779026,0.97,0.74,0.97,2670
HOUSEHOLD_2_355,11.238555119514807,10.97,3.99,11.67,2803
HOUSEHOLD_2_356,9.86793980652096,9.88,0.99,9.88,2791
HOUSEHOLD_2_357,8.017398051245038,7.97,6.95,8.52,2771
HOUSEHOLD_2_358,4.935933075933075,4.97,1.44,4.97,1554
HOUSEHOLD_2_359,9.43358807082945,8.97,3.47,9.94,1073
HOUSEHOLD_2_360,7.97,7.97,7.97,7.97,1287
HOUSEHOLD_2_361,7.064549600912201,6.94,4.94,7.67,1754
HOUSEHOLD_2_362,3.719400070997515,3.57,1.0,3.94,2817
HOUSEHOLD_2_363,6.204677477477477,5.98,5.98,6.78,2775
HOUSEHOLD_2_364,5.67329213483146,5.68,4.68,5.68,1780
HOUSEHOLD_2_365,4.87,4.87,4.87,4.87,1070
HOUSEHOLD_2_366,3.8371758436944936,3.67,2.5,4.27,2815
HOUSEHOLD_2_367,7.1755859375,6.97,5.5,7.67,2816
HOUSEHOLD_2_368,5.50040780141844,5.48,5.47,5.97,2820
HOUSEHOLD_2_369,6.483657325292657,6.47,3.57,7.27,2819
HOUSEHOLD_2_370,6.1103760198652,6.27,3.99,6.27,2819
HOUSEHOLD_2_371,0.7800000000000001,0.78,0.78,0.78,2731
HOUSEHOLD_2_372,8.741646291768541,8.94,7.88,8.94,1227
HOUSEHOLD_2_373,4.678406827880512,4.67,2.67,5.27,2812
HOUSEHOLD_2_374,2.984760609357998,2.98,2.98,3.33,1838
HOUSEHOLD_2_375,6.55578665715305,6.47,2.5,7.27,2803
HOUSEHOLD_2_376,3.7552734375,3.82,3.24,4.0,2816
HOUSEHOLD_2_377,4.957654409139593,4.97,1.99,4.97,2801
HOUSEHOLD_2_378,6.990291607396871,7.0,6.98,7.0,2812
HOUSEHOLD_2_379,4.399741134751773,4.44,2.0,4.44,2820
HOUSEHOLD_2_380,5.189787234042552,5.27,4.97,5.67,2820
HOUSEHOLD_2_381,5.938452012383901,5.94,4.94,5.94,1292
HOUSEHOLD_2_382,3.48,3.48,3.48,3.48,917
HOUSEHOLD_2_383,3.936014184397163,3.88,2.27,4.27,2820
HOUSEHOLD_2_384,5.702804270462633,5.47,2.0,6.48,2810
HOUSEHOLD_2_385,7.167928156748911,6.97,2.47,7.47,2756
HOUSEHOLD_2_386,3.97,3.97,3.97,3.97,1798
HOUSEHOLD_2_387,5.9880709788208355,5.97,2.0,6.48,1747
HOUSEHOLD_2_388,6.9698652482269505,6.97,4.97,7.47,2820
HOUSEHOLD_2_389,1.97,1.97,1.97,1.97,996
HOUSEHOLD_2_390,5.9020923623445825,5.98,5.67,5.98,2815
HOUSEHOLD_2_391,11.487853848882581,11.27,8.97,12.94,2819
HOUSEHOLD_2_392,4.97,4.97,4.97,4.97,2476
HOUSEHOLD_2_393,5.324188948306595,5.08,0.47,5.88,2805
HOUSEHOLD_2_394,6.189858156028368,6.27,4.97,6.67,2820
HOUSEHOLD_2_395,3.67,3.67,3.67,3.67,2794
HOUSEHOLD_2_396,8.725053003533569,8.94,4.0,8.94,1132
HOUSEHOLD_2_397,6.981800766283525,6.98,6.98,7.0,1566
HOUSEHOLD_2_398,7.873571428571428,7.94,2.99,7.97,2814
HOUSEHOLD_2_399,2.67,2.67,2.67,2.67,1110
HOUSEHOLD_2_400,3.88,3.88,3.88,3.88,1416
HOUSEHOLD_2_401,3.3092069527430743,3.33,3.0,3.33,1841
HOUSEHOLD_2_402,8.97,8.97,8.97,8.97,1174
HOUSEHOLD_2_403,5.114623925501433,4.87,2.97,5.44,2792
HOUSEHOLD_2_404,2.97,2.97,2.97,2.97,1076
HOUSEHOLD_2_405,5.616320068463843,5.64,2.0,5.67,2337
HOUSEHOLD_2_406,12.846283280085197,12.46,3.26,107.32,2817
HOUSEHOLD_2_407,4.982144124955627,4.94,4.94,5.47,2817
HOUSEHOLD_2_408,7.299004457652303,6.67,3.5,8.48,2692
HOUSEHOLD_2_409,3.941967275494673,3.93,2.93,4.27,2628
HOUSEHOLD_2_410,1.385191489361702,1.38,1.38,1.62,2820
HOUSEHOLD_2_411,5.84,5.84,5.84,5.84,2758
HOUSEHOLD_2_412,6.04103349964362,5.94,5.94,6.48,2806
HOUSEHOLD_2_413,3.68,3.68,3.68,3.68,988
HOUSEHOLD_2_414,5.890365497076023,5.92,2.49,5.97,1368
HOUSEHOLD_2_415,2.477911884487227,2.48,1.0,2.48,2701
HOUSEHOLD_2_416,3.2459926470588236,3.24,0.97,3.27,2720
HOUSEHOLD_2_417,3.98020371044016,3.97,3.32,4.67,2749
HOUSEHOLD_2_418,2.78,2.78,2.78,2.78,778
HOUSEHOLD_2_419,5.4477960526315785,5.47,4.97,5.47,1216
HOUSEHOLD_2_420,5.646227876106194,5.64,4.97,5.67,2712
HOUSEHOLD_2_421,4.827641843971631,4.97,1.29,5.27,2820
HOUSEHOLD_2_422,4.96759331674369,4.97,0.75,5.47,2813
HOUSEHOLD_2_423,3.519067375886525,3.27,1.97,3.97,2820
HOUSEHOLD_2_424,2.8787364485981306,2.88,1.0,2.88,2675
HOUSEHOLD_2_425,8.367895302975976,8.44,5.0,8.64,2789
HOUSEHOLD_2_426,4.557471642883279,4.37,2.0,5.97,2733
HOUSEHOLD_2_427,3.2687957371225576,3.27,2.94,3.67,2815
HOUSEHOLD_2_428,7.94,7.94,7.94,7.94,2802
HOUSEHOLD_2_429,6.029612068965518,5.94,5.94,6.48,2784
HOUSEHOLD_2_430,3.9678449794480333,3.97,0.3,3.97,1703
HOUSEHOLD_2_431,9.429889325240985,9.47,5.0,10.47,2801
HOUSEHOLD_2_432,5.444893617021276,5.47,4.97,5.47,1175
HOUSEHOLD_2_433,6.191326711599857,6.27,2.39,6.67,2819
HOUSEHOLD_2_434,1.88,1.88,1.88,1.88,2406
HOUSEHOLD_2_435,5.9764904187366925,5.97,3.0,6.47,2818
HOUSEHOLD_2_436,1.9581419354838712,1.97,1.0,1.97,2325
HOUSEHOLD_2_437,7.732148966500357,7.97,2.5,7.97,2806
HOUSEHOLD_2_438,8.899375228352211,8.87,6.27,9.47,2737
HOUSEHOLD_2_439,5.6642770870337475,5.47,1.29,6.48,2815
HOUSEHOLD_2_440,0.9707234042553192,0.97,0.97,1.0,2820
HOUSEHOLD_2_441,4.866631130063966,4.94,2.0,5.47,2814
HOUSEHOLD_2_442,1.48,1.48,1.48,1.48,2550
HOUSEHOLD_2_443,4.661397163120567,4.66,4.47,5.27,2820
HOUSEHOLD_2_444,6.397233584499462,6.47,4.97,7.27,2787
HOUSEHOLD_2_445,5.6782593250444044,5.97,1.49,6.97,2815
HOUSEHOLD_2_446,25.474210526315787,25.97,14.99,28.0,2812
HOUSEHOLD_2_447,1.9754574468085107,1.97,1.0,2.27,2820
HOUSEHOLD_2_448,4.96615458937198,4.97,0.99,4.97,1035
HOUSEHOLD_2_449,5.650401769259123,5.64,4.97,5.67,2713
HOUSEHOLD_2_450,9.622362344582594,9.47,8.47,10.43,2815
HOUSEHOLD_2_451,3.42,3.42,3.42,3.42,1835
HOUSEHOLD_2_452,6.193725420092957,5.94,3.0,7.27,2797
HOUSEHOLD_2_453,6.481726850196639,6.47,5.97,7.27,2797
HOUSEHOLD_2_454,7.96667585446527,7.97,5.96,7.97,1814
HOUSEHOLD_2_455,7.445548018564798,7.34,4.44,7.74,2801
HOUSEHOLD_2_456,8.761608366390192,8.86,7.0,8.97,2773
HOUSEHOLD_2_457,6.462659574468085,6.47,5.97,7.27,2820
HOUSEHOLD_2_458,3.9580774249673776,3.98,1.98,3.98,2299
HOUSEHOLD_2_459,18.838560606060604,19.54,8.97,19.54,1188
HOUSEHOLD_2_460,5.931603086155165,5.94,1.98,5.97,2333
HOUSEHOLD_2_461,9.97217406749556,9.97,8.97,10.87,2815
HOUSEHOLD_2_462,8.274914833215048,8.47,2.0,8.87,2818
HOUSEHOLD_2_463,5.4591013584117025,5.47,3.0,5.47,957
HOUSEHOLD_2_464,2.8786439474618386,2.88,0.97,2.88,2817
HOUSEHOLD_2_465,7.255862567811935,7.24,5.67,7.67,2765
HOUSEHOLD_2_466,7.533099779897285,6.97,5.97,52.62,2726
HOUSEHOLD_2_467,3.966900333810205,3.97,3.47,3.97,2097
HOUSEHOLD_2_468,9.197406456346295,9.26,4.32,9.97,2726
HOUSEHOLD_2_469,2.9689479277364508,2.97,1.98,2.97,941
HOUSEHOLD_2_470,0.9648589789360942,0.97,0.88,0.97,2801
HOUSEHOLD_2_471,3.146762513312034,2.97,2.19,3.48,2817
HOUSEHOLD_2_472,7.29228256880734,6.67,6.27,8.48,2725
HOUSEHOLD_2_473,7.830550196498749,7.84,5.0,7.97,2799
HOUSEHOLD_2_474,7.233715003589376,6.97,5.85,7.76,2786
HOUSEHOLD_2_475,4.96260375709917,4.97,4.47,4.97,2289
HOUSEHOLD_2_476,3.9677014084507043,3.97,1.99,3.97,1775
HOUSEHOLD_2_477,5.903077881619938,5.92,4.24,5.97,1605
HOUSEHOLD_2_478,4.9393471953578345,4.94,3.59,4.94,2068
HOUSEHOLD_2_479,5.912525911708253,5.94,4.97,5.94,2605
HOUSEHOLD_2_480,5.267673338098642,5.27,3.89,5.87,2798
HOUSEHOLD_2_481,7.964957142857143,7.97,4.99,7.97,2800
HOUSEHOLD_2_482,5.878248381877023,5.94,3.99,5.94,2472
HOUSEHOLD_2_483,4.900872649875843,4.97,3.0,5.27,2819
HOUSEHOLD_2_484,6.942355245973008,6.97,3.97,6.97,2297
HOUSEHOLD_2_485,6.938372344256392,6.97,0.99,7.47,2777
HOUSEHOLD_2_486,5.948212131961688,5.97,1.99,6.47,2819
HOUSEHOLD_2_487,9.960584269662922,9.98,3.0,9.98,1335
HOUSEHOLD_2_488,4.920336998935793,4.97,4.27,5.27,2819
HOUSEHOLD_2_489,14.451895273401298,14.47,8.49,14.47,2158
HOUSEHOLD_2_490,3.48,3.48,3.48,3.48,939
HOUSEHOLD_2_491,6.9625277572168764,6.97,5.97,6.97,2702
HOUSEHOLD_2_492,5.920095412844037,5.92,1.29,6.27,2725
HOUSEHOLD_2_493,1.94,1.94,1.94,1.94,1020
HOUSEHOLD_2_494,5.938622159090909,5.94,3.0,5.94,2816
HOUSEHOLD_2_495,5.690484848484848,5.47,2.75,6.48,2805
HOUSEHOLD_2_496,1.4799999999999998,1.48,1.48,1.48,1663
HOUSEHOLD_2_497,5.805969460227273,5.47,1.0,6.48,2816
HOUSEHOLD_2_498,2.9771508903467665,2.98,2.96,2.98,1067
HOUSEHOLD_2_499,1.97,1.97,1.97,1.97,990
HOUSEHOLD_2_500,5.838090415913201,5.84,2.42,5.84,2765
HOUSEHOLD_2_501,8.197275413711585,7.97,3.47,8.47,1692
HOUSEHOLD_2_502,8.713139792899408,8.86,2.0,8.97,2704
HOUSEHOLD_2_503,6.840035473572189,6.94,5.94,6.94,2819
HOUSEHOLD_2_504,1.9561007957559682,1.97,0.87,1.97,2262
HOUSEHOLD_2_505,4.959429793300071,4.97,2.0,4.97,2806
HOUSEHOLD_2_506,6.812030401737243,6.97,3.0,6.97,1842
HOUSEHOLD_2_507,6.9557708779443255,6.97,2.49,7.27,2802
HOUSEHOLD_2_508,15.05850352112676,14.87,8.0,15.94,2272
HOUSEHOLD_2_509,8.98434149804757,8.97,8.07,9.67,2817
HOUSEHOLD_2_510,3.942503805175038,3.93,3.93,4.27,2628
HOUSEHOLD_2_511,2.8450266051791417,2.87,2.74,3.14,2819
HOUSEHOLD_2_512,3.9699644633972997,3.97,2.67,4.27,2814
HOUSEHOLD_2_513,2.78,2.78,2.78,2.78,1683
HOUSEHOLD_2_514,18.797089101881436,18.97,1.0,20.97,2817
HOUSEHOLD_2_515,1.969229571984436,1.97,0.98,1.97,1285
HOUSEHOLD_2_516,5.936480427046264,5.94,0.99,5.94,2810
