SKU,DEPT,CAT,PRECIO,VALOR,MESES_VENTA,ADI,CV,CV2,ESTAC,AUTOCORR,PATRON,ELEGIBLE,MUESTRA
FOODS_1_001,FOODS_1,FOODS,2.166622915927634,26562.796949272793,50,1.02,0.4354468527178034,0.18961396154184038,0.2026608756912422,0.7044388212000297,SUAVE,True,True
FOODS_1_002,FOODS_1,FOODS,8.933912735012417,65664.25860234126,51,1.0,0.12690480533563275,0.016104829617274843,0.07615262479927196,0.4831917491116227,SUAVE,True,True
FOODS_1_003,FOODS_1,FOODS,2.9751843971631207,39882.34684397163,51,1.0,0.23089735160511282,0.0533135869782551,0.07923516539796499,0.722846786118264,SUAVE,True,True
FOODS_1_004,FOODS_1,FOODS,1.8486311111111111,239980.04768888888,38,1.3421052631578947,0.3320769337441166,0.11027508992489442,0.2225468403460857,0.7964638002043024,INTERMITENTE,True,False
FOODS_1_005,FOODS_1,FOODS,3.3293716719914803,76395.7623855165,48,1.0625,0.6365887017685681,0.4052451752193909,0.5998406467905585,0.6493936872150409,SUAVE,True,True
FOODS_1_006,FOODS_1,FOODS,2.222131205673759,49653.52179078014,51,1.0,0.2655791135685943,0.07053226556388031,0.17225728677581534,0.5772238895176813,SUAVE,True,True
FOODS_1_008,FOODS_1,FOODS,3.352767052767053,13313.837966537967,39,1.3076923076923077,0.43253097083369313,0.1870830407303371,0.24974440709721146,0.8309209761735858,SUAVE,True,True
FOODS_1_009,FOODS_1,FOODS,2.388367528991972,17162.809063336314,35,1.457142857142857,0.6080050212530617,0.36967010586893595,0.29972665142387733,0.771162507805114,INTERMITENTE,True,False
FOODS_1_010,FOODS_1,FOODS,6.0182410147991545,36885.799179704016,48,1.0625,0.45413495940441534,0.20623856135324997,0.36426722329685407,0.7612197272410001,SUAVE,True,True
FOODS_1_011,FOODS_1,FOODS,2.5178964285714285,25619.596160714285,44,1.1590909090909092,0.6050677181208263,0.36610694351194367,0.6130289605647773,0.5239628624285945,SUAVE,True,True
FOODS_1_012,FOODS_1,FOODS,6.157833782223932,525996.0038437861,48,1.0625,0.3707112500934407,0.13742683094584154,0.2571855042366667,0.9568529013771228,SUAVE,True,True
FOODS_1_013,FOODS_1,FOODS,1.4717378711078928,36106.14519188993,48,1.0625,0.3527332918899832,0.12442077520754409,0.09564227774633638,0.7583920658128713,SUAVE,True,True
FOODS_1_014,FOODS_1,FOODS,0.98,13252.539999999999,34,1.5,0.1785859877201884,0.03189295500999528,0.3685413565118205,0.9357433484599094,INTERMITENTE,True,False
FOODS_1_015,FOODS_1,FOODS,3.1879405286343614,39957.64658590309,48,1.0625,0.9188620217132276,0.84430741494692,0.28170437584798147,0.6648010986690598,ERRATICO,True,True
FOODS_1_016,FOODS_1,FOODS,2.074499284692418,28499.471173104437,51,1.0,0.21908908253876544,0.04800002608767798,0.07452085985971421,0.7843921753997974,SUAVE,True,True
FOODS_1_017,FOODS_1,FOODS,2.353033958891868,17706.580540661307,32,1.59375,0.5008832394298421,0.25088401954173256,0.3992154594892389,0.8591192995932986,INTERMITENTE,True,False
FOODS_1_018,FOODS_1,FOODS,0.9746737588652482,130369.437964539,51,1.0,0.28010618284381444,0.07845947366733241,0.09497617662536989,0.7640734679744657,SUAVE,True,True
FOODS_1_019,FOODS_1,FOODS,1.024436170212766,65288.34156382979,50,1.02,0.634566637495184,0.40267481742194433,0.23923739689185183,0.9186631436758723,SUAVE,True,True
FOODS_1_020,FOODS_1,FOODS,2.6469219858156032,44732.9815602837,49,1.0408163265306123,0.3905427984680142,0.15252367743522796,0.21490016854514124,0.7167862517690672,SUAVE,True,True
FOODS_1_021,FOODS_1,FOODS,0.9751688609044076,27063.861396680022,27,1.8888888888888888,0.2475964766452614,0.06130401524714748,0.3186519729856684,0.9375201659474044,INTERMITENTE,True,False
FOODS_1_022,FOODS_1,FOODS,5.317312572087658,16047.649342560553,24,2.125,0.3534696700129142,0.12494080761903845,0.8700453608543456,0.9028148505607663,INTERMITENTE,True,False
FOODS_1_023,FOODS_1,FOODS,6.054403744403745,185125.5032926333,48,1.0625,0.494232399177257,0.2442656643965075,0.26738161140613736,0.9624367055155555,SUAVE,True,True
FOODS_1_024,FOODS_1,FOODS,4.706826241134752,99780.0094858156,51,1.0,0.3005546390187489,0.09033309103569045,0.1582202881975257,0.48054584270788575,SUAVE,True,True
FOODS_1_025,FOODS_1,FOODS,4.105513307984791,38259.278517110266,30,1.7,0.3835984009097631,0.14714773318052735,0.2659621806885573,0.9189789932271408,INTERMITENTE,True,False
FOODS_1_026,FOODS_1,FOODS,6.92135231316726,66002.01565836299,50,1.02,0.429437518809465,0.18441658256122961,0.33754086230420965,0.49586730789070727,SUAVE,True,True
FOODS_1_027,FOODS_1,FOODS,1.8665396825396827,68419.87860317461,31,1.6451612903225807,0.451246473006341,0.20362337940066247,0.22931851479406729,0.8775608545113118,INTERMITENTE,True,False
FOODS_1_028,FOODS_1,FOODS,2.757090909090909,39451.213818181815,25,2.04,0.8424439083357708,0.7097117386920485,1.1219682890716987,0.6797488355555207,CON PICOS,True,False
FOODS_1_029,FOODS_1,FOODS,3.968662698412698,18343.15899206349,49,1.0408163265306123,0.41251465477574195,0.17016834040474957,0.09385940297080399,0.665954599470743,SUAVE,True,True
FOODS_1_030,FOODS_1,FOODS,3.190514120202752,24420.195076031865,49,1.0408163265306123,0.8968516152736735,0.8043428198189972,0.239293440734339,0.6432824752494838,ERRATICO,True,True
FOODS_1_031,FOODS_1,FOODS,3.346614341776668,66487.18712807706,51,1.0,0.4483488272613968,0.20101667090666983,0.23176858848563453,0.7596164924179613,SUAVE,True,True
FOODS_1_032,FOODS_1,FOODS,0.9756879432624114,123049.86065248227,44,1.1590909090909092,0.4616158746768602,0.21308921575368273,0.1592704273962319,0.83865087452302,SUAVE,True,True
FOODS_1_033,FOODS_1,FOODS,6.078170964660936,16082.840372492838,35,1.457142857142857,0.4088820047789469,0.16718449383205072,0.32461604781292935,0.8342242782918448,INTERMITENTE,True,False
FOODS_1_034,FOODS_1,FOODS,6.441490706319703,40735.9872267658,49,1.0408163265306123,0.23241320530647794,0.054015898000831064,0.17945176221271475,0.6841948961881117,SUAVE,True,True
FOODS_1_035,FOODS_1,FOODS,2.515681981335248,22454.977365398423,50,1.02,0.8010745257547346,0.641720395813173,0.5656653209326494,0.574706013008438,ERRATICO,True,True
FOODS_1_036,FOODS_1,FOODS,1.7552794588821643,44392.77279458882,51,1.0,0.3934000340387966,0.1547635867817263,0.3053333843046747,0.6935315689408201,SUAVE,True,True
FOODS_1_037,FOODS_1,FOODS,3.2091136034732277,57115.80391461651,49,1.0408163265306123,0.9888075705835249,0.9777404116432925,0.3271109009687785,0.5932427193694487,ERRATICO,True,True
FOODS_1_038,FOODS_1,FOODS,9.198305387085266,111695.0223153764,50,1.02,0.2740774790969564,0.07511846454814257,0.24162152170590043,0.4009331103684614,SUAVE,True,True
FOODS_1_039,FOODS_1,FOODS,2.4786526946107785,11488.555239520958,34,1.5,0.23307962536090485,0.05432611175837976,0.3162127716533008,0.9400384035027756,INTERMITENTE,True,False
FOODS_1_040,FOODS_1,FOODS,1.8330518097941804,47749.166593328606,51,1.0,0.4158405459894216,0.17292335968878025,0.18353655513692782,0.6493880788394144,SUAVE,True,True
FOODS_1_041,FOODS_1,FOODS,2.2087163120567377,32406.285730496456,50,1.02,0.7194864914026534,0.5176608113109005,0.477836067247476,0.6327976345684492,ERRATICO,True,True
FOODS_1_042,FOODS_1,FOODS,0.9748179871520344,45266.648051391865,35,1.457142857142857,0.2627156490252106,0.06901951224273764,0.4470580890809288,0.9355655128466313,INTERMITENTE,True,False
FOODS_1_043,FOODS_1,FOODS,1.846132762312634,238908.04077087797,41,1.2439024390243902,0.29121430818242594,0.08480577329016895,0.16279602333548154,0.9018946245558864,SUAVE,True,True
FOODS_1_044,FOODS_1,FOODS,2.7519539007092195,77167.53932978722,51,1.0,0.8402668228390071,0.7060483335639594,0.430750279890628,0.7675371332078745,ERRATICO,True,True
FOODS_1_045,FOODS_1,FOODS,1.8333605974395448,51950.10588904694,50,1.02,0.3416887036158121,0.11675117017865429,0.19051834212672789,0.5620316292259375,SUAVE,True,True
FOODS_1_046,FOODS_1,FOODS,0.9762765957446808,123457.0094680851,51,1.0,0.38255343529583485,0.1463471308566445,0.10201446383840762,0.8280096097565827,SUAVE,True,True
FOODS_1_047,FOODS_1,FOODS,3.346341637010676,65886.1204911032,51,1.0,0.506641247865926,0.25668535403914267,0.16560241181895619,0.8210317800415661,SUAVE,True,True
FOODS_1_048,FOODS_1,FOODS,5.977911445279867,48193.92207184629,43,1.186046511627907,0.3294948862190542,0.10856688004450747,0.1810095880377188,0.8641009513216812,SUAVE,True,True
FOODS_1_049,FOODS_1,FOODS,2.2242603760198656,26012.725097552327,44,1.1590909090909092,0.40125987645423705,0.16100948845206958,0.18688135943770712,0.9041197468692513,SUAVE,True,True
FOODS_1_050,FOODS_1,FOODS,5.98,30551.820000000003,43,1.186046511627907,0.3829381276395071,0.1466416096000514,0.12583844581332687,0.8741548226807434,SUAVE,True,True
FOODS_1_051,FOODS_1,FOODS,3.87,49265.1,34,1.5,0.3093388168041637,0.09569050358179995,0.2895256688048401,0.9680866032851159,INTERMITENTE,True,False
FOODS_1_052,FOODS_1,FOODS,0.98,12695.9,35,1.457142857142857,0.3546051219674262,0.12574479252553322,0.4378483079847761,0.9323541181623983,INTERMITENTE,True,False
FOODS_1_053,FOODS_1,FOODS,6.457339778016469,47538.93544575725,51,1.0,0.24752290010590697,0.0612675860768388,0.09267825129345965,0.8107970319726785,SUAVE,True,True
FOODS_1_054,FOODS_1,FOODS,1.8859942979330004,42787.55263720598,51,1.0,0.27828207182970316,0.07744091150183206,0.1481245548999919,0.8467652891363138,SUAVE,True,True
FOODS_1_055,FOODS_1,FOODS,3.871782037628683,220745.78109336173,50,1.02,0.7677852631126169,0.5894942102529103,0.674178401853999,0.33314673986543747,ERRATICO,True,True
FOODS_1_056,FOODS_1,FOODS,2.231202623906706,6927.884147230322,17,3.0,0.6621014985498151,0.4383783943819109,1.7245312827938892,0.7656238746836311,INTERMITENTE,False,False
FOODS_1_057,FOODS_1,FOODS,2.301978922716628,8669.252622950822,23,2.217391304347826,0.8088265466811647,0.6542003826161783,0.9756053477785543,0.7783747432240349,CON PICOS,True,False
FOODS_1_058,FOODS_1,FOODS,1.8477087794432547,100110.70937901498,41,1.2439024390243902,0.3755466512703339,0.14103528728036177,0.14745772283325678,0.9123764935488483,SUAVE,True,True
FOODS_1_059,FOODS_1,FOODS,5.403085166384659,57213.268826847154,25,2.04,0.38630895214740063,0.14923460650922268,0.8395512662909513,0.9564509897562491,INTERMITENTE,True,False
FOODS_1_060,FOODS_1,FOODS,1.68,5606.16,12,4.25,0.3153499553814098,0.09944559435905716,,0.8983052096604112,INTERMITENTE,False,False
FOODS_1_061,FOODS_1,FOODS,2.1669299181785844,87305.60640341516,50,1.02,0.33270470543572633,0.11069242101907342,0.15314910716857533,0.6493370505877174,SUAVE,True,True
FOODS_1_062,FOODS_1,FOODS,4.0039219858156025,42661.788758865245,51,1.0,0.2812261814301738,0.07908816512179703,0.18701104376847036,0.7664813035032428,SUAVE,True,True
FOODS_1_063,FOODS_1,FOODS,2.198585106382979,40847.51269148936,51,1.0,0.20777709271716446,0.04317132025799716,0.13851972295387674,0.5629375215368994,SUAVE,True,True
FOODS_1_064,FOODS_1,FOODS,2.6004895352962047,29749.600283788583,51,1.0,0.2730056696515197,0.07453209566187469,0.14205707975298038,0.7944978921480143,SUAVE,True,True
FOODS_1_065,FOODS_1,FOODS,3.288765519687832,38100.34854558353,50,1.02,0.4807593236407856,0.23112952726754563,0.26464856021570743,0.6895406844579663,SUAVE,True,True
FOODS_1_066,FOODS_1,FOODS,1.3586444286728177,22784.46706884315,51,1.0,0.20084354973926952,0.04033813147187043,0.08923539313115922,0.7114742696771797,SUAVE,True,True
FOODS_1_067,FOODS_1,FOODS,1.979531914893617,103961.05710638298,49,1.0408163265306123,0.3418913274296985,0.11688967977164133,0.24704625258598584,0.6138419521679146,SUAVE,True,True
FOODS_1_068,FOODS_1,FOODS,3.575212328767124,17818.858246575346,22,2.3181818181818183,0.4050251003716281,0.1640453319310474,1.0373140601245425,0.9381274348965315,INTERMITENTE,False,False
FOODS_1_069,FOODS_1,FOODS,2.5123333333333333,42898.09166666667,45,1.1333333333333333,0.48164341918571885,0.23198038324491008,0.4326970759106314,0.5034987552068648,SUAVE,True,True
FOODS_1_070,FOODS_1,FOODS,0.9751633237822348,8651.649008595987,27,1.8888888888888888,0.40385383712284195,0.16309792175884297,0.32674400747633153,0.9268110477976998,INTERMITENTE,True,False
FOODS_1_071,FOODS_1,FOODS,1.9767716970702045,20510.983128800443,28,1.8214285714285714,0.30586123307841845,0.09355109390025061,0.3485207697551079,0.9221772849986036,INTERMITENTE,True,False
FOODS_1_072,FOODS_1,FOODS,4.872079430498314,37661.17399775197,47,1.0851063829787233,0.463588980734607,0.21491474305855185,0.3040279659331097,0.7531578146958244,SUAVE,True,True
FOODS_1_073,FOODS_1,FOODS,1.9875773745997865,23769.437822838845,51,1.0,0.4991226175512001,0.24912338735116155,0.24146099660172143,0.7688577738118632,SUAVE,True,True
FOODS_1_074,FOODS_1,FOODS,2.219932624113476,44620.64574468087,49,1.0408163265306123,0.7136886629189579,0.50935150757905,0.4749417697977716,0.6566276462523205,ERRATICO,True,True
FOODS_1_075,FOODS_1,FOODS,3.323166489172879,35571.1741001065,51,1.0,0.8243533968049136,0.6795585228237994,0.7463245748244662,0.4421676083437217,ERRATICO,True,True
FOODS_1_076,FOODS_1,FOODS,6.43865316275764,91390.24299218194,51,1.0,0.226655645661356,0.05137278171016616,0.12543282443878426,0.7055765246585174,SUAVE,True,True
FOODS_1_077,FOODS_1,FOODS,3.0639746001881467,8288.051293508937,35,1.457142857142857,0.43640518870689826,0.19044948873030348,0.1663717172814502,0.8484048584492914,INTERMITENTE,True,False
FOODS_1_078,FOODS_1,FOODS,3.332515868436238,16639.251731102137,25,2.04,0.51706791278228,0.26735922642902354,0.664916565166575,0.7740911808911461,INTERMITENTE,True,False
FOODS_1_079,FOODS_1,FOODS,6.285500431406385,10628.781229508197,51,1.0,0.4119199946289001,0.1696780819750731,0.16641027547623805,0.5257242533584492,SUAVE,True,True
FOODS_1_080,FOODS_1,FOODS,7.478922910662825,80585.39436239193,51,1.0,0.28278009146382166,0.07996458012828735,0.09552342090186107,0.7211048193216367,SUAVE,True,True
FOODS_1_081,FOODS_1,FOODS,6.053081994231562,84452.59998351875,48,1.0625,0.4176183227094063,0.17440506346261783,0.22968701534867605,0.9385177816770923,SUAVE,True,True
FOODS_1_082,FOODS_1,FOODS,0.9751162790697676,66173.34093023257,26,1.9615384615384615,0.20518290689854954,0.042100025283338845,0.3982979489331799,0.9369658778138543,INTERMITENTE,True,False
FOODS_1_083,FOODS_1,FOODS,1.9770742979025957,68954.42028794883,51,1.0,0.436951675207953,0.19092676646703646,0.2043618832166513,0.5578749771847424,SUAVE,True,True
FOODS_1_084,FOODS_1,FOODS,6.168477929984779,12744.075403348554,51,1.0,0.5695470154578123,0.32438380281690143,0.3326203287047545,0.7782573857129004,SUAVE,True,True
FOODS_1_085,FOODS_1,FOODS,0.9762695035460992,145386.0544680851,51,1.0,0.2603691421438606,0.06779209018072987,0.09184967200687541,0.7362327903050078,SUAVE,True,True
FOODS_1_086,FOODS_1,FOODS,1.681849070100143,81107.1714055794,51,1.0,0.1720956273085661,0.02961690493872888,0.09162446512891509,0.589614036617599,SUAVE,True,True
FOODS_1_087,FOODS_1,FOODS,6.082642714570858,238542.99933732534,48,1.0625,0.38527893273618224,0.14843985601033163,0.2683142482052141,0.9561003622713199,SUAVE,True,True
FOODS_1_088,FOODS_1,FOODS,4.874014184397163,143047.44229787233,51,1.0,0.43950653127257644,0.1931659910312522,0.35188267002030443,0.35060243454143786,SUAVE,True,True
FOODS_1_089,FOODS_1,FOODS,3.340619754680439,10135.440335700452,24,2.125,0.5602066944659723,0.3138315405244912,0.7093848351578949,0.8009826466401999,INTERMITENTE,True,False
FOODS_1_090,FOODS_1,FOODS,3.325427456544874,41664.28060305073,46,1.108695652173913,0.6002531171157498,0.36030380460717404,0.6227970519869369,0.6623647582117037,SUAVE,True,True
FOODS_1_091,FOODS_1,FOODS,2.3333215046132008,27530.860432931157,46,1.108695652173913,0.4677336462734273,0.2187747638562356,0.26229708144249125,0.7838596414566433,SUAVE,True,True
FOODS_1_092,FOODS_1,FOODS,1.857841516771998,41344.405114244044,34,1.5,0.4416425737607113,0.19504816295798533,0.1658561270462358,0.864986873188879,INTERMITENTE,True,False
FOODS_1_093,FOODS_1,FOODS,6.034592310942121,34940.28948035488,48,1.0625,0.4443464097830637,0.19744373188709838,0.3909633127840791,0.7975129634457516,SUAVE,True,True
FOODS_1_094,FOODS_1,FOODS,3.31755871886121,62144.50992170819,51,1.0,0.4250445564528407,0.1806628749701921,0.1573597063732885,0.8475769057613545,SUAVE,True,True
FOODS_1_095,FOODS_1,FOODS,3.8227482269503534,29828.90441489361,50,1.02,0.3188405909501826,0.10165932243746165,0.16711256962116386,0.39955908188598344,SUAVE,True,True
FOODS_1_096,FOODS_1,FOODS,6.682003546099291,621860.6600177306,51,1.0,0.6527020307500621,0.42601994094525497,0.18747728013178752,0.9660544396018874,SUAVE,True,True
FOODS_1_097,FOODS_1,FOODS,0.98,25114.46,35,1.457142857142857,0.2639236840685696,0.06965571101232614,0.46176966070760456,0.9199926313214681,INTERMITENTE,True,False
FOODS_1_098,FOODS_1,FOODS,5.408037037037038,31637.01666666667,31,1.6451612903225807,0.7361351847692179,0.5418950102552106,1.0660806456010208,0.9570894165517064,CON PICOS,True,False
FOODS_1_099,FOODS_1,FOODS,0.9750559152442612,62473.7826015303,26,1.9615384615384615,0.22667930802001923,0.05138350868443475,0.4500319416026298,0.9616695847066149,INTERMITENTE,True,False
FOODS_1_101,FOODS_1,FOODS,1.9771219163389344,21928.259174115123,49,1.0408163265306123,0.4321655492547677,0.18676706196267504,0.11083413009018823,0.4866003565951617,SUAVE,True,True
FOODS_1_102,FOODS_1,FOODS,1.7584676258992806,22893.490021582733,50,1.02,0.21724071376705054,0.04719352771801758,0.16419692837216526,0.6643060268190224,SUAVE,True,True
FOODS_1_103,FOODS_1,FOODS,3.901997870830376,75148.57699432221,51,1.0,0.6195094787291043,0.3837919942352066,0.527909973033413,0.60927699744556,SUAVE,True,True
FOODS_1_104,FOODS_1,FOODS,3.3292730496453897,122357.44312056736,49,1.0408163265306123,0.6392421246068634,0.40863049387189665,0.6273574351376847,0.6587980065988798,SUAVE,True,True
FOODS_1_105,FOODS_1,FOODS,1.91025939177102,18504.68272808587,41,1.2439024390243902,0.4708061257027445,0.22165840799922845,0.326959392977226,0.9212632666988867,SUAVE,True,True
FOODS_1_106,FOODS_1,FOODS,3.3210425531914893,100488.10557446808,51,1.0,0.34513910321929336,0.11912100057101804,0.1218099437706962,0.8525571235398042,SUAVE,True,True
FOODS_1_107,FOODS_1,FOODS,6.166098703170029,33747.05820244957,51,1.0,0.5685404531533931,0.32323824687186553,0.2696180661948486,0.9022526595323523,SUAVE,True,True
FOODS_1_108,FOODS_1,FOODS,2.5,60680.0,51,1.0,0.2372032896602782,0.056265400625657845,0.18444223776318852,0.4356029654927732,SUAVE,True,True
FOODS_1_109,FOODS_1,FOODS,2.230291686922703,18727.759295089938,27,1.8888888888888888,0.38311698082114404,0.14677862099350886,0.6482370660114235,0.7780109501275417,INTERMITENTE,True,False
FOODS_1_110,FOODS_1,FOODS,1.8453938356164383,139908.53364726028,41,1.2439024390243902,0.2693920800074295,0.07257209277072929,0.1648577333287029,0.8899729545297027,SUAVE,True,True
FOODS_1_111,FOODS_1,FOODS,5.98,13305.500000000002,14,3.642857142857143,0.4507676908012585,0.20319151107029898,,0.9315261997096925,INTERMITENTE,False,False
FOODS_1_112,FOODS_1,FOODS,1.9776702127659571,44446.16036170212,51,1.0,0.28797522882163945,0.0829297324148756,0.07877109467182507,0.7408603349374635,SUAVE,True,True
FOODS_1_113,FOODS_1,FOODS,0.97640838650866,52090.411011850505,32,1.59375,0.4710395645793411,0.22187827139909524,0.27255604451786003,0.8287280756792776,INTERMITENTE,True,False
FOODS_1_114,FOODS_1,FOODS,3.32449804895353,29292.15230932955,50,1.02,0.682286544400974,0.4655149286706223,0.6117069894000513,0.5591527377806517,SUAVE,True,True
FOODS_1_115,FOODS_1,FOODS,3.477470355731225,33032.490909090906,22,2.3181818181818183,0.4071784051302213,0.16579425360439062,1.0617528064127253,0.9341399820700378,INTERMITENTE,False,False
FOODS_1_116,FOODS_1,FOODS,2.4981950354609928,27022.97569858156,48,1.0625,0.5487131305861377,0.3010860996776398,0.4863890967284461,0.5268805921341758,SUAVE,True,True
FOODS_1_117,FOODS_1,FOODS,2.162369077306733,30314.25209476309,50,1.02,0.6541522187928108,0.42791512535155746,0.22531086762255703,0.7460000425553089,SUAVE,True,True
FOODS_1_118,FOODS_1,FOODS,0.98,10229.24,34,1.5,0.5132935373976341,0.26347025553417636,0.46191648247422945,0.9001016938702525,INTERMITENTE,True,False
FOODS_1_119,FOODS_1,FOODS,3.3145760908123445,21239.803589925505,48,1.0625,0.5102253307104685,0.26032988809860697,0.342310130334218,0.7322570102351645,SUAVE,True,True
FOODS_1_120,FOODS_1,FOODS,1.8479348757497855,48883.42126820908,41,1.2439024390243902,0.45350308384559335,0.20566504705746327,0.2538165300058369,0.8540259305097737,SUAVE,True,True
FOODS_1_121,FOODS_1,FOODS,1.2663402430307362,27746.78106504646,51,1.0,0.33859352767114775,0.1146455769807923,0.12498083839940051,0.8149407230329081,SUAVE,True,True
FOODS_1_122,FOODS_1,FOODS,1.98,10612.8,6,8.5,0.4548974455275096,0.20693168594745356,,0.9046363702302703,INTERMITENTE,False,False
FOODS_1_123,FOODS_1,FOODS,3.326345195729537,51518.434391459064,50,1.02,0.6398269175540283,0.40937848442668934,0.5947079461718826,0.6714046459095252,SUAVE,True,True
FOODS_1_124,FOODS_1,FOODS,2.1571107142857144,38659.738221428575,49,1.0408163265306123,0.6366334650398371,0.40530216880862946,0.17836974166264677,0.7606999438264943,SUAVE,True,True
FOODS_1_125,FOODS_1,FOODS,5.143432601880878,22209.341974921634,19,2.6842105263157894,0.338525176613372,0.11459929520111471,1.735526772563033,0.9741389497340092,INTERMITENTE,False,False
FOODS_1_126,FOODS_1,FOODS,2.3693086529884035,7579.418380909903,25,2.04,0.8608854279599719,0.741123720073824,0.9233793021324366,0.7912806534156531,CON PICOS,True,False
FOODS_1_127,FOODS_1,FOODS,1.989152181624689,44547.063107484915,51,1.0,0.4891843636678669,0.23930134165713585,0.2798031824053937,0.7499738195765342,SUAVE,True,True
FOODS_1_128,FOODS_1,FOODS,3.924813100747597,45229.546173015304,51,1.0,0.41891740867390664,0.17549179529006093,0.27190563306694515,0.4179380139384872,SUAVE,True,True
FOODS_1_129,FOODS_1,FOODS,6.697524822695035,251016.53282978723,51,1.0,0.4088760747742674,0.1671796445228123,0.11627064278135192,0.9255095612066608,SUAVE,True,True
FOODS_1_130,FOODS_1,FOODS,1.7496665484214262,40088.35995743172,51,1.0,0.26216978515966777,0.06873299625066635,0.20988612344852278,0.6511136424645679,SUAVE,True,True
FOODS_1_131,FOODS_1,FOODS,2.849937106918239,8042.52251572327,6,8.5,0.6810092211909325,0.4637735593470805,,0.8361096092716955,INTERMITENTE,False,False
FOODS_1_132,FOODS_1,FOODS,1.866776071995765,24594.7747485442,31,1.6451612903225807,0.4539423633455174,0.20606366923971375,0.15939985521458647,0.8683293898161858,INTERMITENTE,True,False
FOODS_1_133,FOODS_1,FOODS,3.192663568108688,39451.74371111906,48,1.0625,0.9071196477532012,0.8228660553398918,0.31845431590824014,0.5383834395982326,ERRATICO,True,True
FOODS_1_134,FOODS_1,FOODS,1.98,20518.74,19,2.6842105263157894,0.31571466300783496,0.09967574843815079,1.653046335913819,0.9561158572816298,INTERMITENTE,False,False
FOODS_1_135,FOODS_1,FOODS,2.510190168640115,22777.4655902404,46,1.108695652173913,0.478526458783008,0.22898757175540582,0.4338707734947467,0.5261478199816481,SUAVE,True,True
FOODS_1_136,FOODS_1,FOODS,4.708605888612984,28317.555814118485,51,1.0,0.3703855778351982,0.13718547626831368,0.14130126658341002,0.8224004274149397,SUAVE,True,True
FOODS_1_137,FOODS_1,FOODS,1.9768888096935135,98217.76673200283,50,1.02,0.5527149144674434,0.30549377667475325,0.2218359559541799,0.6027247460496011,SUAVE,True,True
FOODS_1_138,FOODS_1,FOODS,2.502724370344094,27519.957176303655,46,1.108695652173913,0.48400080462015105,0.23425677887295362,0.486574859805293,0.5814396687454101,SUAVE,True,True
FOODS_1_139,FOODS_1,FOODS,0.98,30843.54,34,1.5,0.3209777579826762,0.10302672111958545,0.3202469304049638,0.9564356916514908,INTERMITENTE,True,False
FOODS_1_140,FOODS_1,FOODS,6.921177304964539,63003.4770070922,49,1.0408163265306123,0.39094645788689547,0.15283913293431015,0.3412316311237747,0.5149254941668059,SUAVE,True,True
FOODS_1_141,FOODS_1,FOODS,3.3218511925952297,25498.52975436098,51,1.0,0.6473025473994594,0.41900058786982936,0.5946155131872205,0.6752285495106481,SUAVE,True,True
FOODS_1_142,FOODS_1,FOODS,1.4704281567489117,33439.006712627,49,1.0408163265306123,0.4036150615119961,0.1629051178793324,0.20981221705009123,0.5175703004987048,SUAVE,True,True
FOODS_1_143,FOODS_1,FOODS,1.9709726659566915,28855.039829605965,50,1.02,0.40667869839025944,0.16538756372439561,0.27547300299172645,0.6377174740502318,SUAVE,True,True
FOODS_1_144,FOODS_1,FOODS,6.958870738636364,91676.16311079546,51,1.0,0.24905159113333059,0.06202669504604367,0.05865126150127552,0.6521425198384283,SUAVE,True,True
FOODS_1_145,FOODS_1,FOODS,0.98,19736.22,34,1.5,0.1749371859341494,0.030603019022559155,0.4346873240820772,0.9330760348398045,INTERMITENTE,True,False
FOODS_1_146,FOODS_1,FOODS,2.224306202940122,26039.952717820008,49,1.0408163265306123,0.7149535933610562,0.5111586406598866,0.48834215650921586,0.5988890856662228,ERRATICO,True,True
FOODS_1_147,FOODS_1,FOODS,5.296159383033419,30590.616596401025,27,1.8888888888888888,0.49894240897309355,0.24894352747187376,0.8452050524141506,0.9461772296349744,INTERMITENTE,True,False
FOODS_1_148,FOODS_1,FOODS,5.291742217367559,18965.604107045332,24,2.125,0.3798054986011289,0.14425221676765212,0.9165998512797298,0.8985620516630688,INTERMITENTE,True,False
FOODS_1_149,FOODS_1,FOODS,0.98,12621.42,34,1.5,0.3186774965431812,0.10155534680302929,0.3996600272258597,0.9389580954636297,INTERMITENTE,True,False
FOODS_1_150,FOODS_1,FOODS,4.873237588652483,138945.7501276596,50,1.02,0.24597207396085324,0.06050226116860346,0.15306312200643477,0.5508987409366857,SUAVE,True,True
FOODS_1_151,FOODS_1,FOODS,11.402252808988765,46076.5036011236,28,1.8214285714285714,0.4794404792119011,0.22986317310693735,0.37547671994864606,0.7603885269908468,INTERMITENTE,True,False
FOODS_1_152,FOODS_1,FOODS,7.986835757360766,117358.5646186591,51,1.0,0.3266278015717222,0.10668572075957634,0.2569127584249762,0.4828943898546146,SUAVE,True,True
FOODS_1_153,FOODS_1,FOODS,1.8858566308243727,35227.80186379928,51,1.0,0.20391677329024435,0.041582050429104914,0.09990129821914066,0.6868419501189226,SUAVE,True,True
FOODS_1_154,FOODS_1,FOODS,1.471043100325969,55006.71465048896,51,1.0,0.48067766023312525,0.2310510130471918,0.17398705048807336,0.6445901312300405,SUAVE,True,True
FOODS_1_155,FOODS_1,FOODS,0.98,17423.42,35,1.457142857142857,0.2539319273976441,0.06448142375188239,0.40067980604953723,0.9641066778655872,INTERMITENTE,True,False
FOODS_1_156,FOODS_1,FOODS,2.354509366636932,17486.941066012496,33,1.5454545454545454,0.5164746157542615,0.266746028718512,0.4028548654549825,0.8617335881451978,INTERMITENTE,True,False
FOODS_1_157,FOODS_1,FOODS,5.332295293359123,29327.624113475176,23,2.217391304347826,0.38510784100670714,0.14830804920484722,0.9319112222555833,0.9523035701760132,INTERMITENTE,False,False
FOODS_1_158,FOODS_1,FOODS,4.680901198842497,28675.200744109134,43,1.186046511627907,0.31474447109443565,0.09906408208451604,0.12215057801416265,0.878190995222898,SUAVE,True,True
FOODS_1_159,FOODS_1,FOODS,5.34392030848329,29060.238637532133,22,2.3181818181818183,0.28700873070136323,0.08237401149880764,0.8894037424011579,0.952281083265507,INTERMITENTE,False,False
FOODS_1_160,FOODS_1,FOODS,2.24,4547.200000000001,3,17.0,0.6074482561100183,0.36899338385110236,,0.13725447612631692,INTERMITENTE,False,False
FOODS_1_161,FOODS_1,FOODS,0.9747144377438808,86035.11927633913,51,1.0,0.24914267169006563,0.06207207085686383,0.11342381035355523,0.41511789374110175,SUAVE,True,True
FOODS_1_162,FOODS_1,FOODS,1.859387159533074,124233.09367704281,34,1.5,0.46391804534894887,0.21521995280038939,0.21324538919118297,0.8084633718241786,INTERMITENTE,True,False
FOODS_1_163,FOODS_1,FOODS,0.9722604651162792,19387.845934883724,12,4.25,0.37774793489043823,0.14269350231399075,,0.956110665145661,INTERMITENTE,False,False
FOODS_1_164,FOODS_1,FOODS,6.106238377007608,36478.66806424345,48,1.0625,0.47050262733670145,0.22137272233073896,0.3570199717391995,0.9072085195480595,SUAVE,True,True
FOODS_1_166,FOODS_1,FOODS,2.1611865008881,73854.22629484905,50,1.02,0.5568715484837377,0.3101059215106758,0.1602457316679858,0.756441533080915,SUAVE,True,True
FOODS_1_167,FOODS_1,FOODS,4.703847517730496,50937.964769503546,51,1.0,0.2728398576435205,0.07444158791893651,0.15603616923497252,0.8168890375940588,SUAVE,True,True
FOODS_1_168,FOODS_1,FOODS,2.156106382978724,32147.546170212776,50,1.02,0.5331623988795933,0.2842621435790425,0.24460177607265352,0.8231967995982828,SUAVE,True,True
FOODS_1_169,FOODS_1,FOODS,3.2831762991743565,23044.614443904808,33,1.5454545454545454,1.0043843952077707,1.0087880133368792,0.6528132855395273,0.7206513515242422,CON PICOS,True,False
FOODS_1_170,FOODS_1,FOODS,6.156806464024625,395488.62002308585,48,1.0625,0.44799550822004347,0.20069997538533504,0.29227481753451556,0.9484147882587338,SUAVE,True,True
FOODS_1_171,FOODS_1,FOODS,5.581823932525039,32553.19717448603,25,2.04,0.4210794835691267,0.17730793148284246,0.8926756424925756,0.9332296173178938,INTERMITENTE,True,False
FOODS_1_172,FOODS_1,FOODS,1.8766560283687943,61755.119925531915,51,1.0,0.2794013325482745,0.07806510462975147,0.14951330378514266,0.7539881309380576,SUAVE,True,True
FOODS_1_173,FOODS_1,FOODS,1.977761617594892,129436.5868251153,51,1.0,0.4804512508001231,0.23083340439540276,0.1670140467725213,0.5581776380668736,SUAVE,True,True
FOODS_1_174,FOODS_1,FOODS,4.870719858156028,66782.4399751773,51,1.0,0.3820466766911393,0.1459596631707439,0.2579784874076554,0.6578456946443735,SUAVE,True,True
FOODS_1_175,FOODS_1,FOODS,2.971403743315508,35894.557219251335,38,1.3421052631578947,0.19263972677767183,0.037110064332976055,0.21237943968952902,0.9026410175548283,INTERMITENTE,True,False
FOODS_1_176,FOODS_1,FOODS,3.220131004366812,25645.123318777292,49,1.0408163265306123,1.2946981798010269,1.6762433767800922,0.5040284621666256,0.4998000303580297,ERRATICO,True,True
FOODS_1_177,FOODS_1,FOODS,8.619804895352962,106075.31904221355,51,1.0,0.22867176362103078,0.05229077547755258,0.15038606771585983,0.684516671040623,SUAVE,True,True
FOODS_1_178,FOODS_1,FOODS,9.280099290780145,128733.53736170217,51,1.0,0.23499943329623543,0.055224733649551806,0.14534865358763863,0.3730833196340973,SUAVE,True,True
FOODS_1_179,FOODS_1,FOODS,3.5777168367346937,8160.772104591836,5,10.2,0.42215654049063217,0.17821614467901875,,0.8366822934884485,INTERMITENTE,False,False
FOODS_1_180,FOODS_1,FOODS,9.607421540656205,173365.92170114123,51,1.0,0.6534199067054486,0.42695757447895716,0.5748404457261934,0.08460738614418387,SUAVE,True,True
FOODS_1_181,FOODS_1,FOODS,1.3207881773399013,30473.224827586204,38,1.3421052631578947,0.36391139998269306,0.13243150703736362,0.2705274540967905,0.9164078016867488,INTERMITENTE,True,False
FOODS_1_182,FOODS_1,FOODS,2.0189546351084813,35685.02317554241,33,1.5454545454545454,0.23521915704184976,0.05532805183947838,0.17656320426906466,0.9239050946236805,INTERMITENTE,True,False
FOODS_1_183,FOODS_1,FOODS,2.9516370738636364,100839.72899147727,51,1.0,0.167700537434412,0.028123470255790615,0.06467295889639708,0.6785678817697668,SUAVE,True,True
FOODS_1_184,FOODS_1,FOODS,0.999859872611465,80707.68905732484,41,1.2439024390243902,0.42186420656334944,0.17796940877932438,0.32717379917477263,0.7110688236109423,SUAVE,True,True
FOODS_1_185,FOODS_1,FOODS,2.137301644031451,37915.73116511794,51,1.0,0.27780187991696104,0.07717388448539764,0.2588430976132722,0.5134132711566992,SUAVE,True,True
FOODS_1_186,FOODS_1,FOODS,5.977033470884916,32670.464951856953,38,1.3421052631578947,0.34115963898580826,0.11638989927292702,0.16041519082388586,0.9236290775136462,INTERMITENTE,True,False
FOODS_1_187,FOODS_1,FOODS,9.197460826210827,227692.34021367523,51,1.0,0.31417355119802226,0.09870502027237632,0.21062622883950877,0.4399679142133782,SUAVE,True,True
FOODS_1_188,FOODS_1,FOODS,2.9782722513089004,19302.182460732984,14,3.642857142857143,0.48173218562416065,0.23206589866623076,,0.9329782961089162,INTERMITENTE,False,False
FOODS_1_189,FOODS_1,FOODS,2.3565377777777776,10578.498084444444,33,1.5454545454545454,0.48456531357475807,0.23480354311980361,0.37123932528080344,0.8353404784746102,INTERMITENTE,True,False
FOODS_1_190,FOODS_1,FOODS,0.9751660939289803,21409.771592210764,27,1.8888888888888888,0.43880859582733306,0.19255298377195573,0.3896219856293193,0.9063328676861677,INTERMITENTE,True,False
FOODS_1_191,FOODS_1,FOODS,6.024885807504078,44469.6821451876,48,1.0625,0.4441999008331221,0.1973135519001555,0.4291052528676254,0.7958902240172071,SUAVE,True,True
FOODS_1_192,FOODS_1,FOODS,2.3406347517730497,45228.08530851064,48,1.0625,0.5220187795296135,0.27250360618158725,0.18867317770389577,0.8332126726865599,SUAVE,True,True
FOODS_1_193,FOODS_1,FOODS,5.4597,57288.632099999995,25,2.04,0.41527749704134975,0.17245539954892825,0.816563546999234,0.9591887012505684,INTERMITENTE,True,False
FOODS_1_194,FOODS_1,FOODS,4.708953158268275,146603.8386763662,51,1.0,0.34421675088952003,0.1184851715929379,0.15464394887176808,0.7327479510777758,SUAVE,True,True
FOODS_1_195,FOODS_1,FOODS,2.221535460992908,31310.320787234046,47,1.0851063829787233,0.6845370026601784,0.468590908010981,0.447505408045279,0.6435365069863304,SUAVE,True,True
FOODS_1_196,FOODS_1,FOODS,1.9783664772727272,56417.07683238636,49,1.0408163265306123,0.2686982881310191,0.07219877004454016,0.22809990357467436,0.6503123256542815,SUAVE,True,True
FOODS_1_197,FOODS_1,FOODS,4.874576210826211,39279.33510683761,50,1.02,0.3305254532191123,0.1092470752256996,0.12824987892064632,0.7315629876503041,SUAVE,True,True
FOODS_1_198,FOODS_1,FOODS,2.510344215755855,20004.933055358408,49,1.0408163265306123,0.7220047673630923,0.521290884095033,0.5554495986392559,0.5858020020362041,ERRATICO,True,True
FOODS_1_199,FOODS_1,FOODS,6.117723161620134,63563.14364923319,48,1.0625,0.4134284268037265,0.17092306408940422,0.3214380653677662,0.8632295802636071,SUAVE,True,True
FOODS_1_200,FOODS_1,FOODS,0.9720529801324505,34901.56225165563,12,4.25,0.4347735284368025,0.18902802102938712,,0.949130988086185,INTERMITENTE,False,False
FOODS_1_201,FOODS_1,FOODS,2.160351063829788,64648.50558510641,51,1.0,0.575993202471292,0.33176816929313485,0.13731010961016316,0.7384970680333798,SUAVE,True,True
FOODS_1_202,FOODS_1,FOODS,0.9751807228915664,18662.033493975905,27,1.8888888888888888,0.42747557641263756,0.18273536842931673,0.3936261322291215,0.9613585289192451,INTERMITENTE,True,False
FOODS_1_203,FOODS_1,FOODS,2.167471631205674,27277.630478723404,51,1.0,0.25985251233033796,0.06752332816438844,0.08923889995062728,0.7830230913517546,SUAVE,True,True
FOODS_1_204,FOODS_1,FOODS,0.975311004784689,62457.9414354067,37,1.3783783783783783,0.4515037243144725,0.20385561306983918,0.17278526171812758,0.8664423869148822,INTERMITENTE,True,False
FOODS_1_205,FOODS_1,FOODS,4.971099672437997,43959.43440336921,37,1.3783783783783783,0.370589410243008,0.1373365109842605,0.18374451541466513,0.8987989045994124,INTERMITENTE,True,False
FOODS_1_206,FOODS_1,FOODS,1.9975249287749288,60273.317200854704,51,1.0,0.915124613243569,0.8374530577641917,0.867356921969477,0.09046777909121455,ERRATICO,True,True
FOODS_1_207,FOODS_1,FOODS,3.286292613636363,51121.56789772726,51,1.0,0.17956464179772816,0.03224346058394642,0.12323631739620285,0.06581247060897855,SUAVE,True,True
FOODS_1_208,FOODS_1,FOODS,1.8538955823293173,47570.96064257028,38,1.3421052631578947,0.18461384807935244,0.03408227290266622,0.1811463855302584,0.9391264245045553,INTERMITENTE,True,False
FOODS_1_209,FOODS_1,FOODS,2.341918439716312,37070.2269822695,50,1.02,0.5968226991276152,0.3561973341939719,0.21868531393018306,0.8463636804024156,SUAVE,True,True
FOODS_1_210,FOODS_1,FOODS,1.8692334293948123,54592.83153890489,27,1.8888888888888888,0.3739713935512301,0.13985460319464904,0.44332079814364034,0.9232487370724097,INTERMITENTE,True,False
FOODS_1_211,FOODS_1,FOODS,6.03503807106599,25256.634327411168,48,1.0625,0.396725168363381,0.157390859212953,0.26887265255804377,0.7437800858777041,SUAVE,True,True
FOODS_1_212,FOODS_1,FOODS,6.124319500223115,18477.071932173138,36,1.4166666666666667,0.4993703745238616,0.24937077095210183,0.38768711948274004,0.7631610122598333,INTERMITENTE,True,False
FOODS_1_213,FOODS_1,FOODS,2.317258865248227,28555.580996453904,51,1.0,0.4764699861889539,0.22702364773890193,0.17121018724910123,0.865889264583663,SUAVE,True,True
FOODS_1_214,FOODS_1,FOODS,2.950515843773029,38926.15552689757,49,1.0408163265306123,0.17060129927781245,0.029104803315277733,0.16825671578616513,0.8136340237996234,SUAVE,True,True
FOODS_1_215,FOODS_1,FOODS,1.7534015223596575,41094.471479543296,38,1.3421052631578947,0.250585138362137,0.06279291156797136,0.30245490154932,0.9123078306077168,INTERMITENTE,True,False
FOODS_1_216,FOODS_1,FOODS,4.949718259629101,81309.02185092724,51,1.0,0.24680792712666663,0.06091415289256199,0.13386243872451123,0.22147594765696932,SUAVE,True,True
FOODS_1_217,FOODS_1,FOODS,3.328042553191489,164155.6989361702,51,1.0,0.6996429915436573,0.4895003156161581,0.6814781381337739,0.6344112865482973,SUAVE,True,True
FOODS_1_218,FOODS_1,FOODS,0.9762482269503546,229406.61835460993,51,1.0,0.41936895248245226,0.1758703183062293,0.13688418320029985,0.8255272022815476,SUAVE,True,True
FOODS_1_219,FOODS_1,FOODS,2.144145390070922,88203.70891134752,49,1.0408163265306123,0.5122627208730268,0.26241309519623657,0.1423556646743523,0.7037701248513917,SUAVE,True,True
FOODS_2_001,FOODS_2,FOODS,1.9283441396508727,21609.024428927678,51,1.0,0.28146969100395897,0.07922518695386414,0.09330078380349331,0.7380844089310208,SUAVE,True,True
FOODS_2_002,FOODS_2,FOODS,1.9361768292682928,48855.549932926835,26,1.9615384615384615,0.29245566440765774,0.08553031564412453,0.5771588286439013,0.9607827276562015,INTERMITENTE,True,False
FOODS_2_003,FOODS_2,FOODS,2.121158363710004,42310.74588092345,51,1.0,0.5453020811945487,0.2973543597551062,0.229674804532139,0.7100018950706374,SUAVE,True,True
FOODS_2_004,FOODS_2,FOODS,3.835157824042982,40763.892511752856,21,2.4285714285714284,0.5795639888006726,0.33589441711454615,1.0715875655854783,0.8231103894855727,INTERMITENTE,False,False
FOODS_2_005,FOODS_2,FOODS,3.8099882720875686,46348.50732994527,51,1.0,0.3160299775384875,0.0998749467029769,0.23666808985615242,0.5791609107932771,SUAVE,True,True
FOODS_2_006,FOODS_2,FOODS,10.29669927909372,24217.83670442843,36,1.4166666666666667,0.460707858220272,0.21225173062591024,0.32204798038541554,0.8487264240860659,INTERMITENTE,True,False
FOODS_2_007,FOODS_2,FOODS,2.7264090177133653,8465.5,17,3.0,0.31295441808645685,0.09794046779983283,2.460276074705677,0.8268808563154886,INTERMITENTE,False,False
FOODS_2_008,FOODS_2,FOODS,2.494432013769363,13242.93956110155,14,3.642857142857143,0.5147746342483492,0.2649929240655217,,0.8072450762353021,INTERMITENTE,False,False
FOODS_2_009,FOODS_2,FOODS,1.4193724364232978,30844.382415914686,51,1.0,0.3734723720586301,0.13948161269109982,0.11981738863998312,0.6406600397117952,SUAVE,True,True
FOODS_2_010,FOODS_2,FOODS,2.491603773584905,24250.779528301882,50,1.02,0.5135225031396314,0.2637053612307928,0.20329609147528166,0.6893823486649359,SUAVE,True,True
FOODS_2_011,FOODS_2,FOODS,2.731605749486653,21336.572509240246,48,1.0625,0.46101717376684265,0.21253683450796718,0.2375740626997686,0.5040896381112175,SUAVE,True,True
FOODS_2_012,FOODS_2,FOODS,2.9889540607054963,21131.90520918786,51,1.0,0.4149398073217521,0.17217504370021278,0.21632427776239838,0.5245823076017029,SUAVE,True,True
FOODS_2_013,FOODS_2,FOODS,1.9329787234042557,159120.87553191493,51,1.0,0.4144698550959425,0.17178526078325154,0.05194921791457131,0.944904225707177,SUAVE,True,True
FOODS_2_014,FOODS_2,FOODS,2.744971287940935,60932.87264971288,51,1.0,0.28994817623368546,0.08406994490124033,0.1725274522818347,0.3580547051482511,SUAVE,True,True
FOODS_2_015,FOODS_2,FOODS,2.5677615062761503,10283.884832635982,13,3.923076923076923,0.3387796148282583,0.11477162742318306,,0.9411355502442912,INTERMITENTE,False,False
FOODS_2_016,FOODS_2,FOODS,1.181385650224215,80682.73298206276,45,1.1333333333333333,0.1323339758122988,0.017512281154290085,0.23101217919276829,0.8585907090065945,SUAVE,True,True
FOODS_2_017,FOODS_2,FOODS,3.6926946107784433,7795.278323353294,7,7.285714285714286,0.45222806108546687,0.20451021923312077,,0.9106387147824765,INTERMITENTE,False,False
FOODS_2_018,FOODS_2,FOODS,7.078797208538588,149751.95494663384,50,1.02,0.6880104643677688,0.47335839907955285,0.2171061356067888,0.8282521339298788,SUAVE,True,True
FOODS_2_019,FOODS_2,FOODS,3.1741213804046016,313742.85372471245,51,1.0,0.2627913524670339,0.06905929493145284,0.13635851834612323,0.6575337052247298,SUAVE,True,True
FOODS_2_020,FOODS_2,FOODS,2.437334702258727,36589.268550308014,51,1.0,0.3704323438722366,0.13722012138667897,0.1613650164399045,0.5737366824149028,SUAVE,True,True
FOODS_2_021,FOODS_2,FOODS,0.8346257668711656,101624.03337423313,51,1.0,0.5075218571706221,0.2575784355059174,0.06407814857620464,0.8790864030007693,SUAVE,True,True
FOODS_2_022,FOODS_2,FOODS,7.053882828282829,138206.72625454547,49,1.0408163265306123,0.7199097660269836,0.5182700712210263,0.36663112423876837,0.8835144001163323,ERRATICO,True,True
FOODS_2_023,FOODS_2,FOODS,1.2740425531914894,8251.973617021276,13,3.923076923076923,0.5980755139767339,0.3576943204185344,,0.8594611296487203,INTERMITENTE,False,False
FOODS_2_024,FOODS_2,FOODS,2.495315315315316,51119.02954954956,51,1.0,0.33672500680969125,0.11338373021098662,0.10617803049570818,0.6143048852180184,SUAVE,True,True
FOODS_2_025,FOODS_2,FOODS,3.8142655145326,40492.24270227808,51,1.0,0.3751832361091421,0.14076246065732828,0.25292164721840404,0.8195160719266679,SUAVE,True,True
FOODS_2_026,FOODS_2,FOODS,2.3359716312056737,72380.0809929078,51,1.0,0.6279759881085039,0.3943538416408518,0.4298923569505344,0.810696287293825,SUAVE,True,True
FOODS_2_027,FOODS_2,FOODS,2.155979166666667,18399.126208333335,35,1.457142857142857,0.3088700951663212,0.09540073568805231,0.23947714491854155,0.9032358278976025,INTERMITENTE,True,False
FOODS_2_028,FOODS_2,FOODS,3.842773571920165,27660.28417068135,20,2.55,0.5571876063043337,0.31045802861915317,1.0774448801707093,0.8141647093323467,INTERMITENTE,False,False
FOODS_2_029,FOODS_2,FOODS,10.646057571964958,360358.4027534419,51,1.0,0.8877322198850363,0.7880684942220144,0.3182343339068506,0.7709444680189333,ERRATICO,True,True
FOODS_2_030,FOODS_2,FOODS,4.376105517519131,104925.88199355619,51,1.0,0.1307628197188252,0.01709891502081798,0.053255917942392615,0.7426233029855885,SUAVE,True,True
FOODS_2_031,FOODS_2,FOODS,2.072816408204102,58382.94695347674,43,1.186046511627907,0.4290937069604438,0.1841214093530552,0.28399719684589975,0.7658165002414559,SUAVE,True,True
FOODS_2_032,FOODS_2,FOODS,2.0844695481335958,38937.89115913557,44,1.1590909090909092,0.5442131643623956,0.29616796826533187,0.27641211835171303,0.7334817386244347,SUAVE,True,True
FOODS_2_033,FOODS_2,FOODS,2.348839190628328,31598.933631522897,10,5.1,0.8038628881640414,0.6461955429674341,,0.6573104182833139,CON PICOS,False,False
FOODS_2_034,FOODS_2,FOODS,2.4966974510528264,61258.96865903215,51,1.0,0.31848091007142315,0.10143009007992192,0.21409918079888085,0.572336805066193,SUAVE,True,True
FOODS_2_035,FOODS_2,FOODS,5.11785084202085,57186.86530874098,20,2.55,0.6595890998533375,0.435057780645336,3.2201889243932516,0.8817069397994725,INTERMITENTE,False,False
FOODS_2_036,FOODS_2,FOODS,3.464825431826535,135450.42060639473,51,1.0,0.6860850784168335,0.4707127348262326,0.40115684276801233,0.5701231579119543,SUAVE,True,True
FOODS_2_037,FOODS_2,FOODS,7.277880032867707,37575.69460969597,48,1.0625,0.5656596424327578,0.3199708310771554,0.5604217083274214,0.7440735486564682,SUAVE,True,True
FOODS_2_038,FOODS_2,FOODS,6.034151654796816,77653.49764558022,50,1.02,0.3301519523100148,0.1090003116141143,0.2350964952695018,0.7750502208434779,SUAVE,True,True
FOODS_2_039,FOODS_2,FOODS,4.815657111952407,26043.07366143862,34,1.5,0.325728099798585,0.10609879499839696,0.33569809492834707,0.9190369780587131,INTERMITENTE,True,False
FOODS_2_040,FOODS_2,FOODS,2.4874775583482944,11447.37172351885,14,3.642857142857143,0.5258061473340737,0.27647210457430166,,0.8084683409965239,INTERMITENTE,False,False
FOODS_2_041,FOODS_2,FOODS,3.788720930232558,32518.591744186047,51,1.0,0.465801062727605,0.21697063003816622,0.15872360318938342,0.5929210182837148,SUAVE,True,True
FOODS_2_042,FOODS_2,FOODS,2.091570921985816,43456.5690460993,51,1.0,0.7263808488446315,0.5276291375682474,0.22128902976059794,0.8264659021170144,ERRATICO,True,True
FOODS_2_043,FOODS_2,FOODS,2.752106254709872,26899.086533534286,49,1.0408163265306123,0.4833711015086802,0.2336476217737148,0.2563430769494395,0.5075508774708458,SUAVE,True,True
FOODS_2_044,FOODS_2,FOODS,2.501251694532309,41013.02403524627,51,1.0,0.392990408348371,0.1544414610538194,0.16864272475324685,0.6789967430293167,SUAVE,True,True
FOODS_2_045,FOODS_2,FOODS,6.929452644526446,39165.26634686347,27,1.8888888888888888,0.3936243790036688,0.1549401517460239,0.1464585449887128,0.8823315716656346,INTERMITENTE,True,False
FOODS_2_046,FOODS_2,FOODS,3.883288797533402,10360.614511819116,10,5.1,0.6100768930528829,0.37219381543705876,,0.8043836217230389,INTERMITENTE,False,False
FOODS_2_047,FOODS_2,FOODS,2.74622641509434,61342.45943396227,51,1.0,0.2554132547441652,0.06523593069900784,0.1652623617030628,0.6443368828702671,SUAVE,True,True
FOODS_2_048,FOODS_2,FOODS,7.957565588773642,36405.862568639415,25,2.04,0.5019861750228348,0.2519901199140562,0.6983564563003989,0.7057499224996394,INTERMITENTE,True,False
FOODS_2_049,FOODS_2,FOODS,2.458970889708897,48963.02835588356,51,1.0,0.3692984766704847,0.13638136487114053,0.07523382701037035,0.8552296993427474,SUAVE,True,True
FOODS_2_050,FOODS_2,FOODS,1.0,16421.0,8,6.375,0.30134466147667316,0.09080860500049075,,0.9007414567905017,INTERMITENTE,False,False
FOODS_2_051,FOODS_2,FOODS,2.438858808829654,41877.64460641399,51,1.0,0.45483169605754653,0.2068718717385844,0.11699790577111188,0.7190856288562355,SUAVE,True,True
FOODS_2_052,FOODS_2,FOODS,12.553007092198582,350354.42794326245,51,1.0,0.45917124215201804,0.2108382296194272,0.35181176601752645,0.6240142294832841,SUAVE,True,True
FOODS_2_053,FOODS_2,FOODS,7.075197834235735,38835.76091211995,51,1.0,0.3283603559784749,0.10782052337831076,0.18929315993050072,0.43949956426205883,SUAVE,True,True
FOODS_2_054,FOODS_2,FOODS,2.711704918032787,151394.48557377048,51,1.0,0.3010141116678729,0.09060949542319865,0.13922056391521517,0.7201517355109519,SUAVE,True,True
FOODS_2_055,FOODS_2,FOODS,2.5021413634462566,39331.160092011705,51,1.0,0.3322638969432724,0.11039929721192955,0.1750635573560245,0.5089154657131109,SUAVE,True,True
FOODS_2_056,FOODS_2,FOODS,7.051656028368795,372362.69657801423,49,1.0408163265306123,0.6764549887084713,0.45759135174857807,0.2381573644143836,0.8836520740957624,SUAVE,True,True
FOODS_2_057,FOODS_2,FOODS,3.929047619047619,8152.77380952381,12,4.25,0.3994074599361386,0.15952631905263814,,0.8614013976637054,INTERMITENTE,False,False
FOODS_2_058,FOODS_2,FOODS,4.870715123094959,58521.64220398593,51,1.0,0.37000214589410024,0.13690158796623905,0.14182021724475397,0.7646215082334372,SUAVE,True,True
FOODS_2_059,FOODS_2,FOODS,5.93645596291614,168369.76402022757,51,1.0,0.2797950597146805,0.07828527544074163,0.1388364267512559,0.5834815987695793,SUAVE,True,True
FOODS_2_060,FOODS_2,FOODS,7.280791586998088,127319.20248183557,50,1.02,0.5641815747815604,0.3183008493230014,0.5662811147131535,0.7240398076562241,SUAVE,True,True
FOODS_2_061,FOODS_2,FOODS,1.954985795454545,73433.17644886363,51,1.0,0.2034466422946882,0.04139053626098282,0.0965245282478632,0.7037272275922025,SUAVE,True,True
FOODS_2_062,FOODS_2,FOODS,5.459643442622951,63533.87074180329,51,1.0,0.28823012006795623,0.08307660211438847,0.1520299113647706,0.7217401816015689,SUAVE,True,True
FOODS_2_063,FOODS_2,FOODS,2.7633796296296294,122180.06694444444,51,1.0,0.4748270413571482,0.22546071920398295,0.1730507570302311,0.6653401822123155,SUAVE,True,True
FOODS_2_064,FOODS_2,FOODS,2.300664862775416,29252.953730189412,50,1.02,0.5865510610155067,0.34404214717841664,0.1371906526412605,0.8303373185595495,SUAVE,True,True
FOODS_2_065,FOODS_2,FOODS,0.9494987674609696,45635.75926047658,51,1.0,0.33790036316968375,0.11417665543020417,0.21593867276189,0.7097939672095898,SUAVE,True,True
FOODS_2_066,FOODS_2,FOODS,5.81433585959314,72161.72235341046,51,1.0,0.2743898816693765,0.07528980716253444,0.1630757379319506,0.6998587049873595,SUAVE,True,True
FOODS_2_067,FOODS_2,FOODS,2.113955739972337,29250.805573997226,50,1.02,0.7171279271882357,0.5142724639532955,0.1651994755482695,0.8232742194309389,ERRATICO,True,True
FOODS_2_068,FOODS_2,FOODS,7.269437602627259,15156.777401477835,47,1.0851063829787233,0.6040314567970656,0.3648540008003853,0.5917098304202644,0.7234841152435953,SUAVE,True,True
FOODS_2_069,FOODS_2,FOODS,9.458456913827655,33549.146673346695,37,1.3783783783783783,0.2889338362039816,0.08348276170354928,0.23263821028427326,0.9278023622626285,INTERMITENTE,True,False
FOODS_2_070,FOODS_2,FOODS,5.988132733408324,97211.34679415073,31,1.6451612903225807,0.7643637533797172,0.5842519474807291,0.6741623988392199,0.7593301946091935,CON PICOS,True,False
FOODS_2_071,FOODS_2,FOODS,4.48,5152.000000000001,14,3.642857142857143,0.5948093289865375,0.353798137849415,,0.8693074282545294,INTERMITENTE,False,False
FOODS_2_072,FOODS_2,FOODS,2.7250186181216383,32269.67047579644,50,1.02,0.5890941520466222,0.34703191997552885,0.3489747971611758,0.40436424905303814,SUAVE,True,True
FOODS_2_073,FOODS_2,FOODS,5.932,6519.268,11,4.636363636363637,0.23678147991679327,0.05606546923158678,,0.9310144521829289,INTERMITENTE,False,False
FOODS_2_074,FOODS_2,FOODS,2.51086762518592,69307.47905800695,34,1.5,0.3368143942083506,0.11344393614593819,0.4276139927034047,0.8958809990095874,INTERMITENTE,True,False
FOODS_2_075,FOODS_2,FOODS,2.344589104339797,63034.27807017544,45,1.1333333333333333,0.4150817104866115,0.17229282638049118,0.20283182950772027,0.7082301317922546,SUAVE,True,True
FOODS_2_076,FOODS_2,FOODS,10.10111709770115,56535.95239583334,49,1.0408163265306123,0.6161147225591244,0.37959735135410677,0.36384210914651693,0.5169638470842791,SUAVE,True,True
FOODS_2_077,FOODS_2,FOODS,6.255228628230617,29430.85069582505,35,1.457142857142857,1.0784570752990175,1.1630696632625106,1.1432033627515537,0.42860633050233354,CON PICOS,True,False
FOODS_2_078,FOODS_2,FOODS,9.920024009603845,121837.73488595441,26,1.9615384615384615,0.3308087152227491,0.10943440606732589,0.43972330783823843,0.9380830216445881,INTERMITENTE,True,False
FOODS_2_079,FOODS_2,FOODS,3.823008641005499,48594.2628358209,51,1.0,0.3101402786907538,0.09618699246637842,0.19769396231396946,0.7114427366736146,SUAVE,True,True
FOODS_2_080,FOODS_2,FOODS,2.097433700530396,80667.30012239903,50,1.02,0.6527297972967672,0.42605618827907876,0.2570963363201025,0.7989370308994089,SUAVE,True,True
FOODS_2_081,FOODS_2,FOODS,2.47871921182266,58693.59221674877,51,1.0,0.2524786610996975,0.06374547431069591,0.060752904381743356,0.6652575763031765,SUAVE,True,True
FOODS_2_082,FOODS_2,FOODS,5.935650205761317,193175.73594650207,51,1.0,0.18396317672011586,0.03384245038895658,0.1331442822418182,0.33654115512182453,SUAVE,True,True
FOODS_2_083,FOODS_2,FOODS,6.940255986787778,95067.62650701898,51,1.0,0.3976026072402102,0.15808783328421283,0.09421708629397678,0.7597819029852548,SUAVE,True,True
FOODS_2_084,FOODS_2,FOODS,3.16219378427788,15795.15795246801,31,1.6451612903225807,0.5912282214579049,0.3495508098482774,0.8073968173994074,0.864977611951254,INTERMITENTE,True,False
FOODS_2_085,FOODS_2,FOODS,3.5183242791475138,50604.05810697869,50,1.02,0.6630334120413969,0.4396133054832568,0.4174705434558297,0.846141304287847,SUAVE,True,True
FOODS_2_086,FOODS_2,FOODS,2.459277800574477,60751.53950759131,51,1.0,0.44883290701112566,0.20145097841605777,0.06826745709735214,0.9223387366903198,SUAVE,True,True
FOODS_2_087,FOODS_2,FOODS,10.140515856236789,28687.519357293877,46,1.108695652173913,0.5382549218318723,0.2897183608762349,0.5295709580500226,0.5869591109692672,SUAVE,True,True
FOODS_2_088,FOODS_2,FOODS,7.037769485903814,74354.0346185738,51,1.0,0.2539688684941472,0.06450018616419742,0.1866327831127907,0.14035736271220106,SUAVE,True,True
FOODS_2_089,FOODS_2,FOODS,3.9235033686236767,13889.201924927815,12,4.25,0.38190498533545497,0.14585141782407407,,0.8655632278066593,INTERMITENTE,False,False
FOODS_2_090,FOODS_2,FOODS,8.92994140625,15091.6009765625,14,3.642857142857143,0.693543290580167,0.48100229590876586,,0.7276567819312176,INTERMITENTE,False,False
FOODS_2_091,FOODS_2,FOODS,2.571181102362205,16216.439212598427,13,3.923076923076923,0.23203678222344418,0.05384106830461006,,0.9581218381773619,INTERMITENTE,False,False
FOODS_2_092,FOODS_2,FOODS,3.459120879120879,65602.22747252748,50,1.02,0.6493127502630811,0.4216070476542063,0.4181988255495296,0.5752057176749622,SUAVE,True,True
FOODS_2_093,FOODS_2,FOODS,2.464872372372372,66857.19822822821,51,1.0,0.35340740085974653,0.12489679098244158,0.08427398783699355,0.6541559185902343,SUAVE,True,True
FOODS_2_094,FOODS_2,FOODS,1.2732437442075997,4751.745653382762,13,3.923076923076923,0.5430198362501544,0.2948705425611445,,0.8491960358699209,INTERMITENTE,False,False
FOODS_2_095,FOODS_2,FOODS,4.416585998271391,26945.59117545376,15,3.4,0.442143535946517,0.19549090637928898,,0.9107928822931158,INTERMITENTE,False,False
FOODS_2_096,FOODS_2,FOODS,7.958848433530906,10290.791024555461,18,2.8333333333333335,0.2512401693199715,0.06312162267992795,1.7966901165454974,0.8779598806678225,INTERMITENTE,False,False
FOODS_2_097,FOODS_2,FOODS,7.5207722007722015,19546.486949806953,5,10.2,0.2094448344844331,0.04386713869221158,,0.9281027459274146,INTERMITENTE,False,False
FOODS_2_099,FOODS_2,FOODS,1.9605535248041777,44247.73250130549,38,1.3421052631578947,0.38255585331564723,0.146348980906063,0.30225445901818976,0.934103591289925,INTERMITENTE,True,False
FOODS_2_100,FOODS_2,FOODS,2.436920086393089,46849.788660907136,51,1.0,0.4206604253024497,0.17695519341563784,0.10426671858284126,0.6879947639752615,SUAVE,True,True
FOODS_2_101,FOODS_2,FOODS,5.966870720902135,112010.09717277488,51,1.0,0.28547968371433746,0.08149864981363815,0.1621839599545521,0.5623576918693668,SUAVE,True,True
FOODS_2_102,FOODS_2,FOODS,10.970000000000002,32350.530000000006,7,7.285714285714286,0.17857784496454507,0.0318900467121811,,0.933436834448718,INTERMITENTE,False,False
FOODS_2_103,FOODS_2,FOODS,7.056891729924092,153593.24850179788,50,1.02,0.5521857781642943,0.3049091336069072,0.27826607517658813,0.8869604200834628,SUAVE,True,True
FOODS_2_104,FOODS_2,FOODS,7.161405201342283,139518.49613255035,41,1.2439024390243902,0.31164546263408544,0.09712289438041315,0.07218283111063062,0.9160803311221994,SUAVE,True,True
FOODS_2_105,FOODS_2,FOODS,3.043888149134488,21660.308069241015,24,2.125,0.2271578807200377,0.051600702773218876,0.6801110480059317,0.9280467977207201,INTERMITENTE,True,False
FOODS_2_106,FOODS_2,FOODS,5.272953736654804,78313.90889679715,36,1.4166666666666667,0.28573961163879297,0.08164712565948823,0.26447267166687555,0.9478693123740816,INTERMITENTE,True,False
FOODS_2_107,FOODS_2,FOODS,1.9691140278917143,29133.042042657915,51,1.0,0.4346200262958009,0.18889456725736264,0.21330349660417525,0.42189738420006845,SUAVE,True,True
FOODS_2_108,FOODS_2,FOODS,3.113630613535737,27527.60825426945,26,1.9615384615384615,0.21355062738558242,0.045603870456775865,0.4025849956468753,0.9403081163155066,INTERMITENTE,True,False
FOODS_2_109,FOODS_2,FOODS,2.93827909050379,49204.42164957646,45,1.1333333333333333,0.24015572983219624,0.05767477457123483,0.19515113785243057,0.8021682953094074,SUAVE,True,True
FOODS_2_110,FOODS_2,FOODS,2.331901041666667,17085.838932291666,13,3.923076923076923,0.4186228826477334,0.17524511787629796,,0.7322540676003957,INTERMITENTE,False,False
FOODS_2_111,FOODS_2,FOODS,6.004880894506563,29844.258045697617,45,1.1333333333333333,0.544630444689654,0.2966223212828503,0.20818578680020408,0.7286473794691809,SUAVE,True,True
FOODS_2_112,FOODS_2,FOODS,3.205506287227001,77098.83722038382,25,2.04,0.22955486041782427,0.05269543394144679,0.5899880624073677,0.9620181103237962,INTERMITENTE,True,False
FOODS_2_113,FOODS_2,FOODS,2.7325933202357566,19475.192593320236,38,1.3421052631578947,0.30630815209768497,0.0938246840414985,0.24925995412274254,0.8090683824883795,INTERMITENTE,True,False
FOODS_2_114,FOODS_2,FOODS,2.678128772635815,11285.634647887324,11,4.636363636363637,0.3247059478166214,0.10543395254749044,,0.876136396320445,INTERMITENTE,False,False
FOODS_2_115,FOODS_2,FOODS,8.512105263157896,108095.22473684211,19,2.6842105263157894,0.5502916051821147,0.30282085073390846,2.161906758037873,0.9503573204619339,INTERMITENTE,False,False
FOODS_2_116,FOODS_2,FOODS,1.904025356576862,47615.86611727416,50,1.02,0.33448852727550943,0.11188257487893921,0.25842848325433937,0.5056107875960483,SUAVE,True,True
FOODS_2_117,FOODS_2,FOODS,6.043908382066277,37423.88070175439,28,1.8214285714285714,0.4645215370348939,0.21578025836926032,0.4276762948801564,0.8930349999037346,INTERMITENTE,True,False
FOODS_2_118,FOODS_2,FOODS,2.9893303167420813,30503.126552036196,49,1.0408163265306123,0.5484118088474906,0.3007555120833766,0.37748397032273356,0.5434060375575805,SUAVE,True,True
FOODS_2_119,FOODS_2,FOODS,2.5154342249908392,70490.01328691829,51,1.0,0.4254020821565198,0.18096693150310242,0.09481469350683445,0.9065041960310566,SUAVE,True,True
FOODS_2_120,FOODS_2,FOODS,2.7109789343246598,22696.315638166052,24,2.125,0.21920340207119873,0.048050131479587616,0.65028098298476,0.9407144952993962,INTERMITENTE,True,False
FOODS_2_121,FOODS_2,FOODS,1.635222222222222,19885.93744444444,27,1.8888888888888888,0.4527950200813807,0.20502333021049793,0.33209304045345706,0.8307069390178361,INTERMITENTE,True,False
FOODS_2_122,FOODS_2,FOODS,4.863872255489022,53147.53213572854,37,1.3783783783783783,0.18246122749442883,0.03329209953877371,0.17317193295001096,0.9560311734180855,INTERMITENTE,True,False
FOODS_2_123,FOODS_2,FOODS,2.9347893989588263,15988.732645527685,30,1.7,0.4639487815423056,0.21524847189459004,0.31287485288472555,0.8755105573697174,INTERMITENTE,True,False
FOODS_2_124,FOODS_2,FOODS,2.681406945681211,21368.13195013357,48,1.0625,0.46682871258920616,0.21792904689769566,0.31119095017146714,0.45016953220740935,SUAVE,True,True
FOODS_2_125,FOODS_2,FOODS,2.472424698795181,24499.256340361448,25,2.04,0.32086474010138916,0.10295418144033201,0.7130354513538436,0.9605768593081535,INTERMITENTE,True,False
FOODS_2_126,FOODS_2,FOODS,4.61446249033256,50874.44895591647,51,1.0,0.6387164989875398,0.4079587660788999,0.3414014991531845,0.6884132791626222,SUAVE,True,True
FOODS_2_127,FOODS_2,FOODS,7.181217063989963,26577.68435382685,50,1.02,0.37114955469748767,0.13775199195214338,0.25099880386429296,0.6942399618734102,SUAVE,True,True
FOODS_2_128,FOODS_2,FOODS,0.8329745042492916,124662.13133144473,51,1.0,0.49759246493774767,0.24759826116282366,0.08058824104976747,0.8552028620509203,SUAVE,True,True
FOODS_2_129,FOODS_2,FOODS,9.472084168336671,19834.54424849699,37,1.3783783783783783,0.3085449724108303,0.09520000000000002,0.250392689361871,0.8476631632151419,INTERMITENTE,True,False
FOODS_2_130,FOODS_2,FOODS,1.5630120481927712,12282.148674698796,13,3.923076923076923,0.2237101844520046,0.050046246627549924,,0.9434119834642387,INTERMITENTE,False,False
FOODS_2_131,FOODS_2,FOODS,6.0352474277315045,179120.10840764333,37,1.3783783783783783,0.2651944728680486,0.07032810843976216,0.28691014623351235,0.8557377894865618,INTERMITENTE,True,False
FOODS_2_132,FOODS_2,FOODS,2.706531728665208,18580.340317286653,37,1.3783783783783783,0.4568515179111864,0.20871330941775507,0.42273223905167273,0.6593151670380868,INTERMITENTE,True,False
FOODS_2_133,FOODS_2,FOODS,2.7153571428571426,16808.06071428571,51,1.0,0.5633221582384934,0.3173318539624742,0.33633377478647053,0.5127520588689864,SUAVE,True,True
FOODS_2_134,FOODS_2,FOODS,2.9695816572807723,41862.19262268705,51,1.0,0.32053052559343304,0.10273981783720243,0.2002465161979088,0.6637042822437711,SUAVE,True,True
FOODS_2_135,FOODS_2,FOODS,2.318337624126517,46234.607237955126,51,1.0,0.5758397144508514,0.33159137673883804,0.33253852893295,0.8078369310412331,SUAVE,True,True
FOODS_2_136,FOODS_2,FOODS,2.9165110037573805,35730.17630703167,51,1.0,0.5163877252850259,0.26665628282504333,0.2481071017859259,0.9314283424340422,SUAVE,True,True
FOODS_2_137,FOODS_2,FOODS,2.501286681715576,37854.47264108353,51,1.0,0.32976331081754334,0.10874384116134769,0.14933656974532905,0.5712673961499223,SUAVE,True,True
FOODS_2_138,FOODS_2,FOODS,1.8603649036490368,36582.21546535466,51,1.0,0.16462898750163615,0.027102703525813874,0.08502949947334973,0.453840384062253,SUAVE,True,True
FOODS_2_139,FOODS_2,FOODS,2.97723436322532,78691.28145440844,51,1.0,0.3072065002925539,0.09437583382199893,0.1627139171261552,0.6730771818393603,SUAVE,True,True
FOODS_2_140,FOODS_2,FOODS,10.600959568733154,51054.22128301887,31,1.6451612903225807,1.262843495703118,1.5947736946396711,0.9378532126042288,0.6511346402199452,CON PICOS,True,False
FOODS_2_141,FOODS_2,FOODS,7.080139458572601,120284.48926168992,49,1.0408163265306123,0.5037285319462331,0.2537424338967072,0.2491971234741113,0.8364594162475195,SUAVE,True,True
FOODS_2_142,FOODS_2,FOODS,3.993855016802689,83755.13355736919,36,1.4166666666666667,0.40045554460825816,0.16036464320749663,0.39533769820399706,0.9170097300266707,INTERMITENTE,True,False
FOODS_2_143,FOODS_2,FOODS,3.974669751787968,54957.758657972234,51,1.0,0.33261417176591307,0.11063218725952433,0.08845078141914933,0.8428080881384302,SUAVE,True,True
FOODS_2_144,FOODS_2,FOODS,2.4953404869995874,52878.76026000826,51,1.0,0.5081329751342268,0.2581991204187608,0.10380151062723718,0.7588069170101089,SUAVE,True,True
FOODS_2_145,FOODS_2,FOODS,2.344249471458774,23571.42843551797,10,5.1,0.8490063585013868,0.7208117967757854,,0.6508142929742146,CON PICOS,False,False
FOODS_2_146,FOODS_2,FOODS,1.9015217391304349,35934.95782608696,51,1.0,0.36468912075173365,0.13299815479467256,0.283347877283575,0.5145779366189075,SUAVE,True,True
FOODS_2_147,FOODS_2,FOODS,3.715220483641536,8634.17240398293,7,7.285714285714286,0.43224773517437254,0.1868381045633745,,0.9160069318906049,INTERMITENTE,False,False
FOODS_2_148,FOODS_2,FOODS,2.694503342884432,18053.172397325696,40,1.275,0.30206524595897755,0.0912434128162576,0.24637256634979293,0.7870585807373103,SUAVE,True,True
FOODS_2_149,FOODS_2,FOODS,7.076406890894175,208202.0435438884,48,1.0625,0.6537291767978763,0.4273618365968291,0.22750719113676107,0.8510159558798923,SUAVE,True,True
FOODS_2_150,FOODS_2,FOODS,2.745928659286593,77704.28920049201,51,1.0,0.29248299487662366,0.08554630229199905,0.12469296583785766,0.6237560289632823,SUAVE,True,True
FOODS_2_151,FOODS_2,FOODS,1.938414711477489,41107.96078630311,25,2.04,0.28695088150619624,0.08234080839718308,0.6614584814386452,0.9670648188023149,INTERMITENTE,True,False
FOODS_2_152,FOODS_2,FOODS,2.3129946714031973,186277.0258614565,51,1.0,0.23895531685676732,0.05709964345411807,0.08060169679734738,0.3595524908421303,SUAVE,True,True
FOODS_2_153,FOODS_2,FOODS,2.7559502664298403,62628.96980461812,51,1.0,0.4145858907999679,0.1718814608504029,0.21312084400074105,0.330439749631215,SUAVE,True,True
FOODS_2_154,FOODS_2,FOODS,12.552884615384617,52985.72596153847,51,1.0,0.5512590544340306,0.30388654509550145,0.4082995176540431,0.7473709819113953,SUAVE,True,True
FOODS_2_155,FOODS_2,FOODS,2.4883300970873785,7646.638388349515,14,3.642857142857143,0.5947342189657421,0.35370879120879123,,0.7554457917439271,INTERMITENTE,False,False
FOODS_2_156,FOODS_2,FOODS,1.4195571955719557,29481.363837638375,51,1.0,0.3237130071204944,0.10479011097899325,0.07425930548386869,0.6558817657765291,SUAVE,True,True
FOODS_2_157,FOODS_2,FOODS,3.8028846942962655,35492.322851867044,51,1.0,0.2530396932129621,0.06402908634130998,0.220339033243764,0.5256766815374002,SUAVE,True,True
FOODS_2_158,FOODS_2,FOODS,1.2726315789473686,10621.383157894737,12,4.25,0.5318916870753683,0.28290876677988147,,0.8515451210996934,INTERMITENTE,False,False
FOODS_2_159,FOODS_2,FOODS,3.950471615720524,8853.006890829694,14,3.642857142857143,0.5169446089961577,0.26723172877019036,,0.8438691378449888,INTERMITENTE,False,False
FOODS_2_160,FOODS_2,FOODS,2.831597365170852,12297.627356937011,51,1.0,0.16761163226278442,0.028093659269794874,0.05229943688862686,0.6012692857978156,SUAVE,True,True
FOODS_2_161,FOODS_2,FOODS,7.184232258064516,28981.19292903226,50,1.02,0.3380427289869284,0.11427288662092991,0.260410610492053,0.6950723581146824,SUAVE,True,True
FOODS_2_162,FOODS_2,FOODS,2.933192546583851,31555.28541614907,37,1.3783783783783783,0.36414231784180523,0.1325996276432023,0.23807165427289306,0.8772033277213886,INTERMITENTE,True,False
FOODS_2_163,FOODS_2,FOODS,2.7269991511035654,20714.285551782683,49,1.0408163265306123,0.5772120974115461,0.3331738053982362,0.3184933022476365,0.4439496444405324,SUAVE,True,True
FOODS_2_164,FOODS_2,FOODS,2.796652452025586,174239.8377185501,51,1.0,0.14230223493342695,0.020249926067048236,0.043034431022454064,0.5061992163198135,SUAVE,True,True
FOODS_2_165,FOODS_2,FOODS,3.9215294117647055,10313.622352941175,22,2.3181818181818183,0.5015356401499289,0.251537998340599,1.2703155214623674,0.6821909787798948,INTERMITENTE,False,False
FOODS_2_166,FOODS_2,FOODS,2.094648936170213,96033.36977659576,50,1.02,0.8589187549186788,0.7377414275510533,0.2863295383356973,0.8362185187264354,ERRATICO,True,True
FOODS_2_167,FOODS_2,FOODS,2.4397778727039725,26805.839487398545,51,1.0,0.28693390681898107,0.08233106688240371,0.16811483919425432,0.4497939973369877,SUAVE,True,True
FOODS_2_168,FOODS_2,FOODS,3.930262901655307,8320.366562804284,12,4.25,0.41572823723625224,0.17282996723556163,,0.8897366399793201,INTERMITENTE,False,False
FOODS_2_169,FOODS_2,FOODS,5.871198275862069,36630.406043103445,29,1.7586206896551724,0.7376701238026525,0.5441572115510207,0.3154612092769725,0.9290054589365202,CON PICOS,True,False
FOODS_2_170,FOODS_2,FOODS,2.974915190350546,76916.43224651337,48,1.0625,0.608246926180095,0.369964323207534,0.4004173971522204,0.6147951785566037,SUAVE,True,True
FOODS_2_171,FOODS_2,FOODS,2.8639352703199705,92442.10265538801,51,1.0,0.16822533139464482,0.028299762122838072,0.09586690355060834,0.6357269063996426,SUAVE,True,True
FOODS_2_172,FOODS_2,FOODS,2.4654024144869218,17713.916348088533,11,4.636363636363637,0.2526790794417976,0.06384671718755427,,0.9536953696590271,INTERMITENTE,False,False
FOODS_2_173,FOODS_2,FOODS,8.726591080876796,189087.77554043842,51,1.0,0.4486260539787501,0.2012653363085444,0.22961311266701592,0.5556308811956688,SUAVE,True,True
FOODS_2_174,FOODS_2,FOODS,2.681899775617053,44919.13934181002,49,1.0408163265306123,0.46383118127131134,0.2151393647195401,0.23353706995083823,0.636826043143777,SUAVE,True,True
FOODS_2_175,FOODS_2,FOODS,2.3423397761953204,98080.79344862665,37,1.3783783783783783,0.6075905006247376,0.36916621644941927,0.28196429587585115,0.9453350214715779,INTERMITENTE,True,False
FOODS_2_176,FOODS_2,FOODS,2.668966804979253,31309.649589211618,50,1.02,0.41359986015464645,0.1710648443199431,0.17157253040917478,0.706702505037446,SUAVE,True,True
FOODS_2_177,FOODS_2,FOODS,3.292764227642276,21146.131869918696,39,1.3076923076923077,0.38579244751210406,0.14883581255737957,0.22851186950988978,0.8389688272913373,SUAVE,True,True
FOODS_2_178,FOODS_2,FOODS,2.4927006039689386,13986.543088869714,14,3.642857142857143,0.5149476600729557,0.2651710926146123,,0.8414805494397289,INTERMITENTE,False,False
FOODS_2_179,FOODS_2,FOODS,4.988347213324792,21045.836893017295,25,2.04,0.17219328164532677,0.029650526243786827,0.484051733449354,0.9535236442191707,INTERMITENTE,True,False
FOODS_2_180,FOODS_2,FOODS,2.2825155279503107,21142.941335403728,26,1.9615384615384615,0.355470321646902,0.12635914957175198,0.5384190703353178,0.9443791923769812,INTERMITENTE,True,False
FOODS_2_181,FOODS_2,FOODS,1.938939716312057,268787.4571134752,51,1.0,0.3057856205100687,0.09350484571072774,0.08257153833449445,0.871570766274567,SUAVE,True,True
FOODS_2_182,FOODS_2,FOODS,1.9729479294792944,40512.51278392783,51,1.0,0.4144064779608727,0.17173272897593528,0.22595408685606116,0.4169848592628124,SUAVE,True,True
FOODS_2_183,FOODS_2,FOODS,8.75664573328408,464907.8352715183,51,1.0,0.3531600538780806,0.12472202365516878,0.23814265323128275,0.45011573170214575,SUAVE,True,True
FOODS_2_184,FOODS_2,FOODS,4.864773218142549,143501.0803887689,51,1.0,0.49822098677093885,0.24822415165900802,0.06468335550784272,0.8528686456381367,SUAVE,True,True
FOODS_2_185,FOODS_2,FOODS,1.953296853625171,8512.467688098495,4,12.75,0.47426312255904324,0.22492550941945408,,0.8910633282007273,INTERMITENTE,False,False
FOODS_2_186,FOODS_2,FOODS,5.362252488213725,26746.915411210062,33,1.5454545454545454,0.8154574272765239,0.6649708157004474,0.25266649250808243,0.888427348516868,CON PICOS,True,False
FOODS_2_187,FOODS_2,FOODS,5.0993396226415095,15349.012264150944,9,5.666666666666667,0.3842266473752018,0.14763011655318767,,0.9249150209477723,INTERMITENTE,False,False
FOODS_2_188,FOODS_2,FOODS,2.6772958602354726,18074.424352449674,50,1.02,0.5297332817958283,0.2806173498421785,0.2849301211281588,0.47419998271415603,SUAVE,True,True
FOODS_2_189,FOODS_2,FOODS,2.495596986817326,57114.23264030132,51,1.0,0.38377481868041463,0.14728311145318512,0.07789732451785338,0.6860243981991757,SUAVE,True,True
FOODS_2_190,FOODS_2,FOODS,2.716451745379877,23222.945971252568,51,1.0,0.5277066919265327,0.2784743527040445,0.2341283776745708,0.4395877240717369,SUAVE,True,True
FOODS_2_191,FOODS_2,FOODS,8.88382626680455,36654.667176835566,10,5.1,0.7407216120249607,0.5486685065208564,,0.8903142544944176,CON PICOS,False,False
FOODS_2_192,FOODS_2,FOODS,1.847278481012658,30164.21031645569,51,1.0,0.17945058778670459,0.03220251345699377,0.16563020716776208,0.4511232014832801,SUAVE,True,True
FOODS_2_193,FOODS_2,FOODS,5.324704830053667,22267.915599284435,15,3.4,0.6225179755135826,0.3875286298375294,,0.8493667829743435,INTERMITENTE,False,False
FOODS_2_194,FOODS_2,FOODS,6.950570662581387,259228.4834316354,51,1.0,0.35690516817977147,0.12738129907343096,0.18143945447410653,0.67708537414617,SUAVE,True,True
FOODS_2_195,FOODS_2,FOODS,3.180322180916977,25035.496208178443,50,1.02,0.34891114627770176,0.12173898799681979,0.3136807699108471,0.22351091047911906,SUAVE,True,True
FOODS_2_196,FOODS_2,FOODS,3.803993685872139,57638.112328334646,51,1.0,0.26152810668155774,0.06839695058444024,0.2436909518902008,0.7189980952933401,SUAVE,True,True
FOODS_2_197,FOODS_2,FOODS,3.1611382978723404,512461.6128829787,51,1.0,0.22063233765675264,0.04867862841988331,0.14123702801024926,0.6027969420747898,SUAVE,True,True
FOODS_2_198,FOODS_2,FOODS,9.343235779060182,212128.82512778236,48,1.0625,0.6851903865667386,0.4694858658434767,0.3425999157767548,0.8110139989488527,SUAVE,True,True
FOODS_2_199,FOODS_2,FOODS,0.9496463815789472,38700.938988486836,51,1.0,0.2626746299312655,0.06899796120952728,0.16715321203463557,0.5742619847145389,SUAVE,True,True
FOODS_2_200,FOODS_2,FOODS,4.2528612716763,25223.72020231214,29,1.7586206896551724,0.20627081077302362,0.04254764737696051,0.3986160702663956,0.9043976890188231,INTERMITENTE,True,False
FOODS_2_201,FOODS_2,FOODS,5.349808027923212,67225.68767888307,14,3.642857142857143,0.6066570840008289,0.36803281756838874,,0.8719493967523273,INTERMITENTE,False,False
FOODS_2_202,FOODS_2,FOODS,2.8883140778776206,20766.97821994009,50,1.02,0.3989784430988046,0.15918379805754607,0.23235250876872982,0.8511134823450974,SUAVE,True,True
FOODS_2_203,FOODS_2,FOODS,3.377971464019851,15180.603759305211,32,1.59375,0.38640890123377064,0.1493118389526899,0.32647620639864317,0.8979659083660648,INTERMITENTE,True,False
FOODS_2_204,FOODS_2,FOODS,0.9494524495677232,61854.92818443803,51,1.0,0.3014610844553321,0.09087878544098488,0.2207990124463365,0.6805377828792442,SUAVE,True,True
FOODS_2_205,FOODS_2,FOODS,2.745334514842712,21150.057102348255,39,1.3076923076923077,0.3458742660749604,0.11962900793289251,0.21494791520387244,0.8148647450884873,SUAVE,True,True
FOODS_2_206,FOODS_2,FOODS,10.637993630573249,53551.65993630573,42,1.2142857142857142,0.8336326225440734,0.6949433493697096,0.287877966157018,0.6459091232612487,ERRATICO,True,True
FOODS_2_207,FOODS_2,FOODS,7.292891902672518,30112.350666134826,47,1.0851063829787233,0.647373365672881,0.41909227458263365,0.6737648896077457,0.7921471796836356,SUAVE,True,True
FOODS_2_208,FOODS_2,FOODS,7.071004366812227,92983.70742358078,51,1.0,0.7137483184229293,0.5094366620515592,0.3076883731889534,0.8378040317940877,ERRATICO,True,True
FOODS_2_209,FOODS_2,FOODS,6.059151450053705,29059.690354457573,28,1.8214285714285714,0.45282346662826345,0.205049091929238,0.4117186603964923,0.8909191994241059,INTERMITENTE,True,False
FOODS_2_210,FOODS_2,FOODS,3.715192307692308,27016.878461538465,10,5.1,0.16177202984947536,0.02617018964161955,,0.9159682948437786,INTERMITENTE,False,False
FOODS_2_211,FOODS_2,FOODS,2.2995563271604937,45692.18422067901,51,1.0,0.6124332483615124,0.3750744836986339,0.142792705136968,0.8321110654930574,SUAVE,True,True
FOODS_2_212,FOODS_2,FOODS,4.673322475570033,120978.29892508144,51,1.0,0.8018186242794589,0.6429131062414042,0.22093216469526175,0.8027868645069313,ERRATICO,True,True
FOODS_2_213,FOODS_2,FOODS,3.9121763255240447,19056.210881627623,27,1.8888888888888888,0.6726588676420786,0.45246995221752345,0.8683597976621324,0.7317970555895564,INTERMITENTE,True,False
FOODS_2_214,FOODS_2,FOODS,2.4880806310254164,14030.286678352324,14,3.642857142857143,0.5153253196460253,0.2655601850682782,,0.8199532280576382,INTERMITENTE,False,False
FOODS_2_215,FOODS_2,FOODS,1.8679319371727747,11136.610209424083,5,10.2,0.45940790273079257,0.21105562109150536,,0.9514068296987037,INTERMITENTE,False,False
FOODS_2_216,FOODS_2,FOODS,5.949405187835421,49475.253542039354,51,1.0,0.27973271045652065,0.07825038929935162,0.11290482703015346,0.7851868699144456,SUAVE,True,True
FOODS_2_217,FOODS_2,FOODS,3.9946950917203767,67070.93058998513,34,1.5,0.23724860419624264,0.0562869001930654,0.38112465624118985,0.9607174315842586,INTERMITENTE,True,False
FOODS_2_218,FOODS_2,FOODS,3.8054464973056192,30169.579830638948,51,1.0,0.289913289315504,0.08404971532173511,0.16020797524668592,0.6260315422584414,SUAVE,True,True
FOODS_2_219,FOODS_2,FOODS,2.73647250509165,28103.572627291243,50,1.02,0.5491523321633106,0.301568283920403,0.3000016149817611,0.4562938433991168,SUAVE,True,True
FOODS_2_220,FOODS_2,FOODS,1.9711128967456808,27331.45142627561,51,1.0,0.45764735450336685,0.20944110108393033,0.2779514655425867,0.4809765298050475,SUAVE,True,True
FOODS_2_221,FOODS_2,FOODS,1.0934160139251523,13541.957332463011,31,1.6451612903225807,0.6095541458274213,0.37155625669539716,0.5076690194223062,0.8084394181966926,INTERMITENTE,True,False
FOODS_2_222,FOODS_2,FOODS,2.511636452719255,159380.91438020577,34,1.5,0.3381533574992358,0.11434769318800597,0.4214154485039066,0.8673641264747896,INTERMITENTE,True,False
FOODS_2_223,FOODS_2,FOODS,2.119482981473503,19675.16051701853,49,1.0408163265306123,0.6484629991526054,0.4205042612699919,0.29699749901629796,0.7028825376652724,SUAVE,True,True
FOODS_2_224,FOODS_2,FOODS,5.847682875264271,49202.40371247358,50,1.02,0.3543914247477098,0.12559328193471164,0.1932049243707095,0.7203078489579674,SUAVE,True,True
FOODS_2_225,FOODS_2,FOODS,2.4548227535037097,42915.21137675185,51,1.0,0.3521181921381877,0.12398722123466566,0.08749629968273462,0.6364168895029884,SUAVE,True,True
FOODS_2_226,FOODS_2,FOODS,7.488787346221441,11914.660667838312,26,1.9615384615384615,0.41600222201021964,0.17305784871744007,1.0279728829037935,0.8647318773487671,INTERMITENTE,True,False
FOODS_2_227,FOODS_2,FOODS,4.378909329829172,26072.026149802892,23,2.217391304347826,0.8372131131262697,0.70092579679058,1.878260340628928,0.7731495032962166,CON PICOS,True,False
FOODS_2_228,FOODS_2,FOODS,4.867814465408805,29576.840691823898,37,1.3783783783783783,0.36029616750947147,0.12981332832201312,0.26636391322613256,0.9110343207805351,INTERMITENTE,True,False
FOODS_2_229,FOODS_2,FOODS,2.1201538461538463,56417.29384615385,47,1.0851063829787233,0.8128761647429936,0.6607676592072785,0.2250314886866054,0.7718702704341933,ERRATICO,True,True
FOODS_2_230,FOODS_2,FOODS,2.1198519127930897,23937.36779925957,51,1.0,0.6899785026127011,0.4760703340676652,0.22895667694808644,0.8004459987852458,SUAVE,True,True
FOODS_2_231,FOODS_2,FOODS,2.490347144456887,43859.9939081747,51,1.0,0.33136017117898725,0.10979956304376773,0.19548379368333374,0.5868694983753557,SUAVE,True,True
FOODS_2_232,FOODS_2,FOODS,2.3537556561085973,45634.61466063348,51,1.0,0.16417718867190065,0.026954149280208863,0.08512744110629497,0.6295408412974604,SUAVE,True,True
FOODS_2_233,FOODS_2,FOODS,4.332836158192091,182564.05152542374,51,1.0,0.305002360407232,0.09302643985398304,0.09137081102519269,0.9225925132001375,SUAVE,True,True
FOODS_2_234,FOODS_2,FOODS,2.7429686810763125,28589.962562858407,40,1.275,0.3373339913532545,0.11379422172231757,0.2800271030702539,0.7492927853808252,SUAVE,True,True
FOODS_2_235,FOODS_2,FOODS,2.702496595551521,19101.24593735815,39,1.3076923076923077,0.4693105229516173,0.2202523669531205,0.3097289867254772,0.575638393599639,SUAVE,True,True
FOODS_2_236,FOODS_2,FOODS,2.8549215614739145,81839.18148121123,47,1.0851063829787233,0.24520886564153485,0.06012738778920829,0.14245420863585068,0.8423879357820593,SUAVE,True,True
FOODS_2_237,FOODS_2,FOODS,2.472085174768984,26028.584805142633,51,1.0,0.46231955090536014,0.2137393671493339,0.17286306055223133,0.6319740391180374,SUAVE,True,True
FOODS_2_238,FOODS_2,FOODS,1.6334136062612885,19009.667549668877,27,1.8888888888888888,0.4084935382254094,0.166866970771914,0.2873283752187539,0.8474127290928819,INTERMITENTE,True,False
FOODS_2_239,FOODS_2,FOODS,12.662469927826784,17803.43271852446,22,2.3181818181818183,0.8701528210449473,0.75716593197248,1.097512046602349,0.8222719323990326,CON PICOS,False,False
FOODS_2_240,FOODS_2,FOODS,2.092833333333333,111901.70549999998,51,1.0,0.858784405170174,0.7375106545634895,0.302875678135886,0.7886196340716024,ERRATICO,True,True
FOODS_2_241,FOODS_2,FOODS,2.34027027027027,128965.27378378376,34,1.5,0.5235442401215203,0.2740985713644202,0.37929761747019325,0.7419314668672523,INTERMITENTE,True,False
FOODS_2_242,FOODS_2,FOODS,2.479645018152481,56258.18617184349,51,1.0,0.4501451376582346,0.20263064495735097,0.09418548775328053,0.6315461343146387,SUAVE,True,True
FOODS_2_243,FOODS_2,FOODS,7.288832236842106,32996.54353618422,45,1.1333333333333333,0.6723971583731296,0.45211793858825955,0.7547350105086486,0.8013225953081138,SUAVE,True,True
FOODS_2_244,FOODS_2,FOODS,5.788477099236641,551693.963851145,51,1.0,0.30544111208031727,0.09329427294886093,0.06881530532341207,0.7762546839790532,SUAVE,True,True
FOODS_2_245,FOODS_2,FOODS,2.970225258493353,56288.73887370753,49,1.0408163265306123,0.2154379254766886,0.04641349973369924,0.14089282210522347,0.7096737506305324,SUAVE,True,True
FOODS_2_246,FOODS_2,FOODS,2.0848839285714287,12473.860544642857,13,3.923076923076923,0.46276917466272566,0.2141553090180203,,0.9297971116472554,INTERMITENTE,False,False
FOODS_2_247,FOODS_2,FOODS,2.1378480113636367,73133.64262073865,51,1.0,0.3147982645007643,0.09909794733269317,0.12177922533184773,0.7774842933764726,SUAVE,True,True
FOODS_2_248,FOODS_2,FOODS,5.918052946199829,36970.07675491033,51,1.0,0.37607127094012377,0.14142960082651998,0.1430905652357231,0.7431607323498094,SUAVE,True,True
FOODS_2_249,FOODS_2,FOODS,3.087522477522477,21479.89387612387,10,5.1,0.7399868579050592,0.5475805498722024,,0.665277662445644,CON PICOS,False,False
FOODS_2_250,FOODS_2,FOODS,10.970000000000002,34434.83000000001,7,7.285714285714286,0.17486562245398735,0.030577985916220445,,0.9210627641215853,INTERMITENTE,False,False
FOODS_2_251,FOODS_2,FOODS,7.63361316872428,154099.74903703705,42,1.2142857142857142,0.5160137332627102,0.2662701729157194,0.27511505911291556,0.7008111316441573,SUAVE,True,True
FOODS_2_252,FOODS_2,FOODS,3.89840616966581,5336.9180462724935,5,10.2,0.47860298954316155,0.2290608215996516,,0.8818104407205454,INTERMITENTE,False,False
FOODS_2_253,FOODS_2,FOODS,7.802366412213741,22424.00106870229,7,7.285714285714286,0.21436870526070068,0.04595394179514916,,0.9433543756336576,INTERMITENTE,False,False
FOODS_2_254,FOODS_2,FOODS,6.248600597609562,12959.597639442232,24,2.125,0.7208559793223563,0.5196333429247935,1.121352429143118,0.40959154333989123,CON PICOS,True,False
FOODS_2_255,FOODS_2,FOODS,2.395218270008084,68611.02734438157,51,1.0,1.5596219655716368,2.432420675493536,1.1970941733379923,0.199115111443305,ERRATICO,True,True
FOODS_2_256,FOODS_2,FOODS,5.883185840707965,77122.68318584071,38,1.3421052631578947,0.41727527044013446,0.17411865132088736,0.41042748368439597,0.7765451420789278,INTERMITENTE,True,False
FOODS_2_257,FOODS_2,FOODS,0.9994075829383886,29743.36907582938,31,1.6451612903225807,0.2582969809855162,0.06671733038623211,0.4201847006907294,0.9774227718413576,INTERMITENTE,True,False
FOODS_2_258,FOODS_2,FOODS,2.925771123872026,31987.455697292862,47,1.0851063829787233,0.25203831048992886,0.06352330995461779,0.08425763981710295,0.829618871817436,SUAVE,True,True
FOODS_2_259,FOODS_2,FOODS,3.559472161966739,8635.27946493131,24,2.125,0.4595877572299588,0.21122090659566356,0.9272289146740477,0.9015039992139801,INTERMITENTE,True,False
FOODS_2_260,FOODS_2,FOODS,2.7329590948651004,17892.683194081812,44,1.1590909090909092,0.5454701915717323,0.2975377298933023,0.2778488999841459,0.5425534305264034,SUAVE,True,True
FOODS_2_261,FOODS_2,FOODS,9.958570683359415,55528.9901304121,51,1.0,0.5182811154942445,0.2686153146779584,0.22522452966387033,0.8558566622072865,SUAVE,True,True
FOODS_2_262,FOODS_2,FOODS,1.970569905699057,30368.452816728168,51,1.0,0.4285103282066507,0.1836211013797715,0.24056356442194507,0.4966531656665071,SUAVE,True,True
FOODS_2_263,FOODS_2,FOODS,5.957315895372234,42195.66848692153,50,1.02,0.7043032321334823,0.4960430427936699,0.450153961463099,0.5394252724489427,ERRATICO,True,True
FOODS_2_264,FOODS_2,FOODS,3.78188710341986,30130.294552946023,51,1.0,0.4880150861916543,0.23815872435064778,0.18190995490985104,0.6949701017030895,SUAVE,True,True
FOODS_2_265,FOODS_2,FOODS,3.5898241500586163,14492.120093786634,30,1.7,0.39329729100379635,0.15468275911092486,0.5791943000042193,0.9021968480951891,INTERMITENTE,True,False
FOODS_2_266,FOODS_2,FOODS,9.295698657384388,197301.20400298364,36,1.4166666666666667,0.5170136200301323,0.267303083296662,0.31804759376151165,0.7336558946865129,INTERMITENTE,True,False
FOODS_2_267,FOODS_2,FOODS,1.8624164948453608,42567.39140618557,51,1.0,0.19506446474585892,0.03805014540658844,0.10925269489044748,0.703319936390657,SUAVE,True,True
FOODS_2_268,FOODS_2,FOODS,3.5646398184912083,10483.605706182643,30,1.7,0.553538062989435,0.3064043871780957,0.5825476739796297,0.8699624576000623,INTERMITENTE,True,False
FOODS_2_269,FOODS_2,FOODS,2.7431513513513512,15915.76414054054,38,1.3421052631578947,0.32856536463208197,0.10795519883581298,0.27426965687588944,0.8705624136249024,INTERMITENTE,True,False
FOODS_2_270,FOODS_2,FOODS,3.4043156596794084,14247.061035758325,28,1.8214285714285714,0.7543631545874405,0.5690637689991147,0.7941525059853891,0.7444124891985753,CON PICOS,True,False
FOODS_2_271,FOODS_2,FOODS,10.976127098321344,22424.227661870507,7,7.285714285714286,0.19592137500840784,0.038385185185185175,,0.8753069797546156,INTERMITENTE,False,False
FOODS_2_272,FOODS_2,FOODS,1.939767741935484,39138.69372903226,25,2.04,0.21129296262640157,0.04464471605544193,0.5663641853353371,0.9507967433526056,INTERMITENTE,True,False
FOODS_2_273,FOODS_2,FOODS,2.7330032292787942,12861.513196986005,39,1.3076923076923077,0.4056525656146411,0.16455400398974068,0.3592069007014576,0.8339306558148346,SUAVE,True,True
FOODS_2_274,FOODS_2,FOODS,7.072789171452009,217474.1214438064,51,1.0,0.6137261200688425,0.3766597504547553,0.18010982287888672,0.8495426763238819,SUAVE,True,True
FOODS_2_275,FOODS_2,FOODS,2.3241910251132154,32473.597002881845,51,1.0,0.543436765172113,0.29532351774073035,0.3246433296843668,0.7506951529820999,SUAVE,True,True
FOODS_2_276,FOODS_2,FOODS,3.1617375886524823,501982.75347517733,51,1.0,0.30328292111411165,0.09198053023950847,0.10966956785023972,0.7584335096403553,SUAVE,True,True
FOODS_2_277,FOODS_2,FOODS,1.2712186046511629,6976.447702325582,13,3.923076923076923,0.632240832271392,0.39972846999122247,,0.8239992409858564,INTERMITENTE,False,False
FOODS_2_278,FOODS_2,FOODS,2.4602911646586345,16378.15828313253,11,4.636363636363637,0.20545593515665497,0.042212141291095615,,0.9684308127536936,INTERMITENTE,False,False
FOODS_2_279,FOODS_2,FOODS,2.5124017232094773,33884.76204092622,33,1.5454545454545454,0.28072182712540067,0.07880474422462334,0.39695841169417173,0.8724040659775485,INTERMITENTE,True,False
FOODS_2_280,FOODS_2,FOODS,3.773326280152349,13561.334650867542,47,1.0851063829787233,0.9309261224779741,0.8666234455118761,0.6206568303249572,0.803274205976474,ERRATICO,True,True
FOODS_2_281,FOODS_2,FOODS,7.263972096840377,25452.958227328683,49,1.0408163265306123,0.6197947296031808,0.38414550684388005,0.604527625107266,0.6827130617827708,SUAVE,True,True
FOODS_2_282,FOODS_2,FOODS,6.946991769547326,166533.2866995885,51,1.0,0.3463311019437892,0.1199452321735993,0.1479792496695603,0.6023080582329734,SUAVE,True,True
FOODS_2_283,FOODS_2,FOODS,1.4173590982286637,43290.39893719807,51,1.0,0.3924955557822144,0.15405276130878937,0.24867725446142566,0.5387335203960202,SUAVE,True,True
FOODS_2_284,FOODS_2,FOODS,2.4692630676949445,21215.908277634964,48,1.0625,0.3494658659887264,0.1221263914912505,0.1580895643506955,0.6154946492712284,SUAVE,True,True
FOODS_2_285,FOODS_2,FOODS,3.5862127659574465,188695.75710638295,51,1.0,0.3178028948733173,0.10099867998986077,0.1950915492296691,0.6308454786210164,SUAVE,True,True
FOODS_2_286,FOODS_2,FOODS,1.565957446808511,22845.753191489366,13,3.923076923076923,0.2250870240766354,0.05066416840767584,,0.9666263581206913,INTERMITENTE,False,False
FOODS_2_287,FOODS_2,FOODS,2.486266009852217,6262.904078817734,14,3.642857142857143,0.5002252243653235,0.2502252750913382,,0.7820278050439471,INTERMITENTE,False,False
FOODS_2_288,FOODS_2,FOODS,2.749779359430605,40127.530192170816,49,1.0408163265306123,0.46784537339586263,0.21887929340791412,0.30045183245040297,0.48117278487892606,SUAVE,True,True
FOODS_2_289,FOODS_2,FOODS,2.4815295062224005,76277.25396226415,51,1.0,0.4265777132220427,0.1819685454177473,0.055825155753816365,0.6035618373461613,SUAVE,True,True
FOODS_2_290,FOODS_2,FOODS,2.665562248995984,17896.584939759035,11,4.636363636363637,0.3561365232574336,0.12683322319789256,,0.8772297766842363,INTERMITENTE,False,False
FOODS_2_291,FOODS_2,FOODS,7.013870120120121,209020.34344969972,50,1.02,0.7099778043524619,0.5040684826731427,0.29355603167788463,0.8897422693124932,ERRATICO,True,True
FOODS_2_292,FOODS_2,FOODS,3.1288607594936706,16501.611645569617,8,6.375,0.15268469823800807,0.023312617076031585,,0.9253426269692815,INTERMITENTE,False,False
FOODS_2_293,FOODS_2,FOODS,3.911212970376301,209367.2303042434,51,1.0,0.17698206865148478,0.03132265262415887,0.07736518895732983,0.8287621372759828,SUAVE,True,True
FOODS_2_294,FOODS_2,FOODS,1.13672695035461,56754.50317730497,51,1.0,0.599100698949363,0.3589216474816153,0.31173883028315313,0.7461102902122897,SUAVE,True,True
FOODS_2_295,FOODS_2,FOODS,12.544847471792728,96996.76065190138,51,1.0,0.5110894020629981,0.261212376901113,0.4102505069644103,0.6105905320771944,SUAVE,True,True
FOODS_2_296,FOODS_2,FOODS,3.1359643916913944,19214.053827893174,25,2.04,0.21911302828910165,0.04801051916602066,0.5292796273798314,0.9224706595280688,INTERMITENTE,True,False
FOODS_2_297,FOODS_2,FOODS,3.4700157418339237,79980.3928335301,49,1.0408163265306123,0.6344528605207398,0.4025304322229493,0.35587325424486016,0.5860525774022344,SUAVE,True,True
FOODS_2_298,FOODS_2,FOODS,12.545286491007948,61484.44909242995,49,1.0408163265306123,0.3972904494639623,0.15783970123527719,0.2769502459439327,0.6267537861020437,SUAVE,True,True
FOODS_2_299,FOODS_2,FOODS,1.9424316939890711,73319.02672131147,51,1.0,0.22763861514770323,0.05181933910636414,0.13781888511137994,0.6726391567564431,SUAVE,True,True
FOODS_2_300,FOODS_2,FOODS,6.198100949525238,23813.103848075963,36,1.4166666666666667,1.043089903535614,1.0880365468579365,0.782155008405476,0.5230845625582037,CON PICOS,True,False
FOODS_2_301,FOODS_2,FOODS,2.8299766899766903,30289.240512820517,19,2.6842105263157894,0.2836122876058179,0.08043592968100517,1.6960236539156228,0.9580785822792229,INTERMITENTE,False,False
FOODS_2_302,FOODS_2,FOODS,10.653278542869836,107353.08787649934,40,1.275,0.809063601434689,0.6545839111664693,0.24238924740417145,0.6596003316100857,ERRATICO,True,True
FOODS_2_303,FOODS_2,FOODS,2.114838976052849,27165.106647398847,51,1.0,0.7690624034789272,0.5914569804447842,0.2884051742866905,0.6821492752865723,ERRATICO,True,True
FOODS_2_304,FOODS_2,FOODS,3.95158724340176,88756.60107404694,51,1.0,0.5237653063546391,0.274330096140769,0.3254827875183175,0.7093713222455414,SUAVE,True,True
FOODS_2_305,FOODS_2,FOODS,8.848976982097186,42917.538363171356,50,1.02,0.45436128965503075,0.20644418153698277,0.1740980770817256,0.6658886930941513,SUAVE,True,True
FOODS_2_306,FOODS_2,FOODS,4.067340650063318,54530.836095398896,49,1.0408163265306123,0.29355821577736635,0.08617642605039078,0.27898240529643953,0.7463595631625406,SUAVE,True,True
FOODS_2_307,FOODS_2,FOODS,2.5120096205237843,64631.49552645645,34,1.5,0.364037836009716,0.13252354604663688,0.47782551973975396,0.8752226138590901,INTERMITENTE,True,False
FOODS_2_308,FOODS_2,FOODS,2.666708385481852,24147.04443053817,49,1.0408163265306123,0.3327079872977434,0.1106946048117154,0.21550433508402553,0.4915164802003174,SUAVE,True,True
FOODS_2_309,FOODS_2,FOODS,2.591001437470053,67469.67743172018,40,1.275,0.19047594880611013,0.03628108707358789,0.10044968268365065,0.9340961487549492,SUAVE,True,True
FOODS_2_310,FOODS_2,FOODS,3.912171628721541,10371.166987740806,16,3.1875,0.359083124996969,0.12894069065758884,3.3166247903554007,0.8574410407658738,INTERMITENTE,False,False
FOODS_2_311,FOODS_2,FOODS,2.746309963099631,80131.83210332102,51,1.0,0.5030575929099068,0.25306694178430955,0.21861412822683854,0.6985380294206667,SUAVE,True,True
FOODS_2_312,FOODS_2,FOODS,5.011197889182059,31044.370923482853,33,1.5454545454545454,0.7150603426665441,0.5113112936543954,0.44774787124651005,0.6957805178511145,CON PICOS,True,False
FOODS_2_313,FOODS_2,FOODS,9.188440325497288,32527.078752260397,45,1.1333333333333333,0.3352764733271022,0.11241031356665906,0.25234903085584504,0.8392097554974963,SUAVE,True,True
FOODS_2_314,FOODS_2,FOODS,4.873234817813765,41403.003012145746,51,1.0,0.3935230725521103,0.15486040863085346,0.14392510472136438,0.673969869733055,SUAVE,True,True
FOODS_2_315,FOODS_2,FOODS,2.498544034090909,151936.46271306818,51,1.0,0.34975602999550304,0.12232928051821522,0.07580186457124484,0.6912066093326781,SUAVE,True,True
FOODS_2_316,FOODS_2,FOODS,10.664864864864866,111042.57297297298,42,1.2142857142857142,0.8472549608808971,0.7178409687372905,0.34181190579861576,0.7031003791287187,ERRATICO,True,True
FOODS_2_317,FOODS_2,FOODS,12.535418439716311,83736.59517730496,51,1.0,0.5641305003769566,0.3182432214555554,0.4363253937892462,0.6259152537488284,SUAVE,True,True
FOODS_2_318,FOODS_2,FOODS,5.061687800612155,155793.68881504153,33,1.5454545454545454,0.5206124727026165,0.2710373467335326,0.2078887097144174,0.895177119613958,INTERMITENTE,True,False
FOODS_2_319,FOODS_2,FOODS,2.643735099337748,17570.263470198675,48,1.0625,0.4110307733537732,0.16894629664380087,0.23143732256626517,0.557677292594801,SUAVE,True,True
FOODS_2_320,FOODS_2,FOODS,1.8037295081967213,23726.257950819672,21,2.4285714285714284,0.5413769145926446,0.29308896365385156,0.9422845918481839,0.7426307050384517,INTERMITENTE,False,False
FOODS_2_321,FOODS_2,FOODS,2.937841213202498,42128.64299732382,45,1.1333333333333333,0.22974518923903553,0.05278285197848025,0.26357790869389,0.7641096524331861,SUAVE,True,True
FOODS_2_322,FOODS_2,FOODS,2.872643442622951,126876.04293032787,51,1.0,0.22099770512150724,0.048839985668972664,0.12823541392203489,0.777153580996731,SUAVE,True,True
FOODS_2_323,FOODS_2,FOODS,3.781676229508197,25605.729750000002,51,1.0,0.4880833781176275,0.2382253839947149,0.24491705616059778,0.6060862188512104,SUAVE,True,True
FOODS_2_324,FOODS_2,FOODS,2.499231433506045,12593.62719343696,14,3.642857142857143,0.5249485923955317,0.2755710246580501,,0.781712738411745,INTERMITENTE,False,False
FOODS_2_325,FOODS_2,FOODS,1.1818063157894736,96837.20951578947,45,1.1333333333333333,0.12622728936794053,0.015933328581177793,0.2673064000448989,0.877010923345072,SUAVE,True,True
FOODS_2_326,FOODS_2,FOODS,0.9506199677938808,128905.96887278583,51,1.0,0.3555282080894657,0.12640030674730643,0.2655609487457956,0.7532558138719884,SUAVE,True,True
FOODS_2_327,FOODS_2,FOODS,1.913420836751436,40893.63012305169,51,1.0,0.30872524519831507,0.09531127702275977,0.20990250270447855,0.7420347604288837,SUAVE,True,True
FOODS_2_328,FOODS_2,FOODS,4.42,17998.239999999998,15,3.4,0.3734546461299931,0.13946837271607834,,0.8965943889042757,INTERMITENTE,False,False
FOODS_2_329,FOODS_2,FOODS,3.440218196788801,21559.847439275418,51,1.0,0.2917700548010805,0.0851297648786255,0.08437295530793593,0.6806623310814646,SUAVE,True,True
FOODS_2_330,FOODS_2,FOODS,3.9703877159309022,51503.86945105567,51,1.0,0.3537539086183252,0.12514182786274236,0.10798815886859782,0.844033689766765,SUAVE,True,True
FOODS_2_331,FOODS_2,FOODS,2.746497777777778,23998.897582222224,39,1.3076923076923077,0.24531291478707354,0.060178426161330005,0.20833851220831676,0.8460343866234384,SUAVE,True,True
FOODS_2_332,FOODS_2,FOODS,3.515293393516619,29591.7397866229,51,1.0,0.22043696288650655,0.04859245460662707,0.13111047408874815,0.41746887396979926,SUAVE,True,True
FOODS_2_333,FOODS_2,FOODS,3.1664146706586824,88608.94814371257,51,1.0,0.44497295513446916,0.19800093080110232,0.1342108860854704,0.7979384667214031,SUAVE,True,True
FOODS_2_334,FOODS_2,FOODS,10.63898921832884,101878.96075471697,43,1.186046511627907,0.9083462349446288,0.8250928825380829,0.24307488080633677,0.7081081860775913,ERRATICO,True,True
FOODS_2_335,FOODS_2,FOODS,3.516059513074842,21767.924445446348,51,1.0,0.3572428492367841,0.12762245333081568,0.18933024040287305,0.6706627424422302,SUAVE,True,True
FOODS_2_336,FOODS_2,FOODS,2.543285577841452,18934.76112702961,43,1.186046511627907,0.5868204195564182,0.34435820480837065,0.39487959181132976,0.6346046077360965,SUAVE,True,True
FOODS_2_337,FOODS_2,FOODS,6.280688788335848,15670.31852689794,32,1.59375,0.9798085359844775,0.9600247671880451,1.1358895949794443,0.42570978039392804,CON PICOS,True,False
FOODS_2_338,FOODS_2,FOODS,2.934124531835206,33628.00125936329,30,1.7,0.4432837765453276,0.1965005065482879,0.3398801874396557,0.8601997167701765,INTERMITENTE,True,False
FOODS_2_339,FOODS_2,FOODS,3.458235942668137,66118.0129878721,51,1.0,0.6660994074499483,0.4436884206051723,0.35268868739149195,0.5618177387381584,SUAVE,True,True
FOODS_2_340,FOODS_2,FOODS,2.9719460067491563,39824.076490438696,51,1.0,0.29911890635300076,0.08947212013781523,0.1834947484119969,0.6436290054019629,SUAVE,True,True
FOODS_2_341,FOODS_2,FOODS,2.492816486751717,6772.982394504415,14,3.642857142857143,0.42702073131061247,0.18234670496905028,,0.775978058025875,INTERMITENTE,False,False
FOODS_2_342,FOODS_2,FOODS,5.93728055783429,211361.2505783429,51,1.0,0.2970376475889446,0.08823136408517403,0.18030770244181155,0.7436014240649091,SUAVE,True,True
FOODS_2_343,FOODS_2,FOODS,3.784816646065101,26762.438504326332,51,1.0,0.5403211480030258,0.2919469429793077,0.26565841340953245,0.5926846771861355,SUAVE,True,True
FOODS_2_344,FOODS_2,FOODS,2.7379726027397258,42326.31846575342,51,1.0,0.5292342867151186,0.28008893023486037,0.20637265996121307,0.4847672044252151,SUAVE,True,True
FOODS_2_345,FOODS_2,FOODS,8.088564778898371,35468.356555469356,15,3.4,0.4364521052386586,0.19049044016725714,3.3166247903554007,0.7588756372599663,INTERMITENTE,False,False
FOODS_2_346,FOODS_2,FOODS,2.3463291139240505,46565.24759493671,10,5.1,0.7665544386257986,0.5876057073769133,,0.6246729137298616,CON PICOS,False,False
FOODS_2_347,FOODS_2,FOODS,1.9599637389202256,206470.42011281225,51,1.0,0.20633583423825594,0.042574476490797035,0.08069056640304498,0.7739954238311451,SUAVE,True,True
FOODS_2_348,FOODS_2,FOODS,5.866057813154588,59593.28132383746,51,1.0,0.3013101799505044,0.09078782454180535,0.2537832753607639,0.43120204205542256,SUAVE,True,True
FOODS_2_349,FOODS_2,FOODS,6.031986013986014,242540.12563636363,37,1.3783783783783783,0.2700826985780729,0.07294466407121417,0.31488750888559613,0.845750233155253,INTERMITENTE,True,False
FOODS_2_350,FOODS_2,FOODS,4.91058904109589,21871.763589041093,22,2.3181818181818183,0.45923665487749027,0.2108983051830671,1.0144455343767522,0.8340353605496755,INTERMITENTE,False,False
FOODS_2_351,FOODS_2,FOODS,2.9731326191355745,50302.430783154785,51,1.0,0.2987774164724011,0.08926794459392261,0.1791235069269377,0.6938889017808035,SUAVE,True,True
FOODS_2_352,FOODS_2,FOODS,10.680672413793104,123618.1025172414,41,1.2439024390243902,0.8250691887424112,0.6807391662120605,0.3233179852164885,0.7033413699677391,ERRATICO,True,True
FOODS_2_353,FOODS_2,FOODS,2.782123821238212,31810.803772037714,51,1.0,0.4146454910686407,0.17193088326355419,0.17269320606325322,0.3970697858358944,SUAVE,True,True
FOODS_2_354,FOODS_2,FOODS,4.951008861622358,20026.83084526244,23,2.217391304347826,0.43893297744610904,0.19266215868970646,0.819300695466703,0.7740349140225318,INTERMITENTE,False,False
FOODS_2_355,FOODS_2,FOODS,2.5750531400966183,13495.853507246376,15,3.4,0.3536496188744683,0.12506805293005666,,0.9295448986643431,INTERMITENTE,False,False
FOODS_2_356,FOODS_2,FOODS,2.4963995485327315,58660.396591422126,51,1.0,0.3697513253957995,0.13671604263195042,0.09432739649258898,0.7378013115479198,SUAVE,True,True
FOODS_2_357,FOODS_2,FOODS,1.9292428513894484,56706.235130890054,51,1.0,0.33122033269534706,0.10970690879081639,0.05694763290073117,0.871518769351099,SUAVE,True,True
FOODS_2_358,FOODS_2,FOODS,2.573268238761975,23424.460777450262,51,1.0,0.4949351320011778,0.2449607848890233,0.3462985183490348,0.34317423520632956,SUAVE,True,True
FOODS_2_359,FOODS_2,FOODS,1.960068686868687,49730.86272323233,51,1.0,0.18274280072847338,0.03339493121808653,0.1370774954667657,0.3906413488063765,SUAVE,True,True
FOODS_2_360,FOODS_2,FOODS,0.8188624244578742,210655.63414148596,51,1.0,0.4855272492591907,0.2357367097731963,0.08184532452636262,0.8308797698823069,SUAVE,True,True
FOODS_2_361,FOODS_2,FOODS,3.807307546454304,56549.93898748577,51,1.0,0.23510349262038482,0.055273652242303344,0.1403924085041425,0.455180515539864,SUAVE,True,True
FOODS_2_362,FOODS_2,FOODS,7.461829745596869,12021.007720156556,13,3.923076923076923,0.5386722975041724,0.29016784409842367,,0.9120452761084048,INTERMITENTE,False,False
FOODS_2_363,FOODS_2,FOODS,2.494041630529055,14832.06557675629,14,3.642857142857143,0.4997944060235139,0.24979444829239705,,0.8239027935003502,INTERMITENTE,False,False
FOODS_2_364,FOODS_2,FOODS,2.6615832649712883,124652.59063166531,49,1.0408163265306123,0.3830053174624209,0.14669307320448982,0.1583344702861776,0.7100576901026421,SUAVE,True,True
FOODS_2_365,FOODS_2,FOODS,10.78763157894737,36462.19473684211,8,6.375,0.7740164454675852,0.5991014578542753,,0.7470126084546548,CON PICOS,False,False
FOODS_2_366,FOODS_2,FOODS,2.709425287356322,16470.59632183908,43,1.186046511627907,0.5442893675887508,0.29625091567016226,0.3847605684266563,0.640620227112274,SUAVE,True,True
FOODS_2_367,FOODS_2,FOODS,4.832129292929293,55163.58800808081,51,1.0,0.333155973440287,0.11099290263894523,0.1367683277827142,0.611153397923269,SUAVE,True,True
FOODS_2_368,FOODS_2,FOODS,7.503134751773049,378803.26107801415,41,1.2439024390243902,0.6392694511842552,0.4086654312174188,0.3334168265530555,0.7253762536045147,SUAVE,True,True
FOODS_2_369,FOODS_2,FOODS,4.860336700336701,12461.903299663301,8,6.375,0.5214185231637216,0.2718772762982365,,0.7810810844818645,INTERMITENTE,False,False
FOODS_2_370,FOODS_2,FOODS,5.032711297071129,76668.32389958159,46,1.108695652173913,0.6760364897543999,0.45702533547945084,0.299358191776946,0.8212021917786634,SUAVE,True,True
FOODS_2_371,FOODS_2,FOODS,1.9349254790631651,159344.98305180977,51,1.0,0.13822307109172927,0.019105617382029243,0.05817639787346119,0.6609859509108872,SUAVE,True,True
FOODS_2_372,FOODS_2,FOODS,8.958378623188407,30198.69433876812,15,3.4,0.3239679989212726,0.10495526432505368,,0.9152723094455562,INTERMITENTE,False,False
FOODS_2_373,FOODS_2,FOODS,5.868726275832982,55606.1814635175,50,1.02,0.24574938146900452,0.0603927584923983,0.12190464175860503,0.709575859899144,SUAVE,True,True
FOODS_2_374,FOODS_2,FOODS,1.93952401010952,64673.42811710194,51,1.0,0.1632279092300299,0.026643350351606875,0.10806365427988016,0.47033639698817065,SUAVE,True,True
FOODS_2_375,FOODS_2,FOODS,4.886499176276771,63983.82021416804,51,1.0,0.4022516580709752,0.16180639642084874,0.14927703166489778,0.7798361600040211,SUAVE,True,True
FOODS_2_376,FOODS_2,FOODS,1.9079346601577167,42567.930202778814,51,1.0,0.3815447225848318,0.14557637533233625,0.27235635087015003,0.5836465002787082,SUAVE,True,True
FOODS_2_377,FOODS_2,FOODS,2.675070564516129,14782.439939516127,11,4.636363636363637,0.35546257710479046,0.1263536437219791,,0.8310916259345257,INTERMITENTE,False,False
FOODS_2_378,FOODS_2,FOODS,3.393885135135135,35455.91800675676,48,1.0625,0.323322462040452,0.10453741445989953,0.21845649747516308,0.8266524229517537,SUAVE,True,True
FOODS_2_379,FOODS_2,FOODS,6.98,19746.420000000002,8,6.375,0.360912562162574,0.13025787752675386,,0.9458946164328359,INTERMITENTE,False,False
FOODS_2_380,FOODS_2,FOODS,5.090149253731343,297310.527761194,42,1.2142857142857142,0.6540578999836238,0.4277917365309881,0.5843671566356575,0.8380919704257612,SUAVE,True,True
FOODS_2_381,FOODS_2,FOODS,2.492582517228872,80812.01779107725,50,1.02,0.3772056704609269,0.1422841178278774,0.20225546119044752,0.643030123745426,SUAVE,True,True
FOODS_2_382,FOODS_2,FOODS,3.617993791230112,59646.24564221963,51,1.0,0.5507313211264212,0.3033049880696533,0.1652685596197682,0.7989031917957363,SUAVE,True,True
FOODS_2_383,FOODS_2,FOODS,1.940320680628272,34731.74018324607,27,1.8888888888888888,0.39695165519003894,0.15757061655811158,0.6369198951442051,0.9593441967865571,INTERMITENTE,True,False
FOODS_2_384,FOODS_2,FOODS,2.179139344262295,77838.85737704918,51,1.0,0.2706037698449725,0.07322640025431083,0.08182558104292235,0.8250290995150426,SUAVE,True,True
FOODS_2_385,FOODS_2,FOODS,2.4490684624017955,45417.9746352413,31,1.6451612903225807,0.5130548218626346,0.26322525023649973,0.33825617052130164,0.8341386299342385,INTERMITENTE,True,False
FOODS_2_386,FOODS_2,FOODS,2.7243598448108632,16000.1653685742,38,1.3421052631578947,0.2555580915813514,0.06530993817270239,0.24180982769761514,0.7975701121188634,INTERMITENTE,True,False
FOODS_2_387,FOODS_2,FOODS,12.97,39740.08,11,4.636363636363637,0.49280652020633536,0.24285826635787722,,0.9291237695514782,INTERMITENTE,False,False
FOODS_2_388,FOODS_2,FOODS,2.972783314876338,91707.39248062015,51,1.0,0.2784129123895819,0.077513749785249,0.17234996207781295,0.6630131514415947,SUAVE,True,True
FOODS_2_389,FOODS_2,FOODS,12.568772878535777,34061.37450083195,51,1.0,0.6582165595438954,0.43324903925780234,0.5729022307475761,0.6733924616355452,SUAVE,True,True
FOODS_2_390,FOODS_2,FOODS,6.933493333333333,11211.458719999999,4,12.75,0.14652127313810637,0.02146848348201157,,0.8979723192553039,INTERMITENTE,False,False
FOODS_2_391,FOODS_2,FOODS,1.9741950354609927,56438.28767375886,51,1.0,0.5114866930137926,0.2616186371301857,0.24403580502110506,0.7026710277704201,SUAVE,True,True
FOODS_2_392,FOODS_2,FOODS,4.98,63699.18000000001,51,1.0,0.25090086551982627,0.06295124431859794,0.19560404894029607,0.6309537433150364,SUAVE,True,True
FOODS_2_393,FOODS_2,FOODS,3.918103975535168,8796.143425076452,12,4.25,0.44051447109441755,0.19405299924359443,,0.83362069232827,INTERMITENTE,False,False
FOODS_2_394,FOODS_2,FOODS,2.68728952772074,20590.012361396308,50,1.02,0.3592697186879028,0.1290747307660848,0.2098298275196102,0.7128475695993537,SUAVE,True,True
FOODS_2_395,FOODS_2,FOODS,3.917991689750692,9332.656204986148,22,2.3181818181818183,0.49628401993552024,0.24629782844335985,1.238934400504507,0.7225719853241341,INTERMITENTE,False,False
FOODS_2_396,FOODS_2,FOODS,2.94429718875502,51987.455461847385,45,1.1333333333333333,0.17911040992259028,0.03208053894263833,0.20698231798454325,0.8282593142920792,SUAVE,True,True
FOODS_2_397,FOODS_2,FOODS,2.973592072667217,49620.33091659785,51,1.0,0.5969887969656045,0.3563956237024397,0.325168885750564,0.5359602846027142,SUAVE,True,True
FOODS_2_398,FOODS_2,FOODS,2.353793281653747,104014.12511627909,51,1.0,0.6291250360847095,0.39579831102858704,0.14097221965726411,0.9639997369376373,SUAVE,True,True
FOODS_2_399,FOODS_2,FOODS,1.9727364864864865,45532.7308445946,51,1.0,0.5547403005884337,0.3077368010969458,0.26036618391162186,0.7362506660387398,SUAVE,True,True
FOODS_3_001,FOODS_3,FOODS,2.4573150183150183,24216.839505494507,45,1.1333333333333333,0.3620385478397017,0.13107191012187996,0.3065364587956195,0.6381629438394852,SUAVE,True,True
FOODS_3_002,FOODS_3,FOODS,2.502899069434503,88890.46045096636,19,2.6842105263157894,0.29776393180234617,0.08866335908239226,1.6318632353007,0.8907548564214924,INTERMITENTE,False,False
FOODS_3_003,FOODS_3,FOODS,3.89505376344086,12316.16,4,12.75,0.29010105515791673,0.08415862220373664,,0.868870771836998,INTERMITENTE,False,False
FOODS_3_004,FOODS_3,FOODS,5.089412866958151,19314.321830106182,24,2.125,0.3272044122902653,0.10706272742221792,0.727142693989156,0.9344343637238036,INTERMITENTE,True,False
FOODS_3_005,FOODS_3,FOODS,2.0801173541963016,32909.536660739686,47,1.0851063829787233,0.312533749088504,0.09767734431931598,0.17463264677484697,0.7752261446916825,SUAVE,True,True
FOODS_3_006,FOODS_3,FOODS,7.880000000000001,38730.200000000004,15,3.4,0.19939808505660928,0.03975959632424279,,0.9642102788617524,INTERMITENTE,False,False
FOODS_3_007,FOODS_3,FOODS,0.2014468538926413,37253.969584073944,51,1.0,0.1965840225556165,0.03864527792414713,0.05479522281943298,0.49359705134256315,SUAVE,True,True
FOODS_3_008,FOODS_3,FOODS,0.7605988023952096,21246.566946107785,26,1.9615384615384615,0.3708890971421786,0.1375587223789404,0.38921008804776086,0.9586622412020491,INTERMITENTE,True,False
FOODS_3_009,FOODS_3,FOODS,2.274459893048128,7012.159850267379,9,5.666666666666667,0.894066319824589,0.7993545842446842,,0.6787478860709284,CON PICOS,False,False
FOODS_3_010,FOODS_3,FOODS,2.799793438639125,25805.696123936817,24,2.125,0.15650989802369555,0.02449534817938758,0.600060766798552,0.9374195934017404,INTERMITENTE,True,False
FOODS_3_011,FOODS_3,FOODS,1.9457173371306515,45897.52626557494,51,1.0,0.2214383500673761,0.04903494288056181,0.11277806395724926,0.7978625776972375,SUAVE,True,True
FOODS_3_012,FOODS_3,FOODS,2.2666402592725965,43315.49535469932,50,1.02,0.4759120740798961,0.22649230225502853,0.1472625507630882,0.7869965382616623,SUAVE,True,True
FOODS_3_013,FOODS_3,FOODS,2.5148902546093064,34924.28096575944,50,1.02,0.7915047705435647,0.626479801793221,0.37651831085803333,0.7142573106360821,ERRATICO,True,True
FOODS_3_014,FOODS_3,FOODS,1.9824822695035464,52343.479361702135,51,1.0,0.6390237327885417,0.4083513310670016,0.2416578610541587,0.9137533096814866,SUAVE,True,True
FOODS_3_015,FOODS_3,FOODS,1.7315478323181654,41326.85211393765,51,1.0,0.306691088337215,0.09405942366546541,0.29539504855488663,0.284841307316403,SUAVE,True,True
FOODS_3_016,FOODS_3,FOODS,2.9783429991715,11916.35033968517,14,3.642857142857143,0.48956589835379727,0.23967476883096056,,0.8164062365444519,INTERMITENTE,False,False
FOODS_3_017,FOODS_3,FOODS,2.0228115015974444,5959.202683706071,51,1.0,0.42744352932553487,0.18270797076226938,0.30506442830069325,0.7396159057212439,SUAVE,True,True
FOODS_3_018,FOODS_3,FOODS,4.495474178403756,17154.729464788736,12,4.25,0.6023318202718142,0.36280362171195707,,0.8529204756632114,INTERMITENTE,False,False
FOODS_3_019,FOODS_3,FOODS,1.9481591492482584,25937.790913091314,50,1.02,0.30167015269463776,0.09100488102680607,0.07611938916905456,0.5448775496605525,SUAVE,True,True
FOODS_3_020,FOODS_3,FOODS,1.047432624113475,61656.073985815594,50,1.02,0.5646734541306855,0.3188561097998794,0.1844801911821987,0.7233618852443645,SUAVE,True,True
FOODS_3_021,FOODS_3,FOODS,2.234156127344091,66877.22951591802,40,1.275,0.566502929874249,0.3209255695561083,0.31275191479835485,0.8533080750304317,SUAVE,True,True
FOODS_3_022,FOODS_3,FOODS,1.98,4031.2799999999997,21,2.4285714285714284,0.307030928351167,0.09426799096417945,1.1343215447140556,0.8963035790444066,INTERMITENTE,False,False
FOODS_3_023,FOODS_3,FOODS,3.949738297088094,99912.57996314042,51,1.0,0.22566523831475313,0.05092479978365432,0.10471366263312905,0.821852078679958,SUAVE,True,True
FOODS_3_024,FOODS_3,FOODS,0.9838487115544472,21766.66889443059,14,3.642857142857143,0.5176230178999272,0.2679335886598283,,0.851824795981975,INTERMITENTE,False,False
FOODS_3_025,FOODS_3,FOODS,2.855778275475924,34980.4280963046,51,1.0,0.39224649684149726,0.15385731428442673,0.1179042546816808,0.7937833215018832,SUAVE,True,True
FOODS_3_026,FOODS_3,FOODS,1.9798742632612965,51621.261666011786,51,1.0,0.22865171929635594,0.052281608737179554,0.1209511184888049,0.7800700234934049,SUAVE,True,True
FOODS_3_027,FOODS_3,FOODS,2.273809714973906,27303.90705740666,42,1.2142857142857142,0.8920354972332987,0.7957273283242584,0.5313149579308888,0.7749997365092323,ERRATICO,True,True
FOODS_3_028,FOODS_3,FOODS,3.802777574203005,71644.32949798461,51,1.0,0.451498559229586,0.20385094898639197,0.1613322908669374,0.7012210978006213,SUAVE,True,True
FOODS_3_029,FOODS_3,FOODS,1.3730353817504657,33473.2295716946,49,1.0408163265306123,0.5039098444666994,0.2539251313504532,0.22654623012993652,0.7321675926935844,SUAVE,True,True
FOODS_3_030,FOODS_3,FOODS,1.2755685856432124,229826.84548685144,51,1.0,0.6459987599416166,0.4173143978461064,0.3497569828882939,0.7544138003539054,SUAVE,True,True
FOODS_3_031,FOODS_3,FOODS,4.568794871794871,53304.12976923076,51,1.0,0.30694857342717896,0.09421742672898027,0.12339088762592196,0.8524956556655526,SUAVE,True,True
FOODS_3_032,FOODS_3,FOODS,2.9781403118040086,58109.473763919814,28,1.8214285714285714,0.25656422021608793,0.06582519909508927,0.38292571556450167,0.8705477859471332,INTERMITENTE,True,False
FOODS_3_033,FOODS_3,FOODS,2.498413957176844,9546.43973037272,16,3.1875,0.26662882154503137,0.07109092847849219,3.3166247903554,0.9578395202683356,INTERMITENTE,False,False
FOODS_3_034,FOODS_3,FOODS,2.5061336032388666,43909.966862348185,21,2.4285714285714284,0.271675534423975,0.07380759600455243,1.1058624219046982,0.9465363882578733,INTERMITENTE,False,False
FOODS_3_035,FOODS_3,FOODS,3.872376126126126,78392.3822972973,51,1.0,0.12373857847736752,0.015311235803599641,0.06495562514333472,0.6121513663615925,SUAVE,True,True
FOODS_3_036,FOODS_3,FOODS,2.870523690773067,10752.981745635909,24,2.125,0.856627678704237,0.7338109799222094,0.925912627643323,0.7685790223442353,CON PICOS,True,False
FOODS_3_037,FOODS_3,FOODS,2.4938141470180306,95089.13342579751,37,1.3783783783783783,0.364341227838756,0.1327445303030523,0.2886054900489807,0.9014619826524887,INTERMITENTE,True,False
FOODS_3_038,FOODS_3,FOODS,4.977970230040596,12335.410230040598,4,12.75,0.41157060451716176,0.169390362502622,,0.9453586103633014,INTERMITENTE,False,False
FOODS_3_039,FOODS_3,FOODS,4.034896250455042,216415.69528940663,51,1.0,0.5340182292273068,0.28517546914706837,0.2984204093130437,0.6884155622854037,SUAVE,True,True
FOODS_3_040,FOODS_3,FOODS,2.4948622139187298,19881.556982718357,36,1.4166666666666667,0.2526045789606757,0.06380907331190024,0.14631647821405167,0.9140112511823822,INTERMITENTE,True,False
FOODS_3_041,FOODS_3,FOODS,2.9644420226678294,76636.75517000872,40,1.275,0.35142947892762644,0.12350267865934303,0.1399444300749104,0.8222278637451503,SUAVE,True,True
FOODS_3_042,FOODS_3,FOODS,1.601981981981982,149142.92054054054,51,1.0,0.12067183465096133,0.014561691678028952,0.1144753517079563,0.282262032607577,SUAVE,True,True
FOODS_3_043,FOODS_3,FOODS,2.493156942559928,28474.345440976937,38,1.3421052631578947,0.4238635718785925,0.17966032756567876,0.1850624459031089,0.9217771983800168,INTERMITENTE,True,False
FOODS_3_044,FOODS_3,FOODS,2.878124031007752,21185.870992248063,17,3.0,0.4897629725181155,0.23986776924978037,3.2648583282387613,0.8418851809058046,INTERMITENTE,False,False
FOODS_3_045,FOODS_3,FOODS,3.978802419354839,39716.40575,51,1.0,0.3275002352814761,0.1072564041094222,0.11176957221638162,0.8520993510707859,SUAVE,True,True
FOODS_3_046,FOODS_3,FOODS,1.973967590172504,27284.18003136435,31,1.6451612903225807,0.2607206943555199,0.06797528046522444,0.2901282854802636,0.9557980620542962,INTERMITENTE,True,False
FOODS_3_047,FOODS_3,FOODS,1.0,8293.0,4,12.75,0.466897235479828,0.21799302849870594,,0.854601612019023,INTERMITENTE,False,False
FOODS_3_048,FOODS_3,FOODS,1.501289437585734,36158.556104252406,38,1.3421052631578947,0.25911740793946497,0.06714183109726711,0.18799419621877975,0.9588790575763949,INTERMITENTE,True,False
FOODS_3_049,FOODS_3,FOODS,4.678612081877184,23547.454608087868,34,1.5,0.44648848821160236,0.1993519701054822,0.38598654051770137,0.8266333238226504,INTERMITENTE,True,False
FOODS_3_050,FOODS_3,FOODS,2.109279279279279,24301.006576576576,51,1.0,0.38192197192948535,0.14586439264250659,0.07933922710672264,0.9408238979298796,SUAVE,True,True
FOODS_3_051,FOODS_3,FOODS,1.98,28367.46,21,2.4285714285714284,0.2936359077840876,0.0862220463401852,1.2856544994281145,0.9340587133326507,INTERMITENTE,False,False
FOODS_3_053,FOODS_3,FOODS,3.979170389278877,62274.01659221442,36,1.4166666666666667,0.5908452360437434,0.34909809295558686,0.5562815352410792,0.9651172431172753,INTERMITENTE,True,False
FOODS_3_054,FOODS_3,FOODS,2.024773457010346,125774.87760256868,51,1.0,0.2948939454016952,0.08696243903457801,0.12571676927164185,0.8510965700617963,SUAVE,True,True
FOODS_3_055,FOODS_3,FOODS,3.2592424242424243,26846.37984848485,39,1.3076923076923077,0.695853761790028,0.484212457797333,0.21754245216309626,0.8986913799991034,SUAVE,True,True
FOODS_3_056,FOODS_3,FOODS,1.80958126330731,16485.285308729595,36,1.4166666666666667,0.8968384936448431,0.8043192836831513,0.4085963147197929,0.6889204263259388,CON PICOS,True,False
FOODS_3_057,FOODS_3,FOODS,2.81066691367173,27491.133082623193,38,1.3421052631578947,0.46614654351935453,0.21729260003504147,0.49955413794171893,0.7368511427989798,INTERMITENTE,True,False
FOODS_3_058,FOODS_3,FOODS,1.98,21405.78,20,2.55,0.2048574065810115,0.041966557031097855,1.2396682544004844,0.9461309803443085,INTERMITENTE,False,False
FOODS_3_059,FOODS_3,FOODS,2.1330033124769967,75681.09052999632,49,1.0408163265306123,0.7037689953790397,0.4952907988568228,0.19167340062698768,0.9079229776672835,ERRATICO,True,True
FOODS_3_060,FOODS_3,FOODS,2.964515491100857,22242.75972972973,22,2.3181818181818183,0.2343967884114627,0.05494185441760801,0.9799198542216047,0.9343741744131859,INTERMITENTE,False,False
FOODS_3_061,FOODS_3,FOODS,2.9649608938547485,20054.99548603352,28,1.8214285714285714,0.32956229380057084,0.10861130549509378,0.5088637626426212,0.8300281267820024,INTERMITENTE,True,False
FOODS_3_062,FOODS_3,FOODS,2.830553080920564,30051.98206013363,51,1.0,0.3176065143774547,0.10087389797499632,0.11521229100059686,0.6039848951167744,SUAVE,True,True
FOODS_3_063,FOODS_3,FOODS,2.401563432835821,55053.44013432836,51,1.0,0.41276045521500665,0.1703711933892995,0.10077620814736249,0.8719687141947767,SUAVE,True,True
FOODS_3_064,FOODS_3,FOODS,1.081986111111111,82497.11302777777,39,1.3076923076923077,0.32682494010322327,0.10681454147347548,0.2113822766843282,0.9634778577343571,SUAVE,True,True
FOODS_3_065,FOODS_3,FOODS,3.628457142857143,62939.2176,51,1.0,0.37956027849963025,0.1440660050147169,0.15007798869223216,0.6799331690343644,SUAVE,True,True
FOODS_3_066,FOODS_3,FOODS,2.995450874831763,88452.66888290714,36,1.4166666666666667,0.7664934977911522,0.587512282156115,0.19964273373468033,0.7885604130732399,CON PICOS,True,False
FOODS_3_067,FOODS_3,FOODS,3.946654829545455,125223.41108664774,51,1.0,0.190538472227776,0.03630490939889497,0.09538246314049505,0.8200241495201384,SUAVE,True,True
FOODS_3_068,FOODS_3,FOODS,2.3883778767631774,18997.157631774313,49,1.0408163265306123,0.736415472139288,0.5423077476061305,0.3381151668144855,0.705681112579484,ERRATICO,True,True
FOODS_3_069,FOODS_3,FOODS,2.9677340957827023,105369.39907076485,51,1.0,1.3001770132025159,1.6904602656602152,1.2931349431243764,0.26065724384351724,ERRATICO,True,True
FOODS_3_070,FOODS_3,FOODS,0.2032947019867549,19273.76081125827,29,1.7586206896551724,0.2459605085506767,0.0604965717665075,0.15411906425555016,0.9606533377845682,INTERMITENTE,True,False
FOODS_3_071,FOODS_3,FOODS,1.3391397849462368,36873.21397849463,26,1.9615384615384615,0.2729046713327003,0.07447695963520917,0.5042518065135995,0.9390440880191502,INTERMITENTE,True,False
FOODS_3_072,FOODS_3,FOODS,2.494486571879937,14832.217156398105,17,3.0,0.5946550452424872,0.35361462283234457,2.931936885777936,0.7969665603248424,INTERMITENTE,False,False
FOODS_3_073,FOODS_3,FOODS,2.939481481481481,39856.429407407406,15,3.4,0.8033114235470323,0.6453092432011596,2.031539608603946,0.4654404552542749,CON PICOS,False,False
FOODS_3_074,FOODS_3,FOODS,4.2786635676932026,50240.067611853585,26,1.9615384615384615,0.24324303216965756,0.05916717269908906,0.4376613815418637,0.9140295237494354,INTERMITENTE,True,False
FOODS_3_075,FOODS_3,FOODS,2.87535390199637,23707.29292196007,25,2.04,0.4171058570983885,0.17397729602578127,0.720940966661413,0.8852711918493508,INTERMITENTE,True,False
FOODS_3_076,FOODS_3,FOODS,1.0924107142857142,51699.42946428571,51,1.0,0.5035614326945668,0.2535741164974047,0.2918729831014651,0.5995555905837895,SUAVE,True,True
FOODS_3_077,FOODS_3,FOODS,2.7567979576951127,109709.5315244347,17,3.0,0.584924275104586,0.3421364076066254,1.7567507038565287,0.8181834856152089,INTERMITENTE,False,False
FOODS_3_078,FOODS_3,FOODS,2.9311116012351124,22651.630454344948,51,1.0,0.49079789577712607,0.2408825744992547,0.2538959722651639,0.6822159179424289,SUAVE,True,True
FOODS_3_079,FOODS_3,FOODS,5.979817784256561,297256.74205539364,51,1.0,0.36620560513725575,0.13410654523394366,0.34845426117901424,0.7241615266475557,SUAVE,True,True
FOODS_3_080,FOODS_3,FOODS,1.595886524822695,419339.9309219858,51,1.0,0.17606600351768764,0.030999237594690397,0.07446696700758866,0.8470998006819644,SUAVE,True,True
FOODS_3_081,FOODS_3,FOODS,4.604495511669659,56570.83185637343,49,1.0408163265306123,0.2954285778117538,0.08727804458787547,0.21247873892747052,0.6701988540490265,SUAVE,True,True
FOODS_3_082,FOODS_3,FOODS,1.9823959094229364,37788.430825420015,51,1.0,0.45377304295192206,0.2059099745098469,0.1868616102565321,0.823793931691353,SUAVE,True,True
FOODS_3_083,FOODS_3,FOODS,18.796832210003547,433041.4204540617,50,1.02,0.5446358385905467,0.296628196677228,0.21189419688758207,0.8856806351650766,SUAVE,True,True
FOODS_3_084,FOODS_3,FOODS,1.9577692307692307,23005.74623076923,17,3.0,0.5300684106712357,0.2809725199915297,2.6487614152668897,0.9323303747951852,INTERMITENTE,False,False
FOODS_3_085,FOODS_3,FOODS,2.98,14953.64,14,3.642857142857143,0.2015929175936384,0.040639704423915485,,0.9529025716290435,INTERMITENTE,False,False
FOODS_3_086,FOODS_3,FOODS,1.0908362235067437,132384.9749210019,51,1.0,0.5670470419867487,0.32154234782592156,0.3109047621297488,0.5088853408451754,SUAVE,True,True
FOODS_3_087,FOODS_3,FOODS,2.505914972273568,96730.823844732,24,2.125,0.18811242225148328,0.035386283405320344,0.6384384977073179,0.9397147052989795,INTERMITENTE,True,False
FOODS_3_088,FOODS_3,FOODS,2.7780631399317404,6228.417559726962,14,3.642857142857143,0.22326135914523618,0.04984563448737813,,0.9259538362586955,INTERMITENTE,False,False
FOODS_3_089,FOODS_3,FOODS,0.9998519321054532,37018.5179342723,51,1.0,0.1885708223016132,0.03555895502350658,0.09963837797055403,0.6451131813729432,SUAVE,True,True
FOODS_3_090,FOODS_3,FOODS,1.3645212765957446,1368733.5537765957,45,1.1333333333333333,0.44255068491599847,0.19585110871961936,0.28041799947530366,0.6690185153528965,SUAVE,True,True
FOODS_3_091,FOODS_3,FOODS,6.070304810870365,73256.43845758356,48,1.0625,0.5755608102392153,0.33127024628322205,0.18670217266640843,0.8311451762987413,SUAVE,True,True
FOODS_3_092,FOODS_3,FOODS,3.688338278931751,107799.06287833829,49,1.0408163265306123,0.6114341551713803,0.3738517261101396,0.23601283248461963,0.85025507027435,SUAVE,True,True
FOODS_3_093,FOODS_3,FOODS,2.1122773393461105,92388.89854565953,51,1.0,0.5906616463976001,0.34888118052512357,0.08828525956554806,0.9223566133346511,SUAVE,True,True
FOODS_3_094,FOODS_3,FOODS,2.9783296213808463,44034.603452115814,28,1.8214285714285714,0.32564144146408147,0.1060423483988048,0.39165589295522635,0.8398838799953813,INTERMITENTE,True,False
FOODS_3_095,FOODS_3,FOODS,5.18095305832148,45701.186927453775,51,1.0,0.489805864929745,0.23990978531957557,0.4577431208436116,0.49890176231207045,SUAVE,True,True
FOODS_3_096,FOODS_3,FOODS,4.266697382970881,65732.7398820494,51,1.0,0.26349818508303363,0.06943129354205264,0.07374705089311501,0.6438632051242507,SUAVE,True,True
FOODS_3_097,FOODS_3,FOODS,2.016474407944996,69552.23527883881,51,1.0,0.16149979695630176,0.026082184416926696,0.089623038105721,0.42215363258290206,SUAVE,True,True
FOODS_3_098,FOODS_3,FOODS,4.271211445559271,93048.34134150873,51,1.0,0.29872817525306605,0.08923852269002655,0.05620242012281695,0.6519563672289105,SUAVE,True,True
FOODS_3_099,FOODS_3,FOODS,2.4972811387900355,534897.6416797152,51,1.0,0.12279438882691271,0.015078461927375025,0.09049424980864315,0.5769000060207984,SUAVE,True,True
FOODS_3_100,FOODS_3,FOODS,3.98,76177.2,39,1.3076923076923077,0.46568981208113003,0.2168670010761582,0.2889488163183462,0.8123432556772405,SUAVE,True,True
FOODS_3_101,FOODS_3,FOODS,0.9997279179810724,63557.70238564668,45,1.1333333333333333,0.3276641420751688,0.1073637900018564,0.24337598406687716,0.7147784080439712,SUAVE,True,True
FOODS_3_102,FOODS_3,FOODS,1.982785892411828,40720.47387246171,51,1.0,0.5626705809468086,0.31659818266301903,0.2652161396490968,0.8869968108299349,SUAVE,True,True
FOODS_3_103,FOODS_3,FOODS,3.255355113636364,67633.25784090911,51,1.0,0.16274512024434368,0.02648597416334588,0.12171759815275941,0.6053650808187685,SUAVE,True,True
FOODS_3_104,FOODS_3,FOODS,3.0147383444338725,26176.973044719314,42,1.2142857142857142,0.34913056750434446,0.12189215316590563,0.17732707805272271,0.8891520667321745,SUAVE,True,True
FOODS_3_105,FOODS_3,FOODS,2.879409479409479,24584.39813519813,16,3.1875,0.41264421111996696,0.17027524497081986,3.2646885076767695,0.8699604364335071,INTERMITENTE,False,False
FOODS_3_106,FOODS_3,FOODS,1.0,21739.0,26,1.9615384615384615,0.32586557562503554,0.10618837337743575,0.5181678814884565,0.9423571737026135,INTERMITENTE,True,False
FOODS_3_107,FOODS_3,FOODS,2.510450674237048,152427.03358765083,51,1.0,0.536343387817439,0.2876642296554877,0.06704613081717767,0.9177686520588548,SUAVE,True,True
FOODS_3_108,FOODS_3,FOODS,0.9999096622152396,51173.37669285153,45,1.1333333333333333,0.36053458568739305,0.12998518747678017,0.23084634051041664,0.7153813439121892,SUAVE,True,True
FOODS_3_109,FOODS_3,FOODS,0.9999574468085108,139234.07489361704,51,1.0,0.35251808004661406,0.12426899675975099,0.24023029396055717,0.5231779135959029,SUAVE,True,True
FOODS_3_110,FOODS_3,FOODS,10.45819209039548,43495.6209039548,19,2.6842105263157894,0.39038641441429073,0.15240155255924634,2.4443265864764325,0.9299768108510315,INTERMITENTE,False,False
FOODS_3_111,FOODS_3,FOODS,4.98,16000.740000000002,11,4.636363636363637,0.21515914087164828,0.046293455900625786,,0.9336981467172933,INTERMITENTE,False,False
FOODS_3_112,FOODS_3,FOODS,2.979281553398058,48392.47027184466,46,1.108695652173913,0.510280356019201,0.2603860417390825,0.31451296913902854,0.9028804353987149,SUAVE,True,True
FOODS_3_113,FOODS_3,FOODS,1.1490347764371895,96258.09032647268,51,1.0,0.3570413225305995,0.12747850599439958,0.09157804227630628,0.9095962866019346,SUAVE,True,True
FOODS_3_114,FOODS_3,FOODS,2.5583549783549784,14838.458874458875,24,2.125,1.0324423167877623,1.0659371374940823,1.0011980601573114,0.5882336211225879,CON PICOS,True,False
FOODS_3_115,FOODS_3,FOODS,4.267503546099291,125409.12670921985,51,1.0,0.3167996847103191,0.1003620402325576,0.06353870313095751,0.6791254381633746,SUAVE,True,True
FOODS_3_116,FOODS_3,FOODS,1.155253996447602,66391.29192184724,51,1.0,0.5469104470054647,0.29911103704371717,0.16494517722017527,0.9466871439609352,SUAVE,True,True
FOODS_3_117,FOODS_3,FOODS,2.1333404255319146,138428.19353191488,49,1.0408163265306123,0.6798657116829798,0.4622173859222046,0.09184025998029459,0.9417274348866216,SUAVE,True,True
FOODS_3_118,FOODS_3,FOODS,1.1549059950336995,63085.5850727208,51,1.0,0.5437416458868368,0.29565497747172625,0.12591537444737144,0.9377664588100868,SUAVE,True,True
FOODS_3_119,FOODS_3,FOODS,4.28,15553.52,4,12.75,0.5182022829462172,0.26853360605067134,,0.9314147990085687,INTERMITENTE,False,False
FOODS_3_120,FOODS_3,FOODS,4.978137122237258,1417046.6443933244,40,1.275,0.42250439097257914,0.17850996039111,0.37712047934858717,0.8762266871901994,SUAVE,True,True
FOODS_3_121,FOODS_3,FOODS,2.97839653304442,122745.67791982664,29,1.7586206896551724,0.27957336726754833,0.07816126768531546,0.49556887105136976,0.8585924563373185,INTERMITENTE,True,False
FOODS_3_122,FOODS_3,FOODS,2.496848341232228,13240.786753554507,16,3.1875,0.24515874460015794,0.06010281005392547,3.3166247903554,0.9333191645679082,INTERMITENTE,False,False
FOODS_3_123,FOODS_3,FOODS,2.535794326241135,23877.03937588653,50,1.02,0.43080848962159274,0.18559595473003798,0.29213111359416555,0.8071281003933461,SUAVE,True,True
FOODS_3_124,FOODS_3,FOODS,5.322572953736655,367949.46829181496,51,1.0,0.49779881884243155,0.24780366404091997,0.4264471697976125,0.7719093059539055,SUAVE,True,True
FOODS_3_125,FOODS_3,FOODS,4.98,26588.22,9,5.666666666666667,0.43346309331702737,0.187890253267966,,0.7950046311332871,INTERMITENTE,False,False
FOODS_3_126,FOODS_3,FOODS,3.5391796875,120353.344453125,51,1.0,0.29459639309118685,0.08678703482233709,0.16846918184248547,0.8149450778245588,SUAVE,True,True
FOODS_3_127,FOODS_3,FOODS,3.5223443223443223,153940.53626373626,51,1.0,0.21735873691912738,0.04724482051507843,0.13403119991436624,0.8021719592343374,SUAVE,True,True
FOODS_3_128,FOODS_3,FOODS,2.985760351777208,50420.53506046171,51,1.0,0.39119409497363566,0.15303281994224188,0.12988611132211145,0.8183294960761573,SUAVE,True,True
FOODS_3_129,FOODS_3,FOODS,2.547708333333333,30962.299374999995,23,2.217391304347826,0.2388840898937564,0.057065608404368286,0.7462518034250142,0.9406166806119479,INTERMITENTE,False,False
FOODS_3_130,FOODS_3,FOODS,2.5436486486486487,24482.618243243243,40,1.275,1.0185913708639704,1.0375283807985425,0.25733866376784986,0.7529389295088325,ERRATICO,True,True
FOODS_3_131,FOODS_3,FOODS,0.9998186119873816,55760.88380914826,45,1.1333333333333333,0.3254366402570751,0.1059090068218129,0.2923383633588502,0.6698924225637187,SUAVE,True,True
FOODS_3_132,FOODS_3,FOODS,2.6493707543796927,114195.8276260279,51,1.0,0.44080759903102756,0.19431133936349917,0.16888766479016748,0.7860809552057386,SUAVE,True,True
FOODS_3_133,FOODS_3,FOODS,0.8161972330613694,73542.63548776162,48,1.0625,0.31458505104711226,0.09896375434231423,0.12034698983618258,0.7919967387765146,SUAVE,True,True
FOODS_3_134,FOODS_3,FOODS,6.737781324820431,329538.1468156425,40,1.275,0.5249573743296481,0.27558024486307825,0.37703119464007934,0.8049322864160171,SUAVE,True,True
FOODS_3_135,FOODS_3,FOODS,1.4067631774313287,63241.03864142538,47,1.0851063829787233,1.4143800883375695,2.0004710342857908,0.5144176589427628,0.950827655345043,ERRATICO,True,True
FOODS_3_136,FOODS_3,FOODS,4.275106382978724,431097.4525531916,51,1.0,0.2582021370337719,0.06666834356880671,0.05711582229171032,0.429301065655994,SUAVE,True,True
FOODS_3_137,FOODS_3,FOODS,2.507716405605936,10665.317873042044,15,3.4,0.35634087716178414,0.12697882073642974,,0.9386853172639847,INTERMITENTE,False,False
FOODS_3_138,FOODS_3,FOODS,1.98,62237.34,40,1.275,0.2893119365491037,0.0837013966297926,0.15634725330483606,0.8580204400782278,SUAVE,True,True
FOODS_3_139,FOODS_3,FOODS,4.951351246105919,147901.81307242988,51,1.0,0.23286912450388553,0.05422802914720614,0.09671354537929101,0.46249223354269026,SUAVE,True,True
FOODS_3_140,FOODS_3,FOODS,3.0113079255088784,78537.92200519706,43,1.186046511627907,0.3660584049691258,0.13399875584854049,0.08315046534976302,0.9220174224111284,SUAVE,True,True
FOODS_3_141,FOODS_3,FOODS,2.796600355239787,34328.26936056839,51,1.0,0.34746816703522265,0.12073412710281739,0.11319014314450614,0.752909984605738,SUAVE,True,True
FOODS_3_142,FOODS_3,FOODS,4.023301326017376,82043.16064014632,42,1.2142857142857142,0.47798605437776553,0.22847066817962422,0.24726382196772145,0.9182700068800831,SUAVE,True,True
FOODS_3_143,FOODS_3,FOODS,2.4774257425742574,10157.445544554455,22,2.3181818181818183,0.9286017555519701,0.8623012204142009,1.139130822181108,0.6466740678080706,CON PICOS,True,False
FOODS_3_144,FOODS_3,FOODS,1.9029743223965765,72914.36413694723,51,1.0,0.2739483187706508,0.0750476813572661,0.06867027807451383,0.9524641748163772,SUAVE,True,True
FOODS_3_145,FOODS_3,FOODS,2.836582995951417,17192.52953846154,51,1.0,0.3201958407951534,0.10252537646251522,0.10158780867858383,0.6941065345473293,SUAVE,True,True
FOODS_3_146,FOODS_3,FOODS,5.30367396593674,107203.16187347933,51,1.0,0.44037645571426504,0.19393142274745803,0.40075307015416034,0.7439764243550893,SUAVE,True,True
FOODS_3_147,FOODS_3,FOODS,3.4811893870082344,30244.57339432754,26,1.9615384615384615,0.7248122151372354,0.525352747212146,0.5110797337320397,0.8944267957580948,CON PICOS,True,False
FOODS_3_148,FOODS_3,FOODS,1.0492659574468084,43156.30882978723,49,1.0408163265306123,0.5839519283986006,0.3409998546804443,0.22757387256821823,0.725039838910206,SUAVE,True,True
FOODS_3_149,FOODS_3,FOODS,2.465010931351115,17188.521224311324,37,1.3783783783783783,0.5438627638256307,0.29578670587605377,0.6095541388227482,0.6836286500222477,INTERMITENTE,True,False
FOODS_3_150,FOODS_3,FOODS,2.1310425531914894,313734.21572340425,51,1.0,0.7497292332544704,0.5620939231963361,0.1353807775108704,0.9547909006543125,ERRATICO,True,True
FOODS_3_151,FOODS_3,FOODS,2.726982997232108,99084.92720442865,49,1.0408163265306123,0.2643250694966936,0.0698677423644319,0.11016003610457972,0.8880546416961831,SUAVE,True,True
FOODS_3_152,FOODS_3,FOODS,2.5995907473309607,26357.25058718861,13,3.923076923076923,0.35961924908850607,0.12932600431498098,,0.8628064245551117,INTERMITENTE,False,False
FOODS_3_153,FOODS_3,FOODS,1.8030320489737124,19699.928167086782,36,1.4166666666666667,0.741947585166635,0.550486219134601,0.32899576126592545,0.7796328118426593,CON PICOS,True,False
FOODS_3_154,FOODS_3,FOODS,2.98,302949.77999999997,51,1.0,0.713580911093374,0.5091977166768497,0.3936931483057225,0.8694252881712754,ERRATICO,True,True
FOODS_3_155,FOODS_3,FOODS,1.9826507313592576,35872.09968248305,51,1.0,0.5651078857643875,0.31934692255309605,0.27039071100923584,0.857225187113608,SUAVE,True,True
FOODS_3_156,FOODS_3,FOODS,3.8726651651651656,167574.09436186188,51,1.0,0.09795399880826107,0.00959498588252881,0.05558702218461991,0.575882410397992,SUAVE,True,True
FOODS_3_157,FOODS_3,FOODS,3.054657276995305,17869.745070422534,17,3.0,0.3341552630324828,0.11165973981230774,2.681158137802747,0.976428951949537,INTERMITENTE,False,False
FOODS_3_158,FOODS_3,FOODS,6.074644522144522,35743.20836829837,26,1.9615384615384615,0.1525637878880428,0.023275709374747718,0.34378994638280375,0.9609714092664959,INTERMITENTE,True,False
FOODS_3_159,FOODS_3,FOODS,2.956768916155419,26696.666543967276,38,1.3421052631578947,0.2531666994910814,0.06409337773120752,0.1959103329340152,0.9014477744566544,INTERMITENTE,True,False
FOODS_3_160,FOODS_3,FOODS,2.531216312056738,32822.28191843972,50,1.02,0.45824787128698397,0.20999111153905223,0.21436017203587734,0.8717019026133019,SUAVE,True,True
FOODS_3_161,FOODS_3,FOODS,1.997960923623446,14768.927147424512,51,1.0,0.3697677836290745,0.13672821380995803,0.23756563025526398,0.7473921549660789,SUAVE,True,True
FOODS_3_162,FOODS_3,FOODS,1.9792196209587516,35420.11433667782,51,1.0,0.5095440375952155,0.2596351262488344,0.22666812096918798,0.85178447068253,SUAVE,True,True
FOODS_3_163,FOODS_3,FOODS,2.01513621503814,45880.62134398838,51,1.0,0.17018929106449895,0.028964394793036745,0.1159689880955485,0.5488828863571971,SUAVE,True,True
FOODS_3_164,FOODS_3,FOODS,2.8029258517034066,7410.935951903807,10,5.1,0.36404624270763336,0.1325296668295451,,0.8677107536029658,INTERMITENTE,False,False
FOODS_3_165,FOODS_3,FOODS,3.492708590217838,9992.639276613234,51,1.0,0.2641031538061051,0.06975047585033121,0.13000622122522082,0.487255626923845,SUAVE,True,True
FOODS_3_166,FOODS_3,FOODS,1.0,6565.0,4,12.75,0.44547541869140755,0.19844834865828487,,0.9122052741373561,INTERMITENTE,False,False
FOODS_3_167,FOODS_3,FOODS,1.98,29571.3,21,2.4285714285714284,0.3007916223207474,0.09047560005834715,1.1509015674348686,0.9255571693827839,INTERMITENTE,False,False
FOODS_3_168,FOODS_3,FOODS,3.7512697828487305,52405.238866396765,51,1.0,0.5260068517732196,0.2766832081123738,0.17840960965534045,0.8605263836928508,SUAVE,True,True
FOODS_3_169,FOODS_3,FOODS,3.9797812215132176,101850.56102096627,48,1.0625,0.3185323314769234,0.1014628461961246,0.17403460476540505,0.7290965555112521,SUAVE,True,True
FOODS_3_170,FOODS_3,FOODS,1.978977194194886,18058.166897028335,21,2.4285714285714284,0.24841045199668588,0.06170775266119778,1.152816930883036,0.9474521761825337,INTERMITENTE,False,False
FOODS_3_171,FOODS_3,FOODS,2.4781592920353983,2787.929203539823,13,3.923076923076923,0.29966461741954326,0.08979888293320122,,0.9088706489148969,INTERMITENTE,False,False
FOODS_3_172,FOODS_3,FOODS,1.78,15532.28,7,7.285714285714286,0.3227255386926579,0.10415177332446623,,0.9596711596952654,INTERMITENTE,False,False
FOODS_3_173,FOODS_3,FOODS,11.234078611536498,33353.97939765186,31,1.6451612903225807,0.7176983207396607,0.5150908795925289,1.0979968389892676,0.8117056529896041,CON PICOS,True,False
FOODS_3_174,FOODS_3,FOODS,5.994752155172414,87289.58613146552,51,1.0,0.19072935575556577,0.036377687146933166,0.0919741841251429,0.6631386921352502,SUAVE,True,True
FOODS_3_175,FOODS_3,FOODS,7.2468541820873424,69287.17283493708,50,1.02,0.4762705494136863,0.2268336362388146,0.21229612151830035,0.6868147452752508,SUAVE,True,True
FOODS_3_176,FOODS_3,FOODS,1.4511681582666038,27113.625869053227,36,1.4166666666666667,0.22329891773668928,0.04986240666237673,0.3132866618580346,0.9342552528401215,INTERMITENTE,True,False
FOODS_3_177,FOODS_3,FOODS,2.805539707016191,52104.4834387047,49,1.0408163265306123,0.4422930321090253,0.1956231262521953,0.23215996321582252,0.7652225135856188,SUAVE,True,True
FOODS_3_178,FOODS_3,FOODS,1.9449372723593683,78186.4783488466,51,1.0,0.1284545812968895,0.01650057945615919,0.08764417328323867,0.7096423633250363,SUAVE,True,True
FOODS_3_179,FOODS_3,FOODS,4.360052009456265,23204.196794326243,41,1.2439024390243902,0.35975471383030166,0.12942345412312226,0.3332597780169049,0.8179533781104233,SUAVE,True,True
FOODS_3_180,FOODS_3,FOODS,2.937125360230548,8582.280302593661,21,2.4285714285714284,0.28879602330668647,0.08340314307775619,1.2228747464362235,0.9454143115309243,INTERMITENTE,False,False
FOODS_3_181,FOODS_3,FOODS,2.98,48511.42,39,1.3076923076923077,0.32792781604498084,0.10753665253603079,0.27095188549571536,0.9636185138073662,SUAVE,True,True
FOODS_3_182,FOODS_3,FOODS,1.9776906628652888,34136.91853171775,51,1.0,0.5490107580938028,0.3014128125027321,0.128732504138407,0.903411901232641,SUAVE,True,True
FOODS_3_183,FOODS_3,FOODS,3.0011135857461024,60397.41091314031,48,1.0625,0.2707956223771954,0.0733302690986526,0.1906750692125324,0.7710116792480881,SUAVE,True,True
FOODS_3_184,FOODS_3,FOODS,3.072180851063829,115756.70228723402,51,1.0,0.16956683694070543,0.028752912190075783,0.07070855469583798,0.517281995374765,SUAVE,True,True
FOODS_3_185,FOODS_3,FOODS,2.315192724122997,49998.90207016024,39,1.3076923076923077,1.1247259038146873,1.2650083587117653,0.324639056638668,0.8831632779907875,ERRATICO,True,True
FOODS_3_186,FOODS_3,FOODS,2.2761938278289118,32442.59062804548,35,1.457142857142857,0.38994749137407114,0.15205904602893128,0.38636467499956006,0.9154688081077949,INTERMITENTE,True,False
FOODS_3_187,FOODS_3,FOODS,2.443985815602837,39741.65334751773,51,1.0,0.5965351307712683,0.35585416224429417,0.26627831854105427,0.7002180438601892,SUAVE,True,True
FOODS_3_188,FOODS_3,FOODS,1.9799245567710295,11834.009075820444,51,1.0,0.2237368505384606,0.05005817828886946,0.1309754293083422,0.590733828970219,SUAVE,True,True
FOODS_3_189,FOODS_3,FOODS,2.503441890166028,22593.563058748405,23,2.217391304347826,0.2513193662041019,0.06316142382923147,0.7425397712331663,0.8953111243462708,INTERMITENTE,False,False
FOODS_3_190,FOODS_3,FOODS,1.0,16565.0,16,3.1875,0.35556728468862997,0.12642809394084523,3.3166247903554,0.9632644384537361,INTERMITENTE,False,False
FOODS_3_191,FOODS_3,FOODS,1.0,38781.0,51,1.0,0.34647745021732823,0.12004662350910117,0.1271855284767295,0.896084343598852,SUAVE,True,True
FOODS_3_192,FOODS_3,FOODS,5.559992684711046,66742.15218727141,23,2.217391304347826,0.23467608911041596,0.055072866800159895,0.860621683173694,0.9761723455266736,INTERMITENTE,False,False
FOODS_3_193,FOODS_3,FOODS,2.431607920792079,14635.848075247524,51,1.0,0.14360275244908832,0.02062175051095414,0.07159751412926708,0.2997281967446801,SUAVE,True,True
FOODS_3_194,FOODS_3,FOODS,2.95186295503212,97358.34398286938,51,1.0,0.17964959240182982,0.03227397605014359,0.10823524702708397,0.41905707553396815,SUAVE,True,True
FOODS_3_195,FOODS_3,FOODS,2.650743145743146,112688.39261183262,51,1.0,0.32649592193876076,0.10659958704264136,0.11756601918119733,0.7329181880822134,SUAVE,True,True
FOODS_3_196,FOODS_3,FOODS,4.472020703933747,45153.99304761905,51,1.0,0.5952235810743359,0.3542911114669566,0.3056139221239473,0.6913719858510766,SUAVE,True,True
FOODS_3_197,FOODS_3,FOODS,1.974485639686684,19993.641587467362,31,1.6451612903225807,0.37633877444327163,0.14163087314946368,0.31120159752499604,0.9490898344613851,INTERMITENTE,True,False
FOODS_3_198,FOODS_3,FOODS,5.896559270516717,28462.691598784193,27,1.8888888888888888,0.5300885778381642,0.28099390035448746,0.6538458184117635,0.8613764678960937,INTERMITENTE,True,False
FOODS_3_199,FOODS_3,FOODS,2.4699404540379604,44634.293944919984,44,1.1590909090909092,0.5424933365653659,0.2942990202178234,0.2744372000185151,0.8388110475972592,SUAVE,True,True
FOODS_3_200,FOODS_3,FOODS,2.1549941474834178,31428.434646898164,48,1.0625,0.7746747646980378,0.6001209910599602,0.5598337540157837,0.7292430281880581,ERRATICO,True,True
FOODS_3_201,FOODS_3,FOODS,2.495210263720599,113170.26151104776,51,1.0,0.16171820592992087,0.026152778129192294,0.07086168555762205,0.5341302807231596,SUAVE,True,True
FOODS_3_202,FOODS_3,FOODS,4.260904255319149,1262493.148138298,51,1.0,0.2797406206680673,0.07825481485175553,0.08090949881826345,0.35422943882620056,SUAVE,True,True
FOODS_3_203,FOODS_3,FOODS,4.4878723404255325,165508.2440425532,51,1.0,0.32714082257127036,0.1070211177926074,0.20413549533758524,0.44149808491840015,SUAVE,True,True
FOODS_3_204,FOODS_3,FOODS,2.4764742917103884,18226.85078698846,30,1.7,0.34545121600760065,0.11933654264112996,0.5087720227346415,0.8684554074350208,INTERMITENTE,True,False
FOODS_3_205,FOODS_3,FOODS,1.1380997624703089,25457.01548693587,16,3.1875,0.2918998644384135,0.08520553085916417,3.316624790355399,0.9408785882745285,INTERMITENTE,False,False
FOODS_3_206,FOODS_3,FOODS,2.5146643264589734,33035.14525669153,50,1.02,0.5929555396376028,0.3515962719869208,0.3438167650320852,0.6652056045353597,SUAVE,True,True
FOODS_3_207,FOODS_3,FOODS,1.9817659574468085,46650.77063829787,51,1.0,0.5839089203834077,0.34094962730331674,0.22858593057407753,0.9167530048341469,SUAVE,True,True
FOODS_3_208,FOODS_3,FOODS,4.841409214092141,71251.01940379404,32,1.59375,0.27890446104657185,0.07778769839167872,0.2566718327816845,0.9659238960116973,INTERMITENTE,True,False
FOODS_3_209,FOODS_3,FOODS,3.98,9818.66,11,4.636363636363637,0.27440243107960116,0.07529669418239526,,0.9499932445446472,INTERMITENTE,False,False
FOODS_3_210,FOODS_3,FOODS,2.0576788990825685,10662.89205504587,38,1.3421052631578947,0.2521287441569586,0.06356890363016507,0.22523058911855404,0.9316106869614389,INTERMITENTE,True,False
FOODS_3_211,FOODS_3,FOODS,4.425211830535572,58842.0417106315,51,1.0,0.40304628326619213,0.16244630645469157,0.2299518851870768,0.3320129311691548,SUAVE,True,True
FOODS_3_212,FOODS_3,FOODS,2.9492198581560283,56091.212482269504,51,1.0,0.433013142500789,0.1875003815784086,0.22370805047235834,0.8116073414223658,SUAVE,True,True
FOODS_3_213,FOODS_3,FOODS,2.1948805704099823,58787.68119786097,41,1.2439024390243902,0.8096508119557129,0.6555344373005452,0.31208106238521033,0.922003537515446,ERRATICO,True,True
FOODS_3_214,FOODS_3,FOODS,1.045631205673759,27157.133673758864,50,1.02,0.5079939285084084,0.258057831401406,0.16035733698533441,0.6585917654041413,SUAVE,True,True
FOODS_3_215,FOODS_3,FOODS,1.0447551169590643,39878.302814327486,51,1.0,0.29486826975042285,0.08694729650560813,0.23102027696093394,0.8047353197357285,SUAVE,True,True
FOODS_3_216,FOODS_3,FOODS,2.495167186803388,18279.59481052162,38,1.3421052631578947,0.31330702012652606,0.09816128886056341,0.159042088392372,0.8981169106189761,INTERMITENTE,True,False
FOODS_3_217,FOODS_3,FOODS,2.9560212765957443,107002.05817021275,51,1.0,0.14355248563325215,0.020607316131485066,0.09349084802112158,0.5173198466146184,SUAVE,True,True
FOODS_3_218,FOODS_3,FOODS,1.9936481033091205,12775.297046004844,16,3.1875,0.4425639416224885,0.19586284242443341,3.3166247903554,0.8588226745682894,INTERMITENTE,False,False
FOODS_3_219,FOODS_3,FOODS,1.3153120567375889,111580.55239716313,45,1.1333333333333333,0.40171271488589405,0.1613731053009956,0.24758174361853483,0.6444774565665229,SUAVE,True,True
FOODS_3_220,FOODS_3,FOODS,3.2070054730258017,2674.6425645035188,13,3.923076923076923,0.3820704716531799,0.14597784530928337,3.1038055376307,0.9068496303328447,INTERMITENTE,False,False
FOODS_3_221,FOODS_3,FOODS,4.979058380414313,24925.16625235405,11,4.636363636363637,0.2254864232072661,0.05084412705080632,,0.9180604138347647,INTERMITENTE,False,False
FOODS_3_222,FOODS_3,FOODS,4.152735073292814,55430.707758312485,51,1.0,0.340103870078932,0.11567064244266706,0.14867297396838278,0.5580363652961086,SUAVE,True,True
FOODS_3_223,FOODS_3,FOODS,1.98,17924.94,43,1.186046511627907,0.24268479573851473,0.058895910082644616,0.24053308254909064,0.9196096156728835,SUAVE,True,True
FOODS_3_224,FOODS_3,FOODS,3.89345390070922,147846.12497163122,48,1.0625,0.4937618026052741,0.24380071771200965,0.27256962947756086,0.7242972713853789,SUAVE,True,True
FOODS_3_225,FOODS_3,FOODS,1.9800996015936256,44310.66888446215,51,1.0,0.220060188428835,0.04842648653133437,0.13512094339577269,0.7273708743833102,SUAVE,True,True
FOODS_3_226,FOODS_3,FOODS,1.6058865248226952,583866.6168085107,51,1.0,0.1415386575450872,0.020033191579665474,0.08189357971557923,0.6187842392292814,SUAVE,True,True
FOODS_3_227,FOODS_3,FOODS,2.59636170212766,196843.16244680854,51,1.0,0.37496912022499734,0.1406018411223085,0.1962706425880055,0.5998196030367217,SUAVE,True,True
FOODS_3_228,FOODS_3,FOODS,1.5959219858156029,225017.02039007092,51,1.0,0.17933961976719906,0.03216269921824354,0.08627823512216233,0.809253534294631,SUAVE,True,True
FOODS_3_229,FOODS_3,FOODS,3.6392117465224105,33353.37565687789,17,3.0,0.5311522560295538,0.28212271908528475,2.967926732410115,0.9320327639159446,INTERMITENTE,False,False
FOODS_3_230,FOODS_3,FOODS,3.5541361668634397,173384.97876426604,51,1.0,0.2221116623800322,0.04933359056522141,0.11575695367041837,0.825771509236404,SUAVE,True,True
FOODS_3_231,FOODS_3,FOODS,5.32445390070922,353628.93026950356,51,1.0,0.5154588910996115,0.2656978684136412,0.43255534042060184,0.7832172954117874,SUAVE,True,True
FOODS_3_232,FOODS_3,FOODS,3.0397748729121283,100212.25823529414,51,1.0,0.1735338828632703,0.030114008501603215,0.09600065040811057,0.834730981481618,SUAVE,True,True
FOODS_3_233,FOODS_3,FOODS,2.4937141183362628,174003.8900351494,26,1.9615384615384615,0.6377762818266289,0.40675858566059964,0.7070499207579148,0.7674869536438329,INTERMITENTE,True,False
FOODS_3_234,FOODS_3,FOODS,0.2017431519032373,50693.010494485956,51,1.0,0.24455143810149538,0.05980540587750952,0.14631233640404273,0.697854196164011,SUAVE,True,True
FOODS_3_235,FOODS_3,FOODS,1.810945054945055,14708.495736263736,37,1.3783783783783783,0.7930919341544632,0.6289948160208674,0.25790228445544505,0.7519712223162308,CON PICOS,True,False
FOODS_3_236,FOODS_3,FOODS,2.4935500000000004,68709.77025000002,27,1.8888888888888888,0.5255763478052413,0.276230497372296,0.5580411348811077,0.7711766955108512,INTERMITENTE,True,False
FOODS_3_237,FOODS_3,FOODS,0.999434180138568,29538.27719399538,29,1.7586206896551724,0.6974744942273811,0.48647067009774103,0.5683158215480796,0.7340317806840224,INTERMITENTE,True,False
FOODS_3_238,FOODS_3,FOODS,3.6145714285714288,102061.03885714286,49,1.0408163265306123,0.1590433517918621,0.025294787749190008,0.07717639207915285,0.7347393911389442,SUAVE,True,True
FOODS_3_239,FOODS_3,FOODS,1.887697228144989,28672.233198294238,51,1.0,0.15759501585026708,0.024836189020845934,0.10943689208368146,0.5940861172172373,SUAVE,True,True
FOODS_3_240,FOODS_3,FOODS,0.9993492155723416,7571.06965717606,29,1.7586206896551724,0.43146752311998954,0.1861642235072987,0.5631759250118029,0.6614309999694473,INTERMITENTE,True,False
FOODS_3_241,FOODS_3,FOODS,2.7917981186685963,96540.37894356006,51,1.0,0.6289981334597897,0.3956386518958994,0.2696056553501356,0.7241262902283173,SUAVE,True,True
FOODS_3_242,FOODS_3,FOODS,9.628376694759986,175429.02337852694,51,1.0,0.21172836629459213,0.04482890109377698,0.13321363519971477,0.654673333215569,SUAVE,True,True
FOODS_3_243,FOODS_3,FOODS,1.5105440967283077,20451.256525604556,51,1.0,0.37540793824244767,0.1409311200954454,0.133643190002813,0.8464877233110423,SUAVE,True,True
FOODS_3_244,FOODS_3,FOODS,9.627663242846662,53240.97773294204,51,1.0,0.24703528250282125,0.061026430801248706,0.13233376649531478,0.6059212771086907,SUAVE,True,True
FOODS_3_245,FOODS_3,FOODS,2.2407304347826087,225211.33453913045,40,1.275,0.6177461689663153,0.38161032927255933,0.3058223810904659,0.8766835975917525,SUAVE,True,True
FOODS_3_246,FOODS_3,FOODS,1.9490839135214364,27006.50670575302,51,1.0,0.23324627452836566,0.05440382458136172,0.05735917304363306,0.6612586491541727,SUAVE,True,True
FOODS_3_247,FOODS_3,FOODS,4.895267857142857,27359.652053571426,23,2.217391304347826,0.3589498480395123,0.12884499340758898,0.7334307703014656,0.9752727180891378,INTERMITENTE,False,False
FOODS_3_248,FOODS_3,FOODS,1.9647634763476347,33980.58432343234,51,1.0,0.3378742954264017,0.11415903950988736,0.06990428769527207,0.5609017155305974,SUAVE,True,True
FOODS_3_249,FOODS_3,FOODS,2.562326241134752,58282.672680851065,51,1.0,1.0295786053640266,1.0600321046233339,0.3893683100516847,0.7399914262989747,ERRATICO,True,True
FOODS_3_250,FOODS_3,FOODS,3.906625625240477,89860.20263178146,40,1.275,0.35815989208423044,0.12827850829778759,0.22803495623097642,0.8952255777132071,SUAVE,True,True
FOODS_3_251,FOODS_3,FOODS,2.976579448144624,19073.921103710753,41,1.2439024390243902,0.32427448035494166,0.10515393860946745,0.14398404593197567,0.925369383052349,SUAVE,True,True
FOODS_3_252,FOODS_3,FOODS,1.520354609929078,860858.2279432623,51,1.0,0.1872218272998027,0.035052012617477146,0.18979654360351597,0.7080037664082686,SUAVE,True,True
FOODS_3_253,FOODS_3,FOODS,1.98,26880.48,26,1.9615384615384615,0.15475599622582395,0.023949418367847235,0.34243029411670356,0.9371653196371709,INTERMITENTE,True,False
FOODS_3_254,FOODS_3,FOODS,1.74,4212.54,4,12.75,0.33605922846521163,0.11293580503663331,,0.9540239847089491,INTERMITENTE,False,False
FOODS_3_255,FOODS_3,FOODS,3.98,5126.24,5,10.2,0.675999922199502,0.45697589481373274,,0.6819438916665947,INTERMITENTE,False,False
FOODS_3_256,FOODS_3,FOODS,2.552738898756661,5460.308504440498,51,1.0,0.2644313086257426,0.06992391698152273,0.17959081714413297,0.4290074803048927,SUAVE,True,True
FOODS_3_257,FOODS_3,FOODS,3.909389638041164,155621.0733215046,46,1.108695652173913,0.3830970575457061,0.14676335550017805,0.2666578690898013,0.762349855594555,SUAVE,True,True
FOODS_3_258,FOODS_3,FOODS,1.6099413243922884,95929.9637552389,42,1.2142857142857142,0.20194756070378522,0.040782817274209016,0.2118986561553,0.9109519993563988,SUAVE,True,True
FOODS_3_259,FOODS_3,FOODS,1.6101343408900084,77280.00782535685,42,1.2142857142857142,0.2418306227500134,0.0584820500996593,0.2166688619061038,0.9082521189504252,SUAVE,True,True
FOODS_3_260,FOODS_3,FOODS,1.9693943298969072,2831.9890463917527,5,10.2,0.4431614282907287,0.19639205152467867,,0.8345304140528351,INTERMITENTE,False,False
FOODS_3_261,FOODS_3,FOODS,4.433067597354887,57554.516616458495,49,1.0408163265306123,0.2507955968001575,0.06289843137434717,0.09357538518445915,0.7019097721152702,SUAVE,True,True
FOODS_3_262,FOODS_3,FOODS,6.545468599033817,22568.7757294686,11,4.636363636363637,0.4397439418079447,0.19337473435678904,,0.9004663214412115,INTERMITENTE,False,False
FOODS_3_263,FOODS_3,FOODS,2.725954372623574,219987.24382509504,49,1.0408163265306123,0.2303944930094984,0.05308162240910381,0.07888672258955974,0.8878448021526756,SUAVE,True,True
FOODS_3_264,FOODS_3,FOODS,3.8985120093731696,26665.82214411248,51,1.0,0.4092913140421048,0.16751937975031284,0.2986304911360655,0.6655721035244788,SUAVE,True,True
FOODS_3_265,FOODS_3,FOODS,3.946796875,127868.32515625,51,1.0,0.22772039901125782,0.05185658012584647,0.1105431763827734,0.8624148295258365,SUAVE,True,True
FOODS_3_266,FOODS_3,FOODS,3.780057803468208,29650.773410404625,50,1.02,0.4980277440378226,0.24803163383140292,0.20068543261319513,0.5559333476414676,SUAVE,True,True
FOODS_3_267,FOODS_3,FOODS,2.0819103521878337,62253.283351120604,50,1.02,0.3607662919356079,0.13015231739696825,0.19213448183309795,0.5098088981951788,SUAVE,True,True
FOODS_3_268,FOODS_3,FOODS,2.1829739776951675,15341.941115241638,42,1.2142857142857142,0.323295818356403,0.1045201861667363,0.18546230700657165,0.9282083309067393,SUAVE,True,True
FOODS_3_269,FOODS_3,FOODS,2.970492907801418,52592.576932624106,51,1.0,0.2158202213808232,0.04657836795686754,0.05837664093525204,0.8179943817023125,SUAVE,True,True
FOODS_3_270,FOODS_3,FOODS,2.9788743253662298,9338.77101002313,16,3.1875,0.36972301768656973,0.13669510980726354,2.7063117760188926,0.8911283807241189,INTERMITENTE,False,False
FOODS_3_271,FOODS_3,FOODS,4.510157624633432,104270.3341239003,50,1.02,0.5158061648468677,0.26605599969403404,0.20699271559670124,0.8738481959048239,SUAVE,True,True
FOODS_3_272,FOODS_3,FOODS,9.593560182833926,52994.82644997461,38,1.3421052631578947,0.4011835232850305,0.1609482193553906,0.28783200827004707,0.935350853950559,INTERMITENTE,True,False
FOODS_3_273,FOODS_3,FOODS,2.0172685539403217,48557.67136189748,51,1.0,0.19521518536973737,0.038108968598940925,0.10281423744524537,0.674452000015948,SUAVE,True,True
FOODS_3_274,FOODS_3,FOODS,1.3752377495462793,59741.70307803992,50,1.02,0.5528498379957777,0.30564294337195763,0.26216986215859145,0.7807132216276476,SUAVE,True,True
FOODS_3_275,FOODS_3,FOODS,2.4590672782874616,14289.639954128439,17,3.0,1.1128376709331047,1.2384076818478171,2.68786808450891,0.6179132243929911,CON PICOS,False,False
FOODS_3_276,FOODS_3,FOODS,4.504785478547856,108150.88976897692,50,1.02,0.5037181649066375,0.2537319896569104,0.2077142337066178,0.8850214370372992,SUAVE,True,True
FOODS_3_277,FOODS_3,FOODS,1.925484133441823,38800.430772986176,15,3.4,0.3178336451947042,0.10101822601775311,,0.8997690629055558,INTERMITENTE,False,False
FOODS_3_278,FOODS_3,FOODS,0.998989218328841,7809.09871967655,4,12.75,0.4530178293834995,0.20522515373933745,,0.9159286347281496,INTERMITENTE,False,False
FOODS_3_279,FOODS_3,FOODS,2.8031645569620256,48200.41455696203,48,1.0625,0.37032000678956467,0.13713690742862322,0.16200912360241498,0.7096914335710145,SUAVE,True,True
FOODS_3_280,FOODS_3,FOODS,4.273620550161813,50176.57887944985,51,1.0,0.23378049834327444,0.05465332140562974,0.0802803644682418,0.6663089584619759,SUAVE,True,True
FOODS_3_281,FOODS_3,FOODS,1.2142872378243867,215188.69856381087,47,1.0851063829787233,0.9002415972594838,0.8104349334363067,0.19333834204060885,0.7710574688765286,ERRATICO,True,True
FOODS_3_282,FOODS_3,FOODS,2.505997375328084,470217.82951443567,22,2.3181818181818183,0.29779465865246085,0.08868165872193567,1.0059325880829215,0.9274584139962385,INTERMITENTE,False,False
FOODS_3_283,FOODS_3,FOODS,2.802943803498325,88847.71268328991,48,1.0625,0.3553734316215401,0.12629027590246944,0.13042374141119503,0.7455021084703104,SUAVE,True,True
FOODS_3_284,FOODS_3,FOODS,1.9793264604811,5870.682281786942,21,2.4285714285714284,0.3034626568500083,0.09208958410246589,1.106446625033497,0.9240972716066468,INTERMITENTE,False,False
FOODS_3_285,FOODS_3,FOODS,1.2129399217916814,64923.82225382154,51,1.0,0.798167743485332,0.6370717467404668,0.16288471268657972,0.7798474219711351,ERRATICO,True,True
FOODS_3_286,FOODS_3,FOODS,3.93981559738763,47214.750119093354,41,1.2439024390243902,0.4871536036215978,0.23731863352150884,0.28362812797884085,0.8426439519551191,SUAVE,True,True
FOODS_3_287,FOODS_3,FOODS,6.306305147058824,76218.00400735294,49,1.0408163265306123,0.5931791839781907,0.3518615443050322,0.24595655308771242,0.8790458420104041,SUAVE,True,True
FOODS_3_288,FOODS_3,FOODS,1.489099715099715,236681.97601709398,27,1.8888888888888888,0.2475635702977649,0.061287721338576386,0.28989306974762613,0.9244140985603756,INTERMITENTE,True,False
FOODS_3_289,FOODS_3,FOODS,2.7988920454545454,47214.50991477272,51,1.0,0.36708186692636974,0.134749097026149,0.13160319412181604,0.6800878100471797,SUAVE,True,True
FOODS_3_290,FOODS_3,FOODS,1.0,61847.0,51,1.0,0.2080522680750265,0.04328574625116269,0.07957028506941573,0.8203844007471618,SUAVE,True,True
FOODS_3_291,FOODS_3,FOODS,2.68851976137211,62776.936428038774,50,1.02,0.21420466832772572,0.045883639933390986,0.15989937470752633,0.6888330349743126,SUAVE,True,True
FOODS_3_292,FOODS_3,FOODS,3.5050428816466552,106427.12205831904,28,1.8214285714285714,0.42646751053127196,0.18187453753874055,0.35185446178860513,0.891095205930732,INTERMITENTE,True,False
FOODS_3_293,FOODS_3,FOODS,1.9769310600444772,19891.880326167528,51,1.0,0.5462204414966106,0.2983567707087523,0.16399013156389403,0.8284853157230293,SUAVE,True,True
FOODS_3_294,FOODS_3,FOODS,2.477973782771536,42023.957382022476,51,1.0,0.23713826857628903,0.05623455842336019,0.12772820416025518,0.3344357371958886,SUAVE,True,True
FOODS_3_295,FOODS_3,FOODS,0.815290780141844,164903.97435460993,49,1.0408163265306123,0.32539953371190633,0.10588485653992606,0.10524918582319281,0.7753894523268673,SUAVE,True,True
FOODS_3_296,FOODS_3,FOODS,1.777010135135135,2645.968091216216,8,6.375,1.4018615211830037,1.9652157245735251,,0.39520190911603953,CON PICOS,False,False
FOODS_3_297,FOODS_3,FOODS,2.875859564164649,20686.05784503632,25,2.04,0.4388878277313662,0.19262252533075738,0.7135290463626145,0.8655480285786874,INTERMITENTE,True,False
FOODS_3_298,FOODS_3,FOODS,18.801933309684287,154044.23960624335,51,1.0,0.5221992079536684,0.2726920127874386,0.18052781110150107,0.8947580851744603,SUAVE,True,True
FOODS_3_299,FOODS_3,FOODS,1.4884839816933635,51020.76544050342,27,1.8888888888888888,0.3202753621390658,0.10257630759330975,0.33919289028194055,0.8703527510082416,INTERMITENTE,True,False
FOODS_3_300,FOODS_3,FOODS,3.989252473433492,212958.2647893001,51,1.0,0.3500285855001084,0.12252001066720669,0.1319075992773459,0.6099825247152055,SUAVE,True,True
FOODS_3_301,FOODS_3,FOODS,1.962088809946714,44329.47248312611,51,1.0,0.3349024677946824,0.11215966293496829,0.07627485725684043,0.5604102058039611,SUAVE,True,True
FOODS_3_302,FOODS_3,FOODS,1.4958100558659218,45136.06843575419,51,1.0,0.5709725600707408,0.32600966435373574,0.33508616358551063,0.8267330594758764,SUAVE,True,True
FOODS_3_303,FOODS_3,FOODS,2.9799920697858844,33951.04965107058,51,1.0,0.20432390468488026,0.041748258025676034,0.08268324030436427,0.6374878080823645,SUAVE,True,True
FOODS_3_304,FOODS_3,FOODS,4.332925531914894,224952.49484042556,51,1.0,0.21680569994000345,0.04700471152647481,0.03459271915879809,0.8447318997821897,SUAVE,True,True
FOODS_3_305,FOODS_3,FOODS,3.537659574468085,182440.6419148936,51,1.0,0.1158219707785789,0.013414728915033987,0.054368493286134516,0.698562974949325,SUAVE,True,True
FOODS_3_306,FOODS_3,FOODS,1.5584538258575198,35777.424480211084,36,1.4166666666666667,0.48882540619977527,0.23895027774637528,0.21993520043525785,0.9643724979953542,INTERMITENTE,True,False
FOODS_3_307,FOODS_3,FOODS,3.9901877934272303,137050.9801408451,42,1.2142857142857142,0.5980412829302255,0.35765337608883,0.2807861428786749,0.8229274891616543,SUAVE,True,True
FOODS_3_308,FOODS_3,FOODS,4.93417855686914,104599.6512270689,45,1.1333333333333333,0.21797891259649058,0.047514806336748476,0.1592668049082398,0.8253229368766717,SUAVE,True,True
FOODS_3_309,FOODS_3,FOODS,1.98,14059.98,51,1.0,0.32363790781846946,0.10474149537711613,0.13249346370252835,0.8371330213738086,SUAVE,True,True
FOODS_3_310,FOODS_3,FOODS,0.999861714737258,30410.7940537337,44,1.1590909090909092,0.25902420076291427,0.06709353658086652,0.25257564775371666,0.6705653086893493,SUAVE,True,True
FOODS_3_311,FOODS_3,FOODS,2.947560283687943,85603.04575886525,51,1.0,0.3758646541338342,0.1412742382271468,0.1724398008970351,0.7867183540731962,SUAVE,True,True
FOODS_3_312,FOODS_3,FOODS,2.87748643761302,19503.603074141047,24,2.125,0.3612882477843361,0.13052919798707585,0.7467214557357379,0.842766880394195,INTERMITENTE,True,False
FOODS_3_313,FOODS_3,FOODS,1.881884110787172,188722.86616618076,48,1.0625,0.7977800836012704,0.6364530617908499,0.3552377996754419,0.5752468849821314,ERRATICO,True,True
FOODS_3_314,FOODS_3,FOODS,2.531543745480839,27950.774493853944,51,1.0,0.45636001790590225,0.20826446594307543,0.18756020191047887,0.8324274311390325,SUAVE,True,True
FOODS_3_315,FOODS_3,FOODS,1.7803883495145632,11483.504854368932,23,2.217391304347826,0.6779147532939612,0.4595684127336123,0.1691241594301165,0.8648784100406367,INTERMITENTE,True,False
FOODS_3_316,FOODS_3,FOODS,2.494904021937843,30577.543692870204,36,1.4166666666666667,0.2641211574612726,0.06975998581868237,0.22597406118938546,0.9126908027454267,INTERMITENTE,True,False
FOODS_3_317,FOODS_3,FOODS,1.047163120567376,34733.35354609929,51,1.0,0.5312977919913694,0.28227734377490443,0.27346396752419805,0.6524309236655231,SUAVE,True,True
FOODS_3_318,FOODS_3,FOODS,1.320627659574468,340490.8263297872,48,1.0625,0.5780387387145137,0.33412878345466585,0.3066231267551519,0.546122268641821,SUAVE,True,True
FOODS_3_319,FOODS_3,FOODS,0.9793499111900532,203952.55705506215,51,1.0,0.5520287199531814,0.30473570765314795,0.45847395118764095,0.7176720525660991,SUAVE,True,True
FOODS_3_320,FOODS_3,FOODS,2.0292201039861357,33565.32974003467,37,1.3783783783783783,0.534449845073997,0.2856366368996193,0.31084597636583183,0.8410872164917168,INTERMITENTE,True,False
FOODS_3_321,FOODS_3,FOODS,1.4017363896848138,43132.83044699141,37,1.3783783783783783,0.890535898994974,0.7930541873987865,0.5115879329984108,0.967954355506089,CON PICOS,True,False
FOODS_3_322,FOODS_3,FOODS,2.4973310999441654,34765.346242322725,28,1.8214285714285714,0.540058613048893,0.29166330552829395,0.629408319205787,0.7775857932527152,INTERMITENTE,True,False
FOODS_3_323,FOODS_3,FOODS,2.4757299843014127,16102.147817896388,31,1.6451612903225807,0.30956031531485734,0.0958275888178339,0.43928134861199547,0.8923554102183442,INTERMITENTE,True,False
FOODS_3_324,FOODS_3,FOODS,3.1026530612244896,208448.6432653061,51,1.0,0.32124143506477376,0.10319605960247526,0.07438259306480512,0.7930091341829761,SUAVE,True,True
FOODS_3_325,FOODS_3,FOODS,2.495647855530474,30124.965264108352,38,1.3421052631578947,0.3347883342065567,0.11208322872080109,0.19448616695010043,0.9111612335554498,INTERMITENTE,True,False
FOODS_3_326,FOODS_3,FOODS,1.317790780141844,58119.84456737589,50,1.02,0.5327633230779949,0.283836758417108,0.23819062472931163,0.7380671496629212,SUAVE,True,True
FOODS_3_327,FOODS_3,FOODS,3.173927173061864,237577.9706851997,46,1.108695652173913,0.30395490661478386,0.09238858525520198,0.35258454259552774,0.7497117898075585,SUAVE,True,True
FOODS_3_328,FOODS_3,FOODS,3.7825247706422016,39924.54895412844,50,1.02,0.40625446496746676,0.16504269030600266,0.1123899333951162,0.7773064409700499,SUAVE,True,True
FOODS_3_329,FOODS_3,FOODS,2.9657466307277627,435860.95358490566,26,1.9615384615384615,0.23179991870619926,0.053731202312200584,0.5138524364723013,0.8356865580246865,INTERMITENTE,True,False
FOODS_3_330,FOODS_3,FOODS,3.993274660799413,133487.18536120278,51,1.0,0.3740336051078238,0.13990113774995547,0.12097396490091666,0.7167685455166422,SUAVE,True,True
FOODS_3_331,FOODS_3,FOODS,1.5108581560283687,39653.98316312057,51,1.0,0.36109692127149795,0.13039098655175438,0.10104792071676973,0.9095036812567331,SUAVE,True,True
FOODS_3_332,FOODS_3,FOODS,1.98,79780.14,46,1.108695652173913,0.3207884300153301,0.10290521683170033,0.26234336784725604,0.6560502358190168,SUAVE,True,True
FOODS_3_333,FOODS_3,FOODS,1.98,40322.7,14,3.642857142857143,0.7530474104626298,0.5670804024044724,,0.8355129899863029,CON PICOS,False,False
FOODS_3_334,FOODS_3,FOODS,2.788319027181688,66518.13871244635,51,1.0,0.6449171305054009,0.41591810521932027,0.21255592774626195,0.7266953046527818,SUAVE,True,True
FOODS_3_335,FOODS_3,FOODS,2.2126470588235296,36566.20529411765,40,1.275,0.5587407739928031,0.31219125252207663,0.3765829326587927,0.8891612370687,SUAVE,True,True
FOODS_3_336,FOODS_3,FOODS,2.532216312056738,41665.08719858156,50,1.02,0.4168891260293732,0.17379654340153464,0.24143136864841713,0.7793399532762896,SUAVE,True,True
FOODS_3_337,FOODS_3,FOODS,3.978422174840085,7845.448528784648,9,5.666666666666667,0.4092836600338173,0.1675131143706773,,0.9345395314305056,INTERMITENTE,False,False
FOODS_3_338,FOODS_3,FOODS,3.6781487603305782,6399.978842975206,15,3.4,0.27969414655371133,0.07822881561640896,,0.9226759178047517,INTERMITENTE,False,False
FOODS_3_339,FOODS_3,FOODS,0.8157056737588653,46324.74091843972,48,1.0625,0.3080444675679036,0.09489139399919322,0.11754420474558451,0.7835663425113684,SUAVE,True,True
FOODS_3_340,FOODS_3,FOODS,3.0733764135702746,19451.399321486268,15,3.4,0.16125903649956683,0.026004476852768625,,0.9589407548243928,INTERMITENTE,False,False
FOODS_3_341,FOODS_3,FOODS,3.932429752066116,26610.752132231406,45,1.1333333333333333,0.5597695665163122,0.31334196759786004,0.1881877898716569,0.9013595030632052,SUAVE,True,True
FOODS_3_342,FOODS_3,FOODS,1.2179074733096085,82999.17639857651,47,1.0851063829787233,0.7178854578858627,0.5153595306439946,0.2029561322764988,0.5812127482244935,ERRATICO,True,True
FOODS_3_343,FOODS_3,FOODS,3.4835996771589994,14404.684665052462,51,1.0,0.17521268303063905,0.03069948429479519,0.1267392026181775,0.45714992469158006,SUAVE,True,True
FOODS_3_344,FOODS_3,FOODS,2.0529979035639414,24081.66540880503,20,2.55,0.2661659702632377,0.07084432372617072,1.3074405267765508,0.9499974359650432,INTERMITENTE,False,False
FOODS_3_345,FOODS_3,FOODS,2.5209368346344925,20956.547906316537,51,1.0,0.512708114484801,0.26286961065855985,0.24397393510010099,0.8782699487031929,SUAVE,True,True
FOODS_3_346,FOODS_3,FOODS,1.98,132368.94,51,1.0,0.2705209437794759,0.07318158102333835,0.11321363130582329,0.766532139777576,SUAVE,True,True
FOODS_3_347,FOODS_3,FOODS,2.1354905458437385,69828.4053585444,49,1.0408163265306123,0.5735090390870958,0.328912617914604,0.09437965094300367,0.9373058384479579,SUAVE,True,True
FOODS_3_348,FOODS_3,FOODS,0.8150762681802058,88915.0399432423,50,1.02,0.39256476838907395,0.15410709738036726,0.108583841022933,0.8051471782924994,SUAVE,True,True
FOODS_3_349,FOODS_3,FOODS,1.574984076433121,120320.90851910828,51,1.0,0.3219260547580276,0.10363638473206858,0.16046669001332176,0.7375607958031634,SUAVE,True,True
FOODS_3_350,FOODS_3,FOODS,3.4937071362372567,6100.01265987025,15,3.4,0.604245004618038,0.36511202560585276,,0.70689355601219,INTERMITENTE,False,False
FOODS_3_351,FOODS_3,FOODS,1.0442163120567376,82029.45660992908,50,1.02,0.5966447085687017,0.3559849082630309,0.2071521540905803,0.7832008786081202,SUAVE,True,True
FOODS_3_352,FOODS_3,FOODS,4.090667412378822,64976.1611782252,50,1.02,0.5754466889664531,0.3311388918424538,0.17055283579426664,0.8245370395420255,SUAVE,True,True
FOODS_3_353,FOODS_3,FOODS,8.94217261904762,28462.93544642857,3,17.0,0.6386261566577346,0.40784336796742937,,0.8236810428718512,INTERMITENTE,False,False
FOODS_3_354,FOODS_3,FOODS,2.9675233644859818,23550.26542056075,23,2.217391304347826,0.24874345883646515,0.06187330831392823,0.8680057187339928,0.9696240868241289,INTERMITENTE,False,False
FOODS_3_355,FOODS_3,FOODS,1.0485992907801418,49569.385673758865,48,1.0625,0.5923742725845965,0.35090727882012984,0.25457902216340383,0.7690689515048662,SUAVE,True,True
FOODS_3_356,FOODS_3,FOODS,2.9931290092658585,67674.64689950107,51,1.0,0.23283754090405312,0.05421332045424661,0.11500174011312446,0.6575281673571682,SUAVE,True,True
FOODS_3_357,FOODS_3,FOODS,4.073581081081081,55433.291351351356,51,1.0,0.5872775652792216,0.34489493868029036,0.1341494684199331,0.864286559133604,SUAVE,True,True
FOODS_3_358,FOODS_3,FOODS,2.871916312916919,13354.410855063674,25,2.04,0.47132515976003314,0.22214740622282075,0.8064778042289407,0.8552543525772996,INTERMITENTE,True,False
FOODS_3_359,FOODS_3,FOODS,2.779236058059587,6995.337158135981,16,3.1875,0.5235149756646746,0.2740679297451849,2.385025256357915,0.8322586542469279,INTERMITENTE,False,False
FOODS_3_360,FOODS_3,FOODS,2.198865096359743,35680.98391862955,39,1.3076923076923077,0.8429890628815079,0.7106305601378429,0.3574001628731373,0.9434151093745821,ERRATICO,True,True
FOODS_3_361,FOODS_3,FOODS,1.9792831105710813,24879.58869987849,26,1.9615384615384615,0.1436473247177756,0.02063455389857407,0.34704579633881943,0.9460592368956359,INTERMITENTE,True,False
FOODS_3_362,FOODS_3,FOODS,2.4936393088552915,365659.78733261337,29,1.7586206896551724,0.5921761285184288,0.35067256718707474,0.6964345051697209,0.7860562060670575,INTERMITENTE,True,False
FOODS_3_363,FOODS_3,FOODS,2.453550165380374,194603.3313671444,51,1.0,0.18334356476769306,0.03361486274172526,0.16249224252075456,0.3338131170118295,SUAVE,True,True
FOODS_3_364,FOODS_3,FOODS,2.7763474025974024,8323.489512987013,15,3.4,0.5069982604859273,0.25704723613575625,3.3166247903554,0.8699444110317361,INTERMITENTE,False,False
FOODS_3_365,FOODS_3,FOODS,4.286116666666667,33581.724083333334,51,1.0,0.25517954637948687,0.06511660089044069,0.19511945480446133,0.7217889545595138,SUAVE,True,True
FOODS_3_366,FOODS_3,FOODS,1.74,5425.32,4,12.75,0.45243829590366647,0.20470041160021366,,0.9308829813784548,INTERMITENTE,False,False
FOODS_3_367,FOODS_3,FOODS,2.651881656804734,81895.4093254438,51,1.0,0.2923786772498856,0.08548529091039277,0.1027934217706236,0.8308647149842653,SUAVE,True,True
FOODS_3_368,FOODS_3,FOODS,5.977515086971956,314578.68648207316,51,1.0,0.38938110100843354,0.15161764182253992,0.3385924723836686,0.7429092212992614,SUAVE,True,True
FOODS_3_369,FOODS_3,FOODS,3.9451773049645382,105935.90099290779,51,1.0,0.2469411384693361,0.06097992586853183,0.07639067708210052,0.8615345360798038,SUAVE,True,True
FOODS_3_370,FOODS_3,FOODS,6.800412168792935,148623.00794896958,13,3.923076923076923,0.8512016920310623,0.7245443205165435,,0.9650133712617497,CON PICOS,False,False
FOODS_3_371,FOODS_3,FOODS,2.500691163604549,6549.310157480313,16,3.1875,0.6600286812573409,0.43563786008230454,3.3166247903554,0.8534305672127664,INTERMITENTE,False,False
FOODS_3_372,FOODS_3,FOODS,3.28,88090.95999999999,12,4.25,0.12062283844994516,0.01454986915572157,,0.959778578834221,INTERMITENTE,False,False
FOODS_3_373,FOODS_3,FOODS,1.8167840626111704,18273.214101743153,36,1.4166666666666667,0.7704981061139536,0.5936673315251894,0.37011690989888163,0.7715589071994955,CON PICOS,True,False
FOODS_3_374,FOODS_3,FOODS,2.408320610687023,18255.070229007633,49,1.0408163265306123,0.6756303223596097,0.4564763324917502,0.30614463213505644,0.6632727188016327,SUAVE,True,True
FOODS_3_375,FOODS_3,FOODS,1.8042632759910249,13569.864098728498,35,1.457142857142857,0.711842630859762,0.5067199311093473,0.31408181376223687,0.7607330458720434,CON PICOS,True,False
FOODS_3_376,FOODS_3,FOODS,1.0,228862.0,51,1.0,0.3612252348892693,0.13048367032080777,0.2337456538432352,0.5942041864631218,SUAVE,True,True
FOODS_3_377,FOODS_3,FOODS,1.594078014184397,436173.2203191489,51,1.0,0.10388950004160358,0.01079302821889435,0.0763388163588193,0.3475247175771734,SUAVE,True,True
FOODS_3_378,FOODS_3,FOODS,4.615837815473728,87576.29087298304,49,1.0408163265306123,0.39295921854428867,0.15441694743893802,0.32095190648790506,0.4758503413296436,SUAVE,True,True
FOODS_3_379,FOODS_3,FOODS,2.1914238410596028,13435.619569536424,35,1.457142857142857,0.6546703519048529,0.4285932696632239,0.5573527916670448,0.9180596138374761,INTERMITENTE,True,False
FOODS_3_380,FOODS_3,FOODS,1.9915015974440893,9985.389009584664,51,1.0,0.2280652611080507,0.05201376332428334,0.1388215848931483,0.6288516098137186,SUAVE,True,True
FOODS_3_381,FOODS_3,FOODS,2.941804347826087,46442.26523913044,25,2.04,0.5454040938817118,0.29746562562293116,0.2181156674876249,0.929460545231336,INTERMITENTE,True,False
FOODS_3_382,FOODS_3,FOODS,1.925691056910569,22580.653333333332,15,3.4,0.27498773483241024,0.07561825430825997,,0.950715278286232,INTERMITENTE,False,False
FOODS_3_383,FOODS_3,FOODS,1.2710842516885887,51477.64110913616,49,1.0408163265306123,0.48958875480987674,0.2396971488362856,0.26482681867407276,0.7903665052641154,SUAVE,True,True
FOODS_3_384,FOODS_3,FOODS,2.9668896321070237,27583.172909699,38,1.3421052631578947,0.2991179321665086,0.08947153734356805,0.21766964249568876,0.9292677133374487,INTERMITENTE,True,False
FOODS_3_385,FOODS_3,FOODS,2.976806842480399,66945.40908054169,51,1.0,0.3123315710286331,0.0975510102612141,0.08236152307493004,0.8196996514629288,SUAVE,True,True
FOODS_3_386,FOODS_3,FOODS,2.495593451568895,48881.188935879945,38,1.3421052631578947,0.41472693127892624,0.1719984275280352,0.3046164618934686,0.855648891466829,INTERMITENTE,True,False
FOODS_3_387,FOODS_3,FOODS,2.5931382978723407,38487.35861702128,51,1.0,0.9582273042768937,0.9181995666617627,0.352687656211823,0.7425145503362683,ERRATICO,True,True
FOODS_3_388,FOODS_3,FOODS,4.093631205673758,103634.36760283686,51,1.0,0.7383186061345759,0.545114364164503,0.2791930452182256,0.8773783699368697,ERRATICO,True,True
FOODS_3_389,FOODS_3,FOODS,1.5951960784313726,270382.54490196076,51,1.0,0.17265665535413813,0.029810320638077634,0.08452290939765589,0.7792691204049511,SUAVE,True,True
FOODS_3_390,FOODS_3,FOODS,1.7709407665505226,15773.769407665504,16,3.1875,0.3261160911165305,0.10635170488512523,3.3166247903554,0.9566314739600816,INTERMITENTE,False,False
FOODS_3_391,FOODS_3,FOODS,2.7917773279352227,28238.827672064777,44,1.1590909090909092,0.7229769530901599,0.5226956746995312,0.3496978541507137,0.6317517623143294,ERRATICO,True,True
FOODS_3_392,FOODS_3,FOODS,3.868555160142349,69800.3407544484,51,1.0,0.23759885144763765,0.05645321420923658,0.08383153860791948,0.7440813867989906,SUAVE,True,True
FOODS_3_393,FOODS_3,FOODS,3.504965986394558,160923.50333333333,27,1.8888888888888888,0.21784811384697256,0.04745780070668352,0.19141785378679319,0.9393351732398456,INTERMITENTE,True,False
FOODS_3_394,FOODS_3,FOODS,2.80224235963042,37622.905920398014,51,1.0,0.3273439129162805,0.10715403732334144,0.12339602270505964,0.635166580757081,SUAVE,True,True
FOODS_3_395,FOODS_3,FOODS,3.9579390154298313,60972.05053269655,51,1.0,0.20387718091214832,0.04156590489668485,0.08977025023212738,0.8445968465844974,SUAVE,True,True
FOODS_3_396,FOODS_3,FOODS,10.556919113858836,49691.41826893354,32,1.59375,0.8028958424162537,0.6446417337693057,1.135980311956255,0.9148932382884122,CON PICOS,True,False
FOODS_3_397,FOODS_3,FOODS,1.987428774928775,13001.759045584045,50,1.02,0.3241412176130377,0.10506752895566267,0.23168554833295166,0.5803624691914572,SUAVE,True,True
FOODS_3_398,FOODS_3,FOODS,6.016368794326241,98776.74286524823,51,1.0,0.6298546696062155,0.3967169048247549,0.11149551095591755,0.8890574888893388,SUAVE,True,True
FOODS_3_399,FOODS_3,FOODS,3.504923076923077,171113.84953846154,27,1.8888888888888888,0.2684476029428612,0.07206411552576805,0.32379800199469844,0.8903414953075159,INTERMITENTE,True,False
FOODS_3_400,FOODS_3,FOODS,2.961152482269504,97907.54567375888,51,1.0,0.15054591443623414,0.02266407235344193,0.06647500732287986,0.7081696408599697,SUAVE,True,True
FOODS_3_401,FOODS_3,FOODS,1.979924924924925,24533.249744744746,51,1.0,0.1987296720621052,0.03949348255791188,0.0915585824030791,0.7083558591535146,SUAVE,True,True
FOODS_3_402,FOODS_3,FOODS,5.5114117647058825,30544.244,41,1.2439024390243902,0.6442383391459503,0.41504303762553246,0.2804217824683563,0.9205889423128546,SUAVE,True,True
FOODS_3_403,FOODS_3,FOODS,1.4881439177612792,86089.12564249,27,1.8888888888888888,0.24544560256773615,0.06024354381983909,0.23686564469445018,0.9039228541996762,INTERMITENTE,True,False
FOODS_3_404,FOODS_3,FOODS,0.9761365313653136,107333.0445793358,51,1.0,0.3763766639649601,0.1416593931773925,0.2610959129343208,0.4405476418133938,SUAVE,True,True
FOODS_3_405,FOODS_3,FOODS,3.8072898190847817,52578.672401560834,51,1.0,0.2048128264916108,0.04194829389548268,0.08663294429703468,0.6235329932356777,SUAVE,True,True
FOODS_3_406,FOODS_3,FOODS,0.8145106382978724,115275.24710638299,47,1.0851063829787233,0.2416006293065827,0.05837086408133678,0.0974404699600934,0.7636820686517063,SUAVE,True,True
FOODS_3_407,FOODS_3,FOODS,2.9846382978723405,171521.19370212767,51,1.0,0.22599841110540692,0.051075281822168514,0.11273729860955939,0.8666637502238453,SUAVE,True,True
FOODS_3_408,FOODS_3,FOODS,2.9642359630419333,22578.585330490405,51,1.0,0.13729723471323152,0.018850530659900187,0.07556425030029848,0.26117725161905464,SUAVE,True,True
FOODS_3_409,FOODS_3,FOODS,2.7717984934086624,8259.959510357814,11,4.636363636363637,0.9112579619921407,0.8303910732940698,,0.5386086428912209,CON PICOS,False,False
FOODS_3_410,FOODS_3,FOODS,2.6480968096809683,53634.552783278334,51,1.0,0.22118161796750543,0.048921308126723524,0.11878277002772872,0.5761504740240144,SUAVE,True,True
FOODS_3_411,FOODS_3,FOODS,2.979984973703982,58130.566882043575,51,1.0,0.24252830199891048,0.05881997727047473,0.09643999284304246,0.6835013453892907,SUAVE,True,True
FOODS_3_412,FOODS_3,FOODS,0.2021735985533453,30467.15695479203,51,1.0,0.26476956775192934,0.0701029240075435,0.20111982404078427,0.6817532766665999,SUAVE,True,True
FOODS_3_413,FOODS_3,FOODS,0.9993383221740844,83657.60896415912,45,1.1333333333333333,0.3514072048174733,0.12348702359762961,0.28670190262983825,0.6408107305138213,SUAVE,True,True
FOODS_3_414,FOODS_3,FOODS,5.070318761384336,41946.747112932615,38,1.3421052631578947,0.33514609027100606,0.11232290182394135,0.19954725567499368,0.7826365288723869,INTERMITENTE,True,False
FOODS_3_415,FOODS_3,FOODS,2.498303939962476,48934.279272045016,48,1.0625,0.5620463782406717,0.31589613129345623,0.29931065422445136,0.6236695961586021,SUAVE,True,True
FOODS_3_416,FOODS_3,FOODS,2.667824267782427,16476.482677824268,24,2.125,0.17520666390240142,0.030697375075809052,0.5892544623094518,0.9454859145379461,INTERMITENTE,True,False
FOODS_3_417,FOODS_3,FOODS,4.498315585672798,13234.044453049371,12,4.25,0.7165135677967421,0.5133916928368166,,0.9221519347231987,CON PICOS,False,False
FOODS_3_418,FOODS_3,FOODS,3.978534031413613,113953.1717277487,47,1.0851063829787233,0.21596632883470201,0.046641455190338646,0.16677731912745192,0.7112326973060205,SUAVE,True,True
FOODS_3_419,FOODS_3,FOODS,2.7785744680851066,19786.228787234042,7,7.285714285714286,0.5076116264654752,0.2576695633229251,,0.8335786991023196,INTERMITENTE,False,False
FOODS_3_420,FOODS_3,FOODS,8.3650824964132,88477.47756456242,51,1.0,0.5349514186560851,0.286173020322158,0.45657341202634694,0.7972084529875618,SUAVE,True,True
FOODS_3_421,FOODS_3,FOODS,2.48,12152.0,30,1.7,0.3552906474301117,0.12623144415130794,0.46423195481040974,0.8287430753014065,INTERMITENTE,True,False
FOODS_3_422,FOODS_3,FOODS,2.133756651294785,51814.01276339127,48,1.0625,0.6242253373573454,0.3896572717988917,0.11372977765527131,0.913546123124919,SUAVE,True,True
FOODS_3_423,FOODS_3,FOODS,2.9657802964254576,55216.89755884917,40,1.275,0.34068475879003945,0.11606610487182736,0.14219251171702615,0.8302432953466302,SUAVE,True,True
FOODS_3_424,FOODS_3,FOODS,3.798921220723918,73809.240397445,49,1.0408163265306123,0.3945092808435997,0.15563757267173423,0.1412159648103535,0.7202016002281514,SUAVE,True,True
FOODS_3_425,FOODS_3,FOODS,2.4773948220064725,15840.462491909386,29,1.7586206896551724,0.4227872965631771,0.17874909813519985,0.43335277494868585,0.8646066615051499,INTERMITENTE,True,False
FOODS_3_426,FOODS_3,FOODS,2.967146829810901,24814.248937708566,28,1.8214285714285714,0.3090454263434386,0.09550907554379774,0.4844034146032813,0.8775590412901529,INTERMITENTE,True,False
FOODS_3_427,FOODS_3,FOODS,2.47688241639698,13370.211283710896,29,1.7586206896551724,0.36539618057890966,0.13351436878165515,0.5622803571870741,0.8185270505814483,INTERMITENTE,True,False
FOODS_3_428,FOODS_3,FOODS,2.028205582631812,29088.524466105446,32,1.59375,0.4316865756332756,0.1863532995819838,0.47312156354787355,0.8168178050006163,INTERMITENTE,True,False
FOODS_3_429,FOODS_3,FOODS,5.979916874480466,66915.26982543642,17,3.0,0.396853355181673,0.1574925855189511,3.3014834534524957,0.7987796932691988,INTERMITENTE,False,False
FOODS_3_430,FOODS_3,FOODS,5.971596277738009,21921.729935576233,26,1.9615384615384615,0.3734322787385782,0.13945166680388718,0.38472167074368563,0.9092271309101759,INTERMITENTE,True,False
FOODS_3_431,FOODS_3,FOODS,0.9997795275590552,25029.480472440948,45,1.1333333333333333,0.324511831824485,0.10530792899408284,0.3212114677945552,0.6486541005785065,SUAVE,True,True
FOODS_3_432,FOODS_3,FOODS,3.8963652482269504,136259.7890957447,46,1.108695652173913,0.6937592854973064,0.48130194621373307,0.3864834491240464,0.6549736416407795,SUAVE,True,True
FOODS_3_433,FOODS_3,FOODS,0.999724734565474,22536.79469130948,45,1.1333333333333333,0.40070397603400243,0.1605636764094584,0.31770860244953625,0.6720558515318734,SUAVE,True,True
FOODS_3_434,FOODS_3,FOODS,2.831495395948435,83050.59145856355,51,1.0,0.43420081878309785,0.18853035103191257,0.11087622441152029,0.756379600508939,SUAVE,True,True
FOODS_3_435,FOODS_3,FOODS,1.3201631205673758,130500.76479432624,48,1.0625,0.5971721573537799,0.3566145855185677,0.3800563840403321,0.6768150791124466,SUAVE,True,True
FOODS_3_436,FOODS_3,FOODS,2.471416666666667,9460.583,9,5.666666666666667,0.1519409114466194,0.023086040571229437,,0.9080486024880843,INTERMITENTE,False,False
FOODS_3_437,FOODS_3,FOODS,1.0,12104.0,21,2.4285714285714284,0.28746085033617347,0.08263374047599592,1.1276573044546156,0.9137867469722843,INTERMITENTE,False,False
FOODS_3_438,FOODS_3,FOODS,0.999952305246423,25590.779395866455,44,1.1590909090909092,0.2513327578140036,0.06316815515039259,0.31580298915754457,0.6393538281279111,SUAVE,True,True
FOODS_3_439,FOODS_3,FOODS,2.9747262647262644,64959.097442827435,20,2.55,0.28916850382387754,0.08361842360373987,1.3025814683618606,0.9758831390898047,INTERMITENTE,False,False
FOODS_3_440,FOODS_3,FOODS,4.699664147774979,23738.00361041142,14,3.642857142857143,0.1320862134350331,0.01744676777960512,,0.9603914068179698,INTERMITENTE,False,False
FOODS_3_441,FOODS_3,FOODS,6.602231111111111,394773.80705777777,29,1.7586206896551724,0.6092026418902676,0.3711278588860817,0.4429550177532994,0.6506604234405154,INTERMITENTE,True,False
FOODS_3_442,FOODS_3,FOODS,2.47725,13731.396750000002,31,1.6451612903225807,0.36721828867764666,0.13484927153933943,0.48365544738583716,0.8937725451301524,INTERMITENTE,True,False
FOODS_3_443,FOODS_3,FOODS,2.482869924294563,8009.738375774261,21,2.4285714285714284,0.5883189749764377,0.34611921631732634,1.219860436818294,0.7922171708154317,INTERMITENTE,False,False
FOODS_3_444,FOODS_3,FOODS,6.614457777777778,698116.3316977778,26,1.9615384615384615,0.4922324598734834,0.24229279455310046,0.5899796551728912,0.7316181920431555,INTERMITENTE,True,False
FOODS_3_445,FOODS_3,FOODS,2.475788100208768,18915.021085594988,31,1.6451612903225807,0.27620541823114025,0.07628943306023911,0.5093704299371266,0.9140428347617369,INTERMITENTE,True,False
FOODS_3_446,FOODS_3,FOODS,1.155126110124334,111224.78289165186,51,1.0,0.49874821198259967,0.24874977895584016,0.1305391349786441,0.9164817077288399,SUAVE,True,True
FOODS_3_447,FOODS_3,FOODS,1.809005424954792,15624.379855334539,29,1.7586206896551724,0.5530527777901283,0.305867375021377,0.21846011733924478,0.7612709439496926,INTERMITENTE,True,False
FOODS_3_448,FOODS_3,FOODS,3.0952238805970147,71666.81373134328,51,1.0,0.4070179629024662,0.16566362212527336,0.12571804325100205,0.7311173473748023,SUAVE,True,True
FOODS_3_449,FOODS_3,FOODS,1.98,150701.76,51,1.0,0.21934298856094822,0.04811134663084826,0.06099908329686437,0.7225891728311274,SUAVE,True,True
FOODS_3_450,FOODS_3,FOODS,3.0412813067150632,63900.36153539019,51,1.0,0.2089510377790539,0.04366053618894362,0.07461099788399457,0.7963897462905846,SUAVE,True,True
FOODS_3_451,FOODS_3,FOODS,1.464972927946689,23020.58458975427,49,1.0408163265306123,0.380736926813079,0.14496060743906788,0.3920461648501204,0.7312058742487592,SUAVE,True,True
FOODS_3_452,FOODS_3,FOODS,4.971552397868562,45514.56220248668,51,1.0,0.2854576031801966,0.08148604321338258,0.08881603082107266,0.7336179338828657,SUAVE,True,True
FOODS_3_453,FOODS_3,FOODS,2.804136460554371,14427.282089552238,46,1.108695652173913,0.46479575827504593,0.21603509691047493,0.2599256558932231,0.647507845272173,SUAVE,True,True
FOODS_3_454,FOODS_3,FOODS,0.2014730381411661,20371.543305567728,40,1.275,0.26942448772684496,0.07258955458687283,0.18233982703432916,0.8751385121832153,SUAVE,True,True
FOODS_3_455,FOODS_3,FOODS,2.239361888111888,302472.8495891609,40,1.275,0.607511203290444,0.3690698621234031,0.4492178065749325,0.8154216593537809,SUAVE,True,True
FOODS_3_456,FOODS_3,FOODS,3.927172347575613,29799.38377340375,35,1.457142857142857,0.22900451403535285,0.05244306744856812,0.26724954445743665,0.9409535137014797,INTERMITENTE,True,False
FOODS_3_457,FOODS_3,FOODS,2.4595982142857142,14479.6546875,37,1.3783783783783783,0.5088550227522795,0.25893343418022285,0.5921422881881957,0.7247065170833028,INTERMITENTE,True,False
FOODS_3_458,FOODS_3,FOODS,1.9036804564907277,315778.7067617689,51,1.0,0.14086791248824723,0.01984376876879648,0.048986703183258415,0.8087988092493205,SUAVE,True,True
FOODS_3_459,FOODS_3,FOODS,1.8689680957128607,88392.84608673975,39,1.3076923076923077,0.3116126944714269,0.09710247135574286,0.16788407290289017,0.9130127229465593,SUAVE,True,True
FOODS_3_460,FOODS_3,FOODS,1.965099290780142,94356.2075460993,50,1.02,0.40969514731569795,0.16785011373403144,0.11128374380633266,0.6897783555425746,SUAVE,True,True
FOODS_3_461,FOODS_3,FOODS,1.451755319148936,50177.019095744676,50,1.02,0.5988744794443716,0.358650642129767,0.3476392660815082,0.7908374727164864,SUAVE,True,True
FOODS_3_462,FOODS_3,FOODS,1.0,192388.0,51,1.0,0.3566622592348627,0.12720796716251642,0.2186519205416979,0.4501510878609641,SUAVE,True,True
FOODS_3_463,FOODS_3,FOODS,6.046275631855031,132691.56501669053,35,1.457142857142857,0.5320432872446801,0.28307005950212516,0.4262501212406957,0.6501228444605152,INTERMITENTE,True,False
FOODS_3_464,FOODS_3,FOODS,3.483323782234957,56081.512893982814,51,1.0,0.5863955332153689,0.34385972137493676,0.18990706641710273,0.8180305315177078,SUAVE,True,True
FOODS_3_465,FOODS_3,FOODS,1.8073855977296915,20765.053132316425,35,1.457142857142857,0.8118098503991643,0.6590352332051136,0.3586476646035758,0.7711328735251306,CON PICOS,True,False
FOODS_3_466,FOODS_3,FOODS,3.7570170454545457,6116.423750000001,2,25.5,0.009900990099009901,9.80296049406921e-05,,0.47906669008245895,INTERMITENTE,False,False
FOODS_3_467,FOODS_3,FOODS,1.9592659574468083,33973.671702127656,51,1.0,0.2712941939108539,0.07360053964974,0.08567365576406548,0.6921259269895462,SUAVE,True,True
FOODS_3_468,FOODS_3,FOODS,1.1549431818181817,98829.64301136363,51,1.0,0.48177742440733323,0.23210948666856368,0.1477159075110998,0.8607343210460807,SUAVE,True,True
FOODS_3_469,FOODS_3,FOODS,6.156124113475178,411216.7785319149,51,1.0,0.19733929744515133,0.03894279831614591,0.13357073285925014,0.6650027526710054,SUAVE,True,True
FOODS_3_470,FOODS_3,FOODS,1.8077146912704047,24917.53930447126,36,1.4166666666666667,0.7447071200914093,0.5545886947148406,0.23785220093856724,0.7205183812120567,CON PICOS,True,False
FOODS_3_471,FOODS_3,FOODS,2.497991967871486,7698.81124497992,16,3.1875,0.2845273276879984,0.0809558002012736,3.3166247903554,0.9374325708101365,INTERMITENTE,False,False
FOODS_3_472,FOODS_3,FOODS,1.97,2094.11,4,12.75,0.09831746040529787,0.009666323020547315,,0.8809240397068933,INTERMITENTE,False,False
FOODS_3_473,FOODS_3,FOODS,3.8744090056285176,382570.7684427767,51,1.0,0.09197257641273052,0.008458954811995554,0.06394421313464138,0.39111023877027734,SUAVE,True,True
FOODS_3_474,FOODS_3,FOODS,1.8678935395814376,158526.25681073702,40,1.275,0.36840228987691825,0.1357202471865569,0.13326519974373574,0.8674752407462752,SUAVE,True,True
FOODS_3_475,FOODS_3,FOODS,0.999822695035461,45595.91418439716,51,1.0,0.3086833911956386,0.09528543600003965,0.10960279823535066,0.8567258254788783,SUAVE,True,True
FOODS_3_476,FOODS_3,FOODS,5.973758915834523,430684.12279600574,51,1.0,0.35141202857704756,0.1234904138286357,0.3411658794529082,0.7396873079750043,SUAVE,True,True
FOODS_3_477,FOODS_3,FOODS,1.5934042553191488,129317.50255319147,51,1.0,0.1928617734984168,0.03719566367695462,0.1037623385614584,0.7569162788430677,SUAVE,True,True
FOODS_3_478,FOODS_3,FOODS,1.806559940431869,16195.809865971707,35,1.457142857142857,0.7019110358144927,0.492679102198174,0.30776601374694873,0.8017697336000081,CON PICOS,True,False
FOODS_3_479,FOODS_3,FOODS,0.9982075471698112,23946.0008490566,50,1.02,0.22529677253459846,0.050758635714506596,0.17812766566109567,0.6492031726048949,SUAVE,True,True
FOODS_3_480,FOODS_3,FOODS,2.673038337513436,59266.6060193479,51,1.0,0.3060519496474777,0.09366779588302221,0.1251399231692297,0.8310558835096938,SUAVE,True,True
FOODS_3_481,FOODS_3,FOODS,3.792163120567376,113533.57166666667,51,1.0,0.36316597976953596,0.131889528861967,0.13570907287591433,0.6248257671556582,SUAVE,True,True
FOODS_3_482,FOODS_3,FOODS,2.9773835403726707,23137.247492236023,17,3.0,0.48312954598354496,0.2334141582022663,2.834943566828675,0.9009044949510345,INTERMITENTE,False,False
FOODS_3_483,FOODS_3,FOODS,2.9485877240630094,34159.38878326996,24,2.125,0.5168077359288217,0.26709023591587466,0.24352050429653574,0.9260272874258338,INTERMITENTE,True,False
FOODS_3_484,FOODS_3,FOODS,1.990372869318182,14649.14431818182,51,1.0,0.23797499719018503,0.056632099287668575,0.15162198540254224,0.4844118071575952,SUAVE,True,True
FOODS_3_485,FOODS_3,FOODS,3.81481560283688,102988.57682978724,51,1.0,0.18989662609072097,0.03606072860063909,0.10780814836656233,0.36907282436891775,SUAVE,True,True
FOODS_3_486,FOODS_3,FOODS,2.7315365418894832,22450.498837789663,49,1.0408163265306123,0.47672826703248405,0.22726984058779542,0.2377916640939091,0.5235360476110792,SUAVE,True,True
FOODS_3_487,FOODS_3,FOODS,1.6274437627811862,49073.939222903886,51,1.0,0.5642595189509823,0.3183888047267939,0.14526355229450322,0.8872057029621156,SUAVE,True,True
FOODS_3_488,FOODS_3,FOODS,4.278011272141707,70527.29383252817,44,1.1590909090909092,0.18727082935726336,0.035070363528157254,0.2659196282692465,0.9097088009937195,SUAVE,True,True
FOODS_3_489,FOODS_3,FOODS,1.9244537114261888,34534.32185154296,14,3.642857142857143,0.21830930103773644,0.04765895091958503,,0.9346773794549198,INTERMITENTE,False,False
FOODS_3_490,FOODS_3,FOODS,3.498931705455933,42120.13987027852,51,1.0,0.32545172711972514,0.10591882668521203,0.11153039878394981,0.6654944797365788,SUAVE,True,True
FOODS_3_491,FOODS_3,FOODS,1.3608404255319149,267526.2584148936,49,1.0408163265306123,0.5376330838674971,0.28904933286887513,0.27185037904036563,0.7213449016791973,SUAVE,True,True
FOODS_3_492,FOODS_3,FOODS,2.975985288424313,44868.93019357337,51,1.0,0.28039801440473805,0.0786230464821197,0.11394610167812154,0.541802167526927,SUAVE,True,True
FOODS_3_493,FOODS_3,FOODS,7.249699523635031,145827.70591791865,49,1.0408163265306123,0.47097359719633697,0.22181612925605745,0.20341314422529855,0.7212618698480132,SUAVE,True,True
FOODS_3_494,FOODS_3,FOODS,2.9644615950018376,40408.57600147005,51,1.0,0.19241469635131744,0.037023415371969695,0.08974351195461036,0.5823739322245214,SUAVE,True,True
FOODS_3_495,FOODS_3,FOODS,1.9449615540267096,61954.80534196681,51,1.0,0.14322354903098836,0.020512984997031927,0.12004103048033979,0.5461549924964396,SUAVE,True,True
FOODS_3_496,FOODS_3,FOODS,3.991960943856794,75352.25477624084,36,1.4166666666666667,0.5867090773192681,0.34422754140882694,0.8283566938999019,0.7027123973524255,INTERMITENTE,True,False
FOODS_3_497,FOODS_3,FOODS,2.4502875399361024,41257.94159744409,49,1.0408163265306123,0.560781376185559,0.31447575187656945,0.28254026776344066,0.7530650415465591,SUAVE,True,True
FOODS_3_498,FOODS_3,FOODS,0.201695885509839,33563.60722003578,51,1.0,0.20013641597568235,0.040054584999591365,0.08903157924641739,0.6066339251552969,SUAVE,True,True
FOODS_3_499,FOODS_3,FOODS,2.506003752345216,310127.9883677299,24,2.125,0.2693716537372334,0.07256108783713196,0.7244349869050846,0.94796261204986,INTERMITENTE,True,False
FOODS_3_500,FOODS_3,FOODS,2.405134770889488,4726.089824797844,4,12.75,0.4319694311148074,0.18659758941765034,,0.943339357214867,INTERMITENTE,False,False
FOODS_3_501,FOODS_3,FOODS,0.8156418439716312,163175.6760212766,49,1.0408163265306123,0.32930548282332284,0.10844210101750178,0.10087254544624705,0.7716461659767772,SUAVE,True,True
FOODS_3_502,FOODS_3,FOODS,2.50625814863103,43458.51629726206,22,2.3181818181818183,0.1575470078748118,0.02482105969030601,0.8790308885834621,0.9563726415423064,INTERMITENTE,False,False
FOODS_3_503,FOODS_3,FOODS,2.4423529411764706,226323.07764705882,51,1.0,0.22770531426695292,0.051849710145411794,0.13509354675157625,0.568341055870463,SUAVE,True,True
FOODS_3_504,FOODS_3,FOODS,1.3064290780141845,40100.84054964539,45,1.1333333333333333,0.3953310737204662,0.1562866578489767,0.2518618034105007,0.7118262922090088,SUAVE,True,True
FOODS_3_505,FOODS_3,FOODS,3.473822739480752,122744.05267681289,38,1.3421052631578947,0.3744338561119806,0.14020071260288738,0.28536227748747073,0.8735879356547122,INTERMITENTE,True,False
FOODS_3_506,FOODS_3,FOODS,3.9768061142397424,31102.600619469024,51,1.0,0.2726873351950955,0.07435838277580238,0.1442696312004785,0.7537036091055443,SUAVE,True,True
FOODS_3_507,FOODS_3,FOODS,1.98,5676.66,22,2.3181818181818183,0.6026095262454619,0.36313824112178006,1.0024712132977451,0.9357197462350639,INTERMITENTE,False,False
FOODS_3_508,FOODS_3,FOODS,1.0,36718.0,51,1.0,0.30630744179804126,0.09382424890086043,0.170101639703941,0.8619591782383452,SUAVE,True,True
FOODS_3_509,FOODS_3,FOODS,1.9737077483099323,37044.52072802912,31,1.6451612903225807,0.2962329101623688,0.08775393706326606,0.2142041787021819,0.9686581917378043,INTERMITENTE,True,False
FOODS_3_510,FOODS_3,FOODS,2.055405921680993,7274.081556829034,11,4.636363636363637,0.5433959471420514,0.2952791553704071,,0.8807676588265362,INTERMITENTE,False,False
FOODS_3_511,FOODS_3,FOODS,6.478040322580646,463451.9607580646,30,1.7,0.6433981595649498,0.41396119173156465,0.6581186733378188,0.690915911712593,INTERMITENTE,True,False
FOODS_3_512,FOODS_3,FOODS,1.98,3892.68,22,2.3181818181818183,0.48560451344820427,0.2358117434812672,0.9096865437271159,0.9658012385237045,INTERMITENTE,False,False
FOODS_3_513,FOODS_3,FOODS,4.44608914450036,109293.76335010785,51,1.0,0.2650324190237562,0.07024218313358388,0.2214297288580648,0.48791274018112213,SUAVE,True,True
FOODS_3_514,FOODS_3,FOODS,4.9739225016995245,77598.16494901429,22,2.3181818181818183,0.48284354167244997,0.23313788573479494,1.284059092576457,0.7722517195599268,INTERMITENTE,False,False
FOODS_3_515,FOODS_3,FOODS,2.865645933014354,55175.14679425837,25,2.04,0.4905435981678839,0.24063302170349435,0.8112571716725182,0.8328954968302451,INTERMITENTE,True,False
FOODS_3_516,FOODS_3,FOODS,3.530094994519547,474737.7651479722,43,1.186046511627907,0.26505937666401874,0.07025647315751817,0.1432599976132781,0.862268693971599,SUAVE,True,True
FOODS_3_517,FOODS_3,FOODS,2.892585751978892,5145.910052770449,5,10.2,0.3706865514447893,0.13740851942203042,,0.9105499200044996,INTERMITENTE,False,False
FOODS_3_518,FOODS_3,FOODS,2.876997487437185,17892.047374371854,24,2.125,0.353973261248951,0.1252970696792181,0.6909097825583133,0.8700906641961511,INTERMITENTE,True,False
FOODS_3_519,FOODS_3,FOODS,0.9989470198675496,23348.388695364236,26,1.9615384615384615,0.401079953070234,0.1608651287548211,0.5503637127652212,0.9396614277233314,INTERMITENTE,True,False
FOODS_3_520,FOODS_3,FOODS,3.973055663682367,70160.18996496692,51,1.0,0.15197315106984235,0.023095838646097128,0.07983405269126648,0.56243400086974,SUAVE,True,True
FOODS_3_521,FOODS_3,FOODS,2.5390467784642543,7195.658570167697,16,3.1875,0.2582867338506317,0.06671203688322706,3.3166247903554,0.9063926137641082,INTERMITENTE,False,False
FOODS_3_522,FOODS_3,FOODS,2.5388576709796675,14293.768687615528,49,1.0408163265306123,0.3902156539187072,0.15226825656320428,0.14939121621011706,0.7482300506802307,SUAVE,True,True
FOODS_3_523,FOODS_3,FOODS,1.98,47803.14,21,2.4285714285714284,0.35140130889502436,0.12348287989313632,1.2135649359587173,0.9585304313284524,INTERMITENTE,False,False
FOODS_3_524,FOODS_3,FOODS,0.9781224640354113,92225.21088897086,51,1.0,0.3503302757344298,0.12273130209616162,0.19559654291319817,0.46716809938101117,SUAVE,True,True
FOODS_3_525,FOODS_3,FOODS,1.9953067729083669,27429.48220717132,17,3.0,0.3995267787049667,0.15962164690236746,3.249458146135717,0.9557582852904304,INTERMITENTE,False,False
FOODS_3_526,FOODS_3,FOODS,1.97977304964539,171521.59770212765,51,1.0,0.27841976226010584,0.07751756401697385,0.09415234845769521,0.7620965490320298,SUAVE,True,True
FOODS_3_527,FOODS_3,FOODS,4.977419913419913,17699.70521212121,13,3.923076923076923,0.19875274475977817,0.039502653549545526,,0.9712751070069492,INTERMITENTE,False,False
FOODS_3_528,FOODS_3,FOODS,4.971946480938417,44528.75268328446,50,1.02,0.3591445613633631,0.12898481595688246,0.13779903048346745,0.7110134265553683,SUAVE,True,True
FOODS_3_529,FOODS_3,FOODS,3.98,13655.38,11,4.636363636363637,0.20347895019320578,0.041403683171729114,,0.9452431794827458,INTERMITENTE,False,False
FOODS_3_530,FOODS_3,FOODS,1.6275975975975976,74986.67651651651,46,1.108695652173913,0.8250584487735739,0.6807214438926561,0.4150808240440523,0.9559824198794489,ERRATICO,True,True
FOODS_3_531,FOODS_3,FOODS,2.4714989406779657,18748.790963983047,30,1.7,0.3060729089671948,0.09368062560364071,0.36583508549786725,0.8867709034469546,INTERMITENTE,True,False
FOODS_3_532,FOODS_3,FOODS,2.975309168443497,67926.30831556504,20,2.55,0.3343133484935941,0.11176541498099932,1.2795086705760186,0.9416563709316657,INTERMITENTE,False,False
FOODS_3_533,FOODS_3,FOODS,4.971695035460993,133808.20018439717,51,1.0,0.28548675200500506,0.08150268557036726,0.05910411353886002,0.6863000881843523,SUAVE,True,True
FOODS_3_534,FOODS_3,FOODS,4.7888506562610855,190495.69025540972,51,1.0,0.20915882196041802,0.043747412803869845,0.11062242786393824,0.8681161587635498,SUAVE,True,True
FOODS_3_535,FOODS_3,FOODS,6.153163120567377,131702.30343262412,51,1.0,0.20205937478913913,0.04082799094017779,0.1299276215594908,0.7103737869738204,SUAVE,True,True
FOODS_3_536,FOODS_3,FOODS,2.7274178217821783,30939.82777029703,51,1.0,0.17928052067894198,0.032141505094912544,0.09841701635448798,0.5019070620231914,SUAVE,True,True
FOODS_3_537,FOODS_3,FOODS,3.9782889079965607,61460.58533963886,46,1.108695652173913,0.26290691337104505,0.06912004509829019,0.13425637767174525,0.8916131149824966,SUAVE,True,True
FOODS_3_538,FOODS_3,FOODS,1.408848039215686,20053.542990196074,34,1.5,0.3556124447978897,0.12646021089513218,0.3289896815743314,0.9121409569446443,INTERMITENTE,True,False
FOODS_3_539,FOODS_3,FOODS,2.717325141776937,17499.573913043474,51,1.0,0.27430006884516783,0.07524052776846381,0.12512750117995855,0.5192066083482538,SUAVE,True,True
FOODS_3_540,FOODS_3,FOODS,3.024083424807903,176957.26568605925,43,1.186046511627907,0.6159439410633071,0.3793869385325987,0.1678260587440772,0.7926724549356937,SUAVE,True,True
FOODS_3_541,FOODS_3,FOODS,0.979063829787234,266541.3160851064,51,1.0,0.5138729123982965,0.2640653700967073,0.43545025808960364,0.7337740700074739,SUAVE,True,True
FOODS_3_542,FOODS_3,FOODS,2.497200764818356,34254.10289101339,51,1.0,0.3652111833102647,0.13337920841488377,0.3225763682569338,0.8045915119471768,SUAVE,True,True
FOODS_3_543,FOODS_3,FOODS,3.778232524447664,33388.24081854401,49,1.0408163265306123,0.4468025432068541,0.1996325126161127,0.2047400463452219,0.3685400340253623,SUAVE,True,True
FOODS_3_544,FOODS_3,FOODS,2.967268648345485,27708.35463825014,28,1.8214285714285714,0.31227545795887524,0.09751596164342526,0.39038724492928706,0.8375380724114617,INTERMITENTE,True,False
FOODS_3_545,FOODS_3,FOODS,1.0,12106.0,21,2.4285714285714284,0.32203292600232203,0.10370520542961702,1.1893006693230366,0.9585597552305468,INTERMITENTE,False,False
FOODS_3_546,FOODS_3,FOODS,5.975742187500001,429673.7905078126,51,1.0,0.33622063624827037,0.11304431623919174,0.3234595572826402,0.713474340937307,SUAVE,True,True
FOODS_3_547,FOODS_3,FOODS,0.2013365243004418,36260.708026509565,51,1.0,0.20638853468272167,0.04259622724848101,0.10274139749907663,0.5916899616144181,SUAVE,True,True
FOODS_3_548,FOODS_3,FOODS,2.552447466007417,8512.412299134736,51,1.0,0.3877153856959687,0.15032322030537376,0.1795416526311973,0.48599092130217864,SUAVE,True,True
FOODS_3_549,FOODS_3,FOODS,2.47638689048761,10522.167897681855,16,3.1875,0.3633009246977092,0.13198756188621055,3.3166247903554007,0.9091107327606874,INTERMITENTE,False,False
FOODS_3_550,FOODS_3,FOODS,2.969488035614914,22992.745859766277,28,1.8214285714285714,0.2989811656026101,0.08938973738509538,0.37432486714153584,0.8284932689103186,INTERMITENTE,True,False
FOODS_3_551,FOODS_3,FOODS,4.5934395647104544,91193.55567819666,49,1.0408163265306123,0.2780424974275835,0.0773076303757678,0.1703309377708177,0.658723935787006,SUAVE,True,True
FOODS_3_552,FOODS_3,FOODS,1.976573839662447,23264.274092827003,15,3.4,0.3232505466512755,0.10449091591034844,,0.9624578137500288,INTERMITENTE,False,False
FOODS_3_553,FOODS_3,FOODS,2.50611149825784,17269.614334494778,20,2.55,0.21027965608832472,0.04421753376462412,1.3364974285546525,0.9457366592232125,INTERMITENTE,False,False
FOODS_3_554,FOODS_3,FOODS,3.773966642494561,23575.969615663522,50,1.02,0.42342986883285727,0.17929285381981072,0.2609201237094694,0.48975551436752285,SUAVE,True,True
FOODS_3_555,FOODS_3,FOODS,1.595886524822695,784815.499858156,51,1.0,0.19675075975992867,0.03871086146610917,0.10001115912200442,0.8193793460205436,SUAVE,True,True
FOODS_3_556,FOODS_3,FOODS,2.480947210782478,14141.399101460125,42,1.2142857142857142,1.036754770110875,1.0748604533476533,0.5224923779171324,0.7377011587898381,ERRATICO,True,True
FOODS_3_557,FOODS_3,FOODS,2.4740819423368743,34110.16773899848,17,3.0,1.0033597648985133,1.0067308178171999,2.685652947930354,0.6150779521360128,CON PICOS,False,False
FOODS_3_558,FOODS_3,FOODS,2.990220913107511,27746.259852724594,49,1.0408163265306123,0.3481368407456401,0.12119925988435518,0.14014860035092544,0.7631691893913802,SUAVE,True,True
FOODS_3_559,FOODS_3,FOODS,2.879517730496454,61630.3179858156,51,1.0,0.17304117158381283,0.02994324706309855,0.08801102739850261,0.6371233800487025,SUAVE,True,True
FOODS_3_560,FOODS_3,FOODS,2.848369512783406,33465.493405692236,37,1.3783783783783783,0.4369355162419347,0.190912645353606,0.4116882690712552,0.7105371365868749,INTERMITENTE,True,False
FOODS_3_561,FOODS_3,FOODS,2.976723796967699,88069.35025708635,22,2.3181818181818183,0.22228204947341862,0.04940930951810332,0.9892139504016283,0.9504093728800341,INTERMITENTE,False,False
FOODS_3_562,FOODS_3,FOODS,4.974421824104235,199877.24331433227,51,1.0,0.3179521062558891,0.10109354187255619,0.08095172052697047,0.8879302749476332,SUAVE,True,True
FOODS_3_563,FOODS_3,FOODS,3.763385490753912,7255.807226173542,2,25.5,0.264,0.06969600000000001,,0.41289079495307346,INTERMITENTE,False,False
FOODS_3_564,FOODS_3,FOODS,1.8146552949538024,18161.070191897656,35,1.457142857142857,0.8113282192441379,0.6582534793418638,0.3826424783144037,0.725895963078704,CON PICOS,True,False
FOODS_3_565,FOODS_3,FOODS,2.6164194008559205,65902.37186875893,51,1.0,0.20775088996740498,0.04316043228224881,0.08341998269554889,0.7680435080732514,SUAVE,True,True
FOODS_3_566,FOODS_3,FOODS,0.9996147211040828,34557.680523289244,34,1.5,0.588075323143843,0.3458325856907354,0.4736089420876932,0.9223543132099643,INTERMITENTE,True,False
FOODS_3_567,FOODS_3,FOODS,1.8099226804123711,11891.192010309278,32,1.59375,0.6573149675253265,0.432062966532821,0.4443443962315499,0.7640602998235313,INTERMITENTE,True,False
FOODS_3_568,FOODS_3,FOODS,0.9988370754173864,23753.344490500866,33,1.5454545454545454,0.46448689685970346,0.2157480773543568,0.4476844561600604,0.9263748770548855,INTERMITENTE,True,False
FOODS_3_569,FOODS_3,FOODS,4.100510638297872,80123.97787234042,51,1.0,0.6344582926183696,0.40253732507221673,0.2147037468870004,0.9062474626577629,SUAVE,True,True
FOODS_3_570,FOODS_3,FOODS,1.6197229219143576,129111.35355163728,42,1.2142857142857142,0.16307201222568618,0.026592481171334344,0.1887046471207694,0.9438832621608564,SUAVE,True,True
FOODS_3_571,FOODS_3,FOODS,8.542188333968738,98038.69550895921,48,1.0625,0.6864499823611938,0.4712135782836833,0.4049216043935061,0.430380269611543,SUAVE,True,True
FOODS_3_572,FOODS_3,FOODS,2.735361216730038,204577.66539923954,48,1.0625,0.2074175823934914,0.04302205348596079,0.0771936341705511,0.8873113160888902,SUAVE,True,True
FOODS_3_573,FOODS_3,FOODS,0.9999347826086956,28689.128847826087,35,1.457142857142857,0.5831605921891312,0.3400762762823782,0.47155909804761076,0.9246295978002391,INTERMITENTE,True,False
FOODS_3_574,FOODS_3,FOODS,5.977162114224903,514508.13763036544,51,1.0,0.4113723342098206,0.16922719735323635,0.35896222123597554,0.7961336448885157,SUAVE,True,True
FOODS_3_575,FOODS_3,FOODS,6.550642570281124,14987.870200803212,11,4.636363636363637,0.8994674569111004,0.8090417060421223,,0.9222625761652103,CON PICOS,False,False
FOODS_3_576,FOODS_3,FOODS,2.499205718824464,9664.428514694202,16,3.1875,0.2751519546441486,0.07570859814449561,3.3166247903554,0.9528731385256037,INTERMITENTE,False,False
FOODS_3_577,FOODS_3,FOODS,3.072217484008529,105447.72070362474,51,1.0,0.19374666045468084,0.037537768437341384,0.07754727196240294,0.7243448952426784,SUAVE,True,True
FOODS_3_578,FOODS_3,FOODS,3.08436420722135,132195.84992150706,51,1.0,0.48738018384557796,0.23753944360534937,0.06026162924574842,0.8472774698837626,SUAVE,True,True
FOODS_3_579,FOODS_3,FOODS,1.9443244803695148,20069.31728637413,27,1.8888888888888888,0.7068643087533917,0.4996571509894102,0.7338877313431984,0.5592931604628358,CON PICOS,True,False
FOODS_3_580,FOODS_3,FOODS,0.2012029520295203,27902.624184501845,51,1.0,0.24446504141030506,0.05976315647174217,0.09476840149610946,0.658238089310846,SUAVE,True,True
FOODS_3_581,FOODS_3,FOODS,3.1030574257425743,41683.3704,51,1.0,0.2166029376968223,0.04691683261889348,0.20090433393889526,0.5286407807315843,SUAVE,True,True
FOODS_3_582,FOODS_3,FOODS,1.9738768115942027,26629.572065217388,51,1.0,0.48959091088328,0.23969926001951983,0.40382522400488435,0.7966295631365677,SUAVE,True,True
FOODS_3_583,FOODS_3,FOODS,1.4835748792270531,18575.841062801934,17,3.0,0.5758615321321976,0.33161650418964206,2.3306406377372846,0.8690962227492194,INTERMITENTE,False,False
FOODS_3_584,FOODS_3,FOODS,1.0,34717.0,51,1.0,0.21628987140625153,0.04678130847293282,0.08781849807862827,0.7499580134097525,SUAVE,True,True
FOODS_3_585,FOODS_3,FOODS,3.941900486344931,85286.95892255893,50,1.02,0.5334696137773755,0.28458982882378214,0.0610300252804701,0.8934884761792272,SUAVE,True,True
FOODS_3_586,FOODS_3,FOODS,1.5959219858156029,1470281.4315602838,51,1.0,0.1451064257695258,0.021055874799606897,0.09392996505622311,0.663897580131259,SUAVE,True,True
FOODS_3_587,FOODS_3,FOODS,2.515531914893617,997093.9627659575,51,1.0,0.5048297748969278,0.2548531016224828,0.09990385486798185,0.8640757755761862,SUAVE,True,True
FOODS_3_588,FOODS_3,FOODS,3.868870408870409,41961.76845460846,21,2.4285714285714284,0.2947499165074727,0.08687751328116211,1.1864231943813202,0.9709381195099143,INTERMITENTE,False,False
FOODS_3_589,FOODS_3,FOODS,1.09349855907781,29424.952726224787,27,1.8888888888888888,0.38742156072958583,0.15009546571814816,0.4986108750041218,0.8733306447933239,INTERMITENTE,True,False
FOODS_3_590,FOODS_3,FOODS,2.572705673758865,75490.90258510638,50,1.02,1.0282563213347982,1.0573110623649717,0.3986694746604816,0.7588649015046106,ERRATICO,True,True
FOODS_3_591,FOODS_3,FOODS,2.885995016019936,47517.90793876824,51,1.0,0.22897535366840563,0.05242971258757144,0.10705513245713641,0.5723161021115967,SUAVE,True,True
FOODS_3_592,FOODS_3,FOODS,7.246630513376718,245602.80135936372,51,1.0,0.49066538387242853,0.24075251893067764,0.21241249635144516,0.6293654753740161,SUAVE,True,True
FOODS_3_593,FOODS_3,FOODS,6.529436674436675,53776.440450660455,44,1.1590909090909092,0.6427979375864629,0.4131891885654102,0.37642082337735694,0.8265128163196285,SUAVE,True,True
FOODS_3_594,FOODS_3,FOODS,0.9767582417582416,65540.47802197801,51,1.0,0.4274184199033266,0.1826865056726564,0.29835938346559515,0.685649685383545,SUAVE,True,True
FOODS_3_595,FOODS_3,FOODS,1.9793907745865973,14368.397632724109,20,2.55,0.356083188386713,0.12679523705164733,1.2440019228390569,0.926900423153853,INTERMITENTE,False,False
FOODS_3_596,FOODS_3,FOODS,2.8805744680851064,92944.61578723404,51,1.0,0.2108500897589958,0.044457760351376586,0.08667924611270621,0.5995634730619345,SUAVE,True,True
FOODS_3_597,FOODS_3,FOODS,2.797068965517241,12908.473275862068,24,2.125,0.15897498772111732,0.025273046720929403,0.6003241865196832,0.9299918550812344,INTERMITENTE,True,False
FOODS_3_598,FOODS_3,FOODS,1.904954379562044,74215.11767335767,37,1.3783783783783783,0.2204056335629684,0.04857864330629351,0.1851441108066863,0.9342482407545202,INTERMITENTE,True,False
FOODS_3_599,FOODS_3,FOODS,1.7979841897233202,17068.26391304348,10,5.1,0.26078214282414997,0.06800732601595535,,0.9425154954296424,INTERMITENTE,False,False
FOODS_3_600,FOODS_3,FOODS,2.50214074512123,16741.823725606147,23,2.217391304347826,0.4841889648828773,0.23443895371435222,0.7754652885132253,0.7252090937043847,INTERMITENTE,True,False
FOODS_3_601,FOODS_3,FOODS,1.98,3007.62,22,2.3181818181818183,0.5600807004863203,0.3136903910572472,0.9680667608800596,0.9114787046863023,INTERMITENTE,False,False
FOODS_3_602,FOODS_3,FOODS,2.6055357142857143,10260.599642857143,6,8.5,1.2115050098364606,1.4677443888588424,,0.25135019556812177,CON PICOS,False,False
FOODS_3_603,FOODS_3,FOODS,0.999171270718232,14334.111049723755,15,3.4,0.5073083756538687,0.25736178800856674,,0.9416072966490547,INTERMITENTE,False,False
FOODS_3_604,FOODS_3,FOODS,2.5057368060315284,34178.250034270044,20,2.55,0.1341027310895641,0.017983542485679946,1.2135191983489426,0.9630722990647766,INTERMITENTE,False,False
FOODS_3_605,FOODS_3,FOODS,2.5840899959823225,31306.250301325836,50,1.02,0.9704019633480712,0.9416799704697912,0.38662788063649633,0.6904423219930639,ERRATICO,True,True
FOODS_3_606,FOODS_3,FOODS,2.8644076969332533,33416.18019242333,25,2.04,0.4797130334026076,0.23012459441633135,0.8010549148761936,0.8073232092674809,INTERMITENTE,True,False
FOODS_3_607,FOODS_3,FOODS,2.2412478260869566,499890.1563782609,40,1.275,0.5513741746299309,0.3040134804488375,0.33901619578975956,0.8839995719661784,SUAVE,True,True
FOODS_3_608,FOODS_3,FOODS,1.809548899314327,17302.906575243593,34,1.5,0.7163444195257695,0.5131493273857117,0.22846881970459793,0.7455568854549272,CON PICOS,True,False
FOODS_3_609,FOODS_3,FOODS,2.9752242483982254,38338.73966485953,33,1.5454545454545454,0.520864896758841,0.27130024067559805,0.39767531953703056,0.7570536758160843,INTERMITENTE,True,False
FOODS_3_610,FOODS_3,FOODS,1.9575426136363636,54464.708139204544,51,1.0,0.1849769921395628,0.03421648762099988,0.05100278425626279,0.691806025799731,SUAVE,True,True
FOODS_3_611,FOODS_3,FOODS,2.4656879432624117,71127.70009929079,51,1.0,0.7362756714783002,0.5421018644108219,0.1822991173789288,0.9490901718494521,ERRATICO,True,True
FOODS_3_612,FOODS_3,FOODS,4.158976923076923,46027.39760769231,49,1.0408163265306123,0.35115095267140284,0.1233069915620338,0.25596994768593445,0.7299004720437664,SUAVE,True,True
FOODS_3_613,FOODS_3,FOODS,2.8781986754966886,9123.889801324503,5,10.2,0.5203860573678534,0.2708016487028588,,0.7823695500800583,INTERMITENTE,False,False
FOODS_3_614,FOODS_3,FOODS,0.9774349839686498,45792.82899893125,51,1.0,0.4582408730846463,0.2099846977653789,0.26218270779608055,0.733733372542958,SUAVE,True,True
FOODS_3_615,FOODS_3,FOODS,4.251982570806101,94759.68357298477,51,1.0,0.27384916461691333,0.0749933649613813,0.058359108194774745,0.7345390825640596,SUAVE,True,True
FOODS_3_616,FOODS_3,FOODS,2.810661278471712,62613.101300514325,51,1.0,0.2344035490505827,0.05494502380750892,0.10942977558977883,0.7264414432569253,SUAVE,True,True
FOODS_3_617,FOODS_3,FOODS,2.546486068111455,87474.34292569659,51,1.0,0.2476807803095784,0.061345768934761645,0.19372650060031285,0.500587022039543,SUAVE,True,True
FOODS_3_618,FOODS_3,FOODS,2.216540212443096,32651.85386949925,15,3.4,0.5356199391167966,0.2868887191794809,0.8310630260983819,0.7412140351812282,INTERMITENTE,True,False
FOODS_3_619,FOODS_3,FOODS,2.830667053364269,9983.762697215778,25,2.04,0.4293087887988623,0.18430603613994617,0.5517096699295696,0.8470131042154373,INTERMITENTE,True,False
FOODS_3_620,FOODS_3,FOODS,6.574873443149859,55018.540972278024,44,1.1590909090909092,0.7224914146819736,0.5219938442891596,0.1871457376089174,0.9270699660858859,ERRATICO,True,True
FOODS_3_621,FOODS_3,FOODS,1.5015137614678895,11370.963715596326,8,6.375,0.4095560597948952,0.16773616611471975,,0.9610431162293561,INTERMITENTE,False,False
FOODS_3_622,FOODS_3,FOODS,2.551790780141844,24285.39285460993,51,1.0,0.1752001016102485,0.030695075604241395,0.09908167704625553,0.22008844712834505,SUAVE,True,True
FOODS_3_623,FOODS_3,FOODS,2.965595238095238,17900.332857142857,28,1.8214285714285714,0.308557608752618,0.09520779791913368,0.450021955676078,0.8844891042757507,INTERMITENTE,True,False
FOODS_3_624,FOODS_3,FOODS,2.476609375,30784.254531249997,31,1.6451612903225807,0.29838760582555945,0.08903516331030945,0.43781997083189056,0.8724681853049555,INTERMITENTE,True,False
FOODS_3_625,FOODS_3,FOODS,2.991857077833409,34935.915097860714,41,1.2439024390243902,0.2999474894620974,0.08996849643461505,0.08768816532740484,0.9347732345004336,SUAVE,True,True
FOODS_3_626,FOODS_3,FOODS,3.979517839922855,8404.741677917069,11,4.636363636363637,0.24948215323870535,0.06224134478462086,,0.9443302466912841,INTERMITENTE,False,False
FOODS_3_627,FOODS_3,FOODS,2.8357440476190474,25428.116875,50,1.02,0.36798793608957225,0.13541512110746312,0.19197935710193437,0.6011549179625542,SUAVE,True,True
FOODS_3_628,FOODS_3,FOODS,3.983049645390071,177596.21758865248,51,1.0,0.28498883655723817,0.08121863696224821,0.15964839181114113,0.7367930733051672,SUAVE,True,True
FOODS_3_629,FOODS_3,FOODS,5.187115384615384,62053.46134615385,51,1.0,0.5006561272323522,0.2506565577352972,0.47274210670596484,0.4428363715871021,SUAVE,True,True
FOODS_3_630,FOODS_3,FOODS,2.529801418439716,16342.517163120567,51,1.0,0.4420611449644778,0.19541805588730504,0.24727110712776892,0.781465029858497,SUAVE,True,True
FOODS_3_631,FOODS_3,FOODS,3.569425010052272,59573.70341777242,51,1.0,0.1097337238086249,0.01204149014090757,0.06808373756322766,0.14120304508287654,SUAVE,True,True
FOODS_3_632,FOODS_3,FOODS,3.994137931034483,97708.59620689656,51,1.0,0.3099717412620355,0.0960824803810183,0.07384102618000302,0.8404890748053374,SUAVE,True,True
FOODS_3_633,FOODS_3,FOODS,2.878214285714286,6668.8225,12,4.25,0.5319383371610245,0.28295839454163574,,0.8007247060001859,INTERMITENTE,False,False
FOODS_3_634,FOODS_3,FOODS,3.982804964539007,205381.30360638298,50,1.02,0.3120924409523766,0.09740169169961267,0.17928424450425934,0.7436288856429268,SUAVE,True,True
FOODS_3_635,FOODS_3,FOODS,0.97855871886121,275705.00480427046,51,1.0,0.5245198571446044,0.27512108053899614,0.44978853296221133,0.748709050151476,SUAVE,True,True
FOODS_3_636,FOODS_3,FOODS,3.505829477858559,129757.76063450098,22,2.3181818181818183,0.515835979025926,0.2660867572576356,0.9582326839255745,0.9435529852084603,INTERMITENTE,False,False
FOODS_3_637,FOODS_3,FOODS,2.970645161290322,17223.80064516129,28,1.8214285714285714,0.24370572118434414,0.05939247853798128,0.4134473576110959,0.8867706259720745,INTERMITENTE,True,False
FOODS_3_638,FOODS_3,FOODS,1.488250993753549,42113.038370244176,27,1.8888888888888888,0.2698381651671655,0.0728126353807825,0.28421967675521753,0.9152687343001444,INTERMITENTE,True,False
FOODS_3_639,FOODS_3,FOODS,1.97599025974026,30076.5477435065,15,3.4,0.2068706071641951,0.042795448108482737,,0.9373319812646279,INTERMITENTE,False,False
FOODS_3_640,FOODS_3,FOODS,1.4993294648613795,11303.44483558994,13,3.923076923076923,0.7353752541982737,0.5407767644871756,1.7823377410121604,0.9344850029018411,CON PICOS,True,False
FOODS_3_641,FOODS_3,FOODS,2.055410292072323,14135.056578581365,20,2.55,0.2783932942691931,0.07750282629405356,1.3588253939872934,0.8963184219798062,INTERMITENTE,False,False
FOODS_3_642,FOODS_3,FOODS,3.256737173717372,24806.56705220522,39,1.3076923076923077,0.6965205255741335,0.4851408425460671,0.26829117392535207,0.8740048488937361,SUAVE,True,True
FOODS_3_643,FOODS_3,FOODS,1.807802237459401,22664.41665102851,34,1.5,0.7352707968001608,0.5406231446271434,0.20246135227989237,0.7943674717030971,CON PICOS,True,False
FOODS_3_644,FOODS_3,FOODS,1.7305366795366797,51005.8380926641,51,1.0,0.3542868791249194,0.12551919272007525,0.10318054480482516,0.8364989993445681,SUAVE,True,True
FOODS_3_645,FOODS_3,FOODS,2.397478723404256,42011.01967021278,48,1.0625,0.6663883441789945,0.44407342525762206,0.30332848035577376,0.6499476363298964,SUAVE,True,True
FOODS_3_646,FOODS_3,FOODS,2.570202199361476,57780.71564384534,51,1.0,1.034794453464049,1.0707995609199599,0.39995997554686086,0.7671850565484453,ERRATICO,True,True
FOODS_3_647,FOODS_3,FOODS,1.189687924016282,8336.143283582089,4,12.75,0.6048761395677721,0.3658751442184109,,0.6820501193633255,INTERMITENTE,False,False
FOODS_3_648,FOODS_3,FOODS,1.0,23242.0,50,1.02,0.23589055407471285,0.05564435350167503,0.1642136178778765,0.6675664548925773,SUAVE,True,True
FOODS_3_649,FOODS_3,FOODS,5.78850538599641,33260.75194793537,38,1.3421052631578947,0.5793627230304667,0.3356611648372772,0.5090513590031549,0.8619215280374048,INTERMITENTE,True,False
FOODS_3_650,FOODS_3,FOODS,2.97247191011236,21464.21966292135,22,2.3181818181818183,0.22805437551636001,0.052008798192156945,0.9882575031650324,0.966511321300674,INTERMITENTE,False,False
FOODS_3_651,FOODS_3,FOODS,4.325975177304964,123562.82898936169,51,1.0,0.5329226828351386,0.28400658588020167,0.18159139110313968,0.9325964415400084,SUAVE,True,True
FOODS_3_652,FOODS_3,FOODS,3.9794578313253015,248250.5178915663,48,1.0625,0.3408263995828261,0.11616263465259226,0.17829008425443868,0.7725704134087013,SUAVE,True,True
FOODS_3_653,FOODS_3,FOODS,3.9216963292547273,75814.23343715239,32,1.59375,0.49456276463924664,0.24459232816761486,0.5063515354434989,0.9039949504073297,INTERMITENTE,True,False
FOODS_3_654,FOODS_3,FOODS,1.5770249900833002,81905.94690995636,51,1.0,0.3569607677455805,0.12742098970951427,0.21550362835379622,0.8115151456948864,SUAVE,True,True
FOODS_3_655,FOODS_3,FOODS,1.9813011020263065,84385.59523640243,51,1.0,0.5736105931737803,0.32902911260117607,0.24471941871730973,0.8948167381529172,SUAVE,True,True
FOODS_3_656,FOODS_3,FOODS,3.4812580414581844,72385.79845604002,51,1.0,0.5159976869747334,0.26625361296327493,0.11922653039652109,0.8317389755485397,SUAVE,True,True
FOODS_3_657,FOODS_3,FOODS,3.1985339013134544,100577.89852680157,50,1.02,0.49336588590404457,0.24340989737388272,0.06992897993640691,0.8001939770624688,SUAVE,True,True
FOODS_3_658,FOODS_3,FOODS,2.80015216068168,22014.79628727937,24,2.125,0.23959945996953375,0.0574079012176922,0.6079923859229048,0.9373456638170111,INTERMITENTE,True,False
FOODS_3_659,FOODS_3,FOODS,3.1304484304932734,51073.266143497756,49,1.0408163265306123,0.3139460325926176,0.09856211138064491,0.2011296154873474,0.8182367533676164,SUAVE,True,True
FOODS_3_660,FOODS_3,FOODS,1.4536791443850263,33280.53033155079,48,1.0625,0.619127883933814,0.3833193366643623,0.25511143912509265,0.7980433805923137,SUAVE,True,True
FOODS_3_661,FOODS_3,FOODS,3.28,90806.79999999999,13,3.923076923076923,0.2783925660902309,0.07750242085430357,,0.9494905912034328,INTERMITENTE,False,False
FOODS_3_662,FOODS_3,FOODS,2.498849420849421,10932.466216216217,18,2.8333333333333335,0.745876290795827,0.556331441171341,2.4237083663052283,0.8019613546054527,CON PICOS,False,False
FOODS_3_663,FOODS_3,FOODS,1.8055287437899217,27485.564066713978,37,1.3783783783783783,0.7704148794309343,0.5935390864485811,0.3468717873048824,0.7134504677067592,CON PICOS,True,False
FOODS_3_664,FOODS_3,FOODS,2.1341488603988603,145452.91558048432,48,1.0625,0.5987370181334335,0.3584860168833155,0.11939424372484951,0.9487552814967015,SUAVE,True,True
FOODS_3_665,FOODS_3,FOODS,2.97887760857304,74516.6233784546,28,1.8214285714285714,0.7939584198521692,0.6303699724541534,0.7377781805761398,0.5042563716173354,CON PICOS,True,False
FOODS_3_666,FOODS_3,FOODS,2.5331063829787235,38632.40544680851,51,1.0,0.42316177896183765,0.17906589117414715,0.17954355975489564,0.8008838942891517,SUAVE,True,True
FOODS_3_667,FOODS_3,FOODS,2.022770485987939,17072.182901738208,51,1.0,0.33722408222168576,0.11372008163025828,0.27549682320996505,0.7051500432852563,SUAVE,True,True
FOODS_3_668,FOODS_3,FOODS,1.6058865248226952,220073.9011347518,51,1.0,0.1317050277629921,0.017346214338050517,0.09462491517536524,0.6446052255036699,SUAVE,True,True
FOODS_3_669,FOODS_3,FOODS,0.7132192374350087,12684.60413778163,43,1.186046511627907,0.6330946683202593,0.40080885905553915,0.25627003317777575,0.7863551995018777,SUAVE,True,True
FOODS_3_670,FOODS_3,FOODS,1.989506917346577,11658.510535650941,51,1.0,0.31521980983390463,0.099363528511723,0.20003481416445962,0.712762078623812,SUAVE,True,True
FOODS_3_671,FOODS_3,FOODS,2.081595744680851,42780.95574468085,47,1.0851063829787233,0.2805118628981135,0.07868690522657001,0.15579778228844723,0.650629344426254,SUAVE,True,True
FOODS_3_672,FOODS_3,FOODS,2.410074733096085,218837.19583985762,51,1.0,0.30067578823727603,0.09040592963210727,0.23072211374828547,0.40338720546289725,SUAVE,True,True
FOODS_3_673,FOODS_3,FOODS,5.98,41244.060000000005,21,2.4285714285714284,0.3217737966404671,0.10353837620442069,1.2229908463645418,0.9156758154052664,INTERMITENTE,False,False
FOODS_3_674,FOODS_3,FOODS,2.978347517730497,110273.31684397165,51,1.0,0.17768788936570407,0.03157298602723869,0.07324523010917444,0.6161920635444115,SUAVE,True,True
FOODS_3_675,FOODS_3,FOODS,1.9802580645161287,47755.90348387096,40,1.275,0.45431084592324744,0.20639834472349666,0.20085478449801378,0.8682699566436646,SUAVE,True,True
FOODS_3_676,FOODS_3,FOODS,7.247929773226042,124287.49975128018,50,1.02,0.49710448016967557,0.24711286420476336,0.19245756654673635,0.7671869014954305,SUAVE,True,True
FOODS_3_677,FOODS_3,FOODS,3.944678076609617,39178.54265688672,51,1.0,0.5583877618178699,0.31179689254797016,0.1064148060941991,0.8787860358639185,SUAVE,True,True
FOODS_3_678,FOODS_3,FOODS,4.9327191194455775,145382.0306074195,45,1.1333333333333333,0.2789949466298112,0.07783818024497122,0.1899501728641125,0.7865456659693537,SUAVE,True,True
FOODS_3_679,FOODS_3,FOODS,3.8341295546558714,103874.23789473687,51,1.0,0.5463960936926303,0.29854869120256566,0.16879360833087237,0.9008272431093185,SUAVE,True,True
FOODS_3_680,FOODS_3,FOODS,2.4962387387387386,24570.477905405405,37,1.3783783783783783,0.2784114148643017,0.07751291592674232,0.14867074431631827,0.9188836678849308,INTERMITENTE,True,False
FOODS_3_681,FOODS_3,FOODS,1.1015447443181818,276456.88757102273,51,1.0,0.4587162261022681,0.21042057608950715,0.2525327947521595,0.4278141467859239,SUAVE,True,True
FOODS_3_682,FOODS_3,FOODS,3.504433106575964,204150.7506235828,27,1.8888888888888888,0.3076709358588369,0.09466140477225254,0.23047579491257997,0.8875586091851214,INTERMITENTE,True,False
FOODS_3_683,FOODS_3,FOODS,2.5063534083388483,53721.17895433488,22,2.3181818181818183,0.3355142717474662,0.11256982654623258,1.009306329760618,0.9147260211313455,INTERMITENTE,False,False
FOODS_3_684,FOODS_3,FOODS,1.8906756756756755,27138.758648648647,37,1.3783783783783783,0.3151708321463929,0.09933265343584978,0.24717682206443312,0.9072926597487475,INTERMITENTE,True,False
FOODS_3_685,FOODS_3,FOODS,2.458230496453901,48314.06217730497,47,1.0851063829787233,0.4954560555631685,0.24547670299421354,0.28988923167951464,0.7159976612173236,SUAVE,True,True
FOODS_3_686,FOODS_3,FOODS,3.731344814950532,33126.879267130826,51,1.0,0.45351720764894704,0.20567785763369814,0.1461307932397083,0.6978392159590954,SUAVE,True,True
FOODS_3_687,FOODS_3,FOODS,2.890117733627668,48802.5280500368,51,1.0,0.23747091148120086,0.05639243379971234,0.08308112978398043,0.6678110556898238,SUAVE,True,True
FOODS_3_688,FOODS_3,FOODS,1.8705119152691967,164500.29987643423,40,1.275,0.33080007459172006,0.10942868934988756,0.11400220351780639,0.8990965618619136,SUAVE,True,True
FOODS_3_689,FOODS_3,FOODS,2.8255716773070225,46045.51605339524,26,1.9615384615384615,0.48743367051825454,0.2375915831548983,0.6293093308015936,0.8350678652383892,INTERMITENTE,True,False
FOODS_3_690,FOODS_3,FOODS,9.98,23882.14,9,5.666666666666667,0.34554498256125654,0.11940133497325908,,0.8716153657131477,INTERMITENTE,False,False
FOODS_3_691,FOODS_3,FOODS,7.48,18116.56,14,3.642857142857143,0.37155812807111255,0.13805544253570928,,0.9482195763626294,INTERMITENTE,False,False
FOODS_3_692,FOODS_3,FOODS,0.8167695035460992,42668.03886524822,49,1.0408163265306123,0.34282410278483305,0.11752836545022578,0.11603846438115066,0.8264686717198467,SUAVE,True,True
FOODS_3_693,FOODS_3,FOODS,3.485174418604652,6377.869186046513,23,2.217391304347826,0.7660717258930968,0.586865889212828,2.094961512593615,0.800997185203042,CON PICOS,True,False
FOODS_3_694,FOODS_3,FOODS,1.6058510638297872,626993.3069148936,51,1.0,0.12383603803172058,0.015335364315393746,0.09468701858025311,0.3799872948661385,SUAVE,True,True
FOODS_3_695,FOODS_3,FOODS,3.990722935779816,298470.15908990824,51,1.0,0.4515552433371244,0.2039021377852496,0.1024458669266651,0.6577420538734731,SUAVE,True,True
FOODS_3_696,FOODS_3,FOODS,4.506900826446281,9414.91582644628,9,5.666666666666667,0.6586793618928644,0.433858501783591,,0.9458354733682429,INTERMITENTE,False,False
FOODS_3_697,FOODS_3,FOODS,3.0406826434277416,300826.8966448802,51,1.0,0.19882534565063803,0.039531518073095684,0.08110581886681562,0.9208541121347094,SUAVE,True,True
FOODS_3_698,FOODS_3,FOODS,1.0,14926.0,16,3.1875,0.3876550751762126,0.15027645730987504,3.3166247903554,0.9194494317321544,INTERMITENTE,False,False
FOODS_3_700,FOODS_3,FOODS,2.597741477272727,28964.817471590908,51,1.0,0.9921319354386324,0.9843257773172067,0.36454459587535204,0.6380110409597249,ERRATICO,True,True
FOODS_3_701,FOODS_3,FOODS,1.9931062670299728,14242.737384196185,25,2.04,0.6302458567342915,0.39720983993074105,0.6856997035791779,0.9640144552368568,INTERMITENTE,True,False
FOODS_3_702,FOODS_3,FOODS,2.9944397163120566,371304.5359432624,51,1.0,0.5458795983617359,0.2979845359075701,0.4633881956282368,0.7251199978356678,SUAVE,True,True
FOODS_3_703,FOODS_3,FOODS,1.98,10822.68,14,3.642857142857143,0.2678167264507554,0.07172579896679873,,0.945165396185768,INTERMITENTE,False,False
FOODS_3_704,FOODS_3,FOODS,4.252904255319149,310912.8184893617,51,1.0,0.2760051395072498,0.07617883703441643,0.0751210341018959,0.5549415886458702,SUAVE,True,True
FOODS_3_705,FOODS_3,FOODS,3.804222873900293,55941.0973607038,50,1.02,0.4335755777411135,0.18798778161354035,0.1536687154309792,0.7174295425439484,SUAVE,True,True
FOODS_3_706,FOODS_3,FOODS,1.98,46278.54,21,2.4285714285714284,0.31490140671105643,0.09916289594860217,1.2507742877053563,0.9489831567266844,INTERMITENTE,False,False
FOODS_3_707,FOODS_3,FOODS,1.1385408406026962,17780.592307692306,16,3.1875,0.2798436524106832,0.07831246979455128,3.3166247903554,0.9347564363676449,INTERMITENTE,False,False
FOODS_3_708,FOODS_3,FOODS,2.855938606847697,65429.55348288074,45,1.1333333333333333,0.22725211743283222,0.051643524877705765,0.21117154468887164,0.8378907469766219,SUAVE,True,True
FOODS_3_709,FOODS_3,FOODS,2.2340244731475187,15267.323249490142,21,2.4285714285714284,0.2942511159084732,0.08658371921338173,1.1826448394281819,0.9428026258636091,INTERMITENTE,False,False
FOODS_3_710,FOODS_3,FOODS,2.9622532467532467,14503.191896103895,22,2.3181818181818183,0.1820459149192334,0.03314071513878076,0.8620598763337917,0.9467970042956634,INTERMITENTE,False,False
FOODS_3_711,FOODS_3,FOODS,0.2017678381256656,38600.40687965921,51,1.0,0.2269595912365135,0.05151065605424529,0.15522180695013307,0.5887063166070021,SUAVE,True,True
FOODS_3_712,FOODS_3,FOODS,3.593817243920413,63775.88081061165,49,1.0408163265306123,0.5577882221269791,0.31112770074357615,0.22854836262273,0.9110811212123268,SUAVE,True,True
FOODS_3_713,FOODS_3,FOODS,3.5842790262172284,10215.1952247191,34,1.5,0.9985977712374893,0.997197508720481,0.7304353406314302,0.8434925252012919,CON PICOS,True,False
FOODS_3_714,FOODS_3,FOODS,1.5240425531914894,604727.8927659575,51,1.0,0.2098744990248227,0.0440473053409203,0.20229948498214892,0.7162802591473131,SUAVE,True,True
FOODS_3_715,FOODS_3,FOODS,3.98,55564.78,46,1.108695652173913,0.34118763590086915,0.11640900289162405,0.2572894672543738,0.8499854807974393,SUAVE,True,True
FOODS_3_716,FOODS_3,FOODS,1.3796379726468222,27863.16849557522,51,1.0,0.20117911233791422,0.04047303524107111,0.09075780598676624,0.43581279208077844,SUAVE,True,True
FOODS_3_717,FOODS_3,FOODS,1.9799286733238235,21238.694878744656,51,1.0,0.1563389708933094,0.024441873819979042,0.10144435439440713,0.5406027483233162,SUAVE,True,True
FOODS_3_718,FOODS_3,FOODS,1.3034114583333332,26795.532760416663,46,1.108695652173913,0.4255429365536638,0.18108679085071555,0.1799253803110787,0.6833149502922929,SUAVE,True,True
FOODS_3_719,FOODS_3,FOODS,2.3919609582963623,36496.5403016859,39,1.3076923076923077,0.6055773169174643,0.366723886764955,0.3424936014482848,0.7332999510173087,SUAVE,True,True
FOODS_3_720,FOODS_3,FOODS,4.351672504378284,15626.855963222417,15,3.4,0.31649831106253584,0.1001711809054377,,0.9362565549266509,INTERMITENTE,False,False
FOODS_3_721,FOODS_3,FOODS,1.982906227630637,45067.49274158912,51,1.0,0.46443018002916914,0.21569539212192645,0.151511155812232,0.8266606335514729,SUAVE,True,True
FOODS_3_722,FOODS_3,FOODS,2.5055029585798816,9651.197396449705,10,5.1,0.547182775895349,0.2994089902365398,,0.8803487728094136,INTERMITENTE,False,False
FOODS_3_723,FOODS_3,FOODS,1.3745248226950355,391182.89191489364,47,1.0851063829787233,0.46204050043173495,0.21348142403920806,0.3194769762603478,0.6980098390700099,SUAVE,True,True
FOODS_3_724,FOODS_3,FOODS,6.512842928216062,37624.69359630419,49,1.0408163265306123,0.4353570346042484,0.18953574757940475,0.15682867588418803,0.9145366046369152,SUAVE,True,True
FOODS_3_725,FOODS_3,FOODS,2.832520385470719,101809.28021497406,49,1.0408163265306123,0.3531357009343176,0.12470482327437181,0.14300054868401582,0.7394854277855827,SUAVE,True,True
FOODS_3_726,FOODS_3,FOODS,2.4940595171252107,30020.99440763616,28,1.8214285714285714,0.5911279123974861,0.34943220881541,0.5402734622220536,0.7700546476473872,INTERMITENTE,True,False
FOODS_3_727,FOODS_3,FOODS,3.821202127659575,161617.7439893617,46,1.108695652173913,0.4373052084263383,0.19123584531680318,0.2866673839504834,0.6557716867811128,SUAVE,True,True
FOODS_3_729,FOODS_3,FOODS,3.942543006731489,58771.488601346304,50,1.02,0.5278080558015701,0.2785813437690333,0.09195524308510951,0.8502456377436288,SUAVE,True,True
FOODS_3_730,FOODS_3,FOODS,4.816808510638299,130092.36425531917,51,1.0,0.1401754235807949,0.01964914937605527,0.10631254502719792,0.5506687572984371,SUAVE,True,True
FOODS_3_731,FOODS_3,FOODS,2.978319232938522,43718.74802030457,29,1.7586206896551724,0.30014693719664776,0.09008818390852841,0.5917448799199417,0.8722800681715882,INTERMITENTE,True,False
FOODS_3_732,FOODS_3,FOODS,2.0229290780141844,74931.3159787234,51,1.0,0.33382637881117855,0.11144005119018448,0.061519764505207554,0.9193015437719066,SUAVE,True,True
FOODS_3_733,FOODS_3,FOODS,1.957734067663257,23721.863697875688,16,3.1875,0.4793776372615623,0.229802919106478,3.3166247903554,0.9268619280046111,INTERMITENTE,False,False
FOODS_3_734,FOODS_3,FOODS,1.6329786476868329,160910.44998576512,51,1.0,0.14408602574606613,0.02076078281529603,0.07426432805780157,0.5060723729480479,SUAVE,True,True
FOODS_3_735,FOODS_3,FOODS,2.0,7800.0,7,7.285714285714286,0.3500190753246637,0.12251335309113259,,0.9694915291161871,INTERMITENTE,False,False
FOODS_3_736,FOODS_3,FOODS,1.815596663039536,7934.157417482772,33,1.5454545454545454,0.6979949862429203,0.4871970008202545,0.344688268811464,0.8013377873542687,INTERMITENTE,True,False
FOODS_3_737,FOODS_3,FOODS,3.48,5822.04,16,3.1875,0.5674044039362771,0.3219477576062819,3.3166247903554007,0.8635804806584703,INTERMITENTE,False,False
FOODS_3_738,FOODS_3,FOODS,1.373177304964539,100447.91985815603,50,1.02,0.5683813575116621,0.3230573675667998,0.25144387009459784,0.7867870038301704,SUAVE,True,True
FOODS_3_739,FOODS_3,FOODS,1.489509692132269,214791.7661345496,27,1.8888888888888888,0.23559179656000398,0.0555034946063703,0.29569380072396634,0.9181050611549032,INTERMITENTE,True,False
FOODS_3_741,FOODS_3,FOODS,1.3247293861242282,150735.65792953141,51,1.0,0.4282659826791485,0.18341175192013673,0.2333572372461879,0.6801672906517422,SUAVE,True,True
FOODS_3_742,FOODS_3,FOODS,1.2180489642184558,40328.38315630885,47,1.0851063829787233,0.6887922971235415,0.4744348285767251,0.13455197476335898,0.8265785661267431,SUAVE,True,True
FOODS_3_743,FOODS_3,FOODS,2.9738461538461536,8966.146153846154,5,10.2,0.9755547926434555,0.9517071534496154,,0.5852733932637983,CON PICOS,False,False
FOODS_3_744,FOODS_3,FOODS,2.0806410256410257,247236.33115384617,49,1.0408163265306123,0.4239976306552208,0.179773990801241,0.18067835255174006,0.8048499677317386,SUAVE,True,True
FOODS_3_745,FOODS_3,FOODS,2.050793072014585,9279.838650865997,38,1.3421052631578947,0.30948135569092083,0.09577870952029026,0.31863396388875237,0.9056415228969316,INTERMITENTE,True,False
FOODS_3_746,FOODS_3,FOODS,1.966127659574468,126581.26485106381,51,1.0,0.3583638000573923,0.12842461319157467,0.0991393500115403,0.6811321878001843,SUAVE,True,True
FOODS_3_747,FOODS_3,FOODS,0.9992947813822284,18842.7023977433,24,2.125,0.44073912646838764,0.1942509776001174,0.8585250144631102,0.9559186115900663,INTERMITENTE,True,False
FOODS_3_748,FOODS_3,FOODS,3.90671285604311,44540.4332717475,41,1.2439024390243902,0.5883866885079462,0.3461988952133469,0.2569622214641521,0.8758498805686885,SUAVE,True,True
FOODS_3_749,FOODS_3,FOODS,1.815651865008881,20373.429577264655,35,1.457142857142857,0.7245146686397023,0.5249215050740975,0.21028008795176747,0.8178031954831191,CON PICOS,True,False
FOODS_3_750,FOODS_3,FOODS,2.268159221902017,81662.80462536022,50,1.02,0.48313919933014743,0.23342348592937592,0.22010397587321445,0.7409028016955266,SUAVE,True,True
FOODS_3_751,FOODS_3,FOODS,4.9499474375821295,23240.0032194481,23,2.217391304347826,0.32047531505339927,0.10270442755857552,0.7529663133613921,0.9024314008776955,INTERMITENTE,False,False
FOODS_3_752,FOODS_3,FOODS,0.2014630681818182,40719.51387784091,51,1.0,0.2102406964037735,0.04420115042434366,0.07646051959198057,0.5981690066007548,SUAVE,True,True
FOODS_3_753,FOODS_3,FOODS,5.324455128205129,308541.5257692308,51,1.0,0.4911320436084197,0.2412106842589827,0.3803997737614832,0.8182925922979859,SUAVE,True,True
FOODS_3_754,FOODS_3,FOODS,6.074886429819452,36182.023576004656,26,1.9615384615384615,0.15587468994805564,0.02429691896640248,0.3511994001544097,0.9625665800982846,INTERMITENTE,True,False
FOODS_3_755,FOODS_3,FOODS,1.0499539007092198,97467.22060283687,49,1.0408163265306123,0.5943286214824093,0.3532265103131809,0.23847740925641386,0.7633733091975836,SUAVE,True,True
FOODS_3_756,FOODS_3,FOODS,2.6151997146932957,294351.1886875892,51,1.0,0.18665852624928833,0.03484140542155626,0.04980008658043389,0.7983351268091639,SUAVE,True,True
FOODS_3_757,FOODS_3,FOODS,2.5823713170039047,156677.63254526092,51,1.0,0.9903891662991937,0.980870700722812,0.3444102203734897,0.7106602741581571,ERRATICO,True,True
FOODS_3_758,FOODS_3,FOODS,2.4529550511793503,10675.260382732533,37,1.3783783783783783,0.5286696672690038,0.27949161709031917,0.6408974762372934,0.7121410788813638,INTERMITENTE,True,False
FOODS_3_759,FOODS_3,FOODS,2.833437967115097,33057.72076233183,21,2.4285714285714284,0.23075763714927158,0.053249087102714886,1.0676298759603604,0.9172094464804329,INTERMITENTE,False,False
FOODS_3_760,FOODS_3,FOODS,2.874733420026008,84974.24516254877,5,10.2,0.4810319215904055,0.231391709588958,,0.9348759817679815,INTERMITENTE,False,False
FOODS_3_761,FOODS_3,FOODS,1.993827751196172,31652.01555023923,28,1.8214285714285714,0.25668475704722304,0.06588706450039192,0.18890465923242908,0.9489675801819768,INTERMITENTE,True,False
FOODS_3_762,FOODS_3,FOODS,3.613191645291316,21809.224770978384,49,1.0408163265306123,0.2748316996606692,0.0755324631383723,0.13154829606674603,0.8134989364458016,SUAVE,True,True
FOODS_3_763,FOODS_3,FOODS,3.582601948754962,24795.188087333092,48,1.0625,0.9755297135216996,0.9516582219637293,0.3176846457774252,0.7046204213281418,ERRATICO,True,True
FOODS_3_764,FOODS_3,FOODS,2.969302325581395,456666.82046511624,41,1.2439024390243902,0.2832073133395449,0.08020638232900316,0.2465302033957382,0.8410593263703143,SUAVE,True,True
FOODS_3_765,FOODS_3,FOODS,2.8797120511909,61476.09286882333,51,1.0,0.17545943278426693,0.030786012552976683,0.06882306673184481,0.5363105764897559,SUAVE,True,True
FOODS_3_766,FOODS_3,FOODS,2.807198153409091,40300.13669034091,51,1.0,0.3771688861195437,0.1422563686566573,0.15083490070093306,0.7242383657800662,SUAVE,True,True
FOODS_3_767,FOODS_3,FOODS,0.9779739035882566,94897.69773468649,51,1.0,0.5277100947455877,0.27847794409639715,0.402353179871706,0.6854881394183554,SUAVE,True,True
FOODS_3_768,FOODS_3,FOODS,1.9218624891209743,31547.372758920796,13,3.923076923076923,0.3717461482346848,0.13819519872732428,,0.9214168270901264,INTERMITENTE,False,False
FOODS_3_769,FOODS_3,FOODS,1.217689299680057,90451.17886953431,47,1.0851063829787233,0.8365863737899587,0.6998767608110325,0.19431799341225894,0.7929599432331316,ERRATICO,True,True
FOODS_3_770,FOODS_3,FOODS,3.975777777777778,56762.17933333334,29,1.7586206896551724,0.35302938799843325,0.12462974879054833,0.21019081719278848,0.8768907639508946,INTERMITENTE,True,False
FOODS_3_771,FOODS_3,FOODS,2.492888684452622,46018.7251149954,37,1.3783783783783783,0.39225547387613136,0.15386435678578836,0.27103310353528487,0.9097898024863781,INTERMITENTE,True,False
FOODS_3_772,FOODS_3,FOODS,5.298849557522124,215419.42991150444,51,1.0,0.5472580090404129,0.2994913284588766,0.3907560745467471,0.8210214642793174,SUAVE,True,True
FOODS_3_773,FOODS_3,FOODS,4.976577355229041,21648.11149524633,13,3.923076923076923,0.28763298718665437,0.08273273531791807,,0.9554092971999916,INTERMITENTE,False,False
FOODS_3_774,FOODS_3,FOODS,6.337202692595363,71033.70498130142,49,1.0408163265306123,0.5973820049191814,0.3568652598012608,0.2157987109102896,0.8437375168442873,SUAVE,True,True
FOODS_3_775,FOODS_3,FOODS,3.583295638126009,41437.23075928917,51,1.0,0.12568772273454473,0.015797403646195793,0.1053236559546155,0.36053085076387575,SUAVE,True,True
FOODS_3_776,FOODS_3,FOODS,2.9776228209191755,46477.71461172741,16,3.1875,0.4905139088757339,0.24060389480055175,3.3166247903554,0.8165472176280606,INTERMITENTE,False,False
FOODS_3_777,FOODS_3,FOODS,2.977828947368421,13772.458881578948,9,5.666666666666667,0.38165754479626685,0.14566248149991443,,0.872208270578657,INTERMITENTE,False,False
FOODS_3_778,FOODS_3,FOODS,2.0909105892047792,12656.28179645653,48,1.0625,0.2803328714575936,0.07858651881965971,0.24588354825486894,0.6503443410708198,SUAVE,True,True
FOODS_3_779,FOODS_3,FOODS,2.4790688705234163,9209.740853994492,28,1.8214285714285714,0.3408823440810711,0.11620077250620575,0.48928827423225074,0.8470955933772479,INTERMITENTE,True,False
FOODS_3_780,FOODS_3,FOODS,2.967428571428571,20516.80114285714,9,5.666666666666667,0.47133720053642875,0.22215875660951764,,0.8003946262828461,INTERMITENTE,False,False
FOODS_3_781,FOODS_3,FOODS,2.3967513069454816,34314.28846153846,51,1.0,0.390921149082006,0.15281934479959594,0.0957865175143761,0.8386903796362558,SUAVE,True,True
FOODS_3_782,FOODS_3,FOODS,2.5965957446808514,170354.8570212766,51,1.0,0.3774561888862272,0.1424731745285152,0.20808176186537974,0.622708388520607,SUAVE,True,True
FOODS_3_783,FOODS_3,FOODS,5.32156450463293,337014.68007840344,51,1.0,0.5177462823703828,0.26806121290835216,0.44788007579346656,0.7218494064773382,SUAVE,True,True
FOODS_3_784,FOODS_3,FOODS,1.3012517730496451,23279.39421985815,44,1.1590909090909092,0.48571707071570286,0.23592107278464308,0.2682280359256235,0.6303231703591324,SUAVE,True,True
FOODS_3_785,FOODS_3,FOODS,3.0889010989010988,383138.0256043956,51,1.0,0.3377368789696142,0.11406619941613581,0.10949140198888144,0.7702381584998194,SUAVE,True,True
FOODS_3_786,FOODS_3,FOODS,1.9821120228326792,59082.795176596504,51,1.0,0.5455731281945978,0.29765003820803904,0.2750057903400405,0.9042705986650894,SUAVE,True,True
FOODS_3_787,FOODS_3,FOODS,2.2370980392156863,125503.43709803921,40,1.275,0.6170489629698344,0.380749422702148,0.4212362726067759,0.7858750052930178,SUAVE,True,True
FOODS_3_788,FOODS_3,FOODS,3.76942044636429,110085.9241360691,50,1.02,0.4540426285725179,0.20615470856104148,0.1785626155479733,0.5529986626720556,SUAVE,True,True
FOODS_3_789,FOODS_3,FOODS,1.4891421991940126,98569.30044905008,27,1.8888888888888888,0.2972195802670798,0.08833947889413908,0.3262578005497039,0.9040368147057714,INTERMITENTE,True,False
FOODS_3_790,FOODS_3,FOODS,2.48532582461786,6310.242268704746,16,3.1875,0.37610322065219653,0.14145363258495483,3.3166247903554007,0.9099700902744994,INTERMITENTE,False,False
FOODS_3_791,FOODS_3,FOODS,2.492652771198484,30068.87037896731,36,1.4166666666666667,0.2744486445037359,0.075322058469938,0.2651236747021323,0.9160524728638548,INTERMITENTE,True,False
FOODS_3_792,FOODS_3,FOODS,1.0,78868.0,51,1.0,0.2861262019239536,0.08186820342742707,0.12845684003485983,0.8220864485315519,SUAVE,True,True
FOODS_3_793,FOODS_3,FOODS,2.9785283687943265,88638.02572695036,51,1.0,0.2183749494642713,0.04768761855352305,0.10884373741201142,0.3057679836734357,SUAVE,True,True
FOODS_3_794,FOODS_3,FOODS,2.7993255236066736,66405.6000709975,51,1.0,0.3321673101574958,0.11033512193726601,0.12034221542077188,0.6338667467919201,SUAVE,True,True
FOODS_3_795,FOODS_3,FOODS,2.975017301038062,86037.50034602075,20,2.55,0.27726686954226654,0.07687691694576824,1.2902341943284497,0.9777650009993,INTERMITENTE,False,False
FOODS_3_796,FOODS_3,FOODS,2.9279946879150067,7782.609880478088,4,12.75,0.07350182268198253,0.005402517937573602,,0.7142125469403007,INTERMITENTE,False,False
FOODS_3_797,FOODS_3,FOODS,4.00891156462585,70512.74551020408,49,1.0408163265306123,0.5333570051323246,0.2844696949237226,0.27430934020976805,0.8775554156846765,SUAVE,True,True
FOODS_3_798,FOODS_3,FOODS,1.98,6585.48,27,1.8888888888888888,0.2702420275132833,0.07303075343449017,0.3241319422658783,0.8968044003390165,INTERMITENTE,True,False
FOODS_3_799,FOODS_3,FOODS,2.100469918120328,6597.576012815951,51,1.0,0.3874237447840877,0.1500971580225259,0.2872106154632742,0.7421802286888802,SUAVE,True,True
FOODS_3_800,FOODS_3,FOODS,2.133427146419665,192435.12860705378,51,1.0,0.6427544823898321,0.413133324632221,0.10046678253969583,0.9225156579159342,SUAVE,True,True
FOODS_3_801,FOODS_3,FOODS,1.0,57560.0,42,1.2142857142857142,0.2903278997111214,0.08429028935067095,0.21110871438402062,0.763937849481707,SUAVE,True,True
FOODS_3_802,FOODS_3,FOODS,1.6799999999999995,14918.399999999996,50,1.02,0.3188905009383091,0.10169115158868573,0.2601832230755536,0.6153310297343221,SUAVE,True,True
FOODS_3_803,FOODS_3,FOODS,0.9996836313617606,15308.15544704264,25,2.04,0.32244223854015885,0.1039689971947887,0.43914856639201066,0.8955877087259665,INTERMITENTE,True,False
FOODS_3_804,FOODS_3,FOODS,1.88,378130.04,51,1.0,0.2651178323692954,0.07028746504019383,0.1573367175771977,0.8380107545964184,SUAVE,True,True
FOODS_3_805,FOODS_3,FOODS,1.0,33613.0,50,1.02,0.2382568221083802,0.05676631328118433,0.18113664498283152,0.6420822237006021,SUAVE,True,True
FOODS_3_806,FOODS_3,FOODS,2.467915567282322,10468.89783641161,19,2.6842105263157894,0.7730279754958357,0.5975722508991903,1.1036931110138197,0.6487346684864719,CON PICOS,True,False
FOODS_3_807,FOODS_3,FOODS,1.979886524822695,116225.27866666667,51,1.0,0.21582486543442508,0.046580372539787696,0.13962740648940042,0.4906904685445854,SUAVE,True,True
FOODS_3_808,FOODS_3,FOODS,0.98096762717894,276202.22607612953,51,1.0,0.542825999939174,0.29466006620996416,0.4379962231423363,0.752930570655102,SUAVE,True,True
FOODS_3_809,FOODS_3,FOODS,1.0,66873.0,43,1.186046511627907,0.2850642478094695,0.08126162537917862,0.20933578126651414,0.7455099577360886,SUAVE,True,True
FOODS_3_810,FOODS_3,FOODS,2.4948264692272093,46688.182545118,37,1.3783783783783783,0.3709788666524619,0.1376253195027451,0.26230621533870496,0.8957615850489978,INTERMITENTE,True,False
FOODS_3_811,FOODS_3,FOODS,1.8705918727915192,334585.28591872787,40,1.275,0.29274068079960475,0.08569710619501608,0.14238701762433995,0.8828104553907936,SUAVE,True,True
FOODS_3_812,FOODS_3,FOODS,2.827943262411347,74982.91560283687,51,1.0,0.26763229362484536,0.07162704459089544,0.08708142260926353,0.6523094069269776,SUAVE,True,True
FOODS_3_813,FOODS_3,FOODS,4.501877934272301,25638.19483568075,10,5.1,0.408813066988963,0.16712812374092237,,0.833002303846476,INTERMITENTE,False,False
FOODS_3_814,FOODS_3,FOODS,1.7877037933817592,71697.64833736884,44,1.1590909090909092,0.29068367270432544,0.0844969975768754,0.25830887058649565,0.9085153638080434,SUAVE,True,True
FOODS_3_815,FOODS_3,FOODS,2.4740143964562566,10687.742192691028,28,1.8214285714285714,0.340698199066036,0.11607526284684029,0.5057042084102229,0.8959647780435134,INTERMITENTE,True,False
FOODS_3_816,FOODS_3,FOODS,0.2025733041575492,19113.196393873084,40,1.275,0.26491369856782726,0.07017926768888565,0.1186828150147198,0.8445621803866875,SUAVE,True,True
FOODS_3_817,FOODS_3,FOODS,2.822230113636364,36722.85823863637,51,1.0,0.3274312885114675,0.10721124869627989,0.07829842799803033,0.7252897134794106,SUAVE,True,True
FOODS_3_818,FOODS_3,FOODS,2.98,107026.7,36,1.4166666666666667,0.208001826264198,0.043264759729241604,0.2913879167578259,0.9724751576329062,INTERMITENTE,True,False
FOODS_3_819,FOODS_3,FOODS,1.9829131054131053,75818.66549857549,51,1.0,0.5875082035134694,0.34516588919562424,0.2056437359119295,0.9085161981489756,SUAVE,True,True
FOODS_3_820,FOODS_3,FOODS,1.9704778420038536,60290.710531791905,51,1.0,0.2669788219478849,0.07127769136868044,0.16394205704445072,0.8274771650293226,SUAVE,True,True
FOODS_3_821,FOODS_3,FOODS,4.979134495641345,33997.530336239106,26,1.9615384615384615,0.3513719750050691,0.12346226481896291,0.45099308908429764,0.9633784945968563,INTERMITENTE,True,False
FOODS_3_822,FOODS_3,FOODS,3.876719858156029,225667.7396631206,47,1.0851063829787233,0.6097018579718665,0.37173635561434604,0.388482408685642,0.6798999936247665,SUAVE,True,True
FOODS_3_823,FOODS_3,FOODS,2.795198221563542,43101.956576509816,38,1.3421052631578947,0.5721676305018522,0.327375797394104,0.3563201585945353,0.7709394043129766,INTERMITENTE,True,False
FOODS_3_824,FOODS_3,FOODS,2.5211418439716318,21031.365262411353,49,1.0408163265306123,0.39200792939665563,0.15367021670985334,0.2487282577647752,0.8186279318282647,SUAVE,True,True
FOODS_3_825,FOODS_3,FOODS,4.107855875044374,55669.662818601355,47,1.0851063829787233,0.5509157071025969,0.3035081163323543,0.22718968830516087,0.7529357552147017,SUAVE,True,True
FOODS_3_826,FOODS_3,FOODS,1.2798304058146577,15702.239248940035,25,2.04,0.16393426124388136,0.02687444200957714,0.47750348461533326,0.9648965947487601,INTERMITENTE,True,False
FOODS_3_827,FOODS_3,FOODS,0.9995247148288974,11516.523764258556,14,3.642857142857143,0.23571955622197227,0.05556370918548355,,0.9168173365787534,INTERMITENTE,False,False
HOBBIES_1_001,HOBBIES_1,HOBBIES,8.298075916230365,34204.66892670157,22,2.3181818181818183,0.21461627757832982,0.046060146601578714,0.9543071863669742,0.9588616182507549,INTERMITENTE,False,False
HOBBIES_1_002,HOBBIES_1,HOBBIES,3.9674586244943,20118.982684810595,48,1.0625,0.41292686664583705,0.1705085971979489,0.43827562074046406,0.29087734859011544,SUAVE,True,True
HOBBIES_1_003,HOBBIES_1,HOBBIES,2.965733445096396,4297.347761944678,15,3.4,0.4373494268193859,0.19127452113924537,,0.8085323849312432,INTERMITENTE,False,False
HOBBIES_1_004,HOBBIES_1,HOBBIES,4.502844889206576,176696.13629735526,51,1.0,0.17092721030088662,0.02921611122124352,0.09666700089536398,0.6431865515037491,SUAVE,True,True
HOBBIES_1_005,HOBBIES_1,HOBBIES,2.8809022556390977,42248.43157894737,48,1.0625,0.34400085395582114,0.11833658752233418,0.35253950109090376,0.7273379919824647,SUAVE,True,True
HOBBIES_1_006,HOBBIES_1,HOBBIES,1.0017207207207208,13137.567252252253,38,1.3421052631578947,0.23012768699001052,0.052958752319372256,0.11916579454026772,0.9454869900761663,INTERMITENTE,True,False
HOBBIES_1_007,HOBBIES_1,HOBBIES,7.880229197807672,23853.453781763823,34,1.5,0.29671473293455325,0.08803963274042326,0.4776153292619714,0.9487228116931589,INTERMITENTE,True,False
HOBBIES_1_008,HOBBIES_1,HOBBIES,0.4758970641536789,41733.31714389272,51,1.0,0.403569304009762,0.1628681831389237,0.15051509156400067,0.7954487090538753,SUAVE,True,True
HOBBIES_1_009,HOBBIES_1,HOBBIES,1.72247608535688,27001.535114054448,51,1.0,0.15388991359725815,0.023682105506971578,0.06305629459610855,0.5241229629806422,SUAVE,True,True
HOBBIES_1_010,HOBBIES_1,HOBBIES,2.97468085106383,34836.48744680851,51,1.0,0.17134936694932326,0.029360605553933834,0.09591009334781678,0.6750988021185776,SUAVE,True,True
HOBBIES_1_011,HOBBIES_1,HOBBIES,3.48,5230.44,37,1.3783783783783783,0.3431232553626866,0.11773356837068745,0.26635979901832274,0.9103686617575072,INTERMITENTE,True,False
HOBBIES_1_012,HOBBIES_1,HOBBIES,6.472092940759134,47375.72032635686,51,1.0,0.3502079475764935,0.12264560654574001,0.08837619782463658,0.9355441823836715,SUAVE,True,True
HOBBIES_1_013,HOBBIES_1,HOBBIES,1.97,8699.52,35,1.457142857142857,0.2999887285406395,0.0899932372514295,0.3023457431785461,0.899481793032946,INTERMITENTE,True,False
HOBBIES_1_014,HOBBIES_1,HOBBIES,1.008115823817292,37745.87267536705,43,1.186046511627907,0.35374359680941597,0.12513453228366264,0.19339685002035614,0.9717756461429997,SUAVE,True,True
HOBBIES_1_015,HOBBIES_1,HOBBIES,0.7078949236776713,59856.05527156549,51,1.0,0.2196885454265707,0.04826305699164242,0.10430106666103067,0.6882109365761452,SUAVE,True,True
HOBBIES_1_016,HOBBIES_1,HOBBIES,0.7095616241466043,42501.3221631333,51,1.0,0.1578809036548452,0.024926379738870512,0.05032599701786087,0.6008162966150196,SUAVE,True,True
HOBBIES_1_017,HOBBIES_1,HOBBIES,1.947361325115562,28406.1596494607,51,1.0,0.25393705466344135,0.0644840277311436,0.1419100935333871,0.7208246352737134,SUAVE,True,True
HOBBIES_1_018,HOBBIES_1,HOBBIES,11.821699463327372,15249.99230769231,28,1.8214285714285714,0.4610748612761609,0.212590027700831,0.49734289361762096,0.8446167870093547,INTERMITENTE,True,False
HOBBIES_1_019,HOBBIES_1,HOBBIES,0.4718666666666666,25166.536799999998,43,1.186046511627907,0.6081387409743289,0.36983272827384184,0.16678165037272916,0.9317345173158815,SUAVE,True,True
HOBBIES_1_020,HOBBIES_1,HOBBIES,12.193680781758957,54639.883583061885,51,1.0,0.2832965389905064,0.0802569290039995,0.053804607164058056,0.8021719598695223,SUAVE,True,True
HOBBIES_1_021,HOBBIES_1,HOBBIES,11.813631386861315,79931.02996350366,48,1.0625,0.6335384697328625,0.4013709926314572,0.6579408461394475,0.7666864891028242,SUAVE,True,True
HOBBIES_1_022,HOBBIES_1,HOBBIES,7.141414893617021,52525.10654255319,51,1.0,0.30449458440145766,0.09271695192981642,0.14315225115629485,0.89177161537066,SUAVE,True,True
HOBBIES_1_023,HOBBIES_1,HOBBIES,3.4228581560283686,71452.1640070922,51,1.0,0.5134151875108814,0.26359515476683354,0.26689609601522674,0.9124592830212359,SUAVE,True,True
HOBBIES_1_024,HOBBIES_1,HOBBIES,8.864651837524178,33818.64676015474,35,1.457142857142857,0.20824405227371218,0.04336558530737657,0.27661495964932215,0.9544626207080271,INTERMITENTE,True,False
HOBBIES_1_025,HOBBIES_1,HOBBIES,3.893988483685221,31615.292499040308,51,1.0,0.34024283184602944,0.11576518462260546,0.10477646020681054,0.7235104015820002,SUAVE,True,True
HOBBIES_1_026,HOBBIES_1,HOBBIES,17.93772727272727,61795.470454545444,24,2.125,0.3049790272465642,0.09301220706026056,0.8231924903985229,0.979368290451385,INTERMITENTE,True,False
HOBBIES_1_027,HOBBIES_1,HOBBIES,19.970008176614883,40738.81668029436,15,3.4,0.404331930471709,0.16348430999897892,,0.890445523628032,INTERMITENTE,False,False
HOBBIES_1_028,HOBBIES_1,HOBBIES,7.684248226950356,62834.09775177306,51,1.0,0.25592880200894214,0.0654995516977323,0.05173088641732739,0.882196577056335,SUAVE,True,True
HOBBIES_1_029,HOBBIES_1,HOBBIES,8.456667855868712,153776.04829111666,51,1.0,0.21294369185032924,0.04534501589884798,0.058171208287054736,0.48768422077611906,SUAVE,True,True
HOBBIES_1_030,HOBBIES_1,HOBBIES,0.7157676969092721,21369.244591226317,34,1.5,0.3496605413425172,0.12226249417194215,0.3510686997471072,0.9602198300199312,INTERMITENTE,True,False
HOBBIES_1_031,HOBBIES_1,HOBBIES,10.97904508342208,66994.13309904153,51,1.0,0.2066236378836389,0.042693327732269144,0.08576716895753368,0.7313617216449815,SUAVE,True,True
HOBBIES_1_032,HOBBIES_1,HOBBIES,0.5597198581560283,35531.57631560283,50,1.02,0.3935227752936661,0.1548601746748292,0.14710509200294353,0.7767499373148941,SUAVE,True,True
HOBBIES_1_033,HOBBIES_1,HOBBIES,16.115634517766498,40627.514619289344,20,2.55,0.25534124617254444,0.06519915199694794,1.2250073485964181,0.9430750265893474,INTERMITENTE,False,False
HOBBIES_1_034,HOBBIES_1,HOBBIES,4.800958363244796,43501.48372936109,51,1.0,0.3204728530881507,0.10270284956645943,0.2779495096187925,0.7302855613125877,SUAVE,True,True
HOBBIES_1_035,HOBBIES_1,HOBBIES,2.0235328185328183,6226.410482625482,46,1.108695652173913,0.21620703721592732,0.046745482941689384,0.23356414504189443,0.7197153084312546,SUAVE,True,True
HOBBIES_1_036,HOBBIES_1,HOBBIES,1.0648587772613516,11205.508913121203,51,1.0,0.225943680997515,0.05105054698270682,0.10852857317249641,0.5975284888006941,SUAVE,True,True
HOBBIES_1_037,HOBBIES_1,HOBBIES,12.907402422611035,181542.61507402422,36,1.4166666666666667,0.1738087357058983,0.03020947660768281,0.14454980011022459,0.9023726433283373,INTERMITENTE,True,False
HOBBIES_1_038,HOBBIES_1,HOBBIES,3.206028368794326,19047.01453900709,51,1.0,0.15018837508370153,0.022556548010282618,0.09265177274881646,0.4642943559852327,SUAVE,True,True
HOBBIES_1_039,HOBBIES_1,HOBBIES,5.879125,10117.974125,37,1.3783783783783783,0.2461837721654012,0.06060644967758616,0.18891161488252184,0.8916956678635145,INTERMITENTE,True,False
HOBBIES_1_040,HOBBIES_1,HOBBIES,12.92361229314421,203714.90057683218,35,1.457142857142857,0.46710760538609236,0.21818951500952938,0.2612283085018506,0.8836863878742421,INTERMITENTE,True,False
HOBBIES_1_041,HOBBIES_1,HOBBIES,3.977207275483137,25211.516919287606,48,1.0625,0.2670105121143089,0.07129461357954549,0.15624857807073841,0.8177156946826201,SUAVE,True,True
HOBBIES_1_042,HOBBIES_1,HOBBIES,7.647632359169844,56936.622914019485,41,1.2439024390243902,0.36174006744913223,0.13085587639810273,0.08999759634252875,0.9214140515860533,SUAVE,True,True
HOBBIES_1_043,HOBBIES_1,HOBBIES,0.7082663771263119,35580.46972131741,51,1.0,0.24544913222939857,0.06024527651216478,0.059453212409524385,0.796656147288669,SUAVE,True,True
HOBBIES_1_044,HOBBIES_1,HOBBIES,1.4805656350053362,16512.748527214513,51,1.0,0.3474577869753809,0.12072691372982916,0.1297815137305829,0.8734626949961255,SUAVE,True,True
HOBBIES_1_045,HOBBIES_1,HOBBIES,10.58,11066.68,9,5.666666666666667,0.2957121849903447,0.08744569635176383,,0.927863800834395,INTERMITENTE,False,False
HOBBIES_1_046,HOBBIES_1,HOBBIES,18.884484536082475,42490.09020618557,5,10.2,0.3801330395556739,0.14450112776183555,,0.9208768801427317,INTERMITENTE,False,False
HOBBIES_1_047,HOBBIES_1,HOBBIES,1.7218264014466549,25085.288842676317,51,1.0,0.244390598259362,0.05972676451756887,0.13722051720929296,0.7416607171081779,SUAVE,True,True
HOBBIES_1_048,HOBBIES_1,HOBBIES,0.4701808118081181,35846.114911439116,50,1.02,0.623353070742116,0.38856905080362547,0.24668171176070222,0.9116079643173722,SUAVE,True,True
HOBBIES_1_049,HOBBIES_1,HOBBIES,8.040034453057709,35078.67031869078,40,1.275,0.541062779313631,0.29274893115859096,0.11631670936303365,0.8884569243679432,SUAVE,True,True
HOBBIES_1_050,HOBBIES_1,HOBBIES,10.369092864826102,90314.79885263536,51,1.0,0.2264015001147411,0.051257639254205116,0.08688639301084741,0.8012498216056267,SUAVE,True,True
HOBBIES_1_051,HOBBIES_1,HOBBIES,5.98,15506.140000000001,25,2.04,0.22711716184653843,0.05158220520522673,0.5620866042089195,0.9592492425306679,INTERMITENTE,True,False
HOBBIES_1_052,HOBBIES_1,HOBBIES,5.879101930848676,5279.433533902111,39,1.3076923076923077,0.33321316557524344,0.1110310137126746,0.19051835648022275,0.7575867948143548,SUAVE,True,True
HOBBIES_1_053,HOBBIES_1,HOBBIES,3.9693990384615385,12769.55670673077,25,2.04,0.26997197061222483,0.07288486491624799,0.5298957115179573,0.9300905804411834,INTERMITENTE,True,False
HOBBIES_1_054,HOBBIES_1,HOBBIES,2.9688999447208406,2876.8640464344944,25,2.04,0.4361291441961438,0.19020863041726077,1.237299111334479,0.7234912476294776,INTERMITENTE,True,False
HOBBIES_1_055,HOBBIES_1,HOBBIES,8.473406951484431,172959.18269370022,51,1.0,0.27867917764648453,0.07766208405372088,0.07501655053458506,0.6708851743490047,SUAVE,True,True
HOBBIES_1_056,HOBBIES_1,HOBBIES,0.94,18992.7,27,1.8888888888888888,0.29276264955348913,0.08570996897357909,0.4266397825211233,0.9432261675600314,INTERMITENTE,True,False
HOBBIES_1_057,HOBBIES_1,HOBBIES,4.836798457087753,44048.723548698166,35,1.457142857142857,0.2954107356047651,0.08726750271054844,0.3902297523456024,0.9332889420125395,INTERMITENTE,True,False
HOBBIES_1_058,HOBBIES_1,HOBBIES,8.438004987531173,42941.00738154614,51,1.0,0.33245922482345147,0.11052913617021025,0.18533526873675457,0.7672423963114244,SUAVE,True,True
HOBBIES_1_060,HOBBIES_1,HOBBIES,29.662547124214598,101979.8370130498,35,1.457142857142857,0.2718219634856815,0.07388717983321116,0.34637212403321677,0.9450776448779367,INTERMITENTE,True,False
HOBBIES_1_061,HOBBIES_1,HOBBIES,2.795385983635717,19366.434094628246,51,1.0,0.15489380088055274,0.02399208955122432,0.09218377826683759,0.13800372518062165,SUAVE,True,True
HOBBIES_1_062,HOBBIES_1,HOBBIES,0.97,1105.8,24,2.125,0.3612065154331858,0.1304701467913843,0.7899724608626263,0.8799191933982738,INTERMITENTE,True,False
HOBBIES_1_063,HOBBIES_1,HOBBIES,5.34815158546017,25665.779458623354,51,1.0,0.24982272213021234,0.06241139249254928,0.12406366321092117,0.802211742160575,SUAVE,True,True
HOBBIES_1_064,HOBBIES_1,HOBBIES,12.88073470865002,255283.28119073476,50,1.02,0.2560039581807835,0.06553802660422833,0.07049992413592208,0.7566124202026597,SUAVE,True,True
HOBBIES_1_065,HOBBIES_1,HOBBIES,4.88,6900.32,37,1.3783783783783783,0.2600856011732009,0.06764451993762532,0.2515311809657368,0.876568336729061,INTERMITENTE,True,False
HOBBIES_1_066,HOBBIES_1,HOBBIES,1.2493386243386244,3688.0476190476193,22,2.3181818181818183,0.35714991068935864,0.12755605870541686,0.9533765447295937,0.923285603054794,INTERMITENTE,False,False
HOBBIES_1_067,HOBBIES_1,HOBBIES,0.5532411347517731,36213.50495744681,51,1.0,0.42470544824213774,0.18037471776655514,0.11391174630310048,0.7980437567131786,SUAVE,True,True
HOBBIES_1_068,HOBBIES_1,HOBBIES,6.973343994314144,67969.18391257996,51,1.0,0.3302375368891695,0.1090568307706256,0.19346881657278686,0.7527819071479978,SUAVE,True,True
HOBBIES_1_069,HOBBIES_1,HOBBIES,13.520236768802228,44332.8563649025,42,1.2142857142857142,0.24231295348135315,0.05871556742485642,0.1496416329527221,0.8977041936257463,SUAVE,True,True
HOBBIES_1_070,HOBBIES_1,HOBBIES,5.879532491818607,8901.612192613371,36,1.4166666666666667,0.24088953461893783,0.05802776788892845,0.29613434627477303,0.8232761848437014,INTERMITENTE,True,False
HOBBIES_1_072,HOBBIES_1,HOBBIES,1.97,20909.579999999998,51,1.0,0.31885841454544867,0.1016706885264372,0.21420830420949472,0.6600530543140609,SUAVE,True,True
HOBBIES_1_073,HOBBIES_1,HOBBIES,5.349928800284799,60389.99629761481,51,1.0,0.09513057224894222,0.009049825776411216,0.058189998627345044,0.04722823066557692,SUAVE,True,True
HOBBIES_1_074,HOBBIES_1,HOBBIES,3.669831130690161,97423.0070264317,51,1.0,0.12646279548919562,0.015992838642942115,0.04202094453540868,0.7191273619717445,SUAVE,True,True
HOBBIES_1_075,HOBBIES_1,HOBBIES,6.97437522249911,48374.26654325383,50,1.02,0.24920928203174053,0.062105266250775594,0.15097790698463728,0.6224836420362548,SUAVE,True,True
HOBBIES_1_076,HOBBIES_1,HOBBIES,3.2689281886387995,33993.584233654874,51,1.0,0.34755834924369755,0.12079680612900404,0.30485753696004164,0.7514940009204822,SUAVE,True,True
HOBBIES_1_077,HOBBIES_1,HOBBIES,9.856034404708012,31953.263540063377,21,2.4285714285714284,0.31936756768941793,0.10199564329185494,0.24539371826629214,0.9330971267163295,INTERMITENTE,True,False
HOBBIES_1_078,HOBBIES_1,HOBBIES,12.466051883439944,224463.73021321962,49,1.0408163265306123,0.4183629470061777,0.17502755542769385,0.24761013620922126,0.5781724112460214,SUAVE,True,True
HOBBIES_1_079,HOBBIES_1,HOBBIES,8.087245296414626,86064.46444444444,51,1.0,0.22180969951043294,0.04919954279690856,0.10124909936624556,0.7739678781298087,SUAVE,True,True
HOBBIES_1_080,HOBBIES_1,HOBBIES,0.5518998579545454,21020.20988991477,51,1.0,0.4434851743316268,0.19667909985195342,0.1280504817663639,0.7447835968720719,SUAVE,True,True
HOBBIES_1_081,HOBBIES_1,HOBBIES,14.72,71789.44,23,2.217391304347826,0.24411751053236164,0.059593358948517694,0.844055970676612,0.9485781814016024,INTERMITENTE,False,False
HOBBIES_1_082,HOBBIES_1,HOBBIES,3.847434257285004,10919.018422174842,51,1.0,0.32397578133098026,0.10496030688901914,0.14284126921131426,0.6791557165844292,SUAVE,True,True
HOBBIES_1_083,HOBBIES_1,HOBBIES,16.95326994189118,35771.39957739039,30,1.7,0.43172831554344837,0.18638933844198333,0.333417306966945,0.8533357699787909,INTERMITENTE,True,False
HOBBIES_1_084,HOBBIES_1,HOBBIES,4.243387726144023,51608.08152536361,51,1.0,0.4182426025344198,0.17492687457476466,0.19656535891904178,0.7863090892111276,SUAVE,True,True
HOBBIES_1_085,HOBBIES_1,HOBBIES,14.723862068965516,117599.48634482759,34,1.5,0.3817636854697535,0.14574351154344886,0.37054445304333294,0.9471353989413563,INTERMITENTE,True,False
HOBBIES_1_086,HOBBIES_1,HOBBIES,8.367645390070921,102813.2589078014,51,1.0,0.28453466901845875,0.08095997787344388,0.1251141939860391,0.6672588491053904,SUAVE,True,True
HOBBIES_1_087,HOBBIES_1,HOBBIES,12.584966313763234,175157.5611549567,35,1.457142857142857,0.21745986656930405,0.047288793568339524,0.3343825337908697,0.9397863630915466,INTERMITENTE,True,False
HOBBIES_1_088,HOBBIES_1,HOBBIES,2.57,15864.609999999999,51,1.0,0.26698156845508425,0.07127915789473684,0.18148239186705312,0.5054896269339816,SUAVE,True,True
HOBBIES_1_089,HOBBIES_1,HOBBIES,8.041030058651026,158569.11275659825,51,1.0,0.25256979022687825,0.06379149893524928,0.05774853000865479,0.7908658545807362,SUAVE,True,True
HOBBIES_1_090,HOBBIES_1,HOBBIES,1.018668789808917,21080.33193630573,23,2.217391304347826,0.21696324090663538,0.0470730479047107,0.777511269753503,0.9442504594048596,INTERMITENTE,False,False
HOBBIES_1_091,HOBBIES_1,HOBBIES,0.6921263877028181,2722.1330828351834,14,3.642857142857143,0.2550913913809773,0.06507161795668294,,0.9144452175901389,INTERMITENTE,False,False
HOBBIES_1_092,HOBBIES_1,HOBBIES,2.337503576537911,15729.061566523604,51,1.0,0.16355514769071347,0.026750286336131097,0.056152915824865465,0.5235988959105049,SUAVE,True,True
HOBBIES_1_093,HOBBIES_1,HOBBIES,19.77410714285714,55347.72589285713,35,1.457142857142857,0.210852455611613,0.044458758037447234,0.35104818155576534,0.9360848245067429,INTERMITENTE,True,False
HOBBIES_1_094,HOBBIES_1,HOBBIES,12.963344432112468,48055.117809840915,49,1.0408163265306123,0.29908296406161794,0.08945061939188305,0.26777212920486426,0.5837540181867317,SUAVE,True,True
HOBBIES_1_095,HOBBIES_1,HOBBIES,7.675987654320988,28746.5737654321,39,1.3076923076923077,0.23655644846611618,0.055958953310902275,0.13880753043424557,0.8815443056094968,SUAVE,True,True
HOBBIES_1_097,HOBBIES_1,HOBBIES,4.169882310984308,48012.02492867332,51,1.0,0.1898082858730467,0.036027185386064225,0.08195089546219068,0.7203323045380282,SUAVE,True,True
HOBBIES_1_098,HOBBIES_1,HOBBIES,14.776648936170211,158612.54968085105,43,1.186046511627907,0.6633763748479498,0.44006821470640756,0.34779213947608933,0.8545774647859776,SUAVE,True,True
HOBBIES_1_099,HOBBIES_1,HOBBIES,14.779748226950357,223898.40589007095,45,1.1333333333333333,0.82357356847234,0.6782734226862641,0.5628352800099429,0.8031396885350087,ERRATICO,True,True
HOBBIES_1_100,HOBBIES_1,HOBBIES,11.215720369056069,85183.39620298085,51,1.0,0.40793808750795685,0.16641348323964947,0.25592238815906476,0.8565678182590236,SUAVE,True,True
HOBBIES_1_102,HOBBIES_1,HOBBIES,4.98,9661.2,36,1.4166666666666667,0.42962767824312953,0.18457994191258204,0.38517701684716377,0.9060530819655981,INTERMITENTE,True,False
HOBBIES_1_103,HOBBIES_1,HOBBIES,0.7079929078014184,50334.755780141844,51,1.0,0.17495419847484442,0.030608971563975254,0.06599182811959732,0.7056424145289517,SUAVE,True,True
HOBBIES_1_104,HOBBIES_1,HOBBIES,23.931996557659208,63563.38285714285,14,3.642857142857143,0.3471788223523379,0.12053313468995619,,0.9742696666374444,INTERMITENTE,False,False
HOBBIES_1_105,HOBBIES_1,HOBBIES,6.674309058614565,83001.70745293073,51,1.0,0.13056409844753253,0.017046983803416967,0.05109023552071405,0.5277325724179417,SUAVE,True,True
HOBBIES_1_106,HOBBIES_1,HOBBIES,2.4868193113241035,10036.802740504081,28,1.8214285714285714,0.382938053091985,0.1466415525058799,0.1829185220009557,0.8810199869152588,INTERMITENTE,True,False
HOBBIES_1_107,HOBBIES_1,HOBBIES,3.978756145526057,12453.50673549656,47,1.0851063829787233,0.5410798666985634,0.2927674221465352,0.23441551381941975,0.9097501258622628,SUAVE,True,True
HOBBIES_1_108,HOBBIES_1,HOBBIES,12.770974212034384,247475.93828080228,50,1.02,0.380446749828598,0.14473972945514382,0.24360257995292273,0.8219429513773358,SUAVE,True,True
HOBBIES_1_109,HOBBIES_1,HOBBIES,5.853530303030303,53079.81278787879,51,1.0,0.41712370427992557,0.17399218467220678,0.36221516927305014,0.7933736608961465,SUAVE,True,True
HOBBIES_1_110,HOBBIES_1,HOBBIES,3.67,10837.51,51,1.0,0.17870511931114003,0.03193551966800879,0.08187224703929945,0.2144160816619961,SUAVE,True,True
HOBBIES_1_111,HOBBIES_1,HOBBIES,3.043950573065903,23112.716701289402,51,1.0,0.35800693135228007,0.12816896289627616,0.16631554117931063,0.7911729568122082,SUAVE,True,True
HOBBIES_1_112,HOBBIES_1,HOBBIES,2.6832468916518653,4679.582579040853,38,1.3421052631578947,0.2911762855398225,0.08478362926076824,0.1695797216180648,0.8663109965820189,INTERMITENTE,True,False
HOBBIES_1_113,HOBBIES_1,HOBBIES,1.4693910860012551,3278.2115128688,24,2.125,0.2898411222871739,0.0840078761686885,0.7032426559825076,0.9560121078059197,INTERMITENTE,True,False
HOBBIES_1_114,HOBBIES_1,HOBBIES,5.937798289058982,18519.992863574964,38,1.3421052631578947,0.4183628232831874,0.1750274519054795,0.4506931413473228,0.7709447659498219,INTERMITENTE,True,False
HOBBIES_1_115,HOBBIES_1,HOBBIES,0.6841204948897256,13423.128230231307,25,2.04,0.5166990352598343,0.2669778930384435,0.1667314977660525,0.9150727527772974,INTERMITENTE,True,False
HOBBIES_1_116,HOBBIES_1,HOBBIES,6.47,34498.04,35,1.457142857142857,0.42026612813440273,0.17662361845708222,0.38163488428284564,0.8835737186197061,INTERMITENTE,True,False
HOBBIES_1_117,HOBBIES_1,HOBBIES,12.201750266808968,42864.74868729991,51,1.0,0.18500918057961105,0.03422839689873913,0.07888355302182123,0.4116960456491412,SUAVE,True,True
HOBBIES_1_118,HOBBIES_1,HOBBIES,11.092096831612672,33176.4616233535,51,1.0,0.18131555288936244,0.032875329719575186,0.08061351846328668,0.3844861244470506,SUAVE,True,True
HOBBIES_1_119,HOBBIES_1,HOBBIES,1.7325783289817231,10487.29662532637,22,2.3181818181818183,0.18486457143753904,0.03417490977278497,0.8763059571003206,0.9468096014677617,INTERMITENTE,False,False
HOBBIES_1_120,HOBBIES_1,HOBBIES,10.474436875567664,41478.77002724795,50,1.02,0.5254418992395041,0.2760891894764172,0.20948312604443806,0.900705625769431,SUAVE,True,True
HOBBIES_1_121,HOBBIES_1,HOBBIES,1.04956369982548,4615.981151832461,27,1.8888888888888888,0.3675036606478146,0.13505894058954407,0.4821608184289331,0.8740496617403091,INTERMITENTE,True,False
HOBBIES_1_122,HOBBIES_1,HOBBIES,1.7321498371335504,12679.33680781759,22,2.3181818181818183,0.17205114648883263,0.029601597008121743,0.8935519052358719,0.9423744737679859,INTERMITENTE,False,False
HOBBIES_1_123,HOBBIES_1,HOBBIES,7.916824408468244,46400.50785803238,24,2.125,0.1970407684801351,0.038825064443242206,0.6651653728436412,0.9584095054727894,INTERMITENTE,True,False
HOBBIES_1_124,HOBBIES_1,HOBBIES,5.978924791086351,45081.09292479109,28,1.8214285714285714,0.30309754392287547,0.09186812113207943,0.212526076400743,0.9221902448352827,INTERMITENTE,True,False
HOBBIES_1_125,HOBBIES_1,HOBBIES,11.72876526458616,15446.783853459972,5,10.2,0.5834712242214547,0.34043866949448304,,0.9020625414926413,INTERMITENTE,False,False
HOBBIES_1_126,HOBBIES_1,HOBBIES,9.575205479452055,25345.56890410959,14,3.642857142857143,0.27114500124735824,0.0735196117014299,,0.9859432255357806,INTERMITENTE,False,False
HOBBIES_1_127,HOBBIES_1,HOBBIES,1.0779403409090909,9014.815071022727,51,1.0,0.1818780295909546,0.03307961764788815,0.0799163270179033,0.3324960300164005,SUAVE,True,True
HOBBIES_1_128,HOBBIES_1,HOBBIES,8.512876468494126,40002.00652545389,51,1.0,0.2221496013220762,0.0493504453675574,0.08388288123790565,0.5441689167138448,SUAVE,True,True
HOBBIES_1_129,HOBBIES_1,HOBBIES,4.847641325536062,44535.28085769981,34,1.5,0.1724025954714331,0.029722654925286605,0.3117526709550667,0.93902270023178,INTERMITENTE,True,False
HOBBIES_1_130,HOBBIES_1,HOBBIES,2.664674855491329,31541.75626445086,51,1.0,0.25502723955899115,0.06503889291707905,0.08206246515775843,0.8272739916079817,SUAVE,True,True
HOBBIES_1_131,HOBBIES_1,HOBBIES,0.6838998401704849,13636.278913159298,25,2.04,0.4988458897511692,0.24884722172163568,0.08156893610971121,0.9051382093406498,INTERMITENTE,True,False
HOBBIES_1_132,HOBBIES_1,HOBBIES,4.251489361702127,50622.48382978723,45,1.1333333333333333,0.42438846776205474,0.18010557156942458,0.19213770204070196,0.9094552711821966,SUAVE,True,True
HOBBIES_1_133,HOBBIES_1,HOBBIES,12.62240481927711,53342.28276626507,35,1.457142857142857,0.3006280832597721,0.09037724444444445,0.26239705684176107,0.9397440377659848,INTERMITENTE,True,False
HOBBIES_1_134,HOBBIES_1,HOBBIES,3.621838893409276,201765.40107404394,43,1.186046511627907,0.24442484380017168,0.05974350426673832,0.21080451593583627,0.9358013524009063,SUAVE,True,True
HOBBIES_1_135,HOBBIES_1,HOBBIES,19.80563390847712,38660.597389347335,22,2.3181818181818183,0.44456600852898864,0.1976389359393968,0.9325478601463023,0.9706896166003982,INTERMITENTE,False,False
HOBBIES_1_136,HOBBIES_1,HOBBIES,4.88,5982.88,36,1.4166666666666667,0.27064176289308634,0.07324696382187756,0.3664519698533879,0.7926638399859136,INTERMITENTE,True,False
HOBBIES_1_137,HOBBIES_1,HOBBIES,9.439599148634269,68078.38905995035,47,1.0851063829787233,0.5107590472131665,0.26087480431010157,0.28075380805145256,0.7740612291158878,SUAVE,True,True
HOBBIES_1_138,HOBBIES_1,HOBBIES,5.88,15288.0,38,1.3421052631578947,0.2761056390992161,0.07623432394238656,0.3237759903480096,0.8569947855790104,INTERMITENTE,True,False
HOBBIES_1_139,HOBBIES_1,HOBBIES,2.594794801641587,18249.19183994528,19,2.6842105263157894,0.33617300560992475,0.1130122897008105,1.2370237020742059,0.9067032428067369,INTERMITENTE,False,False
HOBBIES_1_140,HOBBIES_1,HOBBIES,1.0495149035651663,5319.991046171828,26,1.9615384615384615,0.26807222249028134,0.0718627164708789,0.43215449024830793,0.8830792147476365,INTERMITENTE,True,False
HOBBIES_1_141,HOBBIES_1,HOBBIES,14.775173758865249,216042.59070212767,51,1.0,0.9428342370817484,0.8889363986135226,0.552944728255842,0.8011567156616975,ERRATICO,True,True
HOBBIES_1_142,HOBBIES_1,HOBBIES,0.9444799309451876,26676.83564954682,39,1.3076923076923077,0.5360562694439273,0.28735632401014033,0.3316458942989531,0.8515844282184961,SUAVE,True,True
HOBBIES_1_143,HOBBIES_1,HOBBIES,8.524039007092199,69112.90826950355,51,1.0,0.3147736794891709,0.0990824692991513,0.0649492518010621,0.8351349838665661,SUAVE,True,True
HOBBIES_1_144,HOBBIES_1,HOBBIES,11.202875444839858,98271.62340213523,50,1.02,0.3551513251775876,0.12613246377539655,0.19336359042818496,0.8292335799946771,SUAVE,True,True
HOBBIES_1_145,HOBBIES_1,HOBBIES,1.2962268346923649,7703.476078576725,51,1.0,0.34259230287311543,0.11736948598790445,0.17045227259471046,0.3477214866986047,SUAVE,True,True
HOBBIES_1_146,HOBBIES_1,HOBBIES,4.798278921220724,47704.489034776445,51,1.0,0.3594910415850971,0.129233808979938,0.32014667016372556,0.7618302778804965,SUAVE,True,True
HOBBIES_1_147,HOBBIES_1,HOBBIES,10.050397748592871,406950.65523827396,51,1.0,0.44467805235927277,0.19773857025003613,0.21408382784103477,0.891664330491162,SUAVE,True,True
HOBBIES_1_148,HOBBIES_1,HOBBIES,4.88,74049.12,25,2.04,0.11869135799365672,0.01408763846237838,0.4665238957089277,0.968057920793317,INTERMITENTE,True,False
HOBBIES_1_149,HOBBIES_1,HOBBIES,1.5463303498779497,14730.342912937349,46,1.108695652173913,0.30456736888000113,0.09276128218648669,0.28773810265380256,0.683626005968373,SUAVE,True,True
HOBBIES_1_150,HOBBIES_1,HOBBIES,1.7236415362731152,29784.52574679943,51,1.0,0.24621710896143215,0.06062286474532575,0.10128435885623682,0.8438142021125522,SUAVE,True,True
HOBBIES_1_151,HOBBIES_1,HOBBIES,5.149053191489362,65598.93765957447,51,1.0,0.23528067507319886,0.05535699606290018,0.030538050346684917,0.9337430766383424,SUAVE,True,True
HOBBIES_1_152,HOBBIES_1,HOBBIES,5.056783042394016,22795.977955112223,24,2.125,0.3063080768909906,0.093824637968657,0.7077898354849119,0.9371857211901351,INTERMITENTE,True,False
HOBBIES_1_153,HOBBIES_1,HOBBIES,6.182998289136014,169160.6501924722,41,1.2439024390243902,0.3603218494833393,0.1298318352150942,0.11721909837799727,0.8629664974849172,SUAVE,True,True
HOBBIES_1_154,HOBBIES_1,HOBBIES,2.769185774450164,31452.412026204962,36,1.4166666666666667,0.17814964123958427,0.03173729467379258,0.2779241856522042,0.9310283458413963,INTERMITENTE,True,False
HOBBIES_1_155,HOBBIES_1,HOBBIES,18.98,223831.14,22,2.3181818181818183,0.19468103953277566,0.037900707153562155,0.9014340675660745,0.9729172669206234,INTERMITENTE,False,False
HOBBIES_1_156,HOBBIES_1,HOBBIES,1.8540625,8495.314375,14,3.642857142857143,0.19808557584521796,0.039237895357931596,,0.9739826306057058,INTERMITENTE,False,False
HOBBIES_1_157,HOBBIES_1,HOBBIES,11.224580838323352,76439.39550898202,49,1.0408163265306123,0.33373506725633034,0.11137909511658733,0.1973898928724715,0.8670212411528487,SUAVE,True,True
HOBBIES_1_158,HOBBIES_1,HOBBIES,22.077062937062937,554884.8998601398,21,2.4285714285714284,1.5950160298973453,2.544076135629489,3.0608331009044076,0.8425171979936933,CON PICOS,False,False
HOBBIES_1_159,HOBBIES_1,HOBBIES,3.237318035138043,32567.41943348871,51,1.0,0.3390117300700052,0.11492895312505805,0.08629659644945388,0.8016329464510156,SUAVE,True,True
HOBBIES_1_160,HOBBIES_1,HOBBIES,19.77090297790586,86557.01323727185,35,1.457142857142857,0.19963592094468974,0.03985450093143441,0.3428971360834525,0.9181774579031136,INTERMITENTE,True,False
HOBBIES_1_161,HOBBIES_1,HOBBIES,0.6920508474576271,2882.391779661017,14,3.642857142857143,0.2829855602961573,0.08008082733613008,,0.910845851245208,INTERMITENTE,False,False
HOBBIES_1_162,HOBBIES_1,HOBBIES,3.979121800529568,8642.652550750221,39,1.3076923076923077,0.3207576998965442,0.1028855020429215,0.22469470497367694,0.859151071951471,SUAVE,True,True
HOBBIES_1_163,HOBBIES_1,HOBBIES,9.357555317630265,42352.295367594576,51,1.0,0.226359264350751,0.05123851655741317,0.06773054143770764,0.6935569663038286,SUAVE,True,True
HOBBIES_1_164,HOBBIES_1,HOBBIES,8.967712765957447,98115.74537234043,51,1.0,0.1848989774025642,0.03418763184451395,0.08767179425425001,0.6821649168091597,SUAVE,True,True
HOBBIES_1_165,HOBBIES_1,HOBBIES,4.957268842268842,19685.31457264957,49,1.0408163265306123,0.38468452480096077,0.147982183621341,0.09341070226294404,0.8289276341660653,SUAVE,True,True
HOBBIES_1_166,HOBBIES_1,HOBBIES,11.166828543111992,122835.1139742319,28,1.8214285714285714,0.16651555339444496,0.027727429522258252,0.23718421142516866,0.9199977438854089,INTERMITENTE,True,False
HOBBIES_1_167,HOBBIES_1,HOBBIES,0.6836867341502397,15177.161811401173,25,2.04,0.42288201159129934,0.17882919572750383,0.17483322162951842,0.8893124409061802,INTERMITENTE,True,False
HOBBIES_1_168,HOBBIES_1,HOBBIES,4.83,25739.07,13,3.923076923076923,0.20660441182959532,0.04268538298745303,,0.9597985057805106,INTERMITENTE,False,False
HOBBIES_1_169,HOBBIES_1,HOBBIES,0.553124316441852,24583.610244258114,50,1.02,0.3990954462673624,0.15927717523134513,0.13797902744682786,0.7684495294399126,SUAVE,True,True
HOBBIES_1_170,HOBBIES_1,HOBBIES,17.97,27278.46,25,2.04,0.37904263653875003,0.14367332031424696,0.8012167937933745,0.9453643363279369,INTERMITENTE,True,False
HOBBIES_1_171,HOBBIES_1,HOBBIES,2.8309650582362726,10372.655973377703,14,3.642857142857143,0.12264489906354545,0.015041771266307251,,0.9227844929658418,INTERMITENTE,False,False
HOBBIES_1_172,HOBBIES_1,HOBBIES,2.926109929078014,28269.14802482269,51,1.0,0.1652542080467678,0.027308953277164413,0.11240920246593951,0.47306510230497145,SUAVE,True,True
HOBBIES_1_173,HOBBIES_1,HOBBIES,10.966908051453071,83107.22921391137,35,1.457142857142857,0.138111694788157,0.019074840237257033,0.31356682685797993,0.9645547136050605,INTERMITENTE,True,False
HOBBIES_1_174,HOBBIES_1,HOBBIES,4.88,7539.599999999999,37,1.3783783783783783,0.26625769244058245,0.0708931587837838,0.31667455334315087,0.8627250337925977,INTERMITENTE,True,False
HOBBIES_1_175,HOBBIES_1,HOBBIES,1.9705873976504091,5034.850800996795,51,1.0,0.4249267861570756,0.18056277359378103,0.2834178204092364,0.22769078323769582,SUAVE,True,True
HOBBIES_1_176,HOBBIES_1,HOBBIES,5.728000764525994,17567.778344801223,47,1.0851063829787233,0.465647489795536,0.2168275847528838,0.2281939635330556,0.7064813122426418,SUAVE,True,True
HOBBIES_1_177,HOBBIES_1,HOBBIES,4.197296195652174,50040.16524456522,38,1.3421052631578947,0.5266346896470624,0.27734409633965773,0.15965408793375205,0.8892504941157215,INTERMITENTE,True,False
HOBBIES_1_178,HOBBIES_1,HOBBIES,0.4759828141783029,43081.680494092376,49,1.0408163265306123,0.3298990767209891,0.10883340082136106,0.1694299565742574,0.7874425891387483,SUAVE,True,True
HOBBIES_1_179,HOBBIES_1,HOBBIES,6.869195721077654,124442.34968304278,45,1.1333333333333333,0.15932364331021875,0.025384023317641814,0.19773914944275459,0.8835416515282021,SUAVE,True,True
HOBBIES_1_180,HOBBIES_1,HOBBIES,19.94926298157454,26552.469028475716,14,3.642857142857143,0.2271759356498337,0.051608905738377384,,0.962566402363134,INTERMITENTE,False,False
HOBBIES_1_181,HOBBIES_1,HOBBIES,1.9536844809866392,1850.1392034943474,39,1.3076923076923077,0.5540636449098845,0.30698652261082654,0.3362008031198541,0.8625585703564355,SUAVE,True,True
HOBBIES_1_183,HOBBIES_1,HOBBIES,7.927285986049461,32898.23684210527,23,2.217391304347826,0.18181025111332247,0.03305496740988938,0.7263094387312726,0.9448428893654957,INTERMITENTE,False,False
HOBBIES_1_184,HOBBIES_1,HOBBIES,12.330473421926907,41097.46791528238,51,1.0,0.3965124468549761,0.15722212051092024,0.24182625218446296,0.837275463974099,SUAVE,True,True
HOBBIES_1_185,HOBBIES_1,HOBBIES,3.1539068610024885,16485.471162460006,51,1.0,0.19718451995533057,0.038881734910014155,0.0785869050396098,0.5564509940112912,SUAVE,True,True
HOBBIES_1_186,HOBBIES_1,HOBBIES,16.723353596757853,19499.430293819656,7,7.285714285714286,0.24514516892273003,0.06009615384615384,,0.7854650835631084,INTERMITENTE,False,False
HOBBIES_1_187,HOBBIES_1,HOBBIES,6.973963675213675,37582.690245726495,49,1.0408163265306123,0.23893303801114252,0.057088996653234074,0.24058056684997042,0.4738693315527783,SUAVE,True,True
HOBBIES_1_188,HOBBIES_1,HOBBIES,12.863123312331233,25571.88914491449,39,1.3076923076923077,0.2661188806699252,0.07081925864901388,0.14886458551295736,0.8144497320556595,SUAVE,True,True
HOBBIES_1_189,HOBBIES_1,HOBBIES,0.4768556701030928,27630.924948453612,47,1.0851063829787233,0.3479024218926656,0.1210360951587823,0.13859108713167353,0.8506055903481438,SUAVE,True,True
HOBBIES_1_190,HOBBIES_1,HOBBIES,9.962552238805973,12921.430253731347,18,2.8333333333333335,0.26566634471834233,0.07057860671600509,2.025825696908129,0.9170780423656211,INTERMITENTE,False,False
HOBBIES_1_191,HOBBIES_1,HOBBIES,8.963254035683942,16232.45305862362,14,3.642857142857143,0.280581406949794,0.07872592592592591,,0.9407168681783065,INTERMITENTE,False,False
HOBBIES_1_192,HOBBIES_1,HOBBIES,3.4779891107078043,4208.366823956443,51,1.0,0.327443083569658,0.10721897297760603,0.12103895528383923,0.5413423173898065,SUAVE,True,True
HOBBIES_1_193,HOBBIES_1,HOBBIES,8.491518268889678,44206.844107839665,51,1.0,0.46716035601725736,0.21823879823417064,0.12660244274080998,0.9003404203063614,SUAVE,True,True
HOBBIES_1_194,HOBBIES_1,HOBBIES,2.697060283687944,61023.68597872341,45,1.1333333333333333,0.3712393258213664,0.13781863703630262,0.2878857084823859,0.8990229462697304,SUAVE,True,True
HOBBIES_1_195,HOBBIES_1,HOBBIES,11.2048557867835,72730.71891201171,47,1.0851063829787233,0.3027876729293447,0.09168037487796783,0.18953272666656343,0.7961559853108263,SUAVE,True,True
HOBBIES_1_197,HOBBIES_1,HOBBIES,12.780473581213307,34992.93666536204,49,1.0408163265306123,0.21337843710765417,0.04553035742250512,0.14591758130315877,0.7167323060648798,SUAVE,True,True
HOBBIES_1_198,HOBBIES_1,HOBBIES,8.376641357748996,68688.45913354176,43,1.186046511627907,0.44343841381206756,0.19663762684416247,0.2796109356208414,0.95144681215441,SUAVE,True,True
HOBBIES_1_199,HOBBIES_1,HOBBIES,3.640041220115416,24606.678647980214,47,1.0851063829787233,0.2334728967206324,0.05450959350312308,0.2182757044986943,0.8751640133092584,SUAVE,True,True
HOBBIES_1_200,HOBBIES_1,HOBBIES,7.852116040955631,66122.66918088737,34,1.5,0.1504760165874878,0.022643031568037902,0.32081425527774476,0.9689146336912438,INTERMITENTE,True,False
HOBBIES_1_201,HOBBIES_1,HOBBIES,5.5046730632551535,126343.25614783229,51,1.0,0.15619025088096625,0.024395394470259176,0.046360999870038305,0.734923510226599,SUAVE,True,True
HOBBIES_1_202,HOBBIES_1,HOBBIES,1.717063829787234,32105.659489361704,51,1.0,0.3194788015216174,0.102066704621689,0.14565849595067218,0.8566463300722288,SUAVE,True,True
HOBBIES_1_203,HOBBIES_1,HOBBIES,13.115704419889504,51190.59435082873,20,2.55,0.4711734421933932,0.22200441262837084,1.3838389931770987,0.9467325391074494,INTERMITENTE,False,False
HOBBIES_1_204,HOBBIES_1,HOBBIES,9.90390243902439,42606.58829268293,5,10.2,0.17969506899734533,0.0322903178219607,,0.8842953589423974,INTERMITENTE,False,False
HOBBIES_1_205,HOBBIES_1,HOBBIES,5.88,11166.119999999999,37,1.3783783783783783,0.27510077286878276,0.07568043523300161,0.2723426437412296,0.8680350569167311,INTERMITENTE,True,False
HOBBIES_1_206,HOBBIES_1,HOBBIES,2.954822006472492,13228.738122977347,8,6.375,0.2713775762787366,0.0736457889069215,,0.9341834690568727,INTERMITENTE,False,False
HOBBIES_1_207,HOBBIES_1,HOBBIES,2.7100496806245564,15815.84993612491,51,1.0,0.43705557717812754,0.1910175775425062,0.17746780814376029,0.908726541954822,SUAVE,True,True
HOBBIES_1_208,HOBBIES_1,HOBBIES,3.239424753050552,18024.159325973273,26,1.9615384615384615,0.24983652216320826,0.06241828780660725,0.14683574776157868,0.9182241104116287,INTERMITENTE,True,False
HOBBIES_1_209,HOBBIES_1,HOBBIES,0.6988652482269503,34974.0124822695,51,1.0,0.28709190842537086,0.08242176388332152,0.1011543819089011,0.7559575946340802,SUAVE,True,True
HOBBIES_1_210,HOBBIES_1,HOBBIES,5.75652650021901,52085.051773981606,39,1.3076923076923077,0.24623054162820746,0.06062947963052041,0.1740160345878743,0.8426217540374541,SUAVE,True,True
HOBBIES_1_211,HOBBIES_1,HOBBIES,4.848261617900173,43959.188089500865,14,3.642857142857143,0.4131883998049568,0.17072465373338083,,0.9257612845446556,INTERMITENTE,False,False
HOBBIES_1_212,HOBBIES_1,HOBBIES,7.4664816360601,7070.758109348914,49,1.0408163265306123,0.46992549837322134,0.22082997402132046,0.16025800379578964,0.6905096988754766,SUAVE,True,True
HOBBIES_1_213,HOBBIES_1,HOBBIES,8.367999999999999,79747.03999999998,51,1.0,0.21154159386541838,0.044749845935121615,0.06768937289673198,0.7447625957242348,SUAVE,True,True
HOBBIES_1_214,HOBBIES_1,HOBBIES,9.864068153134204,19274.389171224233,51,1.0,0.5065494788403916,0.25659237451347233,0.1724137931034483,0.809215440060945,SUAVE,True,True
HOBBIES_1_215,HOBBIES_1,HOBBIES,10.7399466571835,93394.57613086772,48,1.0625,0.3364132398020351,0.11317386791410156,0.311429141898848,0.666634699333748,SUAVE,True,True
HOBBIES_1_216,HOBBIES_1,HOBBIES,1.723199558173785,24519.406513254784,51,1.0,0.2143985643145774,0.04596674438015198,0.08428677206653903,0.7020459010922026,SUAVE,True,True
HOBBIES_1_217,HOBBIES_1,HOBBIES,3.47,5718.56,50,1.02,0.5792013956518447,0.3354742567250447,0.348099625209314,0.4124051534872501,SUAVE,True,True
HOBBIES_1_218,HOBBIES_1,HOBBIES,10.602222222222222,27003.86,27,1.8888888888888888,0.2519083565470828,0.06345782009825221,0.31017175044137474,0.929053059080692,INTERMITENTE,True,False
HOBBIES_1_219,HOBBIES_1,HOBBIES,1.74,2963.22,17,3.0,0.19606048376376728,0.038439713293682454,2.375558184032384,0.9489439145274697,INTERMITENTE,False,False
HOBBIES_1_220,HOBBIES_1,HOBBIES,3.0526262988176285,22253.64571838051,51,1.0,0.24952842631771485,0.06226443554059525,0.062318329330895324,0.6406125515151834,SUAVE,True,True
HOBBIES_1_221,HOBBIES_1,HOBBIES,2.94307774227902,14291.585516506922,51,1.0,0.30361848862401436,0.09218418663433074,0.20887851594833473,0.2794405298863057,SUAVE,True,True
HOBBIES_1_223,HOBBIES_1,HOBBIES,1.0500175131348513,5107.285183887917,26,1.9615384615384615,0.3172597049523896,0.1006537203864773,0.46697626054612595,0.9083314178003222,INTERMITENTE,True,False
HOBBIES_1_224,HOBBIES_1,HOBBIES,3.9598804047838088,10806.513624655014,39,1.3076923076923077,0.2313214317597458,0.05350960479137873,0.2117740658261185,0.8405112348096079,SUAVE,True,True
HOBBIES_1_225,HOBBIES_1,HOBBIES,29.66742183742184,156376.98050505054,35,1.457142857142857,0.21617859714506035,0.046733185863606294,0.35430959667133305,0.9498915629042227,INTERMITENTE,True,False
HOBBIES_1_226,HOBBIES_1,HOBBIES,14.744043987229514,162361.4123873714,46,1.108695652173913,0.676823687201338,0.4580903035568146,0.28325589793910294,0.8779233733701788,SUAVE,True,True
HOBBIES_1_227,HOBBIES_1,HOBBIES,1.9692592592592597,8556.431481481484,51,1.0,0.33653442973027226,0.11325542239387955,0.2852707205066198,0.38284785439745667,SUAVE,True,True
HOBBIES_1_228,HOBBIES_1,HOBBIES,6.87,133339.83000000002,45,1.1333333333333333,0.14470126217029308,0.020938455273675893,0.213225846198601,0.8885311823028598,SUAVE,True,True
HOBBIES_1_229,HOBBIES_1,HOBBIES,6.447325812873258,13126.755355009953,27,1.8888888888888888,0.4935279044972394,0.24356979251743624,0.2644966040662471,0.9285285950987663,INTERMITENTE,True,False
HOBBIES_1_230,HOBBIES_1,HOBBIES,4.475396674584323,7693.206883610452,39,1.3076923076923077,0.23316944357829095,0.054367989418609805,0.20728825753472582,0.8324570521954485,SUAVE,True,True
HOBBIES_1_231,HOBBIES_1,HOBBIES,6.869999999999999,77885.18999999999,44,1.1590909090909092,0.13842466607430887,0.019161388177783917,0.18030348121197307,0.911467128295316,SUAVE,True,True
HOBBIES_1_232,HOBBIES_1,HOBBIES,0.4762417871222076,3827.5552431011824,4,12.75,0.08179218047074523,0.0066899607861589565,,0.8933020015056722,INTERMITENTE,False,False
HOBBIES_1_233,HOBBIES_1,HOBBIES,0.7086312056737588,44283.07267375886,51,1.0,0.18708821839669557,0.03500200146284966,0.13034511360469292,0.5346948882181795,SUAVE,True,True
HOBBIES_1_234,HOBBIES_1,HOBBIES,0.2982415548357242,17473.077973160573,44,1.1590909090909092,0.34249212053100986,0.11730085262582779,0.28389986528023786,0.7945143000842352,SUAVE,True,True
HOBBIES_1_235,HOBBIES_1,HOBBIES,12.812435077154683,181834.07861497925,47,1.0851063829787233,0.3570360780917704,0.12747476105915279,0.3331543148914002,0.7377140744924287,SUAVE,True,True
HOBBIES_1_236,HOBBIES_1,HOBBIES,11.775953589557652,295058.29313995654,46,1.108695652173913,0.5263435238973266,0.27703750514865566,0.5313658654357098,0.7932156247754601,SUAVE,True,True
HOBBIES_1_237,HOBBIES_1,HOBBIES,7.97867730496454,93206.90827659576,51,1.0,0.13776851986109756,0.018980165064717634,0.05767816865826264,0.6289359925904131,SUAVE,True,True
HOBBIES_1_238,HOBBIES_1,HOBBIES,5.913912386706949,42739.84481873112,51,1.0,0.18258250167105355,0.03333636991646027,0.08093580772960685,0.6906782056794762,SUAVE,True,True
HOBBIES_1_239,HOBBIES_1,HOBBIES,2.97,16783.47,51,1.0,0.3193852670316588,0.102006948796884,0.16599262142827556,0.5176365332686792,SUAVE,True,True
HOBBIES_1_240,HOBBIES_1,HOBBIES,2.8799169960474305,22941.41879051383,48,1.0625,0.41763522644696366,0.17441918236940662,0.38384201008267926,0.6915639036762529,SUAVE,True,True
HOBBIES_1_241,HOBBIES_1,HOBBIES,21.140621600621603,142593.49269619273,16,3.1875,0.11813212523836607,0.013955199013333005,3.3166247903554,0.9541058934587171,INTERMITENTE,False,False
HOBBIES_1_242,HOBBIES_1,HOBBIES,2.6937943262411346,67377.18368794325,51,1.0,0.33194984237897895,0.11019069785542897,0.049476756696454745,0.9149375636221884,SUAVE,True,True
HOBBIES_1_243,HOBBIES_1,HOBBIES,13.87880400751409,34891.313274890425,25,2.04,0.3416226504363624,0.11670603529116508,0.6244543040609644,0.9467285153431702,INTERMITENTE,True,False
HOBBIES_1_244,HOBBIES_1,HOBBIES,0.4743294460641399,32172.34333819242,50,1.02,0.4001603725268449,0.16012832374082328,0.2126600971165573,0.7824231646366552,SUAVE,True,True
HOBBIES_1_245,HOBBIES_1,HOBBIES,4.943157663592446,8981.717474747475,39,1.3076923076923077,0.36488580519126307,0.13314165083007637,0.2609411803813712,0.7790264262441676,SUAVE,True,True
HOBBIES_1_246,HOBBIES_1,HOBBIES,10.97328595317726,32963.75100334449,14,3.642857142857143,0.22489754771816853,0.05057890696964589,,0.8872558774271638,INTERMITENTE,False,False
HOBBIES_1_247,HOBBIES_1,HOBBIES,16.88,82340.64,15,3.4,0.3505966755958374,0.12291802893885286,,0.9755782345035389,INTERMITENTE,False,False
HOBBIES_1_248,HOBBIES_1,HOBBIES,0.9492,32080.1124,45,1.1333333333333333,0.4926264535094464,0.24268082269729474,0.15299172808834136,0.7670193452201648,SUAVE,True,True
HOBBIES_1_249,HOBBIES_1,HOBBIES,4.916075675675676,55320.59957837838,51,1.0,0.28883956364168917,0.0834282935247214,0.0765114010481976,0.9314302201408566,SUAVE,True,True
HOBBIES_1_250,HOBBIES_1,HOBBIES,4.877141600703606,13397.507977132806,39,1.3076923076923077,0.22495475734723855,0.050604642853154976,0.1532264188071125,0.8903365803267163,SUAVE,True,True
HOBBIES_1_251,HOBBIES_1,HOBBIES,15.483027638190956,56110.492160804024,51,1.0,0.44975663546184197,0.2022810311419562,0.12833274789252527,0.8740368494486637,SUAVE,True,True
HOBBIES_1_252,HOBBIES_1,HOBBIES,0.68170796460177,7626.948707964602,11,4.636363636363637,0.7383029826261208,0.5450912941546261,,0.9362315795993428,CON PICOS,False,False
HOBBIES_1_253,HOBBIES_1,HOBBIES,12.738109418282548,53945.89338642659,20,2.55,0.5818761566450925,0.3385798616720642,1.3458026577924769,0.8795835348935228,INTERMITENTE,False,False
HOBBIES_1_254,HOBBIES_1,HOBBIES,0.708677304964539,61880.284914893615,51,1.0,0.15214075662800453,0.023146809827341703,0.07508412626438499,0.4416465098968557,SUAVE,True,True
HOBBIES_1_255,HOBBIES_1,HOBBIES,1.8767350661194708,12330.149384404924,37,1.3783783783783783,0.3202414320503933,0.10255457480168667,0.2424901753147177,0.8468162518579907,INTERMITENTE,True,False
HOBBIES_1_256,HOBBIES_1,HOBBIES,0.4753297872340425,37538.694617021276,50,1.02,0.40571983420041396,0.1646085838636114,0.16611199090078002,0.8062793348432759,SUAVE,True,True
HOBBIES_1_257,HOBBIES_1,HOBBIES,16.802841911764705,55096.518628676466,51,1.0,0.2815667401317876,0.07927982914844162,0.11463278090599577,0.6445880313810258,SUAVE,True,True
HOBBIES_1_258,HOBBIES_1,HOBBIES,11.480539772727273,153311.128125,51,1.0,0.25752562234937953,0.06631944616643524,0.08341058761736472,0.8739736820104091,SUAVE,True,True
HOBBIES_1_259,HOBBIES_1,HOBBIES,1.0280128720836683,3847.8521802091705,51,1.0,0.44017776576464335,0.1937564654735532,0.12540244232997397,0.8815698114259911,SUAVE,True,True
HOBBIES_1_260,HOBBIES_1,HOBBIES,12.62507729468599,92743.81780676328,34,1.5,0.11051458904262941,0.012213474391261265,0.3074417490206203,0.9600693771694508,INTERMITENTE,True,False
HOBBIES_1_261,HOBBIES_1,HOBBIES,0.4691017173051519,14042.559907529721,43,1.186046511627907,0.7601842642955621,0.577880115682585,0.19136179216454355,0.9485877927579377,ERRATICO,True,True
HOBBIES_1_262,HOBBIES_1,HOBBIES,8.98,27613.5,14,3.642857142857143,0.19889624313908627,0.03955971553484252,,0.9532521593819939,INTERMITENTE,False,False
HOBBIES_1_263,HOBBIES_1,HOBBIES,4.96853614239012,9072.54699600436,43,1.186046511627907,0.7254442563236678,0.5262693690329995,0.3075417725886312,0.8118687316017318,ERRATICO,True,True
HOBBIES_1_264,HOBBIES_1,HOBBIES,4.47,47829.0,51,1.0,0.268631712447536,0.07216299693249566,0.16779143803673924,0.787218494644207,SUAVE,True,True
HOBBIES_1_265,HOBBIES_1,HOBBIES,3.97,16324.640000000001,37,1.3783783783783783,0.4280012955322566,0.18318510897729004,0.19447609850703632,0.9193691010669341,INTERMITENTE,True,False
HOBBIES_1_266,HOBBIES_1,HOBBIES,4.799217018233822,50458.967729710406,51,1.0,0.35882243761068133,0.1287535417328713,0.3221797181792985,0.7014889485311385,SUAVE,True,True
HOBBIES_1_267,HOBBIES_1,HOBBIES,2.88,5112.0,39,1.3076923076923077,0.4319322332667709,0.18656545413482017,0.2029666502361131,0.8384496596597135,SUAVE,True,True
HOBBIES_1_268,HOBBIES_1,HOBBIES,0.4759842237361061,45350.34888490498,50,1.02,0.37935849287527973,0.14391286611660367,0.19896179735815128,0.7000960852179304,SUAVE,True,True
HOBBIES_1_269,HOBBIES_1,HOBBIES,11.738230452674896,13874.588395061728,5,10.2,0.6363700656203984,0.40496686041771024,,0.8703384146958753,INTERMITENTE,False,False
HOBBIES_1_270,HOBBIES_1,HOBBIES,4.845834951456311,38272.40444660195,34,1.5,0.12120730795374123,0.014691211501393062,0.3370822786933697,0.9562235959773955,INTERMITENTE,True,False
HOBBIES_1_271,HOBBIES_1,HOBBIES,5.77,17950.469999999998,39,1.3076923076923077,0.48810758487381634,0.23824901441134982,0.43134827505280116,0.801350370341056,SUAVE,True,True
HOBBIES_1_272,HOBBIES_1,HOBBIES,8.44,13588.4,37,1.3783783783783783,0.33652837718353606,0.11325134864978431,0.3072747361879503,0.8295211633010476,INTERMITENTE,True,False
HOBBIES_1_273,HOBBIES_1,HOBBIES,12.193684771033016,48555.25275825347,51,1.0,0.17829853176973762,0.03179036643124413,0.08318844813650096,0.550410742234916,SUAVE,True,True
HOBBIES_1_274,HOBBIES_1,HOBBIES,9.878625954198474,27432.944274809164,39,1.3076923076923077,0.27992167880904656,0.07835614626727502,0.22038149284092298,0.8554783166148415,SUAVE,True,True
HOBBIES_1_275,HOBBIES_1,HOBBIES,12.60250360403652,184677.0878135512,35,1.457142857142857,0.19127975541967474,0.03658794483341059,0.302819970554264,0.9398886330455433,INTERMITENTE,True,False
HOBBIES_1_276,HOBBIES_1,HOBBIES,7.68458510638298,65810.78685106384,51,1.0,0.18645485311279086,0.034765412249312413,0.06926488199329295,0.7438276625113031,SUAVE,True,True
HOBBIES_1_277,HOBBIES_1,HOBBIES,1.7236028368794327,31567.78595744681,51,1.0,0.30502292876234355,0.09303898707075771,0.11488574739504627,0.7693642391494777,SUAVE,True,True
HOBBIES_1_278,HOBBIES_1,HOBBIES,0.5590713765477058,41799.53053896577,51,1.0,0.4341121779745451,0.18845338306580312,0.12918798761312955,0.8261137001352441,SUAVE,True,True
HOBBIES_1_279,HOBBIES_1,HOBBIES,3.916135693215339,18648.638171091443,32,1.59375,0.6889000072250315,0.47458321995464847,0.22723048001969867,0.9292478507450849,INTERMITENTE,True,False
HOBBIES_1_280,HOBBIES_1,HOBBIES,10.748505173028898,97822.145579736,51,1.0,0.38994420521381584,0.15205648317983453,0.27662766893681695,0.7169159214385501,SUAVE,True,True
HOBBIES_1_281,HOBBIES_1,HOBBIES,4.198521505376344,34940.09596774193,34,1.5,0.4919375408199007,0.24200254406793148,0.2622006657144469,0.8833954201105414,INTERMITENTE,True,False
HOBBIES_1_282,HOBBIES_1,HOBBIES,4.245673758865248,35340.98836879432,46,1.108695652173913,0.5180666183132633,0.2683930210105404,0.20478610050301777,0.8827119176864078,SUAVE,True,True
HOBBIES_1_283,HOBBIES_1,HOBBIES,10.56762002042901,15798.591930541368,14,3.642857142857143,0.3742223928383476,0.14004239930165854,,0.9663182863478639,INTERMITENTE,False,False
HOBBIES_1_284,HOBBIES_1,HOBBIES,4.879443462897526,9597.865291519433,39,1.3076923076923077,0.2372882725034467,0.05630572426766998,0.166137271387136,0.9132206303764664,SUAVE,True,True
HOBBIES_1_285,HOBBIES_1,HOBBIES,10.87140832595217,15339.557147918513,28,1.8214285714285714,0.4013401027942699,0.16107387811091514,0.42261086920006774,0.8347546440411114,INTERMITENTE,True,False
HOBBIES_1_286,HOBBIES_1,HOBBIES,0.7080668088130775,29992.293887704338,51,1.0,0.27429287649837625,0.07523658209775348,0.07335057596709937,0.7974866856308783,SUAVE,True,True
HOBBIES_1_287,HOBBIES_1,HOBBIES,5.648716447047341,43421.683328452906,42,1.2142857142857142,0.48194690883931757,0.23227282293977347,0.14776127376003395,0.9199812034634287,SUAVE,True,True
HOBBIES_1_288,HOBBIES_1,HOBBIES,0.558183446793264,25114.90600501612,51,1.0,0.4429651633907613,0.19621813597780385,0.11843868488597299,0.7929970884455695,SUAVE,True,True
HOBBIES_1_289,HOBBIES_1,HOBBIES,4.97,19944.61,51,1.0,0.2706758823648295,0.07326543329397901,0.17205939197364126,0.3845201021775378,SUAVE,True,True
HOBBIES_1_290,HOBBIES_1,HOBBIES,5.500505698005698,15687.44225071225,51,1.0,0.28189133063766064,0.07946272228867092,0.19631774707579622,0.40670503043913553,SUAVE,True,True
HOBBIES_1_292,HOBBIES_1,HOBBIES,6.58,17311.98,14,3.642857142857143,0.13936837388757842,0.01942354364006785,,0.9420060301049639,INTERMITENTE,False,False
HOBBIES_1_293,HOBBIES_1,HOBBIES,3.6192385392385393,15407.098461538462,46,1.108695652173913,0.22598142825000947,0.051067605913914176,0.1805259292682192,0.8378057934718671,SUAVE,True,True
HOBBIES_1_294,HOBBIES_1,HOBBIES,3.88,8159.639999999999,27,1.8888888888888888,0.2598735725033179,0.06753427368563722,0.30565260864192706,0.9098648116380464,INTERMITENTE,True,False
HOBBIES_1_295,HOBBIES_1,HOBBIES,0.4755639913232104,34274.847982646424,50,1.02,0.3649739114248646,0.13320595602076493,0.18391029357144084,0.7294284604531313,SUAVE,True,True
HOBBIES_1_296,HOBBIES_1,HOBBIES,7.159250976215833,44179.737774227906,51,1.0,0.23988797341864493,0.057546239790904494,0.07435008154540798,0.8324382267731993,SUAVE,True,True
HOBBIES_1_297,HOBBIES_1,HOBBIES,14.880788530465953,163138.08465949824,51,1.0,0.3976468854303979,0.15812304549249598,0.19457131736674874,0.8228967545673428,SUAVE,True,True
HOBBIES_1_298,HOBBIES_1,HOBBIES,4.2420078041858815,50280.51850301526,51,1.0,0.47698059728133446,0.22751049018285857,0.20709274771930583,0.8386705267430093,SUAVE,True,True
HOBBIES_1_299,HOBBIES_1,HOBBIES,1.2696346677030703,4583.381150408084,46,1.108695652173913,0.2692324023579782,0.07248608647944826,0.19306007416642,0.6517738816357367,SUAVE,True,True
HOBBIES_1_300,HOBBIES_1,HOBBIES,9.4714005702067,109498.86199215967,51,1.0,0.5821194342898639,0.3388630357779512,0.23685491292173255,0.7584135478463675,SUAVE,True,True
HOBBIES_1_301,HOBBIES_1,HOBBIES,6.080078014184397,62788.96565248227,47,1.0851063829787233,0.2942920672965236,0.08660782087366156,0.1958146826715539,0.792218785970066,SUAVE,True,True
HOBBIES_1_302,HOBBIES_1,HOBBIES,2.88,4331.5199999999995,51,1.0,0.2867242950191463,0.08221082135422646,0.07910354476451407,0.4894175155542317,SUAVE,True,True
HOBBIES_1_303,HOBBIES_1,HOBBIES,8.886738894907909,29157.39031419285,51,1.0,0.20403009133978098,0.04162827817211937,0.11703453768132083,0.3510529309971274,SUAVE,True,True
HOBBIES_1_304,HOBBIES_1,HOBBIES,3.9719945355191255,9926.014344262294,40,1.275,0.32568807689004653,0.10607272342833686,0.09871508788290927,0.9041039621486354,SUAVE,True,True
HOBBIES_1_305,HOBBIES_1,HOBBIES,2.87,8805.16,51,1.0,0.41013541929663333,0.16821106216162524,0.36130592162978425,0.7442738534198932,SUAVE,True,True
HOBBIES_1_306,HOBBIES_1,HOBBIES,13.957293553542888,55996.661736814065,30,1.7,0.4866890055927804,0.2368661881648894,0.791577698185568,0.9567633930420463,INTERMITENTE,True,False
HOBBIES_1_307,HOBBIES_1,HOBBIES,3.97,8773.7,37,1.3783783783783783,0.33217981429644733,0.11034342902602223,0.3258220057391279,0.902434453202157,INTERMITENTE,True,False
HOBBIES_1_308,HOBBIES_1,HOBBIES,11.18231641202563,70951.79763430262,28,1.8214285714285714,0.1424282640580598,0.020285810402592412,0.22163646404528797,0.9100580541929557,INTERMITENTE,True,False
HOBBIES_1_309,HOBBIES_1,HOBBIES,5.113685897435897,37314.56599358974,51,1.0,0.3020294050344841,0.09122176150548446,0.23411347804155636,0.7650102137821997,SUAVE,True,True
HOBBIES_1_310,HOBBIES_1,HOBBIES,5.344001418942887,51430.66965590634,51,1.0,0.2628575297766661,0.0690940809602909,0.11332126313673149,0.8459810502700456,SUAVE,True,True
HOBBIES_1_311,HOBBIES_1,HOBBIES,15.84188821752266,36040.29569486405,19,2.6842105263157894,0.40680904830239983,0.16549360178070427,1.7319786474293806,0.9051432205341614,INTERMITENTE,True,False
HOBBIES_1_312,HOBBIES_1,HOBBIES,0.5596950354609929,32472.946262411344,51,1.0,0.4169828735454289,0.17387471683020314,0.1333187904740574,0.7048576327139566,SUAVE,True,True
HOBBIES_1_313,HOBBIES_1,HOBBIES,1.23,13667.76,51,1.0,0.19552306385510243,0.03822926849928646,0.11085154526754856,0.716803586641635,SUAVE,True,True
HOBBIES_1_314,HOBBIES_1,HOBBIES,3.97,8690.33,51,1.0,0.25961525454765444,0.0674000803938434,0.12295924970328638,0.7087944615148405,SUAVE,True,True
HOBBIES_1_315,HOBBIES_1,HOBBIES,4.357350921575714,13847.661228767618,51,1.0,0.5721050938082892,0.3273042383613914,0.1591472876994521,0.8032711629574255,SUAVE,True,True
HOBBIES_1_316,HOBBIES_1,HOBBIES,0.94,12134.46,36,1.4166666666666667,0.5195597168974604,0.2699422994225692,0.5844814006604596,0.7208257097726697,INTERMITENTE,True,False
HOBBIES_1_317,HOBBIES_1,HOBBIES,7.661677304964539,77497.86593971631,51,1.0,0.17924062550200195,0.032127201830348916,0.05289492410838525,0.646097594161353,SUAVE,True,True
HOBBIES_1_318,HOBBIES_1,HOBBIES,4.186553480475382,10177.511511035655,12,4.25,0.46889629850778447,0.21986373875430132,,0.8470579743835489,INTERMITENTE,False,False
HOBBIES_1_319,HOBBIES_1,HOBBIES,1.008482269503546,47800.04260992908,51,1.0,0.10007896410658547,0.010015799056647222,0.0460788896543795,0.12446357909981946,SUAVE,True,True
HOBBIES_1_320,HOBBIES_1,HOBBIES,4.445113717128643,84363.81323738451,51,1.0,0.3795516745284585,0.14405947363735688,0.25198707989629204,0.8604234847830494,SUAVE,True,True
HOBBIES_1_321,HOBBIES_1,HOBBIES,6.669198581560283,80217.12053900708,51,1.0,0.1570053129615915,0.024650668298167294,0.047087082052030896,0.6658547207249869,SUAVE,True,True
HOBBIES_1_322,HOBBIES_1,HOBBIES,3.96406663623916,11622.643377453216,37,1.3783783783783783,0.26873730215254804,0.0722197375682299,0.3265475675562213,0.8970399449608768,INTERMITENTE,True,False
HOBBIES_1_323,HOBBIES_1,HOBBIES,5.071198435277383,176974.6829943101,51,1.0,0.17819707691442954,0.031754198220847116,0.05060583370788587,0.8930390349791755,SUAVE,True,True
HOBBIES_1_324,HOBBIES_1,HOBBIES,14.895559502664298,152709.27602131438,51,1.0,0.4117094761508886,0.1695046927524391,0.2051374224248687,0.8546565790024828,SUAVE,True,True
HOBBIES_1_325,HOBBIES_1,HOBBIES,6.435657142857144,9904.476342857144,27,1.8888888888888888,0.2907836965595897,0.08455515818485954,0.233422918193374,0.8625748931469239,INTERMITENTE,True,False
HOBBIES_1_326,HOBBIES_1,HOBBIES,1.971638879035119,17066.50613692799,51,1.0,0.38161295596764067,0.14562844816236045,0.23244473595880474,0.858712054647562,SUAVE,True,True
HOBBIES_1_327,HOBBIES_1,HOBBIES,7.848984034833092,83167.83483309145,34,1.5,0.11505091127486147,0.013236712185176048,0.31733952234734897,0.965199590523855,INTERMITENTE,True,False
HOBBIES_1_328,HOBBIES_1,HOBBIES,6.447886524822695,48829.84465248227,51,1.0,0.1610742286453347,0.02594490713368956,0.04389048585860391,0.616667164493079,SUAVE,True,True
HOBBIES_1_329,HOBBIES_1,HOBBIES,3.969253222137984,61833.026694465516,51,1.0,0.17389587615545266,0.030239775743872526,0.0766394738227862,0.6839163865463254,SUAVE,True,True
HOBBIES_1_330,HOBBIES_1,HOBBIES,7.631284599006388,201259.86872959547,51,1.0,0.35777724295872937,0.12800455557914966,0.09923787993178844,0.8249804404015358,SUAVE,True,True
HOBBIES_1_331,HOBBIES_1,HOBBIES,0.94,4597.54,39,1.3076923076923077,0.5082975843202491,0.2583664342258007,0.5210757147598893,0.6704914936408229,SUAVE,True,True
HOBBIES_1_332,HOBBIES_1,HOBBIES,7.836503631961259,61054.19979661017,34,1.5,0.22377528439968786,0.05007537790816118,0.36897558133097585,0.9424215066077821,INTERMITENTE,True,False
HOBBIES_1_333,HOBBIES_1,HOBBIES,4.961621978021977,17822.146145054943,39,1.3076923076923077,0.38840589167434414,0.15085913668734235,0.2780556829176675,0.7867922894462231,SUAVE,True,True
HOBBIES_1_334,HOBBIES_1,HOBBIES,5.98,20463.56,16,3.1875,0.17744516283461848,0.031486785813404264,3.3166247903554,0.942762081139523,INTERMITENTE,False,False
HOBBIES_1_335,HOBBIES_1,HOBBIES,12.59526618705036,63832.80903597122,24,2.125,1.1407338079321288,1.3012736205593347,0.4353950155861979,0.84351454320214,CON PICOS,True,False
HOBBIES_1_336,HOBBIES_1,HOBBIES,1.879280670785525,2396.0828552515445,39,1.3076923076923077,0.2667811015173085,0.07117215612678846,0.21494162942275943,0.8743085910823305,SUAVE,True,True
HOBBIES_1_337,HOBBIES_1,HOBBIES,3.6723262411347513,149070.73910638297,51,1.0,0.14793980761011827,0.021886186675718806,0.060526663081313714,0.7901349933371519,SUAVE,True,True
HOBBIES_1_338,HOBBIES_1,HOBBIES,8.467640246109301,150546.17593557725,51,1.0,0.23989627969532962,0.057550225011659815,0.09261610279581867,0.5241134436062767,SUAVE,True,True
HOBBIES_1_339,HOBBIES_1,HOBBIES,7.98,38152.380000000005,16,3.1875,0.19466014636822804,0.03789257258409996,3.3166247903554,0.9645709620390613,INTERMITENTE,False,False
HOBBIES_1_340,HOBBIES_1,HOBBIES,7.922855377008653,22619.752101359703,24,2.125,0.28296247307385736,0.08006776116807345,0.5885032417934699,0.9140750048870917,INTERMITENTE,True,False
HOBBIES_1_341,HOBBIES_1,HOBBIES,0.4757588652482269,43921.58268085106,51,1.0,0.4298502148164942,0.18477120717778622,0.1738303727501198,0.7972153904024095,SUAVE,True,True
HOBBIES_1_342,HOBBIES_1,HOBBIES,19.755491803278687,82163.09040983606,35,1.457142857142857,0.2123431366935217,0.045089607700843644,0.29879156980371635,0.9393341324995108,INTERMITENTE,True,False
HOBBIES_1_343,HOBBIES_1,HOBBIES,5.152695035460993,68386.5685106383,51,1.0,0.2301016595525009,0.052946773728815025,0.08602732488769226,0.8340563628889097,SUAVE,True,True
HOBBIES_1_344,HOBBIES_1,HOBBIES,11.832945838837515,27996.749854689562,4,12.75,0.18771611784230935,0.035237340897787774,,0.9156106235529818,INTERMITENTE,False,False
HOBBIES_1_345,HOBBIES_1,HOBBIES,7.628533901313455,208922.6579552716,51,1.0,0.272304693390286,0.07414984604237768,0.05468206699505172,0.806065418459944,SUAVE,True,True
HOBBIES_1_346,HOBBIES_1,HOBBIES,3.960248823133827,11175.82217888366,27,1.8888888888888888,0.4335362781376731,0.18795370446146584,0.2304467746763677,0.9526730852663916,INTERMITENTE,True,False
HOBBIES_1_347,HOBBIES_1,HOBBIES,9.877683910773612,37653.73106786901,39,1.3076923076923077,0.28908339380021003,0.08356920857104731,0.0967719740721045,0.9269373457792129,SUAVE,True,True
HOBBIES_1_348,HOBBIES_1,HOBBIES,0.4756615821213196,50418.70072011351,50,1.02,0.37355700854480783,0.13954483863294564,0.16526099941963426,0.785482511958958,SUAVE,True,True
HOBBIES_1_349,HOBBIES_1,HOBBIES,11.207654320987654,112984.36320987654,32,1.59375,0.6752128021986779,0.4559123282529909,0.18278429239762692,0.9116239583023642,INTERMITENTE,True,False
HOBBIES_1_350,HOBBIES_1,HOBBIES,2.9945654487406883,34482.421142249026,51,1.0,0.15706922678470875,0.024670742002746267,0.09027515836423898,0.3769722503579229,SUAVE,True,True
HOBBIES_1_351,HOBBIES_1,HOBBIES,5.776144278606965,45169.44825870647,51,1.0,0.19343047967924154,0.037415350468941476,0.07653984645582168,0.635601231661949,SUAVE,True,True
HOBBIES_1_352,HOBBIES_1,HOBBIES,2.595393180236604,17404.706666666665,20,2.55,0.4253520559743961,0.1809243715216458,1.2269152181216156,0.9177781282401116,INTERMITENTE,False,False
HOBBIES_1_353,HOBBIES_1,HOBBIES,1.0188130185067008,26858.967606892154,23,2.217391304347826,0.2897626388806287,0.08396238689106564,0.8003571328326539,0.9517150060038894,INTERMITENTE,False,False
HOBBIES_1_354,HOBBIES_1,HOBBIES,23.156368375325805,687836.7662206778,10,5.1,0.8958235772622573,0.8024998815789474,3.3166247903554,0.8817951303535438,CON PICOS,False,False
HOBBIES_1_355,HOBBIES_1,HOBBIES,4.2410886524822695,46473.84945390071,50,1.02,0.40160312636343726,0.16128507110488696,0.18832275563111162,0.8070544055455797,SUAVE,True,True
HOBBIES_1_356,HOBBIES_1,HOBBIES,5.640234042553192,62020.0135319149,51,1.0,0.3309438777344243,0.10952385020989758,0.19291489976031742,0.7989782950508437,SUAVE,True,True
HOBBIES_1_357,HOBBIES_1,HOBBIES,13.944764980265518,101796.78435593827,51,1.0,0.22279772567539383,0.049638826566128044,0.09541918263530538,0.7359204083728051,SUAVE,True,True
HOBBIES_1_358,HOBBIES_1,HOBBIES,2.5975034106412007,24289.254392905867,19,2.6842105263157894,0.3561967635781622,0.1268761343835572,1.2134249119637108,0.9147175750913663,INTERMITENTE,False,False
HOBBIES_1_359,HOBBIES_1,HOBBIES,1.4693722536095415,3334.0056434400494,24,2.125,0.2573977569557229,0.0662536052858374,0.6633506604955656,0.9580816962333392,INTERMITENTE,True,False
HOBBIES_1_360,HOBBIES_1,HOBBIES,14.852166193181818,41690.03050426136,51,1.0,0.406559591296107,0.1652907012748576,0.30728428858997403,0.724959237874107,SUAVE,True,True
HOBBIES_1_361,HOBBIES_1,HOBBIES,29.663116883116885,136835.9581818182,35,1.457142857142857,0.24324767561272057,0.05916943169099133,0.23185462939358065,0.9401839230244085,INTERMITENTE,True,False
HOBBIES_1_362,HOBBIES_1,HOBBIES,9.846584507042254,24360.450070422536,20,2.55,0.178195956869925,0.03175379904478817,1.2105813162796215,0.9703313102318022,INTERMITENTE,False,False
HOBBIES_1_363,HOBBIES_1,HOBBIES,2.8545189918352856,15936.7795314164,51,1.0,0.28537811682562203,0.08144066956293837,0.19500950836467118,0.7068305499783258,SUAVE,True,True
HOBBIES_1_364,HOBBIES_1,HOBBIES,12.461305890702626,196178.33863733144,49,1.0408163265306123,0.33549817365402934,0.11255902452518923,0.1285955789792485,0.6999001806630998,SUAVE,True,True
HOBBIES_1_365,HOBBIES_1,HOBBIES,3.97,9964.7,51,1.0,0.35402678604034665,0.12533496523405738,0.16298777572451198,0.7333263174364605,SUAVE,True,True
HOBBIES_1_366,HOBBIES_1,HOBBIES,3.97,9893.24,27,1.8888888888888888,0.28377098117450095,0.08052596975673897,0.35205981273741344,0.9226138071266606,INTERMITENTE,True,False
HOBBIES_1_367,HOBBIES_1,HOBBIES,8.36721078779276,126520.59432221434,51,1.0,0.23769863818586204,0.05650064259541335,0.1307644677760529,0.7533658228941074,SUAVE,True,True
HOBBIES_1_368,HOBBIES_1,HOBBIES,4.21831025914093,15700.55078452254,51,1.0,0.3108594333812458,0.09663358732210918,0.17272789485203224,0.6912200517224174,SUAVE,True,True
HOBBIES_1_369,HOBBIES_1,HOBBIES,1.0172182871860915,23373.64180296201,23,2.217391304347826,0.27920644525132404,0.07795623906988061,0.8602316540131097,0.9463498309143007,INTERMITENTE,False,False
HOBBIES_1_370,HOBBIES_1,HOBBIES,0.4760390070921986,42794.95465957447,46,1.108695652173913,0.29741816145809125,0.08845756276511123,0.11821291989467766,0.8513502557099804,SUAVE,True,True
HOBBIES_1_371,HOBBIES_1,HOBBIES,0.4757452863749555,58320.66316613305,51,1.0,0.3947559864569455,0.15583228884359612,0.16039991114346297,0.7872071398772377,SUAVE,True,True
HOBBIES_1_372,HOBBIES_1,HOBBIES,6.674617021276595,94939.7525106383,51,1.0,0.127903623112039,0.01635933680518652,0.06336376147493554,0.4398582640703476,SUAVE,True,True
HOBBIES_1_373,HOBBIES_1,HOBBIES,14.72,103893.76000000001,23,2.217391304347826,0.2706895379592474,0.07327282596059083,0.8630595927489026,0.9530198122248023,INTERMITENTE,False,False
HOBBIES_1_374,HOBBIES_1,HOBBIES,17.48,128915.0,28,1.8214285714285714,0.16508551185200485,0.027253226223438433,0.22402665290546647,0.9640657801108675,INTERMITENTE,True,False
HOBBIES_1_375,HOBBIES_1,HOBBIES,9.876012405848472,13125.22048737262,27,1.8888888888888888,0.4421410655034333,0.1954887218045113,0.546932026147196,0.7817653837576434,INTERMITENTE,True,False
HOBBIES_1_376,HOBBIES_1,HOBBIES,16.094996563573883,44776.280439862545,20,2.55,0.15999564285330714,0.025598605732043013,1.2195810453478146,0.9500381807293482,INTERMITENTE,False,False
HOBBIES_1_377,HOBBIES_1,HOBBIES,9.731331676136364,33709.33292613636,51,1.0,0.230583100298388,0.05316856614321646,0.14849716940135826,0.47607288030567524,SUAVE,True,True
HOBBIES_1_378,HOBBIES_1,HOBBIES,3.238651079136691,39939.04510791367,51,1.0,0.29889040180919313,0.08933547229366091,0.06245830238511996,0.7828007926529531,SUAVE,True,True
HOBBIES_1_379,HOBBIES_1,HOBBIES,2.180986515259049,47752.699751596876,51,1.0,0.3236656852008099,0.10475947577650978,0.22176644087419517,0.7489679009460034,SUAVE,True,True
HOBBIES_1_380,HOBBIES_1,HOBBIES,1.7205788352272726,25375.096661931817,51,1.0,0.2615189582706692,0.06839216553497601,0.09707267032102458,0.7788426257262643,SUAVE,True,True
HOBBIES_1_381,HOBBIES_1,HOBBIES,0.7086024619840695,39284.920492396814,51,1.0,0.16698493359834193,0.027883968048842665,0.06788397435653297,0.5989740628788307,SUAVE,True,True
HOBBIES_1_382,HOBBIES_1,HOBBIES,1.97,17460.11,51,1.0,0.26243409607606094,0.06887165478325918,0.08856961032101955,0.8273759862086077,SUAVE,True,True
HOBBIES_1_383,HOBBIES_1,HOBBIES,2.978858024691358,24149.60200617284,47,1.0851063829787233,0.44896851248897024,0.20157272520655864,0.1442515925120855,0.9103086874253062,SUAVE,True,True
HOBBIES_1_384,HOBBIES_1,HOBBIES,11.190084033613443,102221.4176470588,30,1.7,0.3292851039129086,0.10842867965893502,0.23317844281206865,0.9157297528148637,INTERMITENTE,True,False
HOBBIES_1_385,HOBBIES_1,HOBBIES,9.723103168155973,17365.462258326566,15,3.4,0.7406092441908968,0.5485020525810114,,0.8803430141997062,CON PICOS,False,False
HOBBIES_1_386,HOBBIES_1,HOBBIES,5.737185782337853,29913.686669109567,51,1.0,0.38002415388740907,0.14441835753784116,0.10797018340821532,0.8345272107925936,SUAVE,True,True
HOBBIES_1_387,HOBBIES_1,HOBBIES,1.0183503184713376,41301.23386624204,23,2.217391304347826,0.20105760841692508,0.04042416190233358,0.797733957984513,0.9474337155228054,INTERMITENTE,False,False
HOBBIES_1_388,HOBBIES_1,HOBBIES,2.8803860569715143,34498.383804347824,48,1.0625,0.3332376803345946,0.11104735159478146,0.3661911500324606,0.6318797255633862,SUAVE,True,True
HOBBIES_1_389,HOBBIES_1,HOBBIES,11.927392739273929,11414.51485148515,15,3.4,0.2252802414853667,0.05075118720370514,,0.9547985452901918,INTERMITENTE,False,False
HOBBIES_1_390,HOBBIES_1,HOBBIES,11.652648936170213,58228.28673404255,51,1.0,0.2643786096198806,0.0698960492245412,0.1501546396216526,0.8539247341762148,SUAVE,True,True
HOBBIES_1_391,HOBBIES_1,HOBBIES,3.8776838397181854,11644.684570673711,38,1.3421052631578947,0.3979849273810204,0.1583920024224761,0.277372443886686,0.855248411318242,INTERMITENTE,True,False
HOBBIES_1_392,HOBBIES_1,HOBBIES,12.979906382978724,42820.71115744681,14,3.642857142857143,0.27711520412151824,0.07679283635531073,,0.9640997845852207,INTERMITENTE,False,False
HOBBIES_1_393,HOBBIES_1,HOBBIES,28.505718120805373,69839.00939597316,24,2.125,0.2891574417137528,0.08361202609844234,0.7940871997007439,0.9714596223966929,INTERMITENTE,True,False
HOBBIES_1_394,HOBBIES_1,HOBBIES,7.797431930693069,97132.60956064356,27,1.8888888888888888,0.5083383392304522,0.2584078671315743,0.6767252568524873,0.8972509459645609,INTERMITENTE,True,False
HOBBIES_1_395,HOBBIES_1,HOBBIES,7.471725589225589,19785.129360269362,14,3.642857142857143,0.3146470623023182,0.09900277381547891,,0.965706212613143,INTERMITENTE,False,False
HOBBIES_1_396,HOBBIES_1,HOBBIES,1.879391265990296,4444.76034406705,39,1.3076923076923077,0.2708968435227672,0.07338509983059863,0.18460408368937326,0.8846393212392906,SUAVE,True,True
HOBBIES_1_397,HOBBIES_1,HOBBIES,4.24738828202582,27794.90891757697,30,1.7,0.6848698737429667,0.46904674396070717,0.26380446908416755,0.8993584867849492,INTERMITENTE,True,False
HOBBIES_1_398,HOBBIES_1,HOBBIES,0.5515,30891.1695,51,1.0,0.4955620829935569,0.245581778100913,0.10210221436778058,0.8731236898360986,SUAVE,True,True
HOBBIES_1_399,HOBBIES_1,HOBBIES,1.9682391304347824,13149.805630434781,50,1.02,0.36201514580018995,0.1310549657887328,0.38104558057620985,0.2706771697703957,SUAVE,True,True
HOBBIES_1_400,HOBBIES_1,HOBBIES,1.1141577825159914,23523.213262260128,51,1.0,0.4087610888036649,0.16708562771995764,0.12465076755190091,0.8444555620802073,SUAVE,True,True
HOBBIES_1_401,HOBBIES_1,HOBBIES,1.9664,3661.4368,39,1.3076923076923077,0.5566121701090928,0.30981710791355366,0.3036682465940189,0.7910522026473756,SUAVE,True,True
HOBBIES_1_402,HOBBIES_1,HOBBIES,9.78305617977528,14527.83842696629,39,1.3076923076923077,0.4027937417015183,0.16224279835390945,0.38475713111071375,0.8001221034210474,SUAVE,True,True
HOBBIES_1_403,HOBBIES_1,HOBBIES,13.396772175193227,43244.78058152374,51,1.0,0.28476741475621226,0.08109248050693661,0.056912288126819886,0.8266821917661723,SUAVE,True,True
HOBBIES_1_404,HOBBIES_1,HOBBIES,0.4754331279449076,35665.09152591519,50,1.02,0.3936096277454298,0.1549285390538958,0.16267773611433586,0.8170504986396068,SUAVE,True,True
HOBBIES_1_405,HOBBIES_1,HOBBIES,12.193252391464313,45553.99093451067,51,1.0,0.24593179882696062,0.06048244967426463,0.1226229020446179,0.48985216991618596,SUAVE,True,True
HOBBIES_1_406,HOBBIES_1,HOBBIES,3.88,17017.68,51,1.0,0.31854400116054826,0.10147028067537137,0.11326417273360742,0.7162511557178369,SUAVE,True,True
HOBBIES_1_407,HOBBIES_1,HOBBIES,2.734302944306492,43152.76906704506,45,1.1333333333333333,0.2346927644258763,0.05508069367385987,0.21181485506733702,0.8310915812327053,SUAVE,True,True
HOBBIES_1_408,HOBBIES_1,HOBBIES,0.5989539007092198,17802.706790780143,49,1.0408163265306123,0.3547235100208487,0.12582876856151112,0.22233446835319745,0.7920885953941178,SUAVE,True,True
HOBBIES_1_409,HOBBIES_1,HOBBIES,5.665553191489362,64202.04876595745,51,1.0,0.3665109747443281,0.1343302946080375,0.14702203650087123,0.8486006482556819,SUAVE,True,True
HOBBIES_1_410,HOBBIES_1,HOBBIES,28.573241978609627,76919.16740641711,24,2.125,0.30153535490978567,0.09092357026057041,0.8157268385556558,0.9677528372316501,INTERMITENTE,True,False
HOBBIES_1_411,HOBBIES_1,HOBBIES,1.33393506956832,12284.208055654659,51,1.0,0.23430231785643107,0.05489757615289606,0.10240816680745989,0.7435402593225915,SUAVE,True,True
HOBBIES_1_412,HOBBIES_1,HOBBIES,2.050968733982573,15839.631532547412,33,1.5454545454545454,0.3187019946141236,0.10157096137102085,0.3289779167557546,0.9653567813102144,INTERMITENTE,True,False
HOBBIES_1_413,HOBBIES_1,HOBBIES,4.799327641408751,65870.7718783351,51,1.0,0.40542771668590344,0.16437163345714517,0.35126652584216483,0.7479624494638017,SUAVE,True,True
HOBBIES_1_414,HOBBIES_1,HOBBIES,7.160188679245284,58999.95471698114,51,1.0,0.5151056968213039,0.26533387889776106,0.32085018501612894,0.6552506817328974,SUAVE,True,True
HOBBIES_1_415,HOBBIES_1,HOBBIES,6.674617021276595,93084.2089787234,51,1.0,0.17397816912694572,0.030268403332764128,0.04923447158048274,0.8442993087083573,SUAVE,True,True
HOBBIES_1_416,HOBBIES_1,HOBBIES,4.83069980879541,90136.02773231357,47,1.0851063829787233,0.21803460628717186,0.047539089538802044,0.1580195755520672,0.838669928838317,SUAVE,True,True
HOBBIES_1_417,HOBBIES_1,HOBBIES,0.5596843971631206,29456.749507092198,51,1.0,0.44659588923158067,0.19944788827854626,0.14765358173857762,0.8208648962716241,SUAVE,True,True
HOBBIES_1_418,HOBBIES_1,HOBBIES,3.887749615975423,18560.11666666667,51,1.0,0.3033620362944087,0.09202852506469016,0.1391770972319608,0.43789482654121853,SUAVE,True,True
HOBBIES_1_419,HOBBIES_1,HOBBIES,5.98,22909.38,39,1.3076923076923077,0.31235493456227176,0.09756560514540107,0.18974285640810593,0.9001750101536814,SUAVE,True,True
HOBBIES_1_420,HOBBIES_1,HOBBIES,5.709783687943262,77167.7265425532,51,1.0,0.13792573766864485,0.019023509111439837,0.08781243649130825,0.5548989707190038,SUAVE,True,True
HOBBIES_1_421,HOBBIES_1,HOBBIES,8.38240804597701,56011.25056321838,27,1.8888888888888888,0.2964501082250885,0.08788266666666668,0.38309117418262917,0.9668790637357069,INTERMITENTE,True,False
HOBBIES_1_422,HOBBIES_1,HOBBIES,3.402323518978361,9233.906030507273,51,1.0,0.34909889785226583,0.12187004048166673,0.16111369539594533,0.6842024294950052,SUAVE,True,True
HOBBIES_1_423,HOBBIES_1,HOBBIES,7.697610891523935,106765.86306543698,39,1.3076923076923077,0.14156959886327902,0.020041951322309733,0.11494576101553987,0.95545125901142,SUAVE,True,True
HOBBIES_1_424,HOBBIES_1,HOBBIES,1.7233695258776691,26410.637984075278,51,1.0,0.2054277080610448,0.04220054323921385,0.08759096836980396,0.7638843941130292,SUAVE,True,True
HOBBIES_2_001,HOBBIES_2,HOBBIES,5.656421952957947,8852.300356379188,51,1.0,0.3339889510863782,0.11154861944777913,0.19235880479864123,0.24086920851528623,SUAVE,True,True
HOBBIES_2_002,HOBBIES_2,HOBBIES,1.813506032647268,7170.602853087298,46,1.108695652173913,0.5306616178657279,0.2816017526758718,0.4571685298876862,0.41161506861577263,SUAVE,True,True
HOBBIES_2_003,HOBBIES_2,HOBBIES,1.97,12143.08,50,1.02,0.3029658276874465,0.09178829274633953,0.3127588107954141,0.30386486704030263,SUAVE,True,True
HOBBIES_2_004,HOBBIES_2,HOBBIES,2.4705364806866954,7918.069420600858,51,1.0,0.35151075132186693,0.12355980829486338,0.24251774827673883,0.5286321296334497,SUAVE,True,True
HOBBIES_2_005,HOBBIES_2,HOBBIES,4.47,6526.2,36,1.4166666666666667,0.4864711603098862,0.23665418981324698,0.48756828561732035,0.7844851575334092,INTERMITENTE,True,False
HOBBIES_2_006,HOBBIES_2,HOBBIES,3.9209729151817534,8704.559871703492,51,1.0,0.3555851629758256,0.12644080812854444,0.19152410156813546,0.6058739019285247,SUAVE,True,True
HOBBIES_2_007,HOBBIES_2,HOBBIES,0.9721314387211368,6632.852806394317,51,1.0,0.5890148449072492,0.34693848752111084,0.5910260307316236,0.565449060640102,SUAVE,True,True
HOBBIES_2_008,HOBBIES_2,HOBBIES,3.7972586588061903,8821.03186440678,50,1.02,0.2352998111993225,0.055366001150436814,0.1655339932641584,0.2721902255431058,SUAVE,True,True
HOBBIES_2_009,HOBBIES_2,HOBBIES,5.31465413267116,38648.16485278468,51,1.0,0.3046090444609683,0.09278666996742417,0.13165217782141533,0.7114864254033019,SUAVE,True,True
HOBBIES_2_010,HOBBIES_2,HOBBIES,0.9696872920825016,992.9597870924816,25,2.04,0.337022869299293,0.11358441443072832,0.6021965388967454,0.9095279548056334,INTERMITENTE,True,False
HOBBIES_2_011,HOBBIES_2,HOBBIES,0.97,4442.599999999999,51,1.0,0.3023003770310337,0.09138551795310512,0.2311304404191086,0.39011407644249213,SUAVE,True,True
HOBBIES_2_012,HOBBIES_2,HOBBIES,1.97,1944.3899999999999,19,2.6842105263157894,0.9211264741288865,0.8484739813411142,1.477725776112657,0.8702312799163809,CON PICOS,False,False
HOBBIES_2_013,HOBBIES_2,HOBBIES,7.127952194077773,13414.806029254369,51,1.0,0.25763554345124334,0.0663760732494175,0.14579076598905916,0.2124376551852171,SUAVE,True,True
HOBBIES_2_014,HOBBIES_2,HOBBIES,0.97,1123.26,25,2.04,0.3906097797034785,0.152576,0.6571076916292353,0.8762850423889522,INTERMITENTE,True,False
HOBBIES_2_015,HOBBIES_2,HOBBIES,2.664746957078796,2992.5108327994876,19,2.6842105263157894,0.38837837501722666,0.15083776218102155,1.6779482125744027,0.8517103124679172,INTERMITENTE,True,False
HOBBIES_2_016,HOBBIES_2,HOBBIES,4.95199074074074,14400.389074074072,51,1.0,0.48363896108981713,0.23390664468403766,0.18270228015416165,0.778980871051492,SUAVE,True,True
HOBBIES_2_017,HOBBIES_2,HOBBIES,0.5361935483870968,1464.3445806451612,32,1.59375,0.35494577651896847,0.12598650426865352,0.2865295875695972,0.847388817761445,INTERMITENTE,True,False
HOBBIES_2_018,HOBBIES_2,HOBBIES,3.359105447276362,12015.520184907547,35,1.457142857142857,0.6230351673470697,0.3881728197511911,0.6912985351165347,0.6696915006883987,INTERMITENTE,True,False
HOBBIES_2_019,HOBBIES_2,HOBBIES,3.361127551020408,6517.226321428571,35,1.457142857142857,0.6785638899592618,0.4604489527566451,0.7259426384682227,0.7018254358382104,INTERMITENTE,True,False
HOBBIES_2_020,HOBBIES_2,HOBBIES,3.7896096855800505,9269.385290928803,51,1.0,0.2634520288027933,0.06940697148030782,0.1896013998926663,0.4982548653421878,SUAVE,True,True
HOBBIES_2_021,HOBBIES_2,HOBBIES,0.9682685069008782,1110.6039774153073,25,2.04,0.29951395381096013,0.08970860852747396,0.624688104872871,0.8512781766949781,INTERMITENTE,True,False
HOBBIES_2_022,HOBBIES_2,HOBBIES,4.97,15879.15,51,1.0,0.31925705242214353,0.1019250655212753,0.17843495203980791,0.20000213726515195,SUAVE,True,True
HOBBIES_2_023,HOBBIES_2,HOBBIES,0.97,787.64,7,7.285714285714286,0.47596720120431424,0.22654477662226816,,0.6927603695756575,INTERMITENTE,False,False
HOBBIES_2_024,HOBBIES_2,HOBBIES,4.77,20062.62,12,4.25,0.42012375311026695,0.17650396792745654,,0.9579872849669011,INTERMITENTE,False,False
HOBBIES_2_025,HOBBIES_2,HOBBIES,0.5,447.0,13,3.923076923076923,0.3286684258803226,0.1080229341706491,,0.9360091389387433,INTERMITENTE,False,False
HOBBIES_2_026,HOBBIES_2,HOBBIES,0.23,425.04,13,3.923076923076923,0.7234506305688994,0.5233808148705381,,0.6345482361588642,CON PICOS,False,False
HOBBIES_2_027,HOBBIES_2,HOBBIES,2.04128526645768,1971.881567398119,23,2.217391304347826,0.7868155955552216,0.6190787814089181,1.1546863889378591,0.7663226639938091,CON PICOS,True,False
HOBBIES_2_028,HOBBIES_2,HOBBIES,0.844241452991453,5832.019957264957,51,1.0,0.8442247508303494,0.7127154299145656,0.8421887194470415,0.17435732373404697,ERRATICO,True,True
HOBBIES_2_029,HOBBIES_2,HOBBIES,2.7729232464193903,14316.602721263313,45,1.1333333333333333,0.40898058655418956,0.16726512017820894,0.5361557346803318,0.6223276267013462,SUAVE,True,True
HOBBIES_2_030,HOBBIES_2,HOBBIES,0.9618854415274464,1081.1592362768497,37,1.3783783783783783,0.47189692785343584,0.22268671051751082,0.21529203041149286,0.7636695310075741,INTERMITENTE,True,False
HOBBIES_2_031,HOBBIES_2,HOBBIES,6.967784860557769,6884.171442231076,25,2.04,0.853624660574456,0.7286750611408551,1.2150437691485627,0.7940567087877738,CON PICOS,True,False
HOBBIES_2_032,HOBBIES_2,HOBBIES,0.9817122557726464,7680.916689165186,51,1.0,0.3382425142310151,0.11440799843331845,0.23507304207667365,0.38090717003234653,SUAVE,True,True
HOBBIES_2_033,HOBBIES_2,HOBBIES,2.77478672985782,36366.35488151659,42,1.2142857142857142,0.3280533783428993,0.10761901904218944,0.6080611312035321,0.6850874628529242,SUAVE,True,True
HOBBIES_2_034,HOBBIES_2,HOBBIES,2.7626986994219656,4657.910007225434,50,1.02,0.3381399553321553,0.11433862939203197,0.22767802669534037,0.023152071368516686,SUAVE,True,True
HOBBIES_2_035,HOBBIES_2,HOBBIES,4.465682210708117,5006.029758203799,20,2.55,0.7222967210095064,0.5217125531810847,1.2562344526401112,0.8834359465724195,CON PICOS,False,False
HOBBIES_2_036,HOBBIES_2,HOBBIES,0.9542603760198652,13742.30367506208,51,1.0,0.26628737919405754,0.07090896831803979,0.18064407086893752,0.5200807258123672,SUAVE,True,True
HOBBIES_2_037,HOBBIES_2,HOBBIES,0.9638088306647258,1491.9760698689954,37,1.3783783783783783,0.4264085318293738,0.1818242360168821,0.4298219131856464,0.6794670537286025,INTERMITENTE,True,False
HOBBIES_2_038,HOBBIES_2,HOBBIES,0.97,1722.72,12,4.25,0.392541150160864,0.15408855456961398,,0.8050058034930077,INTERMITENTE,False,False
HOBBIES_2_039,HOBBIES_2,HOBBIES,4.9619076376554165,13069.664717584366,51,1.0,0.24726074463960945,0.06113787583973415,0.18600244203324467,0.030369762816983743,SUAVE,True,True
HOBBIES_2_040,HOBBIES_2,HOBBIES,0.88,916.08,13,3.923076923076923,0.7082242873965078,0.5015816412582913,,0.8547723487975087,CON PICOS,False,False
HOBBIES_2_041,HOBBIES_2,HOBBIES,1.97348623853211,4280.491651376146,15,3.4,0.6235617177929423,0.38882921589688507,2.2816137527794726,0.8091841815791111,INTERMITENTE,False,False
HOBBIES_2_042,HOBBIES_2,HOBBIES,0.8738691883372735,4123.788699763593,50,1.02,0.5157972695841763,0.2660468233104914,0.25883245147502043,0.729363774616374,SUAVE,True,True
HOBBIES_2_043,HOBBIES_2,HOBBIES,0.97,6518.4,12,4.25,0.48025758732537405,0.23064735018358928,,0.8335983891099762,INTERMITENTE,False,False
HOBBIES_2_044,HOBBIES_2,HOBBIES,4.465502248875562,9225.72764617691,37,1.3783783783783783,0.49200851960722447,0.24207238336609258,0.5425185461601949,0.8072127582150513,INTERMITENTE,True,False
HOBBIES_2_045,HOBBIES_2,HOBBIES,2.708649592549476,4970.3720023282885,25,2.04,0.6359497880839248,0.40443213296398883,0.6249352952240461,0.7743490719476289,INTERMITENTE,True,False
HOBBIES_2_046,HOBBIES_2,HOBBIES,2.7815684882895675,9048.442292405964,51,1.0,0.42281341527218225,0.17877118413412685,0.22568099590114557,0.6946377087426336,SUAVE,True,True
HOBBIES_2_047,HOBBIES_2,HOBBIES,0.5306703229737965,546.0597623400365,21,2.4285714285714284,0.5601138211198806,0.3137274926095136,0.6229387512342196,0.8732185410107355,INTERMITENTE,True,False
HOBBIES_2_048,HOBBIES_2,HOBBIES,2.7731592403214025,12961.746289262235,43,1.186046511627907,0.4019223733169588,0.16154159417273678,0.6028446534439545,0.5963079739573894,SUAVE,True,True
HOBBIES_2_049,HOBBIES_2,HOBBIES,2.771553153153153,5667.826198198199,50,1.02,0.3569323063024628,0.12740067128239513,0.2532167860166355,0.02936689285863065,SUAVE,True,True
HOBBIES_2_050,HOBBIES_2,HOBBIES,1.972440775305097,5254.582225412778,51,1.0,0.40115111572539586,0.16092221764772993,0.1638479940276489,0.7945814165924184,SUAVE,True,True
HOBBIES_2_051,HOBBIES_2,HOBBIES,1.8230017761989343,6141.69298401421,51,1.0,0.246899467140864,0.06095934687444258,0.18373730385647946,0.2764963710184692,SUAVE,True,True
HOBBIES_2_052,HOBBIES_2,HOBBIES,2.468793103448276,5248.654137931035,42,1.2142857142857142,0.3412112877047635,0.1164251428571429,0.2465154671464776,0.7103153921218162,SUAVE,True,True
HOBBIES_2_053,HOBBIES_2,HOBBIES,4.960502894356006,30268.98866136035,50,1.02,0.37869944137144995,0.14341326689504827,0.23055946022971185,0.5943505499584213,SUAVE,True,True
HOBBIES_2_054,HOBBIES_2,HOBBIES,4.441488235294117,8718.641405882352,22,2.3181818181818183,0.4575423672472957,0.2093450178262592,0.5707349644651016,0.8245888858318745,INTERMITENTE,True,False
HOBBIES_2_055,HOBBIES_2,HOBBIES,2.7717811704834605,3897.1243256997454,50,1.02,0.2799216357652026,0.07835612216946676,0.19795927433216143,0.07728046308055705,SUAVE,True,True
HOBBIES_2_056,HOBBIES_2,HOBBIES,3.317184813753581,5101.830243553008,51,1.0,0.35050561521027973,0.12285418629393667,0.20560952690423664,0.3346209899498991,SUAVE,True,True
HOBBIES_2_057,HOBBIES_2,HOBBIES,1.976125356125356,4742.7008547008545,51,1.0,0.39788155122784274,0.15830972880747446,0.24040756458987816,0.059925811856889326,SUAVE,True,True
HOBBIES_2_058,HOBBIES_2,HOBBIES,0.4960061919504644,1226.6233126934985,13,3.923076923076923,0.5210940309882486,0.27153898913158175,,0.9461316649964808,INTERMITENTE,False,False
HOBBIES_2_059,HOBBIES_2,HOBBIES,0.2318711766822598,5075.428186397984,51,1.0,0.6988283932279726,0.48836112318159,0.57333017229479,0.6515018851415132,SUAVE,True,True
HOBBIES_2_060,HOBBIES_2,HOBBIES,0.9721146953405018,4535.887168458781,51,1.0,0.3671850664685496,0.13482487303751317,0.2699749694954661,0.4865550078681049,SUAVE,True,True
HOBBIES_2_061,HOBBIES_2,HOBBIES,1.97,7314.61,51,1.0,0.32070201985970287,0.10284978554209326,0.16524764743669337,0.3583426314213732,SUAVE,True,True
HOBBIES_2_062,HOBBIES_2,HOBBIES,5.740114942528735,13449.089310344827,51,1.0,0.34664742683663613,0.120164438532461,0.2674187059794915,0.19812032606209418,SUAVE,True,True
HOBBIES_2_063,HOBBIES_2,HOBBIES,0.9633812949640288,3851.598417266187,37,1.3783783783783783,0.33917491588513554,0.11503962356568877,0.28473360762818917,0.8032184606046718,INTERMITENTE,True,False
HOBBIES_2_064,HOBBIES_2,HOBBIES,0.97,1495.74,25,2.04,0.3238010857168758,0.10484714311142757,0.5641364592102266,0.9127001991171483,INTERMITENTE,True,False
HOBBIES_2_065,HOBBIES_2,HOBBIES,0.5,647.5,13,3.923076923076923,0.47316986812043976,0.22388972409711436,,0.8653842298089568,INTERMITENTE,False,False
HOBBIES_2_066,HOBBIES_2,HOBBIES,4.969273783587509,7841.514030501089,51,1.0,0.4138834981276277,0.171299550022362,0.3180135528203317,-0.05328329708286762,SUAVE,True,True
HOBBIES_2_067,HOBBIES_2,HOBBIES,2.97,4333.2300000000005,9,5.666666666666667,0.43064174426176083,0.18545231190081182,,0.8629398934014164,INTERMITENTE,False,False
HOBBIES_2_068,HOBBIES_2,HOBBIES,1.9612929745889387,6299.673034379671,50,1.02,0.366931397504764,0.13463865047479914,0.19097546395843776,0.6095448865149511,SUAVE,True,True
HOBBIES_2_069,HOBBIES_2,HOBBIES,2.971587874413569,10168.773706243233,51,1.0,0.4931696954379922,0.243216348498402,0.4019772818395464,0.5490068327941995,SUAVE,True,True
HOBBIES_2_070,HOBBIES_2,HOBBIES,9.961814254859611,16018.597321814255,11,4.636363636363637,0.7989271633763568,0.638284612380592,,0.845582819175595,CON PICOS,False,False
HOBBIES_2_071,HOBBIES_2,HOBBIES,0.97,2437.61,25,2.04,0.4376493854521694,0.19153698458666155,0.6390087039121021,0.9509068511774368,INTERMITENTE,True,False
HOBBIES_2_072,HOBBIES_2,HOBBIES,7.270181928441479,14009.64057610673,25,2.04,0.29868152346554416,0.0892106524596984,0.5816586685443391,0.8860541835494553,INTERMITENTE,True,False
HOBBIES_2_073,HOBBIES_2,HOBBIES,0.5373228346456692,903.23968503937,32,1.59375,0.40795341544247266,0.16642598917117868,0.24862584050748893,0.8417665053652039,INTERMITENTE,True,False
HOBBIES_2_074,HOBBIES_2,HOBBIES,3.971713673687969,10409.861538736166,51,1.0,0.35981579330280894,0.12946740511012972,0.2634254671174931,0.5393247589669232,SUAVE,True,True
HOBBIES_2_075,HOBBIES_2,HOBBIES,2.7735943190094683,50895.45575382374,44,1.1590909090909092,0.48188429629980645,0.23221247502035966,0.577148258370439,0.6437146722416288,SUAVE,True,True
HOBBIES_2_076,HOBBIES_2,HOBBIES,2.7756636197440585,17178.582142595977,45,1.1333333333333333,0.477880555870413,0.22836982567901493,0.5682118425159298,0.6041423308345898,SUAVE,True,True
HOBBIES_2_077,HOBBIES_2,HOBBIES,9.89922208281054,8830.106097867003,22,2.3181818181818183,0.6660615630995498,0.4436380058386155,1.4201852111087723,0.5099592104366768,INTERMITENTE,True,False
HOBBIES_2_078,HOBBIES_2,HOBBIES,6.370587397650409,22889.52051975792,47,1.0851063829787233,0.43564896603067715,0.1897900216035981,0.18651085797071285,0.7915449269169513,SUAVE,True,True
HOBBIES_2_079,HOBBIES_2,HOBBIES,2.3638563106796115,2626.2443611650483,43,1.186046511627907,0.5489818294874345,0.30138104910737057,0.45696174378013205,0.693598635153326,SUAVE,True,True
HOBBIES_2_080,HOBBIES_2,HOBBIES,3.976613133476089,6004.685831548894,51,1.0,0.2584312017876743,0.06678668605742163,0.17163335509224478,0.3939665495845282,SUAVE,True,True
HOBBIES_2_081,HOBBIES_2,HOBBIES,2.0500245098039214,4866.758186274509,23,2.217391304347826,0.5749258387133418,0.3305397200202395,1.0820451891304754,0.8504190122798592,INTERMITENTE,True,False
HOBBIES_2_082,HOBBIES_2,HOBBIES,0.88,791.12,13,3.923076923076923,0.5909608607366935,0.34923473892265366,,0.884946719611793,INTERMITENTE,False,False
HOBBIES_2_083,HOBBIES_2,HOBBIES,2.7720160408312067,14070.753423259204,45,1.1333333333333333,0.5450043746819387,0.29702976842245105,0.6655628226213725,0.5251998049537969,SUAVE,True,True
HOBBIES_2_084,HOBBIES_2,HOBBIES,6.302403918613413,4770.919766390353,13,3.923076923076923,0.4935856947047571,0.2436268380171777,2.1010131361671935,0.7915947091165778,INTERMITENTE,False,False
HOBBIES_2_085,HOBBIES_2,HOBBIES,0.9725595449697833,5748.799470316389,51,1.0,0.6820516614373884,0.4651944688695019,0.5716959024129492,0.4691134558885312,SUAVE,True,True
HOBBIES_2_086,HOBBIES_2,HOBBIES,0.97,1189.22,25,2.04,0.3860945024273154,0.14906896480459628,0.694400887522901,0.8302582983407617,INTERMITENTE,True,False
HOBBIES_2_087,HOBBIES_2,HOBBIES,0.97,2130.12,25,2.04,0.3148123343685016,0.09910680587054525,0.5574392678557147,0.9197901997066681,INTERMITENTE,True,False
HOBBIES_2_088,HOBBIES_2,HOBBIES,2.762403708987161,13381.083566333808,51,1.0,0.186280784552958,0.03470053069366555,0.07299489645509542,0.46558413504474316,SUAVE,True,True
HOBBIES_2_089,HOBBIES_2,HOBBIES,2.969287006876584,18454.11874773797,50,1.02,0.18303206797708774,0.033500737907969265,0.1874860349587936,0.41087473404955244,SUAVE,True,True
HOBBIES_2_090,HOBBIES_2,HOBBIES,1.6003292894280765,2470.90842287695,14,3.642857142857143,0.7596338037627248,0.5770435158190259,,0.7640673311839561,CON PICOS,False,False
HOBBIES_2_091,HOBBIES_2,HOBBIES,0.97,5249.639999999999,25,2.04,0.43584292489777526,0.18995905518344777,0.676680492155653,0.9501354497831833,INTERMITENTE,True,False
HOBBIES_2_092,HOBBIES_2,HOBBIES,4.97,10287.9,37,1.3783783783783783,0.5081291448954661,0.2581952278921976,0.4671848394415392,0.5510732377609392,INTERMITENTE,True,False
HOBBIES_2_093,HOBBIES_2,HOBBIES,1.97,6361.13,50,1.02,0.5272916296595505,0.2780364627090245,0.3066653715562013,0.6905362341801754,SUAVE,True,True
HOBBIES_2_094,HOBBIES_2,HOBBIES,2.0665895249695496,3554.533982947625,21,2.4285714285714284,0.3868023589210506,0.14961606486688925,1.2090111616443895,0.8992511866308246,INTERMITENTE,True,False
HOBBIES_2_095,HOBBIES_2,HOBBIES,0.88,1233.76,13,3.923076923076923,0.7562175817598116,0.5718650309626573,,0.8343302620550203,CON PICOS,False,False
HOBBIES_2_096,HOBBIES_2,HOBBIES,2.7184620861516557,11248.996112495552,51,1.0,0.3045761326800958,0.09276662059836333,0.11018540850202707,0.60064782414234,SUAVE,True,True
HOBBIES_2_097,HOBBIES_2,HOBBIES,1.9685831721470015,3864.3287669245638,37,1.3783783783783783,0.42770524338510263,0.1829317752191099,0.3467914923621355,0.7882238542280307,INTERMITENTE,True,False
HOBBIES_2_098,HOBBIES_2,HOBBIES,0.8451322373123659,4256.9310793423865,51,1.0,0.5419609372377937,0.2937216574916678,0.44584696086055087,0.44593613195056525,SUAVE,True,True
HOBBIES_2_099,HOBBIES_2,HOBBIES,0.97,828.38,25,2.04,0.38117975788504,0.1452980078212977,0.6472455012879895,0.806587273759539,INTERMITENTE,True,False
HOBBIES_2_100,HOBBIES_2,HOBBIES,0.8451034975017845,4762.158208422556,51,1.0,0.4083946939800797,0.16678622607108295,0.32622841622222704,0.47815842298894673,SUAVE,True,True
HOBBIES_2_101,HOBBIES_2,HOBBIES,0.5345791245791245,1197.991818181818,32,1.59375,0.5188880022871477,0.269244758917547,0.4153045530433914,0.7305995330871027,INTERMITENTE,True,False
HOBBIES_2_102,HOBBIES_2,HOBBIES,5.971988636363636,13669.881988636364,51,1.0,0.29358385690512645,0.08619148103528976,0.22429846228708092,0.4076566496426883,SUAVE,True,True
HOBBIES_2_103,HOBBIES_2,HOBBIES,2.7647152126892576,13950.752963229994,50,1.02,0.27364392577272795,0.07488099811231025,0.20771818012287996,0.030958387989687593,SUAVE,True,True
HOBBIES_2_104,HOBBIES_2,HOBBIES,2.9675654290931224,6110.217218502739,25,2.04,0.4424040275592328,0.1957213236006304,0.7382379713558139,0.8673458826101673,INTERMITENTE,True,False
HOBBIES_2_105,HOBBIES_2,HOBBIES,2.562657417289221,7498.335602988261,46,1.108695652173913,0.46284410422943123,0.2142246648199446,0.4053810714830068,0.5452609755136923,SUAVE,True,True
HOBBIES_2_106,HOBBIES_2,HOBBIES,0.9689389920424404,955.3738461538462,25,2.04,0.42066420730075094,0.17695837530396916,0.6906811435643854,0.8710751881064417,INTERMITENTE,True,False
HOBBIES_2_107,HOBBIES_2,HOBBIES,0.5366019417475727,2637.39854368932,32,1.59375,0.5105811562502132,0.2606931171178046,0.3415634119481378,0.8692559408128849,INTERMITENTE,True,False
HOBBIES_2_108,HOBBIES_2,HOBBIES,2.97,2785.86,13,3.923076923076923,0.34184157177856633,0.11685566019604073,,0.9202468930573344,INTERMITENTE,False,False
HOBBIES_2_109,HOBBIES_2,HOBBIES,0.97,1823.6,7,7.285714285714286,0.23906359233729696,0.05715140118121331,,0.9372358158331228,INTERMITENTE,False,False
HOBBIES_2_110,HOBBIES_2,HOBBIES,5.968540942928039,10886.618679900743,33,1.5454545454545454,0.28072003100146764,0.07880373580546496,0.2864002753829044,0.877848564626803,INTERMITENTE,True,False
HOBBIES_2_111,HOBBIES_2,HOBBIES,3.9700000000000006,3072.7800000000007,13,3.923076923076923,0.4268749491621899,0.1822222222222222,,0.880774092440245,INTERMITENTE,False,False
HOBBIES_2_112,HOBBIES_2,HOBBIES,2.331671408250356,5654.3031650071125,51,1.0,0.3911737049445117,0.15301686744001589,0.3494812307570714,0.13444940249183163,SUAVE,True,True
HOBBIES_2_113,HOBBIES_2,HOBBIES,5.666652205350687,14563.296167751265,51,1.0,0.5584753611198664,0.31189472897796516,0.5155368986779565,0.21059972772601307,SUAVE,True,True
HOBBIES_2_114,HOBBIES_2,HOBBIES,2.076087740384616,4694.034381009617,24,2.125,0.5152735134195003,0.265506793631676,1.227239831528694,0.9050005702542809,INTERMITENTE,True,False
HOBBIES_2_115,HOBBIES_2,HOBBIES,2.495520056798012,23081.065005324814,51,1.0,0.28622658365175346,0.08192565718895423,0.21008054985912317,0.41942094307995104,SUAVE,True,True
HOBBIES_2_116,HOBBIES_2,HOBBIES,2.971704545454545,11030.967272727272,51,1.0,0.422461912552144,0.17847406755721537,0.29590839558193927,0.48579378942447354,SUAVE,True,True
HOBBIES_2_117,HOBBIES_2,HOBBIES,2.774215900802334,17546.915572574762,43,1.186046511627907,0.5573162166318966,0.31060136532089105,0.5805408227941661,0.691883062885999,SUAVE,True,True
HOBBIES_2_118,HOBBIES_2,HOBBIES,3.965866283249461,13642.580014378145,51,1.0,0.45501655649532596,0.20704006668486416,0.1636323207927036,0.7114856328880429,SUAVE,True,True
HOBBIES_2_119,HOBBIES_2,HOBBIES,3.1411702925731437,2092.019414853714,44,1.1590909090909092,0.43353800757224387,0.18795520400971097,0.27219632712617714,0.6089022262552818,SUAVE,True,True
HOBBIES_2_120,HOBBIES_2,HOBBIES,2.4247286271727564,17545.336346222066,46,1.108695652173913,0.2665971132567761,0.0710740207968463,0.20571567835237217,0.6115560944924385,SUAVE,True,True
HOBBIES_2_121,HOBBIES_2,HOBBIES,0.97,4283.5199999999995,13,3.923076923076923,0.7118376443417119,0.5067128319019576,,0.9238073698473419,CON PICOS,False,False
HOBBIES_2_122,HOBBIES_2,HOBBIES,0.8450359195402298,3185.7854166666666,51,1.0,0.9036529100596007,0.8165885818591848,0.8916216323864224,0.33286912366515814,ERRATICO,True,True
HOBBIES_2_123,HOBBIES_2,HOBBIES,0.5375265834489135,1484.1108969024501,35,1.457142857142857,0.5718933357437512,0.327061987468115,0.37449838537076885,0.8307065076062816,INTERMITENTE,True,False
HOBBIES_2_124,HOBBIES_2,HOBBIES,0.23,2250.55,37,1.3783783783783783,0.5170102537470594,0.2672996024795988,0.4556683340951075,0.6376738491195696,INTERMITENTE,True,False
HOBBIES_2_125,HOBBIES_2,HOBBIES,0.9632721121314644,2148.0968100531654,37,1.3783783783783783,0.3383219100617297,0.11446171482781711,0.33769715312122545,0.7749105487926856,INTERMITENTE,True,False
HOBBIES_2_126,HOBBIES_2,HOBBIES,0.5,2107.5,13,3.923076923076923,0.3950142767439684,0.15603627883156043,,0.9337660778886988,INTERMITENTE,False,False
HOBBIES_2_127,HOBBIES_2,HOBBIES,3.97,4434.49,25,2.04,0.3718710692263467,0.13828809212754636,0.7148467787993196,0.8431298074363301,INTERMITENTE,True,False
HOBBIES_2_128,HOBBIES_2,HOBBIES,4.498808844507846,15822.310706134096,51,1.0,0.22822605758683645,0.05208713336162999,0.12470248119337614,0.19456565936539022,SUAVE,True,True
HOBBIES_2_129,HOBBIES_2,HOBBIES,0.2399374079528718,3292.900986745213,51,1.0,0.5878556812976842,0.34557430203396444,0.49446767066269504,0.5506229439938211,SUAVE,True,True
HOBBIES_2_130,HOBBIES_2,HOBBIES,6.878714944976926,29709.16984735534,50,1.02,0.7714284686322326,0.5951018822162715,0.2856622940206653,0.887543292466691,ERRATICO,True,True
HOBBIES_2_131,HOBBIES_2,HOBBIES,6.044448979591836,36840.91653061224,48,1.0625,0.6727343403822138,0.4525714927294923,0.5782062041705511,0.7795314843231397,SUAVE,True,True
HOBBIES_2_132,HOBBIES_2,HOBBIES,2.871919770773639,3753.599140401146,10,5.1,0.4192891635214328,0.17580340264650282,,0.9057590303682033,INTERMITENTE,False,False
HOBBIES_2_133,HOBBIES_2,HOBBIES,2.7745620437956204,12799.054708029196,44,1.1590909090909092,0.3785340261080334,0.1432880089215573,0.5140603837793875,0.5909847616945588,SUAVE,True,True
HOBBIES_2_134,HOBBIES_2,HOBBIES,6.30641746854182,9156.918164322722,45,1.1333333333333333,0.6365506074934475,0.4051966759002771,0.2736076363389072,0.6493365676870644,SUAVE,True,True
HOBBIES_2_135,HOBBIES_2,HOBBIES,0.5370444033302497,938.7536170212765,32,1.59375,0.44854969095102804,0.20119682525226276,0.3728351648783597,0.6579906919137142,INTERMITENTE,True,False
HOBBIES_2_136,HOBBIES_2,HOBBIES,2.772962016070124,12176.076212563914,44,1.1590909090909092,0.36117095693954726,0.1304444601366283,0.5561727413423905,0.5140992610227676,SUAVE,True,True
HOBBIES_2_137,HOBBIES_2,HOBBIES,2.9695298542548194,6809.1319558063005,37,1.3783783783783783,0.23379515408406745,0.05466017407319284,0.2511420184762162,0.860748764786891,INTERMITENTE,True,False
HOBBIES_2_138,HOBBIES_2,HOBBIES,0.9698013245033112,1019.2611920529802,25,2.04,0.32800818509255036,0.10758936948770878,0.6243797383564964,0.8695226552808952,INTERMITENTE,True,False
HOBBIES_2_139,HOBBIES_2,HOBBIES,4.967971014492754,11048.767536231884,27,1.8888888888888888,0.3548565983604841,0.12592320539997393,0.4417127126626453,0.8865300107260218,INTERMITENTE,True,False
HOBBIES_2_140,HOBBIES_2,HOBBIES,2.614340448823208,9406.396934865901,30,1.7,0.7874181269543639,0.6200273066563187,0.5673866151086264,0.8474645993663039,CON PICOS,True,False
HOBBIES_2_141,HOBBIES_2,HOBBIES,0.5353168843734881,1204.4629898403482,33,1.5454545454545454,0.7183592401687527,0.5160399979358278,0.29179437131180636,0.887879192937743,CON PICOS,True,False
HOBBIES_2_142,HOBBIES_2,HOBBIES,0.2312540192926045,5702.724115755627,51,1.0,0.5912366415805851,0.3495607663474892,0.45081325921851473,0.26946374420801755,SUAVE,True,True
HOBBIES_2_143,HOBBIES_2,HOBBIES,1.0231525804038892,2273.445033657442,51,1.0,0.4266121547590923,0.18199793058819572,0.20748950337445377,0.4196519302339158,SUAVE,True,True
HOBBIES_2_144,HOBBIES_2,HOBBIES,0.5289508793208005,857.9583262583385,20,2.55,0.4616827636951086,0.21315097429315347,0.5343587553104515,0.8523704672577326,INTERMITENTE,True,False
HOBBIES_2_145,HOBBIES_2,HOBBIES,2.77273987595768,14914.567792776359,44,1.1590909090909092,0.45469279633496373,0.2067455390389088,0.5392011365304044,0.686246395913841,SUAVE,True,True
HOBBIES_2_146,HOBBIES_2,HOBBIES,1.9689577363896849,8305.06373209169,51,1.0,0.2752363552121873,0.07575505123048935,0.1715554662494565,0.4794574907839632,SUAVE,True,True
HOBBIES_2_147,HOBBIES_2,HOBBIES,0.97,3098.18,25,2.04,0.43196711887485734,0.18659559178904514,0.6604868648382881,0.8907210968135698,INTERMITENTE,True,False
HOBBIES_2_148,HOBBIES_2,HOBBIES,0.8437276626161544,3178.3221050750535,51,1.0,0.7893955055503558,0.6231452641831018,0.7612890257560551,0.46889276727687834,ERRATICO,True,True
HOBBIES_2_149,HOBBIES_2,HOBBIES,1.4958830845771145,4560.947524875623,24,2.125,0.9448642129820423,0.8927683809741741,0.9876469149303453,0.7916367997580291,CON PICOS,True,False
HOUSEHOLD_1_001,HOUSEHOLD_1,HOUSEHOLD,6.075092658588738,35016.83408410549,49,1.0408163265306123,0.33916602589311484,0.11503359312012905,0.05642660017352449,0.7012619218818537,SUAVE,True,True
HOUSEHOLD_1_002,HOUSEHOLD_1,HOUSEHOLD,6.065435804701628,52332.58012296564,51,1.0,0.40337297359539104,0.16270975582718802,0.11306724557222188,0.6741952044724255,SUAVE,True,True
HOUSEHOLD_1_003,HOUSEHOLD_1,HOUSEHOLD,8.97,98033.13,28,1.8214285714285714,0.40236613359417056,0.1618985054635219,0.3403111226591083,0.859787963540722,INTERMITENTE,True,False
HOUSEHOLD_1_004,HOUSEHOLD_1,HOUSEHOLD,2.196167494677076,68439.16763662173,51,1.0,0.5048051430250334,0.25482823242452446,0.35597981502722065,0.8396442189113285,SUAVE,True,True
HOUSEHOLD_1_005,HOUSEHOLD_1,HOUSEHOLD,10.04311135371179,181629.66883187773,50,1.02,0.34206845720607726,0.11701082941534591,0.2674885058490867,0.4355045198809009,SUAVE,True,True
HOUSEHOLD_1_006,HOUSEHOLD_1,HOUSEHOLD,6.9581220657277,102263.52,50,1.02,0.4561755246637687,0.20809610930226466,0.18710571884793428,0.6270723830913714,SUAVE,True,True
HOUSEHOLD_1_007,HOUSEHOLD_1,HOUSEHOLD,1.4988544527265597,54210.56784621421,46,1.108695652173913,0.3113842032415815,0.09696012202839453,0.29557893924740797,0.8113155064853298,SUAVE,True,True
HOUSEHOLD_1_008,HOUSEHOLD_1,HOUSEHOLD,5.423237957261861,42030.094168779426,50,1.02,0.18450495075405401,0.0340420768527559,0.16155868399498105,0.5478917968324074,SUAVE,True,True
HOUSEHOLD_1_009,HOUSEHOLD_1,HOUSEHOLD,17.962604765817584,61450.07090386195,15,3.4,0.555550560340502,0.3086364250946457,,0.8168645011000739,INTERMITENTE,False,False
HOUSEHOLD_1_010,HOUSEHOLD_1,HOUSEHOLD,3.0420954692556634,22173.83387540453,15,3.4,0.8730576046086962,0.7622295809650745,,0.7016414624103795,CON PICOS,False,False
HOUSEHOLD_1_011,HOUSEHOLD_1,HOUSEHOLD,4.625475177304964,88249.44090780141,51,1.0,0.3342881552285715,0.11174857072612153,0.2276289714839204,0.6235134230063015,SUAVE,True,True
HOUSEHOLD_1_012,HOUSEHOLD_1,HOUSEHOLD,3.9122113943028487,28473.07452773613,51,1.0,0.3885723062287516,0.15098843716793073,0.1285373874147125,0.7810306330502771,SUAVE,True,True
HOUSEHOLD_1_013,HOUSEHOLD_1,HOUSEHOLD,4.950125403081333,70880.8456467216,49,1.0408163265306123,0.5798344124620955,0.33620794587526354,0.25353263943109083,0.7049409612056086,SUAVE,True,True
HOUSEHOLD_1_014,HOUSEHOLD_1,HOUSEHOLD,17.95759538598048,182646.70267080746,39,1.3076923076923077,0.3260794935082767,0.10632783608661427,0.20894199353906645,0.927495621785656,SUAVE,True,True
HOUSEHOLD_1_015,HOUSEHOLD_1,HOUSEHOLD,5.154453630481668,25895.9750395399,51,1.0,0.8840990008996396,0.7816310433917408,0.755513535955735,0.6688355046224524,ERRATICO,True,True
HOUSEHOLD_1_016,HOUSEHOLD_1,HOUSEHOLD,4.851294326241135,138543.26336879432,51,1.0,0.4246950011686828,0.1803658440176675,0.17025071934208458,0.8542403654008274,SUAVE,True,True
HOUSEHOLD_1_017,HOUSEHOLD_1,HOUSEHOLD,4.94619399739017,70854.22901261417,40,1.275,0.35203355887921817,0.12392762657716797,0.21795535563135132,0.8311469119158666,SUAVE,True,True
HOUSEHOLD_1_018,HOUSEHOLD_1,HOUSEHOLD,10.053820224719102,119208.14640449439,39,1.3076923076923077,0.3143826712729924,0.09883646399674241,0.22833682632358832,0.9376177861152006,SUAVE,True,True
HOUSEHOLD_1_019,HOUSEHOLD_1,HOUSEHOLD,0.9761545711592836,121610.31262959471,36,1.4166666666666667,0.2633298602457083,0.06934261529702428,0.2913567718656973,0.8750498607449845,INTERMITENTE,True,False
HOUSEHOLD_1_020,HOUSEHOLD_1,HOUSEHOLD,6.97,18944.46,24,2.125,0.44765467263105874,0.20039470592842037,0.819134537492095,0.9300948623970311,INTERMITENTE,True,False
HOUSEHOLD_1_021,HOUSEHOLD_1,HOUSEHOLD,1.9431012891344384,56101.220419889505,51,1.0,0.4390783687037952,0.1927898138635859,0.12106748579898126,0.8538266252877141,SUAVE,True,True
HOUSEHOLD_1_022,HOUSEHOLD_1,HOUSEHOLD,4.84,19664.92,14,3.642857142857143,0.46069122167535165,0.21223640172872799,3.3166247903554,0.8835731278186847,INTERMITENTE,False,False
HOUSEHOLD_1_023,HOUSEHOLD_1,HOUSEHOLD,8.953657370517929,44132.577179282875,16,3.1875,0.5650479747301794,0.3192792137466775,3.3166247903554,0.822902944837152,INTERMITENTE,False,False
HOUSEHOLD_1_024,HOUSEHOLD_1,HOUSEHOLD,1.47,14577.99,25,2.04,0.5293384895356316,0.2801992365038639,0.5251331683546232,0.9654158683797467,INTERMITENTE,True,False
HOUSEHOLD_1_025,HOUSEHOLD_1,HOUSEHOLD,2.9793829787234043,48447.74661702128,51,1.0,0.14416290787085212,0.020782944005779794,0.07213243636615073,0.47347939483210877,SUAVE,True,True
HOUSEHOLD_1_026,HOUSEHOLD_1,HOUSEHOLD,2.8865425971877583,26654.33434243176,15,3.4,0.3072936958955544,0.09442941553714945,,0.948584611946916,INTERMITENTE,False,False
HOUSEHOLD_1_027,HOUSEHOLD_1,HOUSEHOLD,5.658501952431665,295718.97053603124,51,1.0,0.14976556476599454,0.022429724389677302,0.0850035654167211,0.6405466430268617,SUAVE,True,True
HOUSEHOLD_1_028,HOUSEHOLD_1,HOUSEHOLD,2.8729198682766195,62971.530592755225,50,1.02,0.3454873740657216,0.11936152563882785,0.13544260931379545,0.7732719222725952,SUAVE,True,True
HOUSEHOLD_1_029,HOUSEHOLD_1,HOUSEHOLD,6.969912638322656,127674.8597087944,26,1.9615384615384615,0.48711636913137585,0.2372823570757348,0.5654023660964556,0.9225915029463991,INTERMITENTE,True,False
HOUSEHOLD_1_030,HOUSEHOLD_1,HOUSEHOLD,4.924314968308143,82098.17915163336,34,1.5,0.23466516305535198,0.05506773875179493,0.27300661230079115,0.8969166514216264,INTERMITENTE,True,False
HOUSEHOLD_1_032,HOUSEHOLD_1,HOUSEHOLD,10.720150618612156,282668.93151156534,40,1.275,0.3422396975540875,0.11712801058191329,0.10151319347571518,0.9128830941017994,SUAVE,True,True
HOUSEHOLD_1_033,HOUSEHOLD_1,HOUSEHOLD,4.247399787158567,59807.636402979784,50,1.02,0.9540900301063718,0.9102877855483775,0.41399321201008726,0.8822251908525504,ERRATICO,True,True
HOUSEHOLD_1_034,HOUSEHOLD_1,HOUSEHOLD,3.9457978723404254,36340.79840425532,51,1.0,0.15634352658355594,0.024443298304583062,0.09345535475310296,0.5047431981998418,SUAVE,True,True
HOUSEHOLD_1_035,HOUSEHOLD_1,HOUSEHOLD,4.618804627249357,23385.007827763497,47,1.0851063829787233,0.6640849476520356,0.4410088176980069,0.2855435708686942,0.782066581223319,SUAVE,True,True
HOUSEHOLD_1_036,HOUSEHOLD_1,HOUSEHOLD,2.9710989010989013,6168.001318681319,11,4.636363636363637,0.393055437269979,0.1544925767674944,,0.9189278352021827,INTERMITENTE,False,False
HOUSEHOLD_1_037,HOUSEHOLD_1,HOUSEHOLD,4.032483150053211,26118.393362894647,50,1.02,0.5471253625399377,0.29934616233445827,0.22711572101513267,0.8486554406044878,SUAVE,True,True
HOUSEHOLD_1_038,HOUSEHOLD_1,HOUSEHOLD,5.169886524822695,110072.05399999999,51,1.0,0.13551147475308334,0.01836335978975554,0.060554223152396315,0.6649851875149245,SUAVE,True,True
HOUSEHOLD_1_039,HOUSEHOLD_1,HOUSEHOLD,2.8783660844250365,73073.0797852984,50,1.02,0.433635395612466,0.1880396563279799,0.24905502744804942,0.8104018707823168,SUAVE,True,True
HOUSEHOLD_1_040,HOUSEHOLD_1,HOUSEHOLD,4.532226804123711,296249.0050515464,46,1.108695652173913,0.33733423235021265,0.11379438431530725,0.302587986159724,0.8627182024525996,SUAVE,True,True
HOUSEHOLD_1_042,HOUSEHOLD_1,HOUSEHOLD,10.320036271309394,115666.96652883569,44,1.1590909090909092,0.7411260009908959,0.5492677493447574,0.23993730192744095,0.7633709231002022,ERRATICO,True,True
HOUSEHOLD_1_043,HOUSEHOLD_1,HOUSEHOLD,2.856381048387097,12930.837006048387,10,5.1,0.6308585462669999,0.3979825053981124,,0.7919933064635198,INTERMITENTE,False,False
HOUSEHOLD_1_044,HOUSEHOLD_1,HOUSEHOLD,17.97,63955.229999999996,15,3.4,0.5557483312420585,0.3088562076783327,,0.8042014528450545,INTERMITENTE,False,False
HOUSEHOLD_1_045,HOUSEHOLD_1,HOUSEHOLD,2.663264726756565,113481.71000709724,51,1.0,0.3479550780339389,0.1210727363296045,0.1491258554247539,0.6564099465825121,SUAVE,True,True
HOUSEHOLD_1_046,HOUSEHOLD_1,HOUSEHOLD,3.748797872340425,47980.8639680851,51,1.0,0.20630753077572578,0.04256279725477704,0.06774295848612537,0.7980253301073031,SUAVE,True,True
HOUSEHOLD_1_047,HOUSEHOLD_1,HOUSEHOLD,4.0303665158371045,40146.4808642534,38,1.3421052631578947,0.4035256438017461,0.16283294520561367,0.4657643648262317,0.8632033719589219,INTERMITENTE,True,False
HOUSEHOLD_1_048,HOUSEHOLD_1,HOUSEHOLD,2.839613475177305,103924.173964539,51,1.0,0.35219950835139835,0.12404449368296672,0.18394944021404144,0.8372280334143513,SUAVE,True,True
HOUSEHOLD_1_049,HOUSEHOLD_1,HOUSEHOLD,5.77342522974102,27302.527911445282,12,4.25,0.8675445356053714,0.7526335212587395,,0.8632786128925941,CON PICOS,False,False
HOUSEHOLD_1_050,HOUSEHOLD_1,HOUSEHOLD,3.700192582025678,85733.46212553495,22,2.3181818181818183,0.5312509181831673,0.2822275380704583,0.9592672457251141,0.9396242577489733,INTERMITENTE,False,False
HOUSEHOLD_1_051,HOUSEHOLD_1,HOUSEHOLD,2.9401349464867383,213145.0829455561,36,1.4166666666666667,0.40252924182652555,0.16202979052543748,0.3706106231220714,0.7960458136708739,INTERMITENTE,True,False
HOUSEHOLD_1_052,HOUSEHOLD_1,HOUSEHOLD,4.048737261852016,17373.131590606998,38,1.3421052631578947,0.6808740010945336,0.46358940536647886,0.29575941337046496,0.7932211052449857,INTERMITENTE,True,False
HOUSEHOLD_1_053,HOUSEHOLD_1,HOUSEHOLD,15.028539964476025,519506.5694920072,51,1.0,0.34222587210779654,0.11711854753994191,0.08340197842269335,0.8088735259680268,SUAVE,True,True
HOUSEHOLD_1_054,HOUSEHOLD_1,HOUSEHOLD,3.92,6209.28,9,5.666666666666667,0.5602938663838894,0.31392921670740775,,0.9318150538849478,INTERMITENTE,False,False
HOUSEHOLD_1_055,HOUSEHOLD_1,HOUSEHOLD,3.9271879432624113,156533.78423049644,51,1.0,0.11141244671991933,0.012412733284118864,0.055172683019132945,0.6431159094487793,SUAVE,True,True
HOUSEHOLD_1_056,HOUSEHOLD_1,HOUSEHOLD,11.878854609929078,101944.33026241136,48,1.0625,0.6452921888110611,0.4164020089405701,0.10717515799740704,0.8017313272933114,SUAVE,True,True
HOUSEHOLD_1_057,HOUSEHOLD_1,HOUSEHOLD,1.6883173629743196,5959.760291299348,47,1.0851063829787233,0.38726964545154197,0.14997777828816303,0.2553059461833412,0.7789909693809283,SUAVE,True,True
HOUSEHOLD_1_058,HOUSEHOLD_1,HOUSEHOLD,6.48,74325.6,22,2.3181818181818183,0.2853047342657129,0.08139879139442906,0.9631851379292298,0.9278821620961969,INTERMITENTE,False,False
HOUSEHOLD_1_059,HOUSEHOLD_1,HOUSEHOLD,2.9307320540156363,53374.492167732766,50,1.02,0.6503895190253215,0.42300652645798903,0.4384439392227749,0.6661292609157459,SUAVE,True,True
HOUSEHOLD_1_060,HOUSEHOLD_1,HOUSEHOLD,29.94466296590008,32070.734036478985,23,2.217391304347826,0.5192792789329128,0.26965096952908585,0.8846005936001348,0.876721404036246,INTERMITENTE,False,False
HOUSEHOLD_1_061,HOUSEHOLD_1,HOUSEHOLD,1.874578923147722,38057.70129774505,37,1.3783783783783783,0.22786012824523777,0.0519202380439362,0.28590027471736335,0.9451937192595454,INTERMITENTE,True,False
HOUSEHOLD_1_062,HOUSEHOLD_1,HOUSEHOLD,4.98,104316.06000000001,51,1.0,0.2746822037089728,0.07545031303441763,0.10576946949124781,0.6632548620645239,SUAVE,True,True
HOUSEHOLD_1_063,HOUSEHOLD_1,HOUSEHOLD,10.305888969521046,57908.790119738755,22,2.3181818181818183,0.8177995748468586,0.6687961446197027,0.21537468544932176,0.8514949739831117,CON PICOS,True,False
HOUSEHOLD_1_064,HOUSEHOLD_1,HOUSEHOLD,5.77598310652276,15300.57924917879,25,2.04,0.4102822380922878,0.16833151489401674,0.7680372094261838,0.9366955402688824,INTERMITENTE,True,False
HOUSEHOLD_1_065,HOUSEHOLD_1,HOUSEHOLD,0.98,10126.34,48,1.0625,0.7885932984942324,0.6218793904300136,0.5786426451074317,0.805290968518548,ERRATICO,True,True
HOUSEHOLD_1_066,HOUSEHOLD_1,HOUSEHOLD,3.027970852017937,154889.79299327353,35,1.457142857142857,0.3847619900252619,0.14804178896819975,0.2621422947929982,0.9001247467951048,INTERMITENTE,True,False
HOUSEHOLD_1_067,HOUSEHOLD_1,HOUSEHOLD,4.320301418439716,75346.05673758866,44,1.1590909090909092,0.4351533299916644,0.18935842060283437,0.11916064017140877,0.8324413290617341,SUAVE,True,True
HOUSEHOLD_1_068,HOUSEHOLD_1,HOUSEHOLD,6.965355484101464,94122.84865666309,51,1.0,0.29492392519551636,0.08698012165273053,0.10516380854244715,0.5106276933312814,SUAVE,True,True
HOUSEHOLD_1_069,HOUSEHOLD_1,HOUSEHOLD,1.969833333333333,27743.132666666665,51,1.0,0.25792630275183664,0.0665259776512321,0.09154043742068638,0.9201767302922403,SUAVE,True,True
HOUSEHOLD_1_070,HOUSEHOLD_1,HOUSEHOLD,3.6814705882352943,37738.755000000005,46,1.108695652173913,0.20774111881326962,0.04315637244578901,0.20802556170248898,0.8493204687540266,SUAVE,True,True
HOUSEHOLD_1_071,HOUSEHOLD_1,HOUSEHOLD,2.0996611081226466,76173.6053415815,33,1.5454545454545454,0.3421762287452509,0.11708457151832226,0.4192182098447673,0.959257074779867,INTERMITENTE,True,False
HOUSEHOLD_1_072,HOUSEHOLD_1,HOUSEHOLD,8.004335363668936,557838.1401648155,51,1.0,0.17169548778327692,0.029479340525137395,0.07706412258453203,0.841259889653045,SUAVE,True,True
HOUSEHOLD_1_073,HOUSEHOLD_1,HOUSEHOLD,8.448606856309263,68965.97776805251,51,1.0,0.18201638059178726,0.03312996280373435,0.060619421236020536,0.5814343501744053,SUAVE,True,True
HOUSEHOLD_1_074,HOUSEHOLD_1,HOUSEHOLD,4.993767392079914,51016.32767748841,51,1.0,0.35969801745790914,0.1293826637631503,0.1569255817325059,0.6786105946771853,SUAVE,True,True
HOUSEHOLD_1_075,HOUSEHOLD_1,HOUSEHOLD,2.728350364963504,107068.6533722628,50,1.02,0.34549611126426333,0.11936756289872823,0.09603644270729321,0.8437654321923735,SUAVE,True,True
HOUSEHOLD_1_076,HOUSEHOLD_1,HOUSEHOLD,4.964489947877886,20021.787959791513,20,2.55,0.21175031477994635,0.044838195809406366,1.3028604943353832,0.9533651224643105,INTERMITENTE,False,False
HOUSEHOLD_1_077,HOUSEHOLD_1,HOUSEHOLD,6.491012514220706,61515.32559726963,27,1.8888888888888888,0.38423260082331284,0.14763469153544728,0.6069000895848531,0.9367407359466619,INTERMITENTE,True,False
HOUSEHOLD_1_078,HOUSEHOLD_1,HOUSEHOLD,2.8385906040268454,33986.44530201342,44,1.1590909090909092,0.21080832489880996,0.04444014984664222,0.1379515461387701,0.8897603424253058,SUAVE,True,True
HOUSEHOLD_1_079,HOUSEHOLD_1,HOUSEHOLD,4.851480545730166,93357.04014148559,32,1.59375,0.1298096456194073,0.01685054409583611,0.3133481675058988,0.964315608995175,INTERMITENTE,True,False
HOUSEHOLD_1_080,HOUSEHOLD_1,HOUSEHOLD,10.066305852737573,80842.50230333545,27,1.8888888888888888,0.579339969460282,0.33563480021424047,0.8709077980603406,0.9030886690363442,INTERMITENTE,True,False
HOUSEHOLD_1_081,HOUSEHOLD_1,HOUSEHOLD,8.178038439796495,59838.70726399095,29,1.7586206896551724,0.577607016350864,0.33362986533774724,0.14028525361577576,0.9394511606853371,INTERMITENTE,True,False
HOUSEHOLD_1_082,HOUSEHOLD_1,HOUSEHOLD,3.48,74158.8,38,1.3421052631578947,0.16598902119540918,0.027552355157409995,0.20760754387028918,0.9541477881115641,INTERMITENTE,True,False
HOUSEHOLD_1_083,HOUSEHOLD_1,HOUSEHOLD,0.977043354655295,125155.34555792467,51,1.0,0.26153653582772435,0.06840135957276654,0.13551036568701771,0.8500744538287432,SUAVE,True,True
HOUSEHOLD_1_085,HOUSEHOLD_1,HOUSEHOLD,16.55482788671024,39615.7031328976,39,1.3076923076923077,0.4064843056884805,0.16522949077104604,0.1710880972664056,0.8741524272925661,SUAVE,True,True
HOUSEHOLD_1_086,HOUSEHOLD_1,HOUSEHOLD,4.934116394606104,186711.89848828956,51,1.0,0.43528789680457997,0.18947555310455466,0.23935461201761882,0.46915461898704397,SUAVE,True,True
HOUSEHOLD_1_087,HOUSEHOLD_1,HOUSEHOLD,4.322741134751773,108738.55324468085,51,1.0,0.21920919550920526,0.04805267139579297,0.08865078716597907,0.898871446553821,SUAVE,True,True
HOUSEHOLD_1_088,HOUSEHOLD_1,HOUSEHOLD,5.968879432624113,79027.96368794325,51,1.0,0.17360973204819571,0.030140339061846315,0.07895684438530756,0.5738447626095146,SUAVE,True,True
HOUSEHOLD_1_089,HOUSEHOLD_1,HOUSEHOLD,5.08764405543399,34097.3904595186,51,1.0,0.20272564622405642,0.04109768763696128,0.08943467704264851,0.505634695831569,SUAVE,True,True
HOUSEHOLD_1_090,HOUSEHOLD_1,HOUSEHOLD,2.929285380663241,156180.70864082203,36,1.4166666666666667,0.49346976210270554,0.24351240610970082,0.2792682432783345,0.9026396233905114,INTERMITENTE,True,False
HOUSEHOLD_1_091,HOUSEHOLD_1,HOUSEHOLD,6.948049303322615,61691.7297642015,51,1.0,0.393410659999603,0.15477194740132325,0.11779940654325019,0.8872751569594088,SUAVE,True,True
HOUSEHOLD_1_092,HOUSEHOLD_1,HOUSEHOLD,1.687100889060688,4096.2809586393505,46,1.108695652173913,0.36053509756047686,0.12998555657294256,0.3537117146308511,0.6418299678796859,SUAVE,True,True
HOUSEHOLD_1_093,HOUSEHOLD_1,HOUSEHOLD,3.9511075338055375,47286.85496458467,23,2.217391304347826,0.28321234133792994,0.08020923028611214,0.8699143195894948,0.9225091859916721,INTERMITENTE,False,False
HOUSEHOLD_1_094,HOUSEHOLD_1,HOUSEHOLD,3.5922450765864333,75720.93396936543,36,1.4166666666666667,0.2719963584181834,0.0739820189927529,0.16955330930873136,0.8762158561219088,INTERMITENTE,True,False
HOUSEHOLD_1_095,HOUSEHOLD_1,HOUSEHOLD,6.103628917378916,55463.67597222221,51,1.0,0.1659288515330824,0.0275323837710877,0.0727851167793206,0.6742792713867827,SUAVE,True,True
HOUSEHOLD_1_096,HOUSEHOLD_1,HOUSEHOLD,3.647542105263158,268896.804,33,1.5454545454545454,0.3067520038120851,0.09409679184272948,0.48129236540398324,0.8632485647708816,INTERMITENTE,True,False
HOUSEHOLD_1_097,HOUSEHOLD_1,HOUSEHOLD,3.997741134751773,43583.37385106383,51,1.0,0.2797134820777541,0.07823963205606206,0.13693911007065818,0.7839050071001274,SUAVE,True,True
HOUSEHOLD_1_098,HOUSEHOLD_1,HOUSEHOLD,7.98,31896.06,8,6.375,0.5214454324084056,0.2719053389795891,,0.9068850807719417,INTERMITENTE,False,False
HOUSEHOLD_1_099,HOUSEHOLD_1,HOUSEHOLD,2.366354826686545,25537.70128960119,51,1.0,0.2827786137434754,0.07996374439068166,0.09053258478409203,0.8325492168610338,SUAVE,True,True
HOUSEHOLD_1_100,HOUSEHOLD_1,HOUSEHOLD,8.030326472675656,167536.7011994322,51,1.0,0.14611909491289227,0.02135078989816282,0.04329203068675626,0.7560399381267676,SUAVE,True,True
HOUSEHOLD_1_101,HOUSEHOLD_1,HOUSEHOLD,2.365778571428572,35200.41936428573,51,1.0,0.20073583729092465,0.040294876372888574,0.1141850039767377,0.6731171962077097,SUAVE,True,True
HOUSEHOLD_1_102,HOUSEHOLD_1,HOUSEHOLD,17.917194004995835,140721.6417152373,15,3.4,0.32284821480989256,0.10423096980593453,,0.9630536439017197,INTERMITENTE,False,False
HOUSEHOLD_1_103,HOUSEHOLD_1,HOUSEHOLD,4.880639130434783,99428.38036521741,40,1.275,0.3713297732877965,0.13788580052996632,0.2571298662663338,0.8298992664155501,SUAVE,True,True
HOUSEHOLD_1_104,HOUSEHOLD_1,HOUSEHOLD,2.97,4333.2300000000005,22,2.3181818181818183,0.25693480655200723,0.06601549481791738,0.9690533860886416,0.9112094163232813,INTERMITENTE,False,False
HOUSEHOLD_1_105,HOUSEHOLD_1,HOUSEHOLD,4.038381358946994,46768.49451796514,51,1.0,0.35131452171802724,0.12342189316996623,0.18302245078463839,0.7130215365621071,SUAVE,True,True
HOUSEHOLD_1_106,HOUSEHOLD_1,HOUSEHOLD,9.102247744052503,273331.3975061526,15,3.4,0.5855530705621463,0.3428723984447579,,0.8802489922986698,INTERMITENTE,False,False
HOUSEHOLD_1_107,HOUSEHOLD_1,HOUSEHOLD,3.48,75383.76,37,1.3783783783783783,0.27617033097895105,0.07627005171302337,0.23887638946184991,0.9272803160392149,INTERMITENTE,True,False
HOUSEHOLD_1_108,HOUSEHOLD_1,HOUSEHOLD,4.852693674484719,14344.562501776829,51,1.0,0.18937011776020032,0.035861041500512135,0.11372855308584387,0.4092632198897772,SUAVE,True,True
HOUSEHOLD_1_109,HOUSEHOLD_1,HOUSEHOLD,3.7600390070921983,114436.78718085105,51,1.0,0.2520536047308575,0.06353101965781933,0.17538641225872534,0.723424425789354,SUAVE,True,True
HOUSEHOLD_1_110,HOUSEHOLD_1,HOUSEHOLD,3.647300420168067,538250.3595063025,33,1.5454545454545454,0.337568640025224,0.11395258672847927,0.2727328942650952,0.9138576811536865,INTERMITENTE,True,False
HOUSEHOLD_1_112,HOUSEHOLD_1,HOUSEHOLD,2.97,78794.1,50,1.02,0.3164491878557939,0.10014008849459154,0.20618572829798162,0.43822800071900264,SUAVE,True,True
HOUSEHOLD_1_113,HOUSEHOLD_1,HOUSEHOLD,5.8855918106206015,83510.66220089572,30,1.7,0.34097368294196534,0.1162630524590079,0.1479895527510964,0.9284424801905952,INTERMITENTE,True,False
HOUSEHOLD_1_114,HOUSEHOLD_1,HOUSEHOLD,0.9698968338669512,70335.94849519744,51,1.0,0.22006509561772378,0.04842864630923791,0.15424602276889246,0.7265998440315848,SUAVE,True,True
HOUSEHOLD_1_115,HOUSEHOLD_1,HOUSEHOLD,4.953159737417943,28579.73168490153,39,1.3076923076923077,0.6649175202724339,0.4421153087652425,0.35583518278533166,0.8444095063176956,SUAVE,True,True
HOUSEHOLD_1_116,HOUSEHOLD_1,HOUSEHOLD,2.9677827050997783,8164.37022172949,11,4.636363636363637,0.6879221519214073,0.4732368871041797,,0.9353936403899686,INTERMITENTE,False,False
HOUSEHOLD_1_117,HOUSEHOLD_1,HOUSEHOLD,8.247902247591865,69084.42922582946,49,1.0408163265306123,0.6999386552689147,0.48991412113965666,0.523651410882579,0.7990996421594198,SUAVE,True,True
HOUSEHOLD_1_118,HOUSEHOLD_1,HOUSEHOLD,0.97,116131.31,51,1.0,0.14513424023742197,0.021063947689293715,0.05525328893958363,0.5671126876274917,SUAVE,True,True
HOUSEHOLD_1_119,HOUSEHOLD_1,HOUSEHOLD,3.5670445344129558,77568.95044534413,29,1.7586206896551724,0.5242042038459007,0.2747900473297146,0.5418584230392725,0.8876585107514228,INTERMITENTE,True,False
HOUSEHOLD_1_120,HOUSEHOLD_1,HOUSEHOLD,4.456163793103448,24125.67077586207,51,1.0,0.19034590591323589,0.03623156389793045,0.11593904972209235,0.5357109953583308,SUAVE,True,True
HOUSEHOLD_1_121,HOUSEHOLD_1,HOUSEHOLD,2.4764991433466594,32452.044774414626,27,1.8888888888888888,0.3255570077498611,0.10598736529504314,0.4482684201928176,0.8559265289680099,INTERMITENTE,True,False
HOUSEHOLD_1_122,HOUSEHOLD_1,HOUSEHOLD,2.261849342367477,77389.17524910322,44,1.1590909090909092,0.202407193367144,0.04096867192676442,0.185423215742735,0.9561448012685833,SUAVE,True,True
HOUSEHOLD_1_123,HOUSEHOLD_1,HOUSEHOLD,8.960876979293545,74868.12716199756,25,2.04,0.42382205322974653,0.1796251328038781,0.6106957211395575,0.8235346161482319,INTERMITENTE,True,False
HOUSEHOLD_1_124,HOUSEHOLD_1,HOUSEHOLD,3.9933386517750296,100612.16733147186,44,1.1590909090909092,0.22931743155608322,0.05258648441547891,0.2078405501718906,0.9295457034620022,SUAVE,True,True
HOUSEHOLD_1_125,HOUSEHOLD_1,HOUSEHOLD,5.724263289332857,53762.28081341419,51,1.0,0.1531416629686959,0.02345236893681765,0.0769845984775073,0.5888693129148468,SUAVE,True,True
HOUSEHOLD_1_126,HOUSEHOLD_1,HOUSEHOLD,8.76162399414777,67981.44057059255,51,1.0,0.2258673581926568,0.05101606349692993,0.07272403433186823,0.7672342947339718,SUAVE,True,True
HOUSEHOLD_1_127,HOUSEHOLD_1,HOUSEHOLD,7.978387096774194,151389.89516129033,51,1.0,0.43938494815456614,0.19305913266479077,0.1996259640193905,0.8661772619081299,SUAVE,True,True
HOUSEHOLD_1_128,HOUSEHOLD_1,HOUSEHOLD,2.678650939918909,74868.29377073351,49,1.0408163265306123,0.4037907670153649,0.16304698352685673,0.2874048401433689,0.7302760703830898,SUAVE,True,True
HOUSEHOLD_1_129,HOUSEHOLD_1,HOUSEHOLD,3.883081560283688,102532.76859929078,51,1.0,0.2482386581322216,0.06162243139128599,0.10150489871263754,0.8009067800854549,SUAVE,True,True
HOUSEHOLD_1_130,HOUSEHOLD_1,HOUSEHOLD,6.491009697661152,84480.4912150599,27,1.8888888888888888,0.3436707971945763,0.11810961684435561,0.5582562280434776,0.9259268981415412,INTERMITENTE,True,False
HOUSEHOLD_1_131,HOUSEHOLD_1,HOUSEHOLD,4.91525404157044,27274.744676674374,9,5.666666666666667,0.9027876493902818,0.8150255398916303,,0.9476428815883978,CON PICOS,False,False
HOUSEHOLD_1_132,HOUSEHOLD_1,HOUSEHOLD,1.9278219226676123,55615.73464703795,51,1.0,0.3589685088693746,0.12885839035990226,0.08994691233040018,0.8882277068835926,SUAVE,True,True
HOUSEHOLD_1_133,HOUSEHOLD_1,HOUSEHOLD,3.119739478957916,23064.233967935874,34,1.5,0.4368227296318725,0.19081409712304,0.5651430327318745,0.7944901963939325,INTERMITENTE,True,False
HOUSEHOLD_1_134,HOUSEHOLD_1,HOUSEHOLD,4.052235717498876,32851.474961763386,37,1.3783783783783783,0.3110446974731563,0.09674880382616731,0.41598933255253795,0.8626667614446383,INTERMITENTE,True,False
HOUSEHOLD_1_135,HOUSEHOLD_1,HOUSEHOLD,1.4800675961132237,26473.96909167723,43,1.186046511627907,0.36387953659638034,0.1324083171535965,0.11899462273652743,0.9077684005059174,SUAVE,True,True
HOUSEHOLD_1_136,HOUSEHOLD_1,HOUSEHOLD,4.299074468085106,67835.09603191489,37,1.3783783783783783,0.8299588554740988,0.688831701779876,0.2652904354564232,0.8968805653984732,CON PICOS,True,False
HOUSEHOLD_1_137,HOUSEHOLD_1,HOUSEHOLD,12.963165374677002,27093.015633074934,5,10.2,0.4643115683420456,0.2155852324962501,,0.8399217715938092,INTERMITENTE,False,False
HOUSEHOLD_1_138,HOUSEHOLD_1,HOUSEHOLD,4.953483664772727,101952.60078835227,51,1.0,0.3447474573628607,0.11885080935815746,0.2516704801005537,0.4988076942483859,SUAVE,True,True
HOUSEHOLD_1_139,HOUSEHOLD_1,HOUSEHOLD,4.98,9915.18,22,2.3181818181818183,0.25899209430934905,0.06707690491474276,0.971423802539455,0.9226532055456244,INTERMITENTE,False,False
HOUSEHOLD_1_140,HOUSEHOLD_1,HOUSEHOLD,15.066197802197802,316209.35947252746,50,1.02,0.3087363757921097,0.0953181497372468,0.0941674603880856,0.6493080558285586,SUAVE,True,True
HOUSEHOLD_1_141,HOUSEHOLD_1,HOUSEHOLD,1.7916702127659576,48839.13832978724,51,1.0,0.18246956149625543,0.03329514087263574,0.10855262536230598,0.7233024666173459,SUAVE,True,True
HOUSEHOLD_1_142,HOUSEHOLD_1,HOUSEHOLD,5.985397923875432,102853.07792387542,33,1.5454545454545454,0.2536189681926919,0.06432258102712568,0.3472604257642797,0.9344053005748283,INTERMITENTE,True,False
HOUSEHOLD_1_143,HOUSEHOLD_1,HOUSEHOLD,1.97,48532.92,24,2.125,0.3632156867097015,0.13192563507200003,0.6013334858359364,0.9295197260414921,INTERMITENTE,True,False
HOUSEHOLD_1_144,HOUSEHOLD_1,HOUSEHOLD,2.9321340131099785,19076.463889293518,28,1.8214285714285714,0.8326947799080079,0.6933805964860457,0.35599872758315626,0.8876068624286236,CON PICOS,True,False
HOUSEHOLD_1_145,HOUSEHOLD_1,HOUSEHOLD,2.045276595744681,44478.63012765958,42,1.2142857142857142,0.8028180642152076,0.6445168442302532,0.5997748208628165,0.7407251623514575,ERRATICO,True,True
HOUSEHOLD_1_146,HOUSEHOLD_1,HOUSEHOLD,6.060918439716312,103853.83746453901,51,1.0,0.26776091466806595,0.0716959074238793,0.1405819298847123,0.7131606900272637,SUAVE,True,True
HOUSEHOLD_1_147,HOUSEHOLD_1,HOUSEHOLD,1.1939716312056738,45157.20106382979,50,1.02,0.4359996093388801,0.19009565934365608,0.1764298180909793,0.7080810829218329,SUAVE,True,True
HOUSEHOLD_1_148,HOUSEHOLD_1,HOUSEHOLD,5.865447087776866,24312.27817883511,15,3.4,0.9895549099903571,0.9792189198860237,,0.7399748766496158,CON PICOS,False,False
HOUSEHOLD_1_149,HOUSEHOLD_1,HOUSEHOLD,0.9701347995743173,43335.92149698475,51,1.0,0.29033184613570234,0.08429258088056514,0.18354917287152037,0.7799571055213346,SUAVE,True,True
HOUSEHOLD_1_150,HOUSEHOLD_1,HOUSEHOLD,12.246588894073728,48410.76589827345,39,1.3076923076923077,0.4708814116887918,0.2217293038740294,0.4166687809571584,0.8944729030961714,SUAVE,True,True
HOUSEHOLD_1_151,HOUSEHOLD_1,HOUSEHOLD,0.9241900075700228,90017.0309273278,48,1.0625,0.257813452588609,0.06646777633565894,0.19710348092040078,0.890555627588121,SUAVE,True,True
HOUSEHOLD_1_152,HOUSEHOLD_1,HOUSEHOLD,9.95658735554045,25996.649585316114,25,2.04,0.46179252610958466,0.21325233717067144,0.8484552313612985,0.7947938046435117,INTERMITENTE,True,False
HOUSEHOLD_1_153,HOUSEHOLD_1,HOUSEHOLD,1.97,40763.24,29,1.7586206896551724,0.37796392052018896,0.1428567252149917,0.37102992317852,0.9720419087008265,INTERMITENTE,True,False
HOUSEHOLD_1_154,HOUSEHOLD_1,HOUSEHOLD,3.238257575757576,20475.50265151515,39,1.3076923076923077,0.6020499694800632,0.362464165750945,0.2545039359950145,0.861591533700887,SUAVE,True,True
HOUSEHOLD_1_155,HOUSEHOLD_1,HOUSEHOLD,3.469860024701524,29282.148748456162,43,1.186046511627907,0.17161524864742062,0.029451793568316002,0.15880301882272632,0.9136664257989284,SUAVE,True,True
HOUSEHOLD_1_156,HOUSEHOLD_1,HOUSEHOLD,2.73,30352.14,6,8.5,0.13852643230588504,0.01918957244739695,,0.9052785400432283,INTERMITENTE,False,False
HOUSEHOLD_1_157,HOUSEHOLD_1,HOUSEHOLD,4.348274853801169,67202.58786549707,39,1.3076923076923077,0.726709592077275,0.5281068312171194,1.0235314878846262,0.7878245101700655,ERRATICO,True,True
HOUSEHOLD_1_158,HOUSEHOLD_1,HOUSEHOLD,3.547770562770563,37794.39980519481,40,1.275,0.1643831746817335,0.027021828118445307,0.09000694821364266,0.9392800301862909,SUAVE,True,True
HOUSEHOLD_1_159,HOUSEHOLD_1,HOUSEHOLD,7.929999999999999,20395.959999999995,1,,,,,0.0,SIN DATOS,False,False
HOUSEHOLD_1_160,HOUSEHOLD_1,HOUSEHOLD,10.326539301310044,112497.31914847162,45,1.1333333333333333,0.7587919711732627,0.5757652555170055,0.34431477568701185,0.7442750685096929,ERRATICO,True,True
HOUSEHOLD_1_161,HOUSEHOLD_1,HOUSEHOLD,12.553315051797686,50163.04694698355,25,2.04,0.5080412727226495,0.25810593478964955,0.6356971040803805,0.9274305211082693,INTERMITENTE,True,False
HOUSEHOLD_1_162,HOUSEHOLD_1,HOUSEHOLD,5.638479573712256,127497.30012078153,51,1.0,0.23377940479383752,0.05465281010576094,0.07088421727450753,0.7423091268936688,SUAVE,True,True
HOUSEHOLD_1_163,HOUSEHOLD_1,HOUSEHOLD,9.977937716262977,15465.803460207613,22,2.3181818181818183,0.49938629915401406,0.24938667578274243,1.1622061523223268,0.9331516009909729,INTERMITENTE,True,False
HOUSEHOLD_1_164,HOUSEHOLD_1,HOUSEHOLD,2.8852526926263464,27519.54018227009,15,3.4,0.2636812894613154,0.06952782241198201,,0.9657230419646331,INTERMITENTE,False,False
HOUSEHOLD_1_165,HOUSEHOLD_1,HOUSEHOLD,17.94649044868947,242564.7649044869,39,1.3076923076923077,0.3583491596530197,0.12841412022402543,0.16323254747909346,0.9377541408154066,SUAVE,True,True
HOUSEHOLD_1_166,HOUSEHOLD_1,HOUSEHOLD,4.948040924592648,57634.78068965517,49,1.0408163265306123,0.599004119448031,0.358805935115711,0.20742975618202386,0.7815358049266733,SUAVE,True,True
HOUSEHOLD_1_167,HOUSEHOLD_1,HOUSEHOLD,2.816014234875445,31584.41565836299,37,1.3783783783783783,0.3301706457080167,0.10901265528724868,0.23507773093245446,0.8528302228499905,INTERMITENTE,True,False
HOUSEHOLD_1_168,HOUSEHOLD_1,HOUSEHOLD,2.9474173369079537,49896.82809651475,44,1.1590909090909092,0.43189437344868076,0.1865327498166285,0.21626773970442636,0.8606806634451608,SUAVE,True,True
HOUSEHOLD_1_169,HOUSEHOLD_1,HOUSEHOLD,2.9595511767925564,121604.99830322935,33,1.5454545454545454,0.37501883542982145,0.1406391269271395,0.20576652328363917,0.9535500953691067,INTERMITENTE,True,False
HOUSEHOLD_1_170,HOUSEHOLD_1,HOUSEHOLD,1.9622903516681691,31763.593922452652,45,1.1333333333333333,0.4653530616827213,0.2165534720174826,0.13853608529929276,0.9503493078182071,SUAVE,True,True
HOUSEHOLD_1_171,HOUSEHOLD_1,HOUSEHOLD,8.96522182786158,153717.69346051465,38,1.3421052631578947,0.17839832983291257,0.03182596408717266,0.1823923163019019,0.9463186090442094,INTERMITENTE,True,False
HOUSEHOLD_1_172,HOUSEHOLD_1,HOUSEHOLD,1.9706739278420693,15714.15390061266,21,2.4285714285714284,0.7550491035998503,0.5700991488469376,1.3539870462644283,0.9207796953293758,CON PICOS,False,False
HOUSEHOLD_1_173,HOUSEHOLD_1,HOUSEHOLD,0.97,55929.229999999996,51,1.0,0.26935148486935057,0.07255022240132399,0.1389637228383982,0.8847597381608736,SUAVE,True,True
HOUSEHOLD_1_174,HOUSEHOLD_1,HOUSEHOLD,5.769008130081301,28879.65469918699,42,1.2142857142857142,0.7529167689975608,0.5668836610377262,0.6848308415092866,0.689027447098809,ERRATICO,True,True
HOUSEHOLD_1_175,HOUSEHOLD_1,HOUSEHOLD,4.857705735660848,65681.03925187033,51,1.0,0.6286792374021357,0.3952375835405309,0.20866664784717404,0.8682146365201877,SUAVE,True,True
HOUSEHOLD_1_176,HOUSEHOLD_1,HOUSEHOLD,3.887322070452912,59584.87269590224,51,1.0,0.251260548018749,0.06313186299068206,0.10601316396484779,0.7952096697850144,SUAVE,True,True
HOUSEHOLD_1_177,HOUSEHOLD_1,HOUSEHOLD,7.46413475177305,296079.83319858153,50,1.02,0.557361326252208,0.31065164800162026,0.1645928708334348,0.8992830082680092,SUAVE,True,True
HOUSEHOLD_1_178,HOUSEHOLD_1,HOUSEHOLD,4.434948563320326,33727.783824051075,50,1.02,0.30871430965270996,0.09530452498434928,0.11185026280277488,0.838139258447623,SUAVE,True,True
HOUSEHOLD_1_179,HOUSEHOLD_1,HOUSEHOLD,0.957659574468085,107372.7914893617,51,1.0,0.34492603090110263,0.1189739667931884,0.17438760409688328,0.4353597809351505,SUAVE,True,True
HOUSEHOLD_1_180,HOUSEHOLD_1,HOUSEHOLD,2.927974261201144,60395.325085796,39,1.3076923076923077,0.280913687280644,0.07891249970160744,0.16808108701167634,0.9048870584772046,SUAVE,True,True
HOUSEHOLD_1_181,HOUSEHOLD_1,HOUSEHOLD,4.040574468085106,45735.262404255314,51,1.0,0.25461507848750237,0.06482883819319699,0.19371967809543644,0.6521119255650666,SUAVE,True,True
HOUSEHOLD_1_182,HOUSEHOLD_1,HOUSEHOLD,4.190149041873669,46100.01975869411,43,1.186046511627907,0.5108742497838294,0.2609924990921906,0.3945216248084094,0.8484673555041784,SUAVE,True,True
HOUSEHOLD_1_183,HOUSEHOLD_1,HOUSEHOLD,4.783660558464224,38527.60213787086,43,1.186046511627907,0.45782728964625974,0.20960582714484022,0.1529523718891659,0.8481387280490967,SUAVE,True,True
HOUSEHOLD_1_184,HOUSEHOLD_1,HOUSEHOLD,12.023053191489362,164799.9900957447,51,1.0,0.7280653461871941,0.5300791483186788,0.13084201998587414,0.7243312062284545,ERRATICO,True,True
HOUSEHOLD_1_185,HOUSEHOLD_1,HOUSEHOLD,2.859063670411985,34174.38805243446,20,2.55,0.3598353268459482,0.12948146244633038,1.2408358963859039,0.9599002070228221,INTERMITENTE,False,False
HOUSEHOLD_1_186,HOUSEHOLD_1,HOUSEHOLD,3.1163497694217805,120686.87752039729,41,1.2439024390243902,0.48615948859200314,0.23635104834803802,0.14939562392519787,0.8445496399793192,SUAVE,True,True
HOUSEHOLD_1_187,HOUSEHOLD_1,HOUSEHOLD,6.524632768361582,17583.885310734462,10,5.1,0.639531054867118,0.4089999701394487,,0.9647527701965827,INTERMITENTE,False,False
HOUSEHOLD_1_188,HOUSEHOLD_1,HOUSEHOLD,3.993636363636364,86102.8,44,1.1590909090909092,0.17374611062705925,0.03018771095803031,0.18784987121580332,0.9333089071696861,SUAVE,True,True
HOUSEHOLD_1_189,HOUSEHOLD_1,HOUSEHOLD,5.483877995642701,21968.415250544662,46,1.108695652173913,1.2290462621705074,1.5105547145552956,0.8415631103693312,0.5411886374690807,ERRATICO,True,True
HOUSEHOLD_1_190,HOUSEHOLD_1,HOUSEHOLD,4.945794912559618,23467.79686009539,16,3.1875,0.611470612788992,0.37389631030454534,3.3166247903554007,0.8979458553055756,INTERMITENTE,False,False
HOUSEHOLD_1_191,HOUSEHOLD_1,HOUSEHOLD,3.231397163120567,221596.291858156,51,1.0,0.6521049653319706,0.4252408858106106,0.31423244178787774,0.7481916897717819,SUAVE,True,True
HOUSEHOLD_1_192,HOUSEHOLD_1,HOUSEHOLD,3.6321205673758863,32663.660262411344,51,1.0,0.18179813335346554,0.033050561290804435,0.0848080674395532,0.7906177543252166,SUAVE,True,True
HOUSEHOLD_1_193,HOUSEHOLD_1,HOUSEHOLD,2.42,26414.3,12,4.25,0.14255968017699525,0.02032326241216717,,0.9457512497023666,INTERMITENTE,False,False
HOUSEHOLD_1_194,HOUSEHOLD_1,HOUSEHOLD,4.98,83733.72,39,1.3076923076923077,0.16523419899469874,0.027302340517419702,0.13575465876584938,0.9438046288493326,SUAVE,True,True
HOUSEHOLD_1_195,HOUSEHOLD_1,HOUSEHOLD,3.8790851581508514,21517.285372262773,34,1.5,0.20464735570353385,0.041880540196448705,0.2772682778987124,0.9464598256588446,INTERMITENTE,True,False
HOUSEHOLD_1_196,HOUSEHOLD_1,HOUSEHOLD,1.9281879432624112,79285.16003900708,51,1.0,0.19536444357142105,0.03816726581197096,0.08048673240788513,0.6766257798231032,SUAVE,True,True
HOUSEHOLD_1_197,HOUSEHOLD_1,HOUSEHOLD,4.86591134751773,134411.06915248226,51,1.0,0.13788061071104832,0.019011062810051653,0.05355933832537903,0.6493443497814818,SUAVE,True,True
HOUSEHOLD_1_198,HOUSEHOLD_1,HOUSEHOLD,0.9772109569548204,107331.9654571327,51,1.0,0.16414771279655388,0.02694447161633994,0.09512087941034066,0.6517804486130829,SUAVE,True,True
HOUSEHOLD_1_199,HOUSEHOLD_1,HOUSEHOLD,1.6887869362363916,5453.093017107309,46,1.108695652173913,0.31062642608399815,0.09648877658171756,0.2244957439715815,0.7897969870908076,SUAVE,True,True
HOUSEHOLD_1_200,HOUSEHOLD_1,HOUSEHOLD,1.9936960514233244,14165.21044536272,38,1.3421052631578947,0.32625860297189335,0.10644467601317154,0.17089681710780677,0.9429713980907958,INTERMITENTE,True,False
HOUSEHOLD_1_201,HOUSEHOLD_1,HOUSEHOLD,4.84,16485.04,4,12.75,1.129720040405133,1.2762673696929756,,0.2152009837014982,CON PICOS,False,False
HOUSEHOLD_1_202,HOUSEHOLD_1,HOUSEHOLD,1.979404690318701,56458.55998196031,25,2.04,0.19818505951001805,0.0392773178129894,0.5225502991394497,0.9659446237421566,INTERMITENTE,True,False
HOUSEHOLD_1_203,HOUSEHOLD_1,HOUSEHOLD,4.954136460554372,76729.6655010661,50,1.02,0.4741414996625313,0.22481016170223414,0.24556045692184927,0.7201592532470323,SUAVE,True,True
HOUSEHOLD_1_204,HOUSEHOLD_1,HOUSEHOLD,1.8827470431133155,34350.71980160244,47,1.0851063829787233,0.2042756595321229,0.041728545077283796,0.24311506339795505,0.8659741187239901,SUAVE,True,True
HOUSEHOLD_1_205,HOUSEHOLD_1,HOUSEHOLD,5.9581985756179305,161592.3035693339,51,1.0,0.36200884582073156,0.1310504044524582,0.305586678181084,0.7095101116428172,SUAVE,True,True
HOUSEHOLD_1_206,HOUSEHOLD_1,HOUSEHOLD,4.876538871139511,32077.8726943557,51,1.0,0.3417037198152469,0.11676143213557674,0.28818447886506826,0.7006216889258252,SUAVE,True,True
HOUSEHOLD_1_207,HOUSEHOLD_1,HOUSEHOLD,7.936140613313388,66528.66676140613,51,1.0,0.5533993091667009,0.3062507953861818,0.5196272230566368,0.6177447244372617,SUAVE,True,True
HOUSEHOLD_1_208,HOUSEHOLD_1,HOUSEHOLD,0.9337311385459536,7257.892139917697,5,10.2,0.4804207468903314,0.23080409404266383,,0.7782202388986272,INTERMITENTE,False,False
HOUSEHOLD_1_209,HOUSEHOLD_1,HOUSEHOLD,3.533616780045352,9127.332142857145,7,7.285714285714286,0.18638515539595726,0.03473942615197514,,0.9380994998759862,INTERMITENTE,False,False
HOUSEHOLD_1_210,HOUSEHOLD_1,HOUSEHOLD,4.602641237855344,33921.465922993884,51,1.0,0.8472277831968176,0.7177949166205937,0.647161664257014,0.7788644926152636,ERRATICO,True,True
HOUSEHOLD_1_211,HOUSEHOLD_1,HOUSEHOLD,3.874014909478168,38236.52715654952,51,1.0,0.3459828402641781,0.11970412575726777,0.18209418397199495,0.7449317875384553,SUAVE,True,True
HOUSEHOLD_1_212,HOUSEHOLD_1,HOUSEHOLD,4.60669376693767,78562.55550135502,47,1.0851063829787233,0.4179360999714033,0.17467058365930682,0.2900068257659436,0.7873245741998971,SUAVE,True,True
HOUSEHOLD_1_213,HOUSEHOLD_1,HOUSEHOLD,4.48,27350.4,13,3.923076923076923,0.39574989309936515,0.15661797788815895,,0.9387719981119863,INTERMITENTE,False,False
HOUSEHOLD_1_214,HOUSEHOLD_1,HOUSEHOLD,1.794576734025123,79505.13304751503,30,1.7,0.45955516367472937,0.2111909484601073,0.8861909716452152,0.933763494216847,INTERMITENTE,True,False
HOUSEHOLD_1_215,HOUSEHOLD_1,HOUSEHOLD,2.2013247863247867,44328.07722222223,51,1.0,0.17791859385246508,0.03165502603843843,0.09663763590416675,0.7106371189702045,SUAVE,True,True
HOUSEHOLD_1_216,HOUSEHOLD_1,HOUSEHOLD,11.97,12795.93,10,5.1,0.20797928695509965,0.043255383802351687,,0.9548537655361471,INTERMITENTE,False,False
HOUSEHOLD_1_217,HOUSEHOLD_1,HOUSEHOLD,1.885918604651163,33786.23180232559,26,1.9615384615384615,0.34899415253877014,0.12179691850625436,0.4623376554351807,0.8378858967916676,INTERMITENTE,True,False
HOUSEHOLD_1_218,HOUSEHOLD_1,HOUSEHOLD,1.9366231155778892,43384.23103517587,34,1.5,0.2285701223708438,0.0522443008406225,0.4019621320215341,0.9199989127488246,INTERMITENTE,True,False
HOUSEHOLD_1_219,HOUSEHOLD_1,HOUSEHOLD,6.626612679315132,83899.54313280889,37,1.3783783783783783,0.3518243534245,0.1237803756625675,0.3294742271954552,0.8357962099647099,INTERMITENTE,True,False
HOUSEHOLD_1_220,HOUSEHOLD_1,HOUSEHOLD,1.8858857808857807,34502.28036130536,26,1.9615384615384615,0.31206158563565206,0.0973824332294374,0.46653184389090846,0.8668436702370109,INTERMITENTE,True,False
HOUSEHOLD_1_221,HOUSEHOLD_1,HOUSEHOLD,12.12655737704918,60802.55868852459,15,3.4,0.25820128984466895,0.06666790607745074,,0.9337908044354483,INTERMITENTE,False,False
HOUSEHOLD_1_222,HOUSEHOLD_1,HOUSEHOLD,10.3181336238199,218641.2514887437,48,1.0625,0.8420724601523079,0.7090860281469601,0.3805912350911912,0.7497708072944278,ERRATICO,True,True
HOUSEHOLD_1_223,HOUSEHOLD_1,HOUSEHOLD,9.463799196787148,101906.18975100401,42,1.2142857142857142,0.456413526771576,0.2083133074200681,0.27491101450140826,0.7601546048014746,SUAVE,True,True
HOUSEHOLD_1_224,HOUSEHOLD_1,HOUSEHOLD,8.259435369318181,98394.6535546875,49,1.0408163265306123,0.6496492328208019,0.42204412570465644,0.5535186350918512,0.7651743232428033,SUAVE,True,True
HOUSEHOLD_1_225,HOUSEHOLD_1,HOUSEHOLD,1.6807380073800735,63617.61431734316,33,1.5454545454545454,0.28008528023074425,0.07844776420193454,0.2363829734164176,0.9694967187518619,INTERMITENTE,True,False
HOUSEHOLD_1_226,HOUSEHOLD_1,HOUSEHOLD,2.956633333333333,37487.15403333333,14,3.642857142857143,0.1629199673542455,0.026542915762708418,,0.9484176613498613,INTERMITENTE,False,False
HOUSEHOLD_1_227,HOUSEHOLD_1,HOUSEHOLD,2.73,23153.13,6,8.5,0.06973204335433152,0.00486255787037037,,0.9252329066771651,INTERMITENTE,False,False
HOUSEHOLD_1_228,HOUSEHOLD_1,HOUSEHOLD,9.361740064446831,79125.42702470462,51,1.0,0.29618910812762483,0.08772798777343783,0.18605153090570628,0.5963389136175029,SUAVE,True,True
HOUSEHOLD_1_229,HOUSEHOLD_1,HOUSEHOLD,2.874191900766144,14506.04652316673,50,1.02,0.30604084595798947,0.09366099939468184,0.3269737329307952,0.6288054606908013,SUAVE,True,True
HOUSEHOLD_1_230,HOUSEHOLD_1,HOUSEHOLD,3.2567659574468086,30978.357787234043,51,1.0,0.5095739636587169,0.2596656244388553,0.1339825051961438,0.9610832279491142,SUAVE,True,True
HOUSEHOLD_1_231,HOUSEHOLD_1,HOUSEHOLD,2.971334503950834,13567.113345039508,13,3.923076923076923,0.23741520042500966,0.05636597739284751,,0.9447512061907595,INTERMITENTE,False,False
HOUSEHOLD_1_232,HOUSEHOLD_1,HOUSEHOLD,4.05949594959496,40891.30270027003,36,1.4166666666666667,0.2571813868261491,0.06614226572982133,0.3909859431990211,0.8529110715392965,INTERMITENTE,True,False
HOUSEHOLD_1_233,HOUSEHOLD_1,HOUSEHOLD,11.35599513381995,64445.27238442822,20,2.55,0.7412563177785203,0.5494609286465707,1.0847330846607164,0.7059460572567782,CON PICOS,True,False
HOUSEHOLD_1_234,HOUSEHOLD_1,HOUSEHOLD,0.97,118205.17,51,1.0,0.2399864497659884,0.05759349607128327,0.07588237305502159,0.7668975609759536,SUAVE,True,True
HOUSEHOLD_1_235,HOUSEHOLD_1,HOUSEHOLD,3.5201789627465305,185759.84386413443,51,1.0,0.3883552996388367,0.15081983875757063,0.34351170045619733,0.7918960218705151,SUAVE,True,True
HOUSEHOLD_1_236,HOUSEHOLD_1,HOUSEHOLD,2.5192650731359256,103088.32679272207,51,1.0,0.3692116414354601,0.13631723617146674,0.1847513448602523,0.5643832127511419,SUAVE,True,True
HOUSEHOLD_1_237,HOUSEHOLD_1,HOUSEHOLD,5.876820319849482,15714.617535277515,14,3.642857142857143,0.5759165687666002,0.3316798941798942,,0.9147102194920258,INTERMITENTE,False,False
HOUSEHOLD_1_238,HOUSEHOLD_1,HOUSEHOLD,2.4742482915717536,29478.194145785874,27,1.8888888888888888,0.3953651434513802,0.15631359665633043,0.3623654165635832,0.7997324765922447,INTERMITENTE,True,False
HOUSEHOLD_1_239,HOUSEHOLD_1,HOUSEHOLD,3.9631167763157897,22867.183799342107,15,3.4,0.2620681843351876,0.06867973324074186,,0.9450932881551504,INTERMITENTE,False,False
HOUSEHOLD_1_241,HOUSEHOLD_1,HOUSEHOLD,7.939575134168157,91686.21364937388,38,1.3421052631578947,0.1747683245917211,0.030543967280597183,0.19736659521460495,0.9415550129496654,INTERMITENTE,True,False
HOUSEHOLD_1_242,HOUSEHOLD_1,HOUSEHOLD,4.864366666666666,9830.885033333332,3,17.0,1.2180061964744704,1.4835390946502063,,0.003496536744358021,CON PICOS,False,False
HOUSEHOLD_1_243,HOUSEHOLD_1,HOUSEHOLD,1.97,86652.42,51,1.0,0.17890286281099968,0.032006234321971375,0.10203930203202044,0.8242200334451516,SUAVE,True,True
HOUSEHOLD_1_244,HOUSEHOLD_1,HOUSEHOLD,3.160831600831601,16780.85496881497,19,2.6842105263157894,0.32296898810430946,0.10430896727712159,0.7060744221157004,0.8305017029691125,INTERMITENTE,True,False
HOUSEHOLD_1_245,HOUSEHOLD_1,HOUSEHOLD,2.584121274409044,22735.09897225077,13,3.923076923076923,0.9267948362842303,0.8589486685631132,,0.8500505091979331,CON PICOS,False,False
HOUSEHOLD_1_246,HOUSEHOLD_1,HOUSEHOLD,3.98,49952.98,3,17.0,0.12670219934972815,0.016053447320058253,,0.6775774774937035,INTERMITENTE,False,False
HOUSEHOLD_1_247,HOUSEHOLD_1,HOUSEHOLD,0.97,59603.59,51,1.0,0.2308328387792734,0.05328379945889803,0.08575611444568614,0.9034707106277244,SUAVE,True,True
HOUSEHOLD_1_248,HOUSEHOLD_1,HOUSEHOLD,8.959029255319148,101183.27640957446,39,1.3076923076923077,0.2658186930424575,0.07065957757080023,0.14858236116522275,0.9556430102823599,SUAVE,True,True
HOUSEHOLD_1_249,HOUSEHOLD_1,HOUSEHOLD,7.969999999999999,104510.60999999999,27,1.8888888888888888,0.18703498955028974,0.03498208731607699,0.247591161443681,0.971242640650612,INTERMITENTE,True,False
HOUSEHOLD_1_250,HOUSEHOLD_1,HOUSEHOLD,2.68,5260.84,20,2.55,0.2795603841156822,0.07815400836690777,1.4159334362687226,0.9544612789129031,INTERMITENTE,False,False
HOUSEHOLD_1_251,HOUSEHOLD_1,HOUSEHOLD,1.9798809066461776,64769.82398002305,51,1.0,0.21586167662608857,0.046596263435826034,0.06719528245427263,0.9432255050522746,SUAVE,True,True
HOUSEHOLD_1_252,HOUSEHOLD_1,HOUSEHOLD,9.4577646544182,52093.367716535446,37,1.3783783783783783,0.26804171904037477,0.07184636314611921,0.2990848659397105,0.8253773172367332,INTERMITENTE,True,False
HOUSEHOLD_1_253,HOUSEHOLD_1,HOUSEHOLD,3.529583333333333,10489.921666666665,7,7.285714285714286,0.24366328760767186,0.059371797727779015,,0.9609280658447239,INTERMITENTE,False,False
HOUSEHOLD_1_254,HOUSEHOLD_1,HOUSEHOLD,0.9756047032474804,50813.39536394177,28,1.8214285714285714,0.4838421461022381,0.2341032223448195,0.8322969900907078,0.9639017594857213,INTERMITENTE,True,False
HOUSEHOLD_1_255,HOUSEHOLD_1,HOUSEHOLD,9.362908380681818,73639.2744140625,50,1.02,0.2570720363759281,0.06608603188646651,0.19424097291027456,0.648964388817542,SUAVE,True,True
HOUSEHOLD_1_256,HOUSEHOLD_1,HOUSEHOLD,5.884152482269503,98477.1759432624,50,1.02,0.487429137690659,0.2375871642698594,0.21244793501917383,0.7153352066379044,SUAVE,True,True
HOUSEHOLD_1_257,HOUSEHOLD_1,HOUSEHOLD,5.1812405063291145,49159.60992405064,27,1.8888888888888888,0.4817996740236848,0.23213092588932893,0.42349228222926233,0.8799949549568943,INTERMITENTE,True,False
HOUSEHOLD_1_258,HOUSEHOLD_1,HOUSEHOLD,2.968955026455027,3886.36212962963,22,2.3181818181818183,0.24118177457837434,0.058168648388773773,0.8938976398811516,0.9395901296242433,INTERMITENTE,False,False
HOUSEHOLD_1_259,HOUSEHOLD_1,HOUSEHOLD,9.64572340425532,184349.06570212767,48,1.0625,0.29201730695841505,0.0852741075632452,0.1458652247025836,0.7934178797950691,SUAVE,True,True
HOUSEHOLD_1_260,HOUSEHOLD_1,HOUSEHOLD,2.97,4155.030000000001,23,2.217391304347826,0.2803057226004852,0.07857129812258015,0.8315745762899803,0.9175269109901325,INTERMITENTE,False,False
HOUSEHOLD_1_261,HOUSEHOLD_1,HOUSEHOLD,5.995862068965517,23743.613793103446,45,1.1333333333333333,0.507271635288888,0.2573245119686626,0.1824388955713226,0.9318708119651803,SUAVE,True,True
HOUSEHOLD_1_262,HOUSEHOLD_1,HOUSEHOLD,0.97,42514.13,25,2.04,0.2122486399445508,0.04504948515831156,0.5543831226102702,0.9545819226953979,INTERMITENTE,True,False
HOUSEHOLD_1_263,HOUSEHOLD_1,HOUSEHOLD,7.56087626384208,27113.302282137698,29,1.7586206896551724,0.2680642778405324,0.07185845705416614,0.20078454522090391,0.8767453744211091,INTERMITENTE,True,False
HOUSEHOLD_1_264,HOUSEHOLD_1,HOUSEHOLD,7.264963181148748,14755.140220913108,21,2.4285714285714284,0.5306399980445409,0.2815788075247103,1.7186007043136513,0.8612559722565675,INTERMITENTE,False,False
HOUSEHOLD_1_265,HOUSEHOLD_1,HOUSEHOLD,4.475035486160397,59790.94913058907,51,1.0,0.18528865216524573,0.03433188462121342,0.05758319684595598,0.7156938279189422,SUAVE,True,True
HOUSEHOLD_1_266,HOUSEHOLD_1,HOUSEHOLD,1.0017184643510055,6797.661499085923,12,4.25,0.32973617263145266,0.10872594354163916,,0.9717839697887951,INTERMITENTE,False,False
HOUSEHOLD_1_267,HOUSEHOLD_1,HOUSEHOLD,9.722097744360902,46267.46316541353,24,2.125,0.4699800460232675,0.22088124366003262,0.5106634751508168,0.8535511111432018,INTERMITENTE,True,False
HOUSEHOLD_1_268,HOUSEHOLD_1,HOUSEHOLD,8.337689850958125,130117.9878140525,51,1.0,0.2583425451386893,0.06674087062873572,0.15941577647413266,0.5548009961809846,SUAVE,True,True
HOUSEHOLD_1_269,HOUSEHOLD_1,HOUSEHOLD,2.9712021660649817,35690.08041877256,50,1.02,0.3160710460888698,0.09990090617571247,0.12393793837178348,0.8611914457717763,SUAVE,True,True
HOUSEHOLD_1_270,HOUSEHOLD_1,HOUSEHOLD,9.939047962495492,87722.03731698521,51,1.0,0.21562557392172085,0.0464943881290715,0.13182442474706363,0.5002072035883004,SUAVE,True,True
HOUSEHOLD_1_271,HOUSEHOLD_1,HOUSEHOLD,2.979356955380577,9808.043097112859,22,2.3181818181818183,0.3543614526644975,0.12557203913449289,0.9940618281135288,0.9011788018445801,INTERMITENTE,False,False
HOUSEHOLD_1_272,HOUSEHOLD_1,HOUSEHOLD,9.95327659574468,527553.5194042552,51,1.0,0.2834572567244267,0.08034801638973753,0.06657349480700948,0.704520473030657,SUAVE,True,True
HOUSEHOLD_1_274,HOUSEHOLD_1,HOUSEHOLD,4.931961852861036,8818.347792915532,5,10.2,1.3533000031173796,1.8314208984374998,,0.38784010076060127,CON PICOS,False,False
HOUSEHOLD_1_275,HOUSEHOLD_1,HOUSEHOLD,2.97,87023.97,50,1.02,0.23457124970305784,0.05502367118725431,0.15015373394280931,0.5701415685146385,SUAVE,True,True
HOUSEHOLD_1_276,HOUSEHOLD_1,HOUSEHOLD,17.179195804195803,59336.942307692305,46,1.108695652173913,0.24570257161900963,0.06036975370019455,0.19881542389308976,0.7431126827094476,SUAVE,True,True
HOUSEHOLD_1_277,HOUSEHOLD_1,HOUSEHOLD,0.9760466245750364,105031.4012238951,34,1.5,0.33028026061898685,0.10908505055454588,0.22743566856213024,0.9014275978956132,INTERMITENTE,True,False
HOUSEHOLD_1_278,HOUSEHOLD_1,HOUSEHOLD,6.175235982250908,44047.958261395725,51,1.0,0.12220734622087889,0.014934635470349763,0.05075200544967012,0.34987013973655057,SUAVE,True,True
HOUSEHOLD_1_279,HOUSEHOLD_1,HOUSEHOLD,0.9700543281419776,20628.205287939152,51,1.0,0.28413426493044036,0.08073228050756168,0.17009179090647847,0.7784883542303134,SUAVE,True,True
HOUSEHOLD_1_280,HOUSEHOLD_1,HOUSEHOLD,4.97,56185.85,37,1.3783783783783783,0.33311586348265276,0.11096617850379335,0.24305413677321622,0.9226275444029136,INTERMITENTE,True,False
HOUSEHOLD_1_281,HOUSEHOLD_1,HOUSEHOLD,4.9143311582381735,43177.31355628059,46,1.108695652173913,0.36730409420951016,0.13491229762306872,0.34436101961249377,0.656921131630473,SUAVE,True,True
HOUSEHOLD_1_282,HOUSEHOLD_1,HOUSEHOLD,3.885603038936372,56982.3685660019,35,1.457142857142857,0.18930764844426165,0.03583738575949616,0.2832073821212419,0.944783210404524,INTERMITENTE,True,False
HOUSEHOLD_1_283,HOUSEHOLD_1,HOUSEHOLD,1.4799924127465856,27332.499878603943,22,2.3181818181818183,0.5814251123839056,0.33805516131063723,0.9215950108373316,0.9846863635098927,INTERMITENTE,False,False
HOUSEHOLD_1_284,HOUSEHOLD_1,HOUSEHOLD,4.948931297709923,40477.30908396946,22,2.3181818181818183,0.5158394125835883,0.26609029957458147,1.34703620583618,0.9210711764566265,INTERMITENTE,False,False
HOUSEHOLD_1_285,HOUSEHOLD_1,HOUSEHOLD,2.74649692712906,90244.39603160665,39,1.3076923076923077,0.2605892264000946,0.06790674491579975,0.11547891423772104,0.9396020601868106,SUAVE,True,True
HOUSEHOLD_1_286,HOUSEHOLD_1,HOUSEHOLD,4.876125265392781,11536.91237791932,10,5.1,0.7644363471288763,0.5843629288117399,,0.8903814628602026,CON PICOS,False,False
HOUSEHOLD_1_287,HOUSEHOLD_1,HOUSEHOLD,4.61790780141844,96047.86436170213,51,1.0,0.2946756668014751,0.08683374860489398,0.22051483710725997,0.5409811937652126,SUAVE,True,True
HOUSEHOLD_1_288,HOUSEHOLD_1,HOUSEHOLD,8.119381307591048,80024.62216761737,38,1.3421052631578947,0.2706953670794026,0.07327598175825253,0.24226948601134074,0.8676551158178607,INTERMITENTE,True,False
HOUSEHOLD_1_289,HOUSEHOLD_1,HOUSEHOLD,5.099974424552429,76973.91398976982,51,1.0,0.22037799384548754,0.04856646017136174,0.059329652808184904,0.8511598064436506,SUAVE,True,True
HOUSEHOLD_1_290,HOUSEHOLD_1,HOUSEHOLD,9.863569563595671,131471.5187131667,51,1.0,0.5273781340394549,0.27812769626293726,0.25203889782349614,0.8261205107137793,SUAVE,True,True
HOUSEHOLD_1_291,HOUSEHOLD_1,HOUSEHOLD,3.6917849073655673,65820.8331134207,39,1.3076923076923077,0.304738981543429,0.09286584687212636,0.2319119209208956,0.9425327218947954,SUAVE,True,True
HOUSEHOLD_1_292,HOUSEHOLD_1,HOUSEHOLD,6.619277108433735,154897.70361445783,39,1.3076923076923077,0.33411039492185324,0.11162975599483674,0.2768216490257847,0.8940157394996716,SUAVE,True,True
HOUSEHOLD_1_293,HOUSEHOLD_1,HOUSEHOLD,12.370310711365496,88299.2778577269,15,3.4,0.6681168055400989,0.4463800658451063,,0.7548381158109817,INTERMITENTE,False,False
HOUSEHOLD_1_294,HOUSEHOLD_1,HOUSEHOLD,1.989393613204162,141453.84347326873,51,1.0,0.19023527826254488,0.03618946109562788,0.07891240044872187,0.8092534990258967,SUAVE,True,True
HOUSEHOLD_1_295,HOUSEHOLD_1,HOUSEHOLD,2.98,33250.84,51,1.0,0.16701554565863622,0.027894192491652,0.09886947975787014,0.24466923276578126,SUAVE,True,True
HOUSEHOLD_1_296,HOUSEHOLD_1,HOUSEHOLD,4.937977067977068,18221.135380835378,15,3.4,0.2127418958255928,0.04525911423946738,,0.9604053371181506,INTERMITENTE,False,False
HOUSEHOLD_1_297,HOUSEHOLD_1,HOUSEHOLD,7.939508977647491,16871.456577500918,51,1.0,1.463985463061732,2.1432534360560735,1.1532941757253519,0.6880532897868626,ERRATICO,True,True
HOUSEHOLD_1_298,HOUSEHOLD_1,HOUSEHOLD,3.626470325747434,31590.1830075859,39,1.3076923076923077,0.3570881430644651,0.12751194191722792,0.26506138739667645,0.712705955051463,SUAVE,True,True
HOUSEHOLD_1_299,HOUSEHOLD_1,HOUSEHOLD,5.001592920353982,42473.52707964602,23,2.217391304347826,0.4797446291682729,0.23015490921580364,0.7491551042333703,0.7911771805876261,INTERMITENTE,True,False
HOUSEHOLD_1_300,HOUSEHOLD_1,HOUSEHOLD,4.873619565217391,5580.294402173912,10,5.1,0.5268998722961253,0.27762347542567317,,0.9647432453129718,INTERMITENTE,False,False
HOUSEHOLD_1_301,HOUSEHOLD_1,HOUSEHOLD,4.877820823244552,64796.971815980636,33,1.5454545454545454,0.243529573673772,0.05930665325372915,0.4317155607541106,0.8704150689785427,INTERMITENTE,True,False
HOUSEHOLD_1_302,HOUSEHOLD_1,HOUSEHOLD,8.38474688187821,42208.815803374906,44,1.1590909090909092,0.7210169925033963,0.5198655034786427,0.36529735291269166,0.7238071526099273,ERRATICO,True,True
HOUSEHOLD_1_303,HOUSEHOLD_1,HOUSEHOLD,0.9579226878612715,142742.93348627165,51,1.0,0.4084821612513077,0.16685767606053936,0.2137298608211576,0.6160986051550533,SUAVE,True,True
HOUSEHOLD_1_304,HOUSEHOLD_1,HOUSEHOLD,2.0970977917981077,159620.59842271297,33,1.5454545454545454,0.3016655275322494,0.09100209050131032,0.18311408502439055,0.9297636983123373,INTERMITENTE,True,False
HOUSEHOLD_1_305,HOUSEHOLD_1,HOUSEHOLD,2.9710651629072684,32334.102167919802,42,1.2142857142857142,0.21155430106789186,0.04475522230032423,0.12997178043626864,0.9065975565662199,SUAVE,True,True
HOUSEHOLD_1_306,HOUSEHOLD_1,HOUSEHOLD,1.9691923397169029,44736.1115736886,14,3.642857142857143,0.20824956357480456,0.043367880729096565,,0.9739358017374301,INTERMITENTE,False,False
HOUSEHOLD_1_307,HOUSEHOLD_1,HOUSEHOLD,2.886598192276089,42487.838792111754,15,3.4,0.5689029674044169,0.3236505863215511,,0.9398169540613531,INTERMITENTE,False,False
HOUSEHOLD_1_308,HOUSEHOLD_1,HOUSEHOLD,6.931495327102804,11055.735046728973,3,17.0,1.1112808298047703,1.2349450826915789,,0.9726570216336291,CON PICOS,False,False
HOUSEHOLD_1_309,HOUSEHOLD_1,HOUSEHOLD,6.799936170212765,38882.03502127659,51,1.0,0.24370811260920025,0.05939364415153863,0.07376329317631335,0.7924827195560573,SUAVE,True,True
HOUSEHOLD_1_310,HOUSEHOLD_1,HOUSEHOLD,7.476078014184398,250717.75228368797,47,1.0851063829787233,0.48237726091538696,0.2326878218482313,0.25869724039600145,0.8567177898079326,SUAVE,True,True
HOUSEHOLD_1_311,HOUSEHOLD_1,HOUSEHOLD,3.893781278962002,19940.053929564412,15,3.4,0.5698480254847081,0.32472677214882056,,0.8578323431140026,INTERMITENTE,False,False
HOUSEHOLD_1_312,HOUSEHOLD_1,HOUSEHOLD,2.365542920029347,18846.280443873806,51,1.0,0.24686373986357732,0.06094170605943197,0.12597656155592027,0.541773765252702,SUAVE,True,True
HOUSEHOLD_1_313,HOUSEHOLD_1,HOUSEHOLD,4.195900709219858,47573.12224113475,47,1.0851063829787233,0.6230974183438068,0.388250392746717,0.3101144247243207,0.8634538201732452,SUAVE,True,True
HOUSEHOLD_1_314,HOUSEHOLD_1,HOUSEHOLD,7.98,17851.260000000002,8,6.375,0.5594275499771793,0.31295918367346937,,0.8123434764399377,INTERMITENTE,False,False
HOUSEHOLD_1_315,HOUSEHOLD_1,HOUSEHOLD,9.47857716580608,39279.22377510039,27,1.8888888888888888,0.23766155876909417,0.0564830165165556,0.30327869634653093,0.9259125884485514,INTERMITENTE,True,False
HOUSEHOLD_1_316,HOUSEHOLD_1,HOUSEHOLD,3.9668333333333337,53096.06416666667,51,1.0,0.15224998535026887,0.023180058039157087,0.08858132586077329,0.5761842156378432,SUAVE,True,True
HOUSEHOLD_1_317,HOUSEHOLD_1,HOUSEHOLD,1.9211090909090909,13376.6826,13,3.923076923076923,0.5710949378296196,0.3261494280146171,3.3166247903554,0.9537176641133647,INTERMITENTE,True,False
HOUSEHOLD_1_318,HOUSEHOLD_1,HOUSEHOLD,2.92053415061296,102025.94001751314,39,1.3076923076923077,0.19094746439511046,0.03646093415892197,0.13685035526246594,0.8986677220643942,SUAVE,True,True
HOUSEHOLD_1_319,HOUSEHOLD_1,HOUSEHOLD,1.9434572756524848,110271.76582052199,51,1.0,0.1473682012619831,0.02171738674319236,0.08561565728652537,0.5945460974909371,SUAVE,True,True
HOUSEHOLD_1_320,HOUSEHOLD_1,HOUSEHOLD,4.481440251572327,21237.545352201258,25,2.04,0.3101701800704054,0.09620554060490773,0.5010878763589757,0.9216195350120551,INTERMITENTE,True,False
HOUSEHOLD_1_321,HOUSEHOLD_1,HOUSEHOLD,2.962947853848883,111786.09663001065,51,1.0,0.318211390356837,0.1012584889528313,0.16185425494520186,0.31442151281377895,SUAVE,True,True
HOUSEHOLD_1_322,HOUSEHOLD_1,HOUSEHOLD,2.8631939799331105,25545.41668896321,15,3.4,0.3381371469582711,0.11433673015307941,,0.8907544540449613,INTERMITENTE,False,False
HOUSEHOLD_1_323,HOUSEHOLD_1,HOUSEHOLD,4.92240727532097,42007.82368758916,51,1.0,0.9647018394820848,0.930649639100118,0.7710429354586907,0.7407744460918836,ERRATICO,True,True
HOUSEHOLD_1_324,HOUSEHOLD_1,HOUSEHOLD,5.908638297872341,125918.99076595745,51,1.0,0.3433331504887792,0.11787765222455071,0.16159279952726946,0.6791796283384156,SUAVE,True,True
HOUSEHOLD_1_325,HOUSEHOLD_1,HOUSEHOLD,3.5060138081395347,48972.00087209302,51,1.0,0.6403105783461442,0.4099976367419737,0.5667830710304518,0.8159362625057891,SUAVE,True,True
HOUSEHOLD_1_326,HOUSEHOLD_1,HOUSEHOLD,4.85987557767508,46489.56977603982,51,1.0,0.6290618883477644,0.39571885937165524,0.17831542659171098,0.87212236233667,SUAVE,True,True
HOUSEHOLD_1_327,HOUSEHOLD_1,HOUSEHOLD,0.957252669039146,123851.26482562278,51,1.0,0.3849444607631155,0.14818223787220577,0.18608309092141626,0.5703536541955692,SUAVE,True,True
HOUSEHOLD_1_328,HOUSEHOLD_1,HOUSEHOLD,4.7287468247248094,106680.5283657917,15,3.4,0.32187403749649346,0.10360289601429408,,0.9672058993717793,INTERMITENTE,False,False
HOUSEHOLD_1_329,HOUSEHOLD_1,HOUSEHOLD,4.954324681038275,70371.22776946766,40,1.275,0.40477816680711615,0.16384536432372954,0.21568400804382395,0.8797543233838567,SUAVE,True,True
HOUSEHOLD_1_330,HOUSEHOLD_1,HOUSEHOLD,2.4188166666666664,19394.07203333333,13,3.923076923076923,0.3127561826131847,0.09781642976277174,,0.9570937217960367,INTERMITENTE,False,False
HOUSEHOLD_1_331,HOUSEHOLD_1,HOUSEHOLD,4.854333333333333,93091.55033333333,51,1.0,0.45190448418111673,0.2042176628230012,0.17292667580912965,0.8568351878760457,SUAVE,True,True
HOUSEHOLD_1_332,HOUSEHOLD_1,HOUSEHOLD,9.741204576043067,29174.907705248985,23,2.217391304347826,0.353817373074225,0.12518673348914533,0.5933560099218018,0.8466155809519306,INTERMITENTE,True,False
HOUSEHOLD_1_333,HOUSEHOLD_1,HOUSEHOLD,2.95015278283012,32383.82709712623,49,1.0408163265306123,0.4799010072735353,0.23030497678215378,0.10858702454814864,0.8886554857439736,SUAVE,True,True
HOUSEHOLD_1_334,HOUSEHOLD_1,HOUSEHOLD,0.9761647058823528,167716.81044705882,36,1.4166666666666667,0.36015129843946075,0.12970895776762953,0.1999773555648317,0.8616069702299919,INTERMITENTE,True,False
HOUSEHOLD_1_335,HOUSEHOLD_1,HOUSEHOLD,8.959860609189468,35839.44243675787,33,1.5454545454545454,0.3888930244615383,0.15123778447484262,0.6359746609418664,0.8686560276360239,INTERMITENTE,True,False
HOUSEHOLD_1_336,HOUSEHOLD_1,HOUSEHOLD,4.87,69738.40000000001,44,1.1590909090909092,0.21548048837585207,0.04643184087069572,0.11716150456111267,0.897667510726759,SUAVE,True,True
HOUSEHOLD_1_337,HOUSEHOLD_1,HOUSEHOLD,4.967795431976167,18549.748142999008,33,1.5454545454545454,0.1849441500362363,0.03420433863262588,0.29336417011269644,0.8994371173138327,INTERMITENTE,True,False
HOUSEHOLD_1_338,HOUSEHOLD_1,HOUSEHOLD,3.954348646947766,99194.83580868471,23,2.217391304347826,0.15066283873500613,0.022699290975690463,0.7239575573265038,0.9498467426438513,INTERMITENTE,False,False
HOUSEHOLD_1_339,HOUSEHOLD_1,HOUSEHOLD,0.9760436893203884,112999.50604368933,34,1.5,0.3071107554491679,0.0943170161125586,0.24758549853093592,0.9052348674812817,INTERMITENTE,True,False
HOUSEHOLD_1_340,HOUSEHOLD_1,HOUSEHOLD,4.960216619318183,22469.78128551137,51,1.0,0.24155356677507164,0.05834812562175899,0.1126221208309803,0.6996586437252078,SUAVE,True,True
HOUSEHOLD_1_341,HOUSEHOLD_1,HOUSEHOLD,4.853026264210113,50772.360776166206,46,1.108695652173913,0.33544527897635157,0.11252353518752232,0.1975190334928446,0.7523898495031465,SUAVE,True,True
HOUSEHOLD_1_342,HOUSEHOLD_1,HOUSEHOLD,17.916592956592957,154548.53084357086,15,3.4,0.22296379409030784,0.049712853475145195,,0.9752534315257209,INTERMITENTE,False,False
HOUSEHOLD_1_343,HOUSEHOLD_1,HOUSEHOLD,4.9378026269080575,157580.09523251685,51,1.0,0.4430638435043428,0.19630556942084076,0.2284488372045449,0.5471355098714734,SUAVE,True,True
HOUSEHOLD_1_344,HOUSEHOLD_1,HOUSEHOLD,7.963351063829788,310682.17840425536,51,1.0,0.26085659992343135,0.06804616572361313,0.18887255151627824,0.7130975370554067,SUAVE,True,True
HOUSEHOLD_1_345,HOUSEHOLD_1,HOUSEHOLD,3.9408120567375886,76487.22120921986,51,1.0,0.16766091910367747,0.028110183794689884,0.10184757395048583,0.682646474613169,SUAVE,True,True
HOUSEHOLD_1_346,HOUSEHOLD_1,HOUSEHOLD,4.04232260907889,40354.50660643456,38,1.3421052631578947,0.4146464290452614,0.17193166111998698,0.5489809138144559,0.7641960050341736,INTERMITENTE,True,False
HOUSEHOLD_1_347,HOUSEHOLD_1,HOUSEHOLD,7.966097907059241,219035.82805250087,51,1.0,0.16967092979739665,0.0287882244183131,0.08904093188305223,0.6623194288649368,SUAVE,True,True
HOUSEHOLD_1_348,HOUSEHOLD_1,HOUSEHOLD,1.9428185328185328,57616.22640926641,35,1.457142857142857,0.25445291545699966,0.06474628618456701,0.2771156941078125,0.9600030412159878,INTERMITENTE,True,False
HOUSEHOLD_1_349,HOUSEHOLD_1,HOUSEHOLD,2.9491419141914195,47307.18544554456,15,3.4,0.3229614565316574,0.10430410240504964,,0.9612398746705606,INTERMITENTE,False,False
HOUSEHOLD_1_350,HOUSEHOLD_1,HOUSEHOLD,2.84653984206748,66375.6160373295,51,1.0,0.38777762480269107,0.15037148629761665,0.10601643004785603,0.8523620765206512,SUAVE,True,True
HOUSEHOLD_1_351,HOUSEHOLD_1,HOUSEHOLD,0.9752678571428572,107054.1774107143,36,1.4166666666666667,0.2938166422221471,0.08632821924669719,0.23785257719039798,0.8000235091857095,INTERMITENTE,True,False
HOUSEHOLD_1_353,HOUSEHOLD_1,HOUSEHOLD,3.4387609329446063,31254.898119533525,50,1.02,0.27094510366521257,0.07341124920015278,0.21132527065208057,0.7230800401401488,SUAVE,True,True
HOUSEHOLD_1_354,HOUSEHOLD_1,HOUSEHOLD,1.929560283687943,56080.74008510638,51,1.0,0.23679979609154628,0.05607414342899789,0.05609969024847532,0.835997004658739,SUAVE,True,True
HOUSEHOLD_1_355,HOUSEHOLD_1,HOUSEHOLD,8.17802197802198,54743.679120879126,28,1.8214285714285714,0.5247389491128113,0.27535096471601755,0.11247869357788956,0.9251657376461223,INTERMITENTE,True,False
HOUSEHOLD_1_356,HOUSEHOLD_1,HOUSEHOLD,5.946947791164659,75550.02473895582,20,2.55,0.5295094818081979,0.28038029132478626,1.0908186463532046,0.926341727899738,INTERMITENTE,False,False
HOUSEHOLD_1_357,HOUSEHOLD_1,HOUSEHOLD,12.017194602272726,225190.2096519886,50,1.02,0.6969820409298135,0.4857839653786883,0.12021453614090968,0.7766644861864871,SUAVE,True,True
HOUSEHOLD_1_358,HOUSEHOLD_1,HOUSEHOLD,9.89005120327701,99088.42300563236,33,1.5454545454545454,0.1195003797164925,0.01428034075238589,0.37774363414815265,0.9540323485293125,INTERMITENTE,True,False
HOUSEHOLD_1_359,HOUSEHOLD_1,HOUSEHOLD,6.7953046909250325,86810.0174265673,28,1.8214285714285714,0.3430539587065034,0.11768601858420334,0.11919999334910186,0.9349868896713723,INTERMITENTE,True,False
HOUSEHOLD_1_360,HOUSEHOLD_1,HOUSEHOLD,3.9696842852075207,26696.126818020577,51,1.0,0.24165008355597103,0.05839476288260778,0.11830721003110314,0.7505424991125289,SUAVE,True,True
HOUSEHOLD_1_361,HOUSEHOLD_1,HOUSEHOLD,1.855145728643216,50380.192552763816,33,1.5454545454545454,0.1515817891435658,0.02297703879996444,0.3232023671262248,0.9706794562429624,INTERMITENTE,True,False
HOUSEHOLD_1_362,HOUSEHOLD_1,HOUSEHOLD,7.968936170212765,65855.28851063829,51,1.0,0.1735808074546049,0.030130296716592623,0.14716561822351773,0.39672087849264914,SUAVE,True,True
HOUSEHOLD_1_363,HOUSEHOLD_1,HOUSEHOLD,2.9681261154074954,19479.811695419394,25,2.04,0.21146162598838908,0.04471601926565335,0.549529525265138,0.9589655621438262,INTERMITENTE,True,False
HOUSEHOLD_1_364,HOUSEHOLD_1,HOUSEHOLD,7.473963804116395,85300.34889638041,51,1.0,0.35302254184021087,0.12462491504732344,0.15816968656640235,0.7861858094748718,SUAVE,True,True
HOUSEHOLD_1_365,HOUSEHOLD_1,HOUSEHOLD,4.017780141843971,52194.98182269503,51,1.0,0.18114756837702525,0.03281444152890904,0.0732802932388399,0.7995304872068404,SUAVE,True,True
HOUSEHOLD_1_366,HOUSEHOLD_1,HOUSEHOLD,5.9556242568370985,273970.6270630202,42,1.2142857142857142,0.4573165660846633,0.2091384416154682,0.40503984904085194,0.8576374688708012,SUAVE,True,True
HOUSEHOLD_1_367,HOUSEHOLD_1,HOUSEHOLD,3.97,16757.370000000003,50,1.02,0.2913297299107565,0.08487301152987434,0.16906763021543703,0.6535992352816634,SUAVE,True,True
HOUSEHOLD_1_368,HOUSEHOLD_1,HOUSEHOLD,8.51332269503546,49130.385273049644,51,1.0,0.32323027784337555,0.10447781251470575,0.1280851061040228,0.6160023468691539,SUAVE,True,True
HOUSEHOLD_1_369,HOUSEHOLD_1,HOUSEHOLD,3.691530973451328,85628.75246017701,39,1.3076923076923077,0.2205085091811292,0.048624002621284135,0.1449079171436369,0.8860884431737204,SUAVE,True,True
HOUSEHOLD_1_370,HOUSEHOLD_1,HOUSEHOLD,6.932336879432624,193079.44676595743,51,1.0,0.2733072293613708,0.07469684162118895,0.0798816454055469,0.7171009616306232,SUAVE,True,True
HOUSEHOLD_1_371,HOUSEHOLD_1,HOUSEHOLD,4.859553072625698,29691.869273743017,10,5.1,0.94990827351137,0.9023257280853516,,0.9437826732005973,CON PICOS,False,False
HOUSEHOLD_1_372,HOUSEHOLD_1,HOUSEHOLD,1.9669787234042555,56353.94042553192,51,1.0,0.3006141438889553,0.09036886350608953,0.0730015039441203,0.6214562261209915,SUAVE,True,True
HOUSEHOLD_1_373,HOUSEHOLD_1,HOUSEHOLD,3.404387423202024,306939.5700758945,51,1.0,0.17104735928331516,0.0292571991177955,0.0393779632306992,0.8364006744414774,SUAVE,True,True
HOUSEHOLD_1_374,HOUSEHOLD_1,HOUSEHOLD,3.918872180451128,37985.62804511278,49,1.0408163265306123,0.4125220466312237,0.1701744389568135,0.23156953088451795,0.6752323393298293,SUAVE,True,True
HOUSEHOLD_1_375,HOUSEHOLD_1,HOUSEHOLD,7.949851063829787,57071.98078723404,51,1.0,0.2400163825082365,0.0576078638723401,0.15446582891426092,0.6442093835422452,SUAVE,True,True
HOUSEHOLD_1_376,HOUSEHOLD_1,HOUSEHOLD,5.023195035460993,94154.76774468085,51,1.0,0.27472900797181665,0.0754760278211785,0.0981971022463911,0.7465689507428259,SUAVE,True,True
HOUSEHOLD_1_377,HOUSEHOLD_1,HOUSEHOLD,8.749097370291402,87009.77334754799,51,1.0,0.15968468230888924,0.025499197764090886,0.09160577118639598,0.3786585136148803,SUAVE,True,True
HOUSEHOLD_1_378,HOUSEHOLD_1,HOUSEHOLD,22.70312678741659,19751.720305052433,12,4.25,0.5614116078066952,0.31518299338009853,,0.882998935214052,INTERMITENTE,False,False
HOUSEHOLD_1_379,HOUSEHOLD_1,HOUSEHOLD,0.97,44749.01,51,1.0,0.2451673046154851,0.060107007252422066,0.1302210775596451,0.8831044677180754,SUAVE,True,True
HOUSEHOLD_1_380,HOUSEHOLD_1,HOUSEHOLD,4.57,25436.620000000003,21,2.4285714285714284,0.17591116557902373,0.030944738175370703,1.0444399478212727,0.9590075716376899,INTERMITENTE,False,False
HOUSEHOLD_1_381,HOUSEHOLD_1,HOUSEHOLD,4.834631205673759,86027.42767375887,51,1.0,0.17789741777898815,0.03164749125243185,0.07982669905681644,0.7587991417719279,SUAVE,True,True
HOUSEHOLD_1_382,HOUSEHOLD_1,HOUSEHOLD,2.28,15704.64,10,5.1,0.3501138466342316,0.12257970560501825,,0.9022427606217641,INTERMITENTE,False,False
HOUSEHOLD_1_383,HOUSEHOLD_1,HOUSEHOLD,3.436451240623197,47378.353254472015,27,1.8888888888888888,0.19869020588483138,0.03947779791455668,0.27933131158981056,0.9636835978245012,INTERMITENTE,True,False
HOUSEHOLD_1_384,HOUSEHOLD_1,HOUSEHOLD,4.84,30724.32,14,3.642857142857143,0.34975113295636345,0.12232585500425983,3.3166247903554,0.8955213609568677,INTERMITENTE,False,False
HOUSEHOLD_1_385,HOUSEHOLD_1,HOUSEHOLD,1.97,62933.62,24,2.125,0.3319894150186957,0.1102169716844558,0.6962745244535435,0.8902100805350615,INTERMITENTE,True,False
HOUSEHOLD_1_386,HOUSEHOLD_1,HOUSEHOLD,2.9390256959314778,81319.90198072806,34,1.5,0.20696662030247848,0.042835181919430296,0.2847297620470068,0.8538990371512726,INTERMITENTE,True,False
HOUSEHOLD_1_387,HOUSEHOLD_1,HOUSEHOLD,2.957521276595745,146116.33867021278,51,1.0,0.3038192598665099,0.0923061426658339,0.19609646418889715,0.09929546387592736,SUAVE,True,True
HOUSEHOLD_1_388,HOUSEHOLD_1,HOUSEHOLD,3.5066139954853277,9555.523137697519,7,7.285714285714286,0.20224570993650579,0.04090332718772124,,0.9447709673338545,INTERMITENTE,False,False
HOUSEHOLD_1_389,HOUSEHOLD_1,HOUSEHOLD,0.9571489361702128,93695.30936170214,51,1.0,0.3847708575057364,0.14804861278569972,0.20482254775122213,0.5219957592191815,SUAVE,True,True
HOUSEHOLD_1_390,HOUSEHOLD_1,HOUSEHOLD,1.867471264367816,11856.575057471264,7,7.285714285714286,0.31453198490692574,0.09893036952949057,,0.9524750118036044,INTERMITENTE,False,False
HOUSEHOLD_1_393,HOUSEHOLD_1,HOUSEHOLD,1.977304347826087,67730.58313043478,51,1.0,0.33121081159260185,0.10970060171583,0.09617781014588583,0.9185178641215761,SUAVE,True,True
HOUSEHOLD_1_394,HOUSEHOLD_1,HOUSEHOLD,4.874984083674398,40057.74421555253,40,1.275,0.27737990904218146,0.07693961394024885,0.17212253298167457,0.870872376589747,SUAVE,True,True
HOUSEHOLD_1_395,HOUSEHOLD_1,HOUSEHOLD,4.854620567375886,54381.45959574468,51,1.0,0.5272600630257366,0.2780031740619037,0.1726950455452918,0.9225429287704595,SUAVE,True,True
HOUSEHOLD_1_396,HOUSEHOLD_1,HOUSEHOLD,3.964947538337369,31870.24831315577,16,3.1875,0.5009304757516488,0.25093134153677327,3.3166247903554,0.8898665873878713,INTERMITENTE,False,False
HOUSEHOLD_1_397,HOUSEHOLD_1,HOUSEHOLD,2.76713829787234,60741.45277659573,51,1.0,0.4493832515225751,0.20194530674900196,0.1891309355082076,0.7168700480350068,SUAVE,True,True
HOUSEHOLD_1_398,HOUSEHOLD_1,HOUSEHOLD,2.8775602140945584,25282.24404103479,38,1.3421052631578947,0.22322989362835705,0.049831585409327604,0.21179624360433297,0.9213019074585974,INTERMITENTE,True,False
HOUSEHOLD_1_399,HOUSEHOLD_1,HOUSEHOLD,1.038672911787666,69700.14574551133,46,1.108695652173913,0.3841169138006915,0.14754580346776788,0.2306470243731458,0.826037369141757,SUAVE,True,True
HOUSEHOLD_1_400,HOUSEHOLD_1,HOUSEHOLD,6.97,29050.96,36,1.4166666666666667,0.19898103847505186,0.039593453672610066,0.2702394127137698,0.9241390723824309,INTERMITENTE,True,False
HOUSEHOLD_1_401,HOUSEHOLD_1,HOUSEHOLD,9.362902767920511,51992.1990702626,49,1.0408163265306123,0.3353573588424064,0.11246455812975455,0.1702415534139549,0.8075135369665547,SUAVE,True,True
HOUSEHOLD_1_402,HOUSEHOLD_1,HOUSEHOLD,6.946204620462046,9926.126402640264,11,4.636363636363637,0.49051933414669513,0.24060921717171715,,0.7840494250814503,INTERMITENTE,False,False
HOUSEHOLD_1_403,HOUSEHOLD_1,HOUSEHOLD,3.989230174081238,25977.86689361702,47,1.0851063829787233,0.25010742858089874,0.06255372583134937,0.20500255159999117,0.862943650256268,SUAVE,True,True
HOUSEHOLD_1_404,HOUSEHOLD_1,HOUSEHOLD,2.677532228360957,83919.21510128911,48,1.0625,0.34326784978698693,0.11783281669738142,0.20309947697102362,0.7169272063343642,SUAVE,True,True
HOUSEHOLD_1_405,HOUSEHOLD_1,HOUSEHOLD,2.98,9571.76,20,2.55,0.3087434508850518,0.09532251846441038,1.2860008159745424,0.9628699637048296,INTERMITENTE,False,False
HOUSEHOLD_1_406,HOUSEHOLD_1,HOUSEHOLD,4.881238859180035,31093.491532976826,34,1.5,0.6116716086780104,0.3741421568627451,0.8966092529375451,0.7594594266408502,INTERMITENTE,True,False
HOUSEHOLD_1_407,HOUSEHOLD_1,HOUSEHOLD,5.179489230769231,36246.06563692308,25,2.04,0.2800126061214642,0.07840705958693427,0.32017244951673346,0.8927078527828353,INTERMITENTE,True,False
HOUSEHOLD_1_408,HOUSEHOLD_1,HOUSEHOLD,5.573846699787083,118394.07775017743,51,1.0,0.4315342069683425,0.18622177178379626,0.17447513409783352,0.5954409772651142,SUAVE,True,True
HOUSEHOLD_1_409,HOUSEHOLD_1,HOUSEHOLD,2.9605254860746197,310955.8339043616,33,1.5454545454545454,0.3968365899884676,0.15747927915367516,0.18947918050008236,0.9604437193752894,INTERMITENTE,True,False
HOUSEHOLD_1_410,HOUSEHOLD_1,HOUSEHOLD,4.259478538488826,166247.44735721886,50,1.02,0.9127543507402505,0.8331205047952561,0.3468516983018436,0.8737661249758324,ERRATICO,True,True
HOUSEHOLD_1_411,HOUSEHOLD_1,HOUSEHOLD,3.157551988325429,103873.98775994164,50,1.02,0.3596515782387968,0.12934925772965736,0.12619301281801895,0.8548208531419937,SUAVE,True,True
HOUSEHOLD_1_412,HOUSEHOLD_1,HOUSEHOLD,18.11064420218037,157906.70679881066,33,1.5454545454545454,0.31359950324968033,0.09834464843844627,0.36789222915854547,0.8896198933165342,INTERMITENTE,True,False
HOUSEHOLD_1_413,HOUSEHOLD_1,HOUSEHOLD,18.054144854786664,323909.41283972753,50,1.02,0.4405329502295023,0.19406928023790915,0.11518796178309966,0.8985216794298692,SUAVE,True,True
HOUSEHOLD_1_414,HOUSEHOLD_1,HOUSEHOLD,0.9602233363719236,62204.22795350958,38,1.3421052631578947,0.7070816727474167,0.4999644919352849,0.4864995349889555,0.7403235591995542,CON PICOS,True,False
HOUSEHOLD_1_415,HOUSEHOLD_1,HOUSEHOLD,12.566610169491526,66603.03389830509,46,1.108695652173913,0.22025747945138466,0.048513357254277134,0.12438353206153072,0.7903097226504044,SUAVE,True,True
HOUSEHOLD_1_416,HOUSEHOLD_1,HOUSEHOLD,3.528993824918271,196610.83296767162,51,1.0,0.3997773175558037,0.1598219036321139,0.26986517751482253,0.7813334963717765,SUAVE,True,True
HOUSEHOLD_1_417,HOUSEHOLD_1,HOUSEHOLD,5.478665246716365,49258.67923322684,51,1.0,0.20050443205932592,0.040202027275432844,0.11972964756893131,0.6733531957539095,SUAVE,True,True
HOUSEHOLD_1_418,HOUSEHOLD_1,HOUSEHOLD,0.9761719116956318,114283.3742179427,36,1.4166666666666667,0.3608072941552786,0.13018190351565376,0.2952397817316142,0.8297516675164779,INTERMITENTE,True,False
HOUSEHOLD_1_419,HOUSEHOLD_1,HOUSEHOLD,8.928341176470587,33168.78747058823,26,1.9615384615384615,0.17731292839575621,0.03143987457627857,0.39280157375991986,0.966069757334518,INTERMITENTE,True,False
HOUSEHOLD_1_420,HOUSEHOLD_1,HOUSEHOLD,6.43966688874084,36970.12760826116,22,2.3181818181818183,0.4768786265321833,0.2274132244432216,1.34110963434102,0.8985074618150358,INTERMITENTE,False,False
HOUSEHOLD_1_421,HOUSEHOLD_1,HOUSEHOLD,6.168009433962264,63493.48911320754,26,1.9615384615384615,0.3526252318106707,0.12434455410952923,0.209482620040175,0.8109117428945081,INTERMITENTE,True,False
HOUSEHOLD_1_422,HOUSEHOLD_1,HOUSEHOLD,3.631219123505976,29332.988079681272,51,1.0,0.24628783922599257,0.06065769975060836,0.06574934122666772,0.858281703497533,SUAVE,True,True
HOUSEHOLD_1_423,HOUSEHOLD_1,HOUSEHOLD,2.961676136363636,4978.577585227273,12,4.25,0.5683339408413316,0.3230034683122382,,0.8907995624185617,INTERMITENTE,False,False
HOUSEHOLD_1_424,HOUSEHOLD_1,HOUSEHOLD,2.956864530225783,37599.48936635106,50,1.02,0.48225338955096936,0.232568331733399,0.1574756809851759,0.8104910348885536,SUAVE,True,True
HOUSEHOLD_1_425,HOUSEHOLD_1,HOUSEHOLD,1.9662836879432624,77986.74363120567,51,1.0,0.23310423220077536,0.054337583069913,0.1039784742465772,0.5393360886989254,SUAVE,True,True
HOUSEHOLD_1_426,HOUSEHOLD_1,HOUSEHOLD,2.5196833250865907,57982.95267689262,33,1.5454545454545454,0.14555426953304215,0.021186045379297483,0.3513677488194526,0.9541608323263951,INTERMITENTE,True,False
HOUSEHOLD_1_427,HOUSEHOLD_1,HOUSEHOLD,5.9485351329892815,316658.3707344184,43,1.186046511627907,0.5063305742928222,0.25637065046369917,0.3680714678028339,0.8588415657874288,SUAVE,True,True
HOUSEHOLD_1_428,HOUSEHOLD_1,HOUSEHOLD,7.966996453900709,73320.26836524822,51,1.0,0.1962926631835182,0.03853080961967813,0.11233673052801302,0.5155595911959215,SUAVE,True,True
HOUSEHOLD_1_429,HOUSEHOLD_1,HOUSEHOLD,2.95515,112254.3279,14,3.642857142857143,0.12725315752985444,0.01619336610131795,,0.9627705868154082,INTERMITENTE,False,False
HOUSEHOLD_1_430,HOUSEHOLD_1,HOUSEHOLD,0.9561817406143344,31449.77363054607,31,1.6451612903225807,0.8792110010228246,0.7730119843195572,0.9643387307419156,0.783423786592039,CON PICOS,True,False
HOUSEHOLD_1_431,HOUSEHOLD_1,HOUSEHOLD,7.418405197873597,90489.70660366214,25,2.04,0.7436147556026076,0.5529629047499258,1.0641630015603518,0.8858933419716767,CON PICOS,True,False
HOUSEHOLD_1_432,HOUSEHOLD_1,HOUSEHOLD,3.955964093357272,36964.52848833035,51,1.0,0.15019473511834067,0.022558458457268515,0.0998295950197404,0.4240228828759573,SUAVE,True,True
HOUSEHOLD_1_433,HOUSEHOLD_1,HOUSEHOLD,8.958172888015717,15085.563143418467,11,4.636363636363637,0.25591028452239545,0.0654900737243334,,0.9496534124946101,INTERMITENTE,False,False
HOUSEHOLD_1_434,HOUSEHOLD_1,HOUSEHOLD,3.927755319148937,165755.20222340428,51,1.0,0.3137269812733215,0.09842461877887101,0.14066195241100027,0.6857558988505037,SUAVE,True,True
HOUSEHOLD_1_435,HOUSEHOLD_1,HOUSEHOLD,7.973209621993128,27188.644810996568,25,2.04,0.6129008645203229,0.3756474697297592,1.4752821648058279,0.938642601337974,INTERMITENTE,True,False
HOUSEHOLD_1_436,HOUSEHOLD_1,HOUSEHOLD,10.861691595441595,82472.82428418803,50,1.02,1.0006823559028346,1.0013651774152474,0.45333123468377384,0.9338801777535604,ERRATICO,True,True
HOUSEHOLD_1_437,HOUSEHOLD_1,HOUSEHOLD,3.2310925860234123,109795.75716566158,51,1.0,0.6333942508935513,0.401188277065003,0.20586405089086068,0.8160499593214956,SUAVE,True,True
HOUSEHOLD_1_438,HOUSEHOLD_1,HOUSEHOLD,7.333666666666668,163562.76766666668,51,1.0,0.28520739477742396,0.08134325803572535,0.09651226332187063,0.8547090168585617,SUAVE,True,True
HOUSEHOLD_1_439,HOUSEHOLD_1,HOUSEHOLD,0.9580170273146508,93072.31222064563,50,1.02,0.39267921611250056,0.15419696676672792,0.189823882846063,0.6023379355558053,SUAVE,True,True
HOUSEHOLD_1_440,HOUSEHOLD_1,HOUSEHOLD,15.03144586894587,342747.0287037037,51,1.0,0.3705295458438867,0.13729214434327694,0.0698508158484511,0.7908401175028681,SUAVE,True,True
HOUSEHOLD_1_441,HOUSEHOLD_1,HOUSEHOLD,2.832707423580786,111954.26279475982,50,1.02,0.3360719065423407,0.11294432636700379,0.17061967972019193,0.5031199723880388,SUAVE,True,True
HOUSEHOLD_1_442,HOUSEHOLD_1,HOUSEHOLD,8.97,53371.50000000001,14,3.642857142857143,0.17522707590015008,0.030704528128516956,,0.9697118896219455,INTERMITENTE,False,False
HOUSEHOLD_1_443,HOUSEHOLD_1,HOUSEHOLD,2.5097534445250185,73442.91504713561,51,1.0,0.49068793531679983,0.24077464986546393,0.15134428030298863,0.6081676910068595,SUAVE,True,True
HOUSEHOLD_1_444,HOUSEHOLD_1,HOUSEHOLD,4.877514705882353,20968.435720588237,22,2.3181818181818183,0.46263237039062477,0.21402871013324823,1.1654987520940985,0.9551315584833213,INTERMITENTE,False,False
HOUSEHOLD_1_445,HOUSEHOLD_1,HOUSEHOLD,1.930273224043716,69688.65420765028,50,1.02,0.19558881637861236,0.03825498509238654,0.1248185199635465,0.5261731853932756,SUAVE,True,True
HOUSEHOLD_1_446,HOUSEHOLD_1,HOUSEHOLD,3.919765957446808,40934.11589361702,51,1.0,0.2946752345019809,0.08683349382879745,0.1386052706950224,0.8574971202133458,SUAVE,True,True
HOUSEHOLD_1_447,HOUSEHOLD_1,HOUSEHOLD,0.9761556603773583,109357.74247641508,36,1.4166666666666667,0.2850071408037883,0.08122907030915041,0.27884822977125123,0.8727074879538642,INTERMITENTE,True,False
HOUSEHOLD_1_448,HOUSEHOLD_1,HOUSEHOLD,0.9750962695547531,53729.75464500601,28,1.8214285714285714,0.554458353163661,0.307424065392959,0.9984185796037791,0.9759764409155346,INTERMITENTE,True,False
HOUSEHOLD_1_449,HOUSEHOLD_1,HOUSEHOLD,15.13653791130186,156193.9347067239,27,1.8888888888888888,0.2693188838840426,0.07253266121654643,0.2852944632268955,0.9566566137859688,INTERMITENTE,True,False
HOUSEHOLD_1_450,HOUSEHOLD_1,HOUSEHOLD,3.4385334158415843,30479.160198019803,34,1.5,0.47806474831778933,0.22854590358415125,0.3996743235174992,0.9683711127854885,INTERMITENTE,True,False
HOUSEHOLD_1_451,HOUSEHOLD_1,HOUSEHOLD,6.954445952057893,37727.869289914066,36,1.4166666666666667,0.5193835788691036,0.2697593019988783,0.5458279901873532,0.809054530592609,INTERMITENTE,True,False
HOUSEHOLD_1_452,HOUSEHOLD_1,HOUSEHOLD,3.304241134751773,38471.27953191489,50,1.02,0.48627835282627474,0.23646663642743496,0.16656582846662266,0.8602580224332236,SUAVE,True,True
HOUSEHOLD_1_453,HOUSEHOLD_1,HOUSEHOLD,2.098389694041868,63759.57085346216,33,1.5454545454545454,0.28555175023874385,0.08153980206440994,0.33371419064880226,0.9493240855801164,INTERMITENTE,True,False
HOUSEHOLD_1_454,HOUSEHOLD_1,HOUSEHOLD,2.97,15904.35,34,1.5,0.2103303083692875,0.04423883861871958,0.27664949990744986,0.9466863429253802,INTERMITENTE,True,False
HOUSEHOLD_1_455,HOUSEHOLD_1,HOUSEHOLD,2.97,24235.2,14,3.642857142857143,0.2716492000398615,0.07379328788229668,,0.8749806550632009,INTERMITENTE,False,False
HOUSEHOLD_1_456,HOUSEHOLD_1,HOUSEHOLD,6.966812053925456,97751.33992862808,16,3.1875,0.5483829544476477,0.30072386472873086,3.3166247903554,0.8074500428718584,INTERMITENTE,False,False
HOUSEHOLD_1_457,HOUSEHOLD_1,HOUSEHOLD,10.07043804755945,157632.56675844808,25,2.04,0.45731738667900873,0.209139192158918,0.8527643476094157,0.9065203550958956,INTERMITENTE,True,False
HOUSEHOLD_1_458,HOUSEHOLD_1,HOUSEHOLD,2.4613053435114502,47335.82436641221,47,1.0851063829787233,0.3284394540948999,0.10787247500615585,0.3657177916240302,0.5191009991460162,SUAVE,True,True
HOUSEHOLD_1_459,HOUSEHOLD_1,HOUSEHOLD,0.9761665098777046,166932.28252116652,36,1.4166666666666667,0.3093954394530036,0.0957255379543172,0.23842045647856078,0.8634436395101033,INTERMITENTE,True,False
HOUSEHOLD_1_460,HOUSEHOLD_1,HOUSEHOLD,3.89695390070922,83164.89319503546,51,1.0,0.4208894523677596,0.17714793111443258,0.21986400532089284,0.7875996586078505,SUAVE,True,True
HOUSEHOLD_1_461,HOUSEHOLD_1,HOUSEHOLD,0.97,29001.059999999998,51,1.0,0.2649915883626527,0.07022054190296156,0.15040529675836037,0.8357243826219397,SUAVE,True,True
HOUSEHOLD_1_462,HOUSEHOLD_1,HOUSEHOLD,2.197053435114504,85902.59225954198,48,1.0625,0.3933177722831033,0.15469886999374308,0.3555989519278542,0.7827691890204735,SUAVE,True,True
HOUSEHOLD_1_463,HOUSEHOLD_1,HOUSEHOLD,2.9795385481148005,12609.407135621836,29,1.7586206896551724,0.4433078053164173,0.19652181025445853,0.6060591962141271,0.9006356767378357,INTERMITENTE,True,False
HOUSEHOLD_1_464,HOUSEHOLD_1,HOUSEHOLD,9.355655296229802,55114.16535008977,51,1.0,0.3900560308964763,0.15214370723871287,0.22897430993208018,0.6366946818878314,SUAVE,True,True
HOUSEHOLD_1_465,HOUSEHOLD_1,HOUSEHOLD,0.9759198113207548,114538.82865566039,35,1.457142857142857,0.1887210889722707,0.03561564942287971,0.2233262759562734,0.9158239188508165,INTERMITENTE,True,False
HOUSEHOLD_1_466,HOUSEHOLD_1,HOUSEHOLD,3.963159268929504,8639.687206266319,22,2.3181818181818183,0.21847701273676026,0.047732205094378505,0.9209799991260234,0.9364005211968417,INTERMITENTE,False,False
HOUSEHOLD_1_467,HOUSEHOLD_1,HOUSEHOLD,11.81189756507137,69725.63132661629,15,3.4,0.22215490158303589,0.04935280029736836,,0.9594160242960271,INTERMITENTE,False,False
HOUSEHOLD_1_468,HOUSEHOLD_1,HOUSEHOLD,4.980985815602837,59672.21007092199,51,1.0,0.21281518607534147,0.04529030342428222,0.07613428942113123,0.8059299543050632,SUAVE,True,True
HOUSEHOLD_1_469,HOUSEHOLD_1,HOUSEHOLD,17.973520773638967,360279.2239075931,51,1.0,0.24860895472791433,0.06180641237090616,0.1374053886949907,0.5416511966007934,SUAVE,True,True
HOUSEHOLD_1_470,HOUSEHOLD_1,HOUSEHOLD,2.978583690987125,28323.35231759657,46,1.108695652173913,0.7584674605269388,0.5752728886781835,0.14928444999700927,0.925553258763598,ERRATICO,True,True
HOUSEHOLD_1_471,HOUSEHOLD_1,HOUSEHOLD,2.503706151499746,36531.57645653279,32,1.59375,0.31726478525639157,0.10065694396378426,0.24660801535674998,0.925088065051404,INTERMITENTE,True,False
HOUSEHOLD_1_472,HOUSEHOLD_1,HOUSEHOLD,4.82504609929078,24762.136581560284,51,1.0,0.18818675355405962,0.03541425421321637,0.0806249212647638,0.5398757747805768,SUAVE,True,True
HOUSEHOLD_1_473,HOUSEHOLD_1,HOUSEHOLD,2.097234490010515,122111.47818086224,33,1.5454545454545454,0.2846064207782548,0.08100081474820904,0.48376852258089603,0.9556145051211048,INTERMITENTE,True,False
HOUSEHOLD_1_474,HOUSEHOLD_1,HOUSEHOLD,0.97,74754.98999999999,51,1.0,0.23433573822338788,0.05491323820870017,0.07349754226333083,0.44088949356898666,SUAVE,True,True
HOUSEHOLD_1_475,HOUSEHOLD_1,HOUSEHOLD,2.6602912621359223,41500.54368932039,51,1.0,0.31870220798615695,0.10157109737525165,0.12128279829026707,0.8201806592888254,SUAVE,True,True
HOUSEHOLD_1_476,HOUSEHOLD_1,HOUSEHOLD,4.84,14437.72,5,10.2,0.4934506757191596,0.24349356936769523,,0.8669838060694194,INTERMITENTE,False,False
HOUSEHOLD_1_477,HOUSEHOLD_1,HOUSEHOLD,13.058892149669846,126527.60603815115,51,1.0,0.33618322758372976,0.11301916250861384,0.2537220699258327,0.6468184988715465,SUAVE,True,True
HOUSEHOLD_1_478,HOUSEHOLD_1,HOUSEHOLD,2.654173758865248,91117.78514184397,51,1.0,0.12326695672228387,0.015194742619573404,0.05055332684430648,0.755706705380417,SUAVE,True,True
HOUSEHOLD_1_479,HOUSEHOLD_1,HOUSEHOLD,7.484580873671782,78760.24453364816,45,1.1333333333333333,0.2844766829677915,0.08092698315235736,0.21550830425527623,0.8460337772034706,SUAVE,True,True
HOUSEHOLD_1_480,HOUSEHOLD_1,HOUSEHOLD,2.742715053763441,23878.077258064517,21,2.4285714285714284,0.3900534860542026,0.15214172198303602,1.102775105687145,0.9391519239777552,INTERMITENTE,False,False
HOUSEHOLD_1_481,HOUSEHOLD_1,HOUSEHOLD,4.880782608695652,67540.26973913044,40,1.275,0.3288540441126599,0.10814498232925127,0.2948445084013238,0.7661408753670613,SUAVE,True,True
HOUSEHOLD_1_482,HOUSEHOLD_1,HOUSEHOLD,3.2245701357466063,54669.362081447965,39,1.3076923076923077,0.22100565788495669,0.048843500817162516,0.2542793725522823,0.8309055587876836,SUAVE,True,True
HOUSEHOLD_1_483,HOUSEHOLD_1,HOUSEHOLD,4.535792057117359,29695.830597947348,38,1.3421052631578947,0.22828774393908763,0.05211529403279844,0.1563675805987311,0.9398388393833409,INTERMITENTE,True,False
HOUSEHOLD_1_484,HOUSEHOLD_1,HOUSEHOLD,9.97,32841.18,4,12.75,1.4908540816526898,2.222645892780485,,0.005612317512727089,CON PICOS,False,False
HOUSEHOLD_1_485,HOUSEHOLD_1,HOUSEHOLD,2.97,28996.11,51,1.0,0.20441848898614437,0.041786918639378424,0.08582718153046862,0.5468265109398024,SUAVE,True,True
HOUSEHOLD_1_486,HOUSEHOLD_1,HOUSEHOLD,18.080677370797797,164823.4549121927,33,1.5454545454545454,0.20722456434763992,0.04294202006906916,0.30580374060381654,0.9173351914135215,INTERMITENTE,True,False
HOUSEHOLD_1_487,HOUSEHOLD_1,HOUSEHOLD,1.936951915240424,44968.275664221685,41,1.2439024390243902,0.8122917177590843,0.6598178347400038,0.6166084625799118,0.6841028672057253,ERRATICO,True,True
HOUSEHOLD_1_488,HOUSEHOLD_1,HOUSEHOLD,9.889412844036698,212968.5055963303,49,1.0408163265306123,0.28139319633207616,0.07918213094198236,0.24601453195376458,0.692753233991766,SUAVE,True,True
HOUSEHOLD_1_489,HOUSEHOLD_1,HOUSEHOLD,9.97,46659.600000000006,4,12.75,1.4858034305787313,2.207611834319527,,0.007028817927077565,CON PICOS,False,False
HOUSEHOLD_1_490,HOUSEHOLD_1,HOUSEHOLD,12.675695035460992,188348.15253191488,51,1.0,0.2652697739465815,0.07036805296967046,0.13025168588193295,0.8761549952073138,SUAVE,True,True
HOUSEHOLD_1_491,HOUSEHOLD_1,HOUSEHOLD,6.43398813447594,45726.353671720506,22,2.3181818181818183,0.3916270103871872,0.15337171526480606,1.1693601389597137,0.936678825383029,INTERMITENTE,False,False
HOUSEHOLD_1_492,HOUSEHOLD_1,HOUSEHOLD,4.017547906316537,28878.134350603268,51,1.0,0.14539316312333195,0.021139171883007814,0.10603669349324882,0.3661168401959341,SUAVE,True,True
HOUSEHOLD_1_493,HOUSEHOLD_1,HOUSEHOLD,2.755955934612651,17866.862324093818,51,1.0,0.2949528689988406,0.08699719493064723,0.16082707316384456,0.7616100158123567,SUAVE,True,True
HOUSEHOLD_1_494,HOUSEHOLD_1,HOUSEHOLD,7.97,382026.01,49,1.0408163265306123,0.22774811019167554,0.05186920169587959,0.12306800770444999,0.7808840759975216,SUAVE,True,True
HOUSEHOLD_1_495,HOUSEHOLD_1,HOUSEHOLD,3.567261273209549,32158.860377984085,22,2.3181818181818183,0.29069120961390577,0.0845013793467957,0.9370020485897047,0.9523943101973766,INTERMITENTE,False,False
HOUSEHOLD_1_496,HOUSEHOLD_1,HOUSEHOLD,7.932693208430913,14619.953583138173,8,6.375,0.5418235589782836,0.29357276906389357,,0.7866279673123,INTERMITENTE,False,False
HOUSEHOLD_1_497,HOUSEHOLD_1,HOUSEHOLD,15.19341054706752,256495.15685559387,27,1.8888888888888888,0.4255041215833463,0.18105375748441513,0.9196746157630027,0.862626897026309,INTERMITENTE,True,False
HOUSEHOLD_1_498,HOUSEHOLD_1,HOUSEHOLD,3.1577395315826826,127563.20385734562,51,1.0,0.26838416125208614,0.07203005801098578,0.13473196981113164,0.7833332408617367,SUAVE,True,True
HOUSEHOLD_1_499,HOUSEHOLD_1,HOUSEHOLD,3.94824747231584,32904.69443428021,32,1.59375,0.3203451004638856,0.10262098339121695,0.7528706081123242,0.8853475650069024,INTERMITENTE,True,False
HOUSEHOLD_1_500,HOUSEHOLD_1,HOUSEHOLD,4.439709639953542,15396.913031358885,27,1.8888888888888888,0.4274393641040131,0.1827044099856431,0.5959488189902746,0.8793730960402646,INTERMITENTE,True,False
HOUSEHOLD_1_501,HOUSEHOLD_1,HOUSEHOLD,3.966010180109632,13869.137599843383,51,1.0,0.28613512089168186,0.0818733074076974,0.12363060993027057,0.7550457809733631,SUAVE,True,True
HOUSEHOLD_1_502,HOUSEHOLD_1,HOUSEHOLD,4.147818791946309,4985.678187919464,15,3.4,0.3303781019237978,0.10914969023077133,,0.906533145481707,INTERMITENTE,False,False
HOUSEHOLD_1_503,HOUSEHOLD_1,HOUSEHOLD,1.0056985815602837,40436.12286879433,51,1.0,0.217980363778799,0.04751543899313755,0.08936860883194782,0.7546723734329331,SUAVE,True,True
HOUSEHOLD_1_504,HOUSEHOLD_1,HOUSEHOLD,3.117416331994645,16809.108862115125,38,1.3421052631578947,0.2758012208318991,0.07606631341236599,0.2080711785572004,0.9039157081671673,INTERMITENTE,True,False
HOUSEHOLD_1_505,HOUSEHOLD_1,HOUSEHOLD,2.5188407871198573,87680.84779964223,51,1.0,0.45304838844419665,0.2052528422718837,0.11116372082631688,0.6777354579460346,SUAVE,True,True
HOUSEHOLD_1_506,HOUSEHOLD_1,HOUSEHOLD,3.533599537037037,209690.86372685185,51,1.0,0.40694270154278067,0.16560236233893666,0.2913344616925535,0.8313731431548437,SUAVE,True,True
HOUSEHOLD_1_507,HOUSEHOLD_1,HOUSEHOLD,1.6904261913986829,21042.425230530804,46,1.108695652173913,0.14121650107892963,0.019942100176975334,0.1993463209320202,0.8870863661380891,SUAVE,True,True
HOUSEHOLD_1_508,HOUSEHOLD_1,HOUSEHOLD,4.849449769258076,62630.64376996805,51,1.0,0.6285497546544172,0.39507479407612806,0.15646560061692436,0.8573467992337994,SUAVE,True,True
HOUSEHOLD_1_509,HOUSEHOLD_1,HOUSEHOLD,3.044237288135593,22165.091694915252,13,3.923076923076923,0.8091355354263307,0.6547003146896548,,0.6658523107236293,CON PICOS,False,False
HOUSEHOLD_1_510,HOUSEHOLD_1,HOUSEHOLD,4.876973913043478,112760.51384347824,40,1.275,0.34431855145308715,0.11855526487475222,0.20918567869197424,0.8019242979947909,SUAVE,True,True
HOUSEHOLD_1_511,HOUSEHOLD_1,HOUSEHOLD,6.003747514910536,115175.89232604373,33,1.5454545454545454,0.11605922434728963,0.013469743556094507,0.33277212940714634,0.955820138214922,INTERMITENTE,True,False
HOUSEHOLD_1_512,HOUSEHOLD_1,HOUSEHOLD,1.87,3358.52,8,6.375,1.156407413720993,1.337278106508876,1.6651726637198923,0.1858330690137778,CON PICOS,True,False
HOUSEHOLD_1_513,HOUSEHOLD_1,HOUSEHOLD,10.332771128037722,116233.34241929633,38,1.3421052631578947,0.5508290997083866,0.3034126970855517,0.314328163488479,0.7622767593347456,INTERMITENTE,True,False
HOUSEHOLD_1_514,HOUSEHOLD_1,HOUSEHOLD,3.647172884918549,286149.8902049395,33,1.5454545454545454,0.4455730947995518,0.1985353828092504,0.2961027870644532,0.8890663040074004,INTERMITENTE,True,False
HOUSEHOLD_1_515,HOUSEHOLD_1,HOUSEHOLD,2.4648952380952385,54481.57944761906,35,1.457142857142857,0.22419005541909803,0.05026118094881825,0.31612913565787687,0.9524865192902013,INTERMITENTE,True,False
HOUSEHOLD_1_516,HOUSEHOLD_1,HOUSEHOLD,1.9434042553191488,114553.96382978723,51,1.0,0.18154167467547694,0.03295737964397671,0.1298374888073222,0.6364010957440568,SUAVE,True,True
HOUSEHOLD_1_517,HOUSEHOLD_1,HOUSEHOLD,0.9690318970341356,62462.82705092335,28,1.8214285714285714,0.19299948565780284,0.037248801464176445,0.15746291620996775,0.9841590236888619,INTERMITENTE,True,False
HOUSEHOLD_1_518,HOUSEHOLD_1,HOUSEHOLD,6.966817102137767,66351.9660807601,16,3.1875,0.5411444336300848,0.29283729804882525,3.3166247903554007,0.8005395274289162,INTERMITENTE,False,False
HOUSEHOLD_1_519,HOUSEHOLD_1,HOUSEHOLD,4.8588569400071,116981.83968761093,51,1.0,0.26493763100895085,0.07019194832463499,0.1382137697687494,0.7382574885435179,SUAVE,True,True
HOUSEHOLD_1_520,HOUSEHOLD_1,HOUSEHOLD,5.579215755855217,58737.98347764373,50,1.02,0.49095910026783524,0.2410408381358023,0.25720411345580024,0.677526757831688,SUAVE,True,True
HOUSEHOLD_1_521,HOUSEHOLD_1,HOUSEHOLD,0.9576702127659577,147001.41998936175,51,1.0,0.35129757236802583,0.12340998435166835,0.1634279977495046,0.5149870859098703,SUAVE,True,True
HOUSEHOLD_1_522,HOUSEHOLD_1,HOUSEHOLD,1.7819503546099291,46361.00237588653,51,1.0,0.369487208340162,0.1365207971270063,0.13075831805545343,0.8948308089880931,SUAVE,True,True
HOUSEHOLD_1_523,HOUSEHOLD_1,HOUSEHOLD,20.471290322580643,28066.139032258063,9,5.666666666666667,0.3541561523590225,0.12542658025374714,,0.9287458231303781,INTERMITENTE,False,False
HOUSEHOLD_1_524,HOUSEHOLD_1,HOUSEHOLD,3.963152350081038,35414.729400324155,16,3.1875,0.5699854793869912,0.32488344671201813,3.316624790355399,0.8783800885523283,INTERMITENTE,False,False
HOUSEHOLD_1_525,HOUSEHOLD_1,HOUSEHOLD,4.033404255319149,25930.755957446807,49,1.0408163265306123,0.44779380521645745,0.20051929199023463,0.28932539447346006,0.7284580828166948,SUAVE,True,True
HOUSEHOLD_1_526,HOUSEHOLD_1,HOUSEHOLD,4.94,8788.26,4,12.75,1.1878442393259576,1.4109739368998628,,0.671901547190462,CON PICOS,False,False
HOUSEHOLD_1_527,HOUSEHOLD_1,HOUSEHOLD,5.205924686192469,42417.874343096235,15,3.4,0.5771654947000088,0.33312000827230587,,0.8717473406439714,INTERMITENTE,False,False
HOUSEHOLD_1_528,HOUSEHOLD_1,HOUSEHOLD,2.935875243664717,64072.54131773879,51,1.0,0.19583129793566584,0.03834989725116752,0.06447297082921719,0.8401753344229206,SUAVE,True,True
HOUSEHOLD_1_529,HOUSEHOLD_1,HOUSEHOLD,2.9560569800569803,35419.474735042735,26,1.9615384615384615,0.4438005835965889,0.1969589580006729,0.48883085270351717,0.8928286336831756,INTERMITENTE,True,False
HOUSEHOLD_1_530,HOUSEHOLD_1,HOUSEHOLD,1.9611229428848012,19697.51883833494,34,1.5,0.15138266531040376,0.022916711356481722,0.41255435053683714,0.9297357480419831,INTERMITENTE,True,False
HOUSEHOLD_1_531,HOUSEHOLD_1,HOUSEHOLD,8.247103931490853,89926.42126897626,46,1.108695652173913,0.4236819713830937,0.17950641287506464,0.26290167101880835,0.7996538124266661,SUAVE,True,True
HOUSEHOLD_1_532,HOUSEHOLD_1,HOUSEHOLD,2.47937893411666,39015.50690725976,46,1.108695652173913,0.27642634982401715,0.0764115268770299,0.2058236109578019,0.9308770731234401,SUAVE,True,True
HOUSEHOLD_1_533,HOUSEHOLD_1,HOUSEHOLD,4.897837505129257,32526.538871563393,36,1.4166666666666667,0.6603534941850765,0.43606673728243983,0.9584751626560934,0.7363847094106709,INTERMITENTE,True,False
HOUSEHOLD_1_534,HOUSEHOLD_1,HOUSEHOLD,9.964971181556196,30482.846844380405,4,12.75,1.4001654757046846,1.9604633593553258,,0.004602538502084763,CON PICOS,False,False
HOUSEHOLD_1_535,HOUSEHOLD_1,HOUSEHOLD,6.963214285714286,564368.5178571428,51,1.0,0.3244413432048112,0.1052621851805421,0.13400281027968305,0.6031395281767354,SUAVE,True,True
HOUSEHOLD_1_536,HOUSEHOLD_1,HOUSEHOLD,2.9557073170731707,52514.05190243902,15,3.4,0.23718163582433346,0.05625512837230674,,0.9531872948756109,INTERMITENTE,False,False
HOUSEHOLD_1_537,HOUSEHOLD_1,HOUSEHOLD,15.967056737588653,337016.6665602837,51,1.0,0.15456298893310558,0.023889717547935316,0.08560173035797052,0.6678039959021818,SUAVE,True,True
HOUSEHOLD_1_538,HOUSEHOLD_1,HOUSEHOLD,3.48,68691.72,37,1.3783783783783783,0.30090503243639133,0.09054383854554572,0.26084038373586194,0.912674474474043,INTERMITENTE,True,False
HOUSEHOLD_1_539,HOUSEHOLD_1,HOUSEHOLD,3.6653047313552527,99348.08474338413,44,1.1590909090909092,0.15420568342430288,0.02377939280035632,0.15808399516135999,0.9450851250116769,SUAVE,True,True
HOUSEHOLD_1_540,HOUSEHOLD_1,HOUSEHOLD,1.679620253164557,60449.53291139241,33,1.5454545454545454,0.2442261852803768,0.05964642957660493,0.1590418549536279,0.9472502579883749,INTERMITENTE,True,False
HOUSEHOLD_1_541,HOUSEHOLD_1,HOUSEHOLD,7.471402698863637,242693.57386718752,50,1.02,0.5474311195279331,0.2996808306276062,0.21920425668610458,0.8698058896380787,SUAVE,True,True
HOUSEHOLD_2_001,HOUSEHOLD_2,HOUSEHOLD,6.5895669151579686,36921.3434256301,48,1.0625,0.24742893339893116,0.06122107708293271,0.17583115360768142,0.5756267777808336,SUAVE,True,True
HOUSEHOLD_2_002,HOUSEHOLD_2,HOUSEHOLD,2.674471256210078,33575.31215046132,51,1.0,0.2464863537287622,0.06075552257450049,0.14004895250711033,0.7870168467586449,SUAVE,True,True
HOUSEHOLD_2_003,HOUSEHOLD_2,HOUSEHOLD,9.203899147727272,69112.07870028408,49,1.0408163265306123,0.3455453424266168,0.11940158367272784,0.21762010615642943,0.6972099394510147,SUAVE,True,True
HOUSEHOLD_2_004,HOUSEHOLD_2,HOUSEHOLD,5.667539608574091,13307.383000931966,41,1.2439024390243902,0.4358648893838608,0.18997820179760522,0.31370330154385284,0.8613312895507726,SUAVE,True,True
HOUSEHOLD_2_005,HOUSEHOLD_2,HOUSEHOLD,5.47,4162.67,16,3.1875,0.2874666779873787,0.08263709095309926,3.3166247903554,0.9336241559964955,INTERMITENTE,False,False
HOUSEHOLD_2_006,HOUSEHOLD_2,HOUSEHOLD,3.668260710362505,5759.169315269132,51,1.0,0.3946406850095121,0.15574127026477697,0.20741951013729537,0.49234587623896864,SUAVE,True,True
HOUSEHOLD_2_007,HOUSEHOLD_2,HOUSEHOLD,2.58,11019.18,45,1.1333333333333333,0.3355290953254954,0.11257977380994538,0.13778103316053467,0.8605626226661757,SUAVE,True,True
HOUSEHOLD_2_008,HOUSEHOLD_2,HOUSEHOLD,2.4757920059215395,7013.918752775721,50,1.02,0.5486752262289215,0.3010445038773582,0.35749818845262277,0.6820283457214019,SUAVE,True,True
HOUSEHOLD_2_009,HOUSEHOLD_2,HOUSEHOLD,5.856613065326634,17973.94549748744,29,1.7586206896551724,0.43845014113864794,0.1922385262645003,0.555746399031444,0.6932707712513498,INTERMITENTE,True,False
HOUSEHOLD_2_010,HOUSEHOLD_2,HOUSEHOLD,6.968952449052556,19924.235051841257,47,1.0851063829787233,0.27220184644891404,0.07409384521019818,0.22292436756691134,0.6355017256437829,SUAVE,True,True
HOUSEHOLD_2_011,HOUSEHOLD_2,HOUSEHOLD,5.627317625736294,40927.481091980066,38,1.3421052631578947,0.1844052283822564,0.03400528825471214,0.19463120827375943,0.9513206068434782,INTERMITENTE,True,False
HOUSEHOLD_2_012,HOUSEHOLD_2,HOUSEHOLD,4.666948665297742,29327.10541273101,39,1.3076923076923077,0.35810716376629603,0.12824074074074077,0.20905095750217914,0.7813762839583841,SUAVE,True,True
HOUSEHOLD_2_013,HOUSEHOLD_2,HOUSEHOLD,5.911890337423313,22920.398838190184,41,1.2439024390243902,0.7801864644331183,0.6086909192846495,0.5716349772631386,0.5502976140738595,ERRATICO,True,True
HOUSEHOLD_2_014,HOUSEHOLD_2,HOUSEHOLD,5.973070642527511,18170.080894568688,51,1.0,0.18178469756251395,0.03304567626789466,0.09182556327444637,0.70009757715461,SUAVE,True,True
HOUSEHOLD_2_015,HOUSEHOLD_2,HOUSEHOLD,4.401358637814828,18604.542962043277,44,1.1590909090909092,0.27965944926022274,0.07820940756053109,0.3192853331935995,0.5937100697261145,SUAVE,True,True
HOUSEHOLD_2_016,HOUSEHOLD_2,HOUSEHOLD,1.8118977841315227,11188.468817012154,51,1.0,0.4475403066983999,0.20029232611969783,0.10411728094840147,0.8397271720671486,SUAVE,True,True
HOUSEHOLD_2_017,HOUSEHOLD_2,HOUSEHOLD,3.7200000000000006,5401.4400000000005,9,5.666666666666667,0.35066516172737966,0.12296605564928934,,0.9500743315528254,INTERMITENTE,False,False
HOUSEHOLD_2_018,HOUSEHOLD_2,HOUSEHOLD,7.911202283267928,9176.994648590797,47,1.0851063829787233,0.3663801139032674,0.1342343878637712,0.37418129388129623,0.5168776972668342,SUAVE,True,True
HOUSEHOLD_2_019,HOUSEHOLD_2,HOUSEHOLD,9.435896613190732,32063.176691622106,49,1.0408163265306123,0.4334555068253765,0.187883676397244,0.1656985890323612,0.8632341709651948,SUAVE,True,True
HOUSEHOLD_2_020,HOUSEHOLD_2,HOUSEHOLD,8.47,11595.43,18,2.8333333333333335,0.2189538999275429,0.047940810293480476,2.0223321892410975,0.9331710400154254,INTERMITENTE,False,False
HOUSEHOLD_2_021,HOUSEHOLD_2,HOUSEHOLD,4.443983624065504,25872.872659309367,51,1.0,0.13699384047945354,0.018767312329309963,0.08355306503744186,0.5622568374333238,SUAVE,True,True
HOUSEHOLD_2_022,HOUSEHOLD_2,HOUSEHOLD,5.634862183020948,20522.168070562293,36,1.4166666666666667,0.7787527140616225,0.6064557896583431,1.084726872256221,0.7079439922323616,CON PICOS,True,False
HOUSEHOLD_2_023,HOUSEHOLD_2,HOUSEHOLD,3.97,9269.95,37,1.3783783783783783,0.5707648535782581,0.32577251808021046,0.40285844033174495,0.777681108177614,INTERMITENTE,True,False
HOUSEHOLD_2_024,HOUSEHOLD_2,HOUSEHOLD,2.2195977653631287,11548.56717318436,28,1.8214285714285714,0.23945131001518902,0.05733692986799016,0.15691496759104379,0.9410104365193579,INTERMITENTE,True,False
HOUSEHOLD_2_025,HOUSEHOLD_2,HOUSEHOLD,5.439442458899213,38690.7542101501,49,1.0408163265306123,0.3865050613714077,0.14938616246571565,0.16962723544322023,0.7877344039464381,SUAVE,True,True
HOUSEHOLD_2_026,HOUSEHOLD_2,HOUSEHOLD,3.966469889064976,5846.576616481774,46,1.108695652173913,0.3139409552465567,0.0985589233811205,0.28782339258805967,0.6820344952690996,SUAVE,True,True
HOUSEHOLD_2_027,HOUSEHOLD_2,HOUSEHOLD,4.97,5407.36,24,2.125,0.2935435239509036,0.08616780045351471,0.6888931075253225,0.8315244609408229,INTERMITENTE,True,False
HOUSEHOLD_2_028,HOUSEHOLD_2,HOUSEHOLD,5.939332860184528,20811.422342086586,47,1.0851063829787233,0.3254583138354085,0.10592311404458726,0.3004049561051413,0.5558047581369535,SUAVE,True,True
HOUSEHOLD_2_029,HOUSEHOLD_2,HOUSEHOLD,10.417455642299505,42815.742689850966,42,1.2142857142857142,0.38890034374949456,0.15124347736847504,0.5439831203362605,0.7187633774603206,SUAVE,True,True
HOUSEHOLD_2_030,HOUSEHOLD_2,HOUSEHOLD,3.8914113475177303,31220.79324113475,50,1.02,0.25843813558590417,0.06679026992511819,0.1497213679699135,0.7820382105717887,SUAVE,True,True
HOUSEHOLD_2_031,HOUSEHOLD_2,HOUSEHOLD,5.94,22120.56,29,1.7586206896551724,0.3126865312402865,0.09777286681908266,0.38100611705198417,0.8569404048115973,INTERMITENTE,True,False
HOUSEHOLD_2_032,HOUSEHOLD_2,HOUSEHOLD,8.303463983050849,19056.449841101698,30,1.7,0.5213576010291666,0.27181374815088766,0.5285861121252348,0.7817354856108004,INTERMITENTE,True,False
HOUSEHOLD_2_033,HOUSEHOLD_2,HOUSEHOLD,6.979751773049645,45815.09063829787,51,1.0,0.19090074215548267,0.03644309335551408,0.08228053778339453,0.7836078612256039,SUAVE,True,True
HOUSEHOLD_2_034,HOUSEHOLD_2,HOUSEHOLD,11.302362598144184,17055.265160599574,51,1.0,0.30705110193806334,0.09428037920137897,0.11156570593392735,0.39973268556885405,SUAVE,True,True
HOUSEHOLD_2_035,HOUSEHOLD_2,HOUSEHOLD,6.154927279177014,50458.09383469316,47,1.0851063829787233,0.4456261075639739,0.19858262774261845,0.28699489049856547,0.7055862769956783,SUAVE,True,True
HOUSEHOLD_2_036,HOUSEHOLD_2,HOUSEHOLD,3.97,31490.04,51,1.0,0.23880178416119058,0.05702629211856785,0.1292479096725787,0.6287090144348593,SUAVE,True,True
HOUSEHOLD_2_037,HOUSEHOLD_2,HOUSEHOLD,10.942025540971976,121719.09211777226,51,1.0,0.36028931075690807,0.12980838744568787,0.1539447837847713,0.46049408825080185,SUAVE,True,True
HOUSEHOLD_2_038,HOUSEHOLD_2,HOUSEHOLD,5.938939285714286,16753.747725,47,1.0851063829787233,0.25834400819044856,0.06674162656790655,0.2513122536979604,0.5857455099859407,SUAVE,True,True
HOUSEHOLD_2_039,HOUSEHOLD_2,HOUSEHOLD,9.562924217462932,41914.29684514003,41,1.2439024390243902,0.4195565104323825,0.17602766544619788,0.14348502936949484,0.7678316298197385,SUAVE,True,True
HOUSEHOLD_2_040,HOUSEHOLD_2,HOUSEHOLD,3.97,7189.67,14,3.642857142857143,0.23516277846984404,0.05530153237765694,,0.9497365552012024,INTERMITENTE,False,False
HOUSEHOLD_2_041,HOUSEHOLD_2,HOUSEHOLD,5.321490418736692,23249.59163946061,48,1.0625,0.29013841782600314,0.08418030149857637,0.18734399504392357,0.655577466969826,SUAVE,True,True
HOUSEHOLD_2_042,HOUSEHOLD_2,HOUSEHOLD,4.280408816210452,4635.682747955919,42,1.2142857142857142,0.4040726515430945,0.16327470772506708,0.5829342550228219,0.5245216084218076,SUAVE,True,True
HOUSEHOLD_2_043,HOUSEHOLD_2,HOUSEHOLD,4.827933972310968,25810.135015974436,51,1.0,0.22819920915989791,0.05207487906120284,0.0493051253582155,0.8164427771067359,SUAVE,True,True
HOUSEHOLD_2_044,HOUSEHOLD_2,HOUSEHOLD,3.48,51702.36,8,6.375,0.12492701717720045,0.015606759620792537,,0.9540007677056668,INTERMITENTE,False,False
HOUSEHOLD_2_045,HOUSEHOLD_2,HOUSEHOLD,8.369897090134849,35002.90963094394,51,1.0,0.5616394963588834,0.31543892387026023,0.4151164154100168,0.6034869815624723,SUAVE,True,True
HOUSEHOLD_2_046,HOUSEHOLD_2,HOUSEHOLD,7.057246543778803,20077.866417050693,25,2.04,0.4507100821446012,0.20313957814679315,0.6533756281418357,0.7876775983236386,INTERMITENTE,True,False
HOUSEHOLD_2_047,HOUSEHOLD_2,HOUSEHOLD,3.2822754703585373,30905.905828895986,51,1.0,0.20282117048255216,0.04113642719591249,0.15480578988858926,0.6944582021776753,SUAVE,True,True
HOUSEHOLD_2_048,HOUSEHOLD_2,HOUSEHOLD,3.715722912966252,18084.42341740675,51,1.0,0.17979689494297532,0.0323269234311353,0.11408665522568968,0.3851056889247257,SUAVE,True,True
HOUSEHOLD_2_049,HOUSEHOLD_2,HOUSEHOLD,3.42,28478.34,29,1.7586206896551724,0.1347875220385632,0.01816767609729616,0.26480384730191925,0.9707059266953352,INTERMITENTE,True,False
HOUSEHOLD_2_050,HOUSEHOLD_2,HOUSEHOLD,7.297752515840477,56732.72805814387,49,1.0408163265306123,0.2677603646403537,0.07169561287233517,0.19064840344913417,0.7842454084051442,SUAVE,True,True
HOUSEHOLD_2_051,HOUSEHOLD_2,HOUSEHOLD,9.969505198996057,52170.42070634636,51,1.0,0.7429249007232421,0.5519374081146392,0.5855024599899709,0.7221851041774806,ERRATICO,True,True
HOUSEHOLD_2_052,HOUSEHOLD_2,HOUSEHOLD,5.136191489361702,37170.61780851064,46,1.108695652173913,0.33344528875436513,0.11118576059248195,0.37605169479404016,0.7111755439161613,SUAVE,True,True
HOUSEHOLD_2_053,HOUSEHOLD_2,HOUSEHOLD,1.9557491438356165,7922.739781678082,41,1.2439024390243902,0.4433175535738856,0.1965304533067349,0.21367687974065686,0.7751099815394771,SUAVE,True,True
HOUSEHOLD_2_054,HOUSEHOLD_2,HOUSEHOLD,4.858197942532813,43893.81841078397,51,1.0,0.23524291839542774,0.05533923065519788,0.1251874522700088,0.692721811941637,SUAVE,True,True
HOUSEHOLD_2_055,HOUSEHOLD_2,HOUSEHOLD,8.964301994301994,35391.06427350427,51,1.0,0.21514964160151864,0.04628936828126192,0.12407545923572702,0.4405351664479913,SUAVE,True,True
HOUSEHOLD_2_056,HOUSEHOLD_2,HOUSEHOLD,5.8948304177079605,19081.56606212067,51,1.0,0.27019429928415156,0.07300495936565367,0.1395960147398318,0.5322716630869505,SUAVE,True,True
HOUSEHOLD_2_057,HOUSEHOLD_2,HOUSEHOLD,4.97,5119.099999999999,5,10.2,0.4683423217274372,0.2193445303210463,,0.8682143882592919,INTERMITENTE,False,False
HOUSEHOLD_2_058,HOUSEHOLD_2,HOUSEHOLD,9.97,23748.54,19,2.6842105263157894,0.2918482656344026,0.0851754101538088,1.5625149207944244,0.9591900309228523,INTERMITENTE,False,False
HOUSEHOLD_2_059,HOUSEHOLD_2,HOUSEHOLD,3.152478723404255,55281.866893617014,51,1.0,0.5029587238931685,0.25296747794024455,0.40819686244260905,0.7835889369687313,SUAVE,True,True
HOUSEHOLD_2_060,HOUSEHOLD_2,HOUSEHOLD,7.96365054602184,6434.6296411856465,17,3.0,0.33933697006232993,0.1151495792510826,2.748087494445301,0.9011197696860114,INTERMITENTE,False,False
HOUSEHOLD_2_061,HOUSEHOLD_2,HOUSEHOLD,2.96883707201889,25000.576983471074,26,1.9615384615384615,0.2964615951549576,0.087889477401822,0.42689226682948256,0.9667996161702912,INTERMITENTE,True,False
HOUSEHOLD_2_062,HOUSEHOLD_2,HOUSEHOLD,2.9277174298899538,35937.731451899184,51,1.0,0.7436468293079067,0.5530106067397029,0.3848326196214616,0.612388434475972,ERRATICO,True,True
HOUSEHOLD_2_063,HOUSEHOLD_2,HOUSEHOLD,4.671862117981521,14109.023596304194,50,1.02,0.336428670236259,0.1131842501569375,0.19900373893084977,0.6404148685333658,SUAVE,True,True
HOUSEHOLD_2_064,HOUSEHOLD_2,HOUSEHOLD,3.8692777175875768,27247.453687251716,51,1.0,0.27657246356874404,0.07649232760448425,0.13377680218791174,0.7009088497887389,SUAVE,True,True
HOUSEHOLD_2_065,HOUSEHOLD_2,HOUSEHOLD,5.467963510848126,6386.581380670611,31,1.6451612903225807,0.49723314989980305,0.24724080535928,0.6550270258298635,0.666564377219619,INTERMITENTE,True,False
HOUSEHOLD_2_066,HOUSEHOLD_2,HOUSEHOLD,6.94,9133.04,6,8.5,0.3571369586039463,0.12754680720087685,,0.9127525004528978,INTERMITENTE,False,False
HOUSEHOLD_2_067,HOUSEHOLD_2,HOUSEHOLD,0.97,4023.56,14,3.642857142857143,1.1016071597421058,1.2135383343950694,,0.4754953251052882,CON PICOS,False,False
HOUSEHOLD_2_068,HOUSEHOLD_2,HOUSEHOLD,2.88,22331.52,51,1.0,0.2983376280827811,0.0890053403300598,0.09430239490708224,0.7579926887940709,SUAVE,True,True
HOUSEHOLD_2_069,HOUSEHOLD_2,HOUSEHOLD,10.085713656387664,24094.76992511013,40,1.275,0.3028075916508426,0.09169243756138344,0.23694324503525166,0.9342979981902737,SUAVE,True,True
HOUSEHOLD_2_070,HOUSEHOLD_2,HOUSEHOLD,2.969864237227581,24682.541675598426,51,1.0,0.31292743429509934,0.09792357913451372,0.13763236998406106,0.8183055725225028,SUAVE,True,True
HOUSEHOLD_2_071,HOUSEHOLD_2,HOUSEHOLD,6.391756414889771,41648.68479942175,48,1.0625,0.3728741058572895,0.1390350988188731,0.1725871109615535,0.6394234066802752,SUAVE,True,True
HOUSEHOLD_2_072,HOUSEHOLD_2,HOUSEHOLD,2.58,11124.960000000001,12,4.25,0.2982510944927871,0.08895371536614541,,0.9479972002267163,INTERMITENTE,False,False
HOUSEHOLD_2_073,HOUSEHOLD_2,HOUSEHOLD,20.45197547087166,19061.241138852387,38,1.3421052631578947,0.3813331694348534,0.1454149861112306,0.2018815414571891,0.7322208123901242,INTERMITENTE,True,False
HOUSEHOLD_2_074,HOUSEHOLD_2,HOUSEHOLD,0.9694606103619589,20699.922952448545,51,1.0,0.2569700332181173,0.0660335979721203,0.07833687625146951,0.8227792871532212,SUAVE,True,True
HOUSEHOLD_2_075,HOUSEHOLD_2,HOUSEHOLD,1.8483819345661447,27818.14811522048,51,1.0,0.18775417316532989,0.03525162954099668,0.13773150503183848,0.5588004478230262,SUAVE,True,True
HOUSEHOLD_2_076,HOUSEHOLD_2,HOUSEHOLD,8.946523589925505,80635.01711599858,51,1.0,0.3419090087001794,0.11690177023033933,0.17879570449613666,0.5216550478879609,SUAVE,True,True
HOUSEHOLD_2_077,HOUSEHOLD_2,HOUSEHOLD,4.120220417633411,3419.782946635731,7,7.285714285714286,0.30153299787554566,0.09092214880781382,,0.9497421399145848,INTERMITENTE,False,False
HOUSEHOLD_2_078,HOUSEHOLD_2,HOUSEHOLD,5.7135202271114265,41937.23846699787,44,1.1590909090909092,0.5548591676096619,0.3078686958804869,0.5433157763713174,0.7029571321070462,SUAVE,True,True
HOUSEHOLD_2_079,HOUSEHOLD_2,HOUSEHOLD,4.476723698580269,19769.211852930468,51,1.0,0.1753717042250561,0.03075523464280056,0.08157642128378459,0.2657296792663979,SUAVE,True,True
HOUSEHOLD_2_080,HOUSEHOLD_2,HOUSEHOLD,8.861956649091974,16678.202413591094,28,1.8214285714285714,1.1669513679991088,1.3617754952749914,0.8237555020936057,0.7971293974597705,CON PICOS,True,False
HOUSEHOLD_2_081,HOUSEHOLD_2,HOUSEHOLD,2.57,9465.31,14,3.642857142857143,0.3184121479661999,0.10138629597244916,,0.970302169630521,INTERMITENTE,False,False
HOUSEHOLD_2_082,HOUSEHOLD_2,HOUSEHOLD,4.739984732824428,37815.598198473286,46,1.108695652173913,0.5456460093530316,0.2977295675228887,0.36963619898986416,0.8765441544899406,SUAVE,True,True
HOUSEHOLD_2_083,HOUSEHOLD_2,HOUSEHOLD,9.94950036205648,28684.40954380883,50,1.02,0.8149250556355964,0.6641028463026798,0.649151225846805,0.7210060070376754,ERRATICO,True,True
HOUSEHOLD_2_084,HOUSEHOLD_2,HOUSEHOLD,3.9997269503546096,44056.99235815602,51,1.0,0.4242589339484781,0.17999564303509907,0.1558900122843391,0.8846572863946337,SUAVE,True,True
HOUSEHOLD_2_085,HOUSEHOLD_2,HOUSEHOLD,7.932000000000001,10271.940000000002,29,1.7586206896551724,0.347147443190916,0.12051134731399026,0.30154498684516395,0.8909775629489334,INTERMITENTE,True,False
HOUSEHOLD_2_086,HOUSEHOLD_2,HOUSEHOLD,3.97,3815.17,40,1.275,0.29157515867485784,0.08501607315626852,0.1745343822248073,0.802435306512665,SUAVE,True,True
HOUSEHOLD_2_087,HOUSEHOLD_2,HOUSEHOLD,7.935691086250451,8316.604258390473,47,1.0851063829787233,0.31845819976882367,0.10141562500000001,0.30229238808308684,0.5022742835002219,SUAVE,True,True
HOUSEHOLD_2_088,HOUSEHOLD_2,HOUSEHOLD,6.968607142857143,34571.26003571429,44,1.1590909090909092,0.35365203756704394,0.12506976367532185,0.3184970047924052,0.6002293380870055,SUAVE,True,True
HOUSEHOLD_2_089,HOUSEHOLD_2,HOUSEHOLD,3.1534951802927527,30522.67985005355,50,1.02,0.4904220037428864,0.2405137417551877,0.4857680773667488,0.727320074281989,SUAVE,True,True
HOUSEHOLD_2_090,HOUSEHOLD_2,HOUSEHOLD,5.962881476224272,38347.290773598295,51,1.0,0.4788263282537852,0.22927465262900165,0.3770938988273059,0.5962738289871914,SUAVE,True,True
HOUSEHOLD_2_091,HOUSEHOLD_2,HOUSEHOLD,8.73805622879302,17144.066320891907,35,1.457142857142857,0.2757483890936537,0.07603717408774502,0.32272517634280296,0.872477465731658,INTERMITENTE,True,False
HOUSEHOLD_2_092,HOUSEHOLD_2,HOUSEHOLD,5.935650929899857,10161.834391988556,49,1.0408163265306123,0.24977536901378536,0.06238773496597265,0.1432759575085785,0.5254566167289597,SUAVE,True,True
HOUSEHOLD_2_093,HOUSEHOLD_2,HOUSEHOLD,3.2244444444444444,24931.404444444444,48,1.0625,0.8243246651091016,0.6795111535072326,0.8750760220332964,0.7365962944020971,ERRATICO,True,True
HOUSEHOLD_2_094,HOUSEHOLD_2,HOUSEHOLD,5.933142857142858,8620.856571428572,47,1.0851063829787233,0.2967826790006517,0.08807995855480387,0.2554745579447113,0.46813835037571166,SUAVE,True,True
HOUSEHOLD_2_095,HOUSEHOLD_2,HOUSEHOLD,6.430793960058451,20559.248290306867,34,1.5,0.4188724360077407,0.17545411764705884,0.4300799722356415,0.89605559563557,INTERMITENTE,True,False
HOUSEHOLD_2_096,HOUSEHOLD_2,HOUSEHOLD,3.47,26531.620000000003,35,1.457142857142857,0.38290553696365154,0.14661665023742232,0.2181421836290384,0.9445224390609732,INTERMITENTE,True,False
HOUSEHOLD_2_097,HOUSEHOLD_2,HOUSEHOLD,5.478110912343471,7285.887513416817,51,1.0,0.507000748203572,0.25704975867898183,0.1638606767829791,0.6926449992243952,SUAVE,True,True
HOUSEHOLD_2_098,HOUSEHOLD_2,HOUSEHOLD,3.302611781405252,14009.679176721078,51,1.0,0.2809606478163242,0.07893888562136855,0.11091131500660394,0.6871830010974773,SUAVE,True,True
HOUSEHOLD_2_099,HOUSEHOLD_2,HOUSEHOLD,5.94,15170.76,47,1.0851063829787233,0.26720834004976873,0.07140029699215285,0.26262741233041376,0.5223976889786307,SUAVE,True,True
HOUSEHOLD_2_100,HOUSEHOLD_2,HOUSEHOLD,8.380302598789605,21042.939825560697,50,1.02,0.7817502148491274,0.6111333984166569,0.5277792384653819,0.7149209886546565,ERRATICO,True,True
HOUSEHOLD_2_101,HOUSEHOLD_2,HOUSEHOLD,4.49,2563.79,11,4.636363636363637,0.20830292930501917,0.043390110357051814,,0.9344606730647912,INTERMITENTE,False,False
HOUSEHOLD_2_102,HOUSEHOLD_2,HOUSEHOLD,2.490482456140351,23091.753333333334,18,2.8333333333333335,0.22022099985238855,0.04849728877598572,1.786528027269508,0.9610182445826186,INTERMITENTE,False,False
HOUSEHOLD_2_103,HOUSEHOLD_2,HOUSEHOLD,1.970559566787004,6067.3529061371855,27,1.8888888888888888,0.46680100998650204,0.21790318292441838,0.6567028852225822,0.8454647944781956,INTERMITENTE,True,False
HOUSEHOLD_2_104,HOUSEHOLD_2,HOUSEHOLD,4.973599284436493,15502.70896958855,51,1.0,0.35424603215066314,0.12549025129448865,0.16592425156283508,0.7391173696217198,SUAVE,True,True
HOUSEHOLD_2_105,HOUSEHOLD_2,HOUSEHOLD,4.988127709893576,16231.367567993697,51,1.0,0.23212664129917587,0.05388277760083626,0.09790741597148724,0.6581245339570702,SUAVE,True,True
HOUSEHOLD_2_106,HOUSEHOLD_2,HOUSEHOLD,8.360908115838399,16236.883560958171,51,1.0,0.29367749359371514,0.0862464702434866,0.18036573065716405,0.3523647259186035,SUAVE,True,True
HOUSEHOLD_2_107,HOUSEHOLD_2,HOUSEHOLD,11.972332469455758,31822.459703813405,51,1.0,0.35985260956569726,0.12949390061124214,0.08451430261535137,0.7976369356301142,SUAVE,True,True
HOUSEHOLD_2_108,HOUSEHOLD_2,HOUSEHOLD,8.88869502523432,25039.453886085077,47,1.0851063829787233,0.7135251808398939,0.5091181836926033,0.6781684920408867,0.7327515751186631,ERRATICO,True,True
HOUSEHOLD_2_109,HOUSEHOLD_2,HOUSEHOLD,3.817543713572024,14250.890682764364,16,3.1875,0.5279196130717944,0.2786991178658731,3.3166247903554,0.9277243199896471,INTERMITENTE,False,False
HOUSEHOLD_2_110,HOUSEHOLD_2,HOUSEHOLD,3.17,54159.45,13,3.923076923076923,0.33165730516362685,0.10999656806839911,,0.9255860775684553,INTERMITENTE,False,False
HOUSEHOLD_2_111,HOUSEHOLD_2,HOUSEHOLD,6.448219764537996,23980.929304316807,47,1.0851063829787233,1.1607465838795266,1.3473326319879908,0.6265288827912427,0.6404349704201509,ERRATICO,True,True
HOUSEHOLD_2_112,HOUSEHOLD_2,HOUSEHOLD,3.9540938362465514,16864.21021159154,37,1.3783783783783783,0.3069108753397226,0.09419428540179475,0.28186724138162883,0.9038979810378379,INTERMITENTE,True,False
HOUSEHOLD_2_113,HOUSEHOLD_2,HOUSEHOLD,1.8821116678596996,14285.22755905512,51,1.0,0.14984778721555078,0.022454359333396984,0.09053498144565693,0.4563321729419538,SUAVE,True,True
HOUSEHOLD_2_114,HOUSEHOLD_2,HOUSEHOLD,5.9257813702848345,17872.15661277906,17,3.0,0.42457414491141415,0.1802632045272585,2.9343264370966793,0.8818531721216574,INTERMITENTE,False,False
HOUSEHOLD_2_115,HOUSEHOLD_2,HOUSEHOLD,3.519897126640653,64041.00832210004,48,1.0625,0.5048291358182154,0.2548524563709662,0.27169133279334,0.676759066281087,SUAVE,True,True
HOUSEHOLD_2_116,HOUSEHOLD_2,HOUSEHOLD,5.651163227016885,12754.675403377109,32,1.59375,0.5173463544465471,0.26764725045913235,1.0684453684446262,0.7215018813619506,INTERMITENTE,True,False
HOUSEHOLD_2_117,HOUSEHOLD_2,HOUSEHOLD,2.2892408655551613,13982.683206810925,51,1.0,0.45384247895845825,0.20597299570715863,0.16390643547837666,0.83588190549674,SUAVE,True,True
HOUSEHOLD_2_118,HOUSEHOLD_2,HOUSEHOLD,3.4191475409836065,32263.07619672131,30,1.7,0.26401657034089465,0.06970474941456857,0.1679776274872441,0.9671178828372468,INTERMITENTE,True,False
HOUSEHOLD_2_119,HOUSEHOLD_2,HOUSEHOLD,5.84,37977.52,50,1.02,0.2625579226646458,0.06893666275397412,0.12527677608663046,0.5253059138801399,SUAVE,True,True
HOUSEHOLD_2_120,HOUSEHOLD_2,HOUSEHOLD,7.94,7670.04,8,6.375,0.4320524408500836,0.18666931164451497,,0.9277558065645051,INTERMITENTE,False,False
HOUSEHOLD_2_121,HOUSEHOLD_2,HOUSEHOLD,1.9584314568113448,6302.232428018908,41,1.2439024390243902,0.32723621889450816,0.10708354295637446,0.19069944218157486,0.8721529534023864,SUAVE,True,True
HOUSEHOLD_2_122,HOUSEHOLD_2,HOUSEHOLD,6.959740353407862,33030.92771727371,40,1.275,0.37037162862174305,0.13717514328792235,0.5678254617841102,0.6798845626125487,SUAVE,True,True
HOUSEHOLD_2_123,HOUSEHOLD_2,HOUSEHOLD,1.979647766323024,4400.756984536082,40,1.275,1.4748440622779957,2.1751650080366605,0.3285447732077109,0.9255264706508296,ERRATICO,True,True
HOUSEHOLD_2_124,HOUSEHOLD_2,HOUSEHOLD,5.200152807391613,38663.13612295665,51,1.0,0.43097932507128134,0.1857431786388972,0.2239768695666044,0.6676599830966996,SUAVE,True,True
HOUSEHOLD_2_125,HOUSEHOLD_2,HOUSEHOLD,8.856529562982006,21680.78437017995,47,1.0851063829787233,0.7694387526965503,0.592035994151223,0.8998546292280849,0.777025035914575,ERRATICO,True,True
HOUSEHOLD_2_126,HOUSEHOLD_2,HOUSEHOLD,6.954352100089365,18345.580840035745,31,1.6451612903225807,0.5132373853699457,0.26341261374137814,0.7172645671527442,0.6089205466690175,INTERMITENTE,True,False
HOUSEHOLD_2_127,HOUSEHOLD_2,HOUSEHOLD,5.856845806127575,16668.58316423908,29,1.7586206896551724,0.45549600014790087,0.20747660615073651,0.5209350550128463,0.7313173258874158,INTERMITENTE,True,False
HOUSEHOLD_2_128,HOUSEHOLD_2,HOUSEHOLD,5.918045406172402,32981.2670485988,45,1.1333333333333333,0.6555363975329168,0.4297279684904343,0.32123663599198565,0.6551624435068087,SUAVE,True,True
HOUSEHOLD_2_129,HOUSEHOLD_2,HOUSEHOLD,5.810251299826691,14403.612972270366,12,4.25,0.5041177346215,0.2541346903599131,,0.8320788984100921,INTERMITENTE,False,False
HOUSEHOLD_2_130,HOUSEHOLD_2,HOUSEHOLD,7.97,6328.179999999999,11,4.636363636363637,0.4408006063222948,0.1943051745341027,,0.8851297706094445,INTERMITENTE,False,False
HOUSEHOLD_2_131,HOUSEHOLD_2,HOUSEHOLD,12.148423295454544,39081.47774147727,47,1.0851063829787233,0.42391953080159134,0.17970776859504134,0.279046700788345,0.6579861012476551,SUAVE,True,True
HOUSEHOLD_2_132,HOUSEHOLD_2,HOUSEHOLD,1.9698758727695889,2755.856346004655,16,3.1875,0.48114159327698147,0.23149723278111226,3.3166247903554,0.8229427587768824,INTERMITENTE,False,False
HOUSEHOLD_2_133,HOUSEHOLD_2,HOUSEHOLD,4.963489118801284,27060.942675704602,50,1.02,0.19155755540765243,0.03669429703375583,0.12401065263019032,0.34990911451571,SUAVE,True,True
HOUSEHOLD_2_134,HOUSEHOLD_2,HOUSEHOLD,5.934888019907572,7638.2008816210455,49,1.0408163265306123,0.3028605901021739,0.09172453703703701,0.2533594243309001,0.35282651992470865,SUAVE,True,True
HOUSEHOLD_2_135,HOUSEHOLD_2,HOUSEHOLD,10.3152734375,91609.9433984375,51,1.0,0.26068401994457807,0.06795615825446517,0.16472900237944177,0.6750990218332543,SUAVE,True,True
HOUSEHOLD_2_136,HOUSEHOLD_2,HOUSEHOLD,4.8571875,40810.089375,51,1.0,0.20225657073905365,0.04090772040712181,0.10120235504703273,0.47113849949884806,SUAVE,True,True
HOUSEHOLD_2_137,HOUSEHOLD_2,HOUSEHOLD,2.945334281650071,12373.349317211949,51,1.0,0.3550710687629226,0.12607546387244412,0.17547253126876888,0.4241320399310903,SUAVE,True,True
HOUSEHOLD_2_138,HOUSEHOLD_2,HOUSEHOLD,5.88954269381922,9446.82648088603,51,1.0,0.3302849296677416,0.10908813476562501,0.1539526030195577,0.5835183301094984,SUAVE,True,True
HOUSEHOLD_2_139,HOUSEHOLD_2,HOUSEHOLD,5.84,37364.32,50,1.02,0.2578206725948722,0.06647149921727227,0.165086437102391,0.5172984161827092,SUAVE,True,True
HOUSEHOLD_2_140,HOUSEHOLD_2,HOUSEHOLD,6.974078014184396,110769.28109929076,51,1.0,0.17655507334374934,0.031171693923416708,0.06831684263307648,0.6603942537191186,SUAVE,True,True
HOUSEHOLD_2_141,HOUSEHOLD_2,HOUSEHOLD,4.814546599496222,7043.681675062973,51,1.0,0.4950321599272336,0.24505683936222217,0.2643450493401494,0.6803598023480708,SUAVE,True,True
HOUSEHOLD_2_142,HOUSEHOLD_2,HOUSEHOLD,1.9704255319148936,51430.07680851064,51,1.0,0.196285802713226,0.03852811634677548,0.07538948290534857,0.24864573729996653,SUAVE,True,True
HOUSEHOLD_2_143,HOUSEHOLD_2,HOUSEHOLD,6.4475541356052535,37163.70203762868,47,1.0851063829787233,0.38568807390728566,0.14875529035431184,0.11706134343625343,0.66359840474608,SUAVE,True,True
HOUSEHOLD_2_144,HOUSEHOLD_2,HOUSEHOLD,4.400565031982943,9355.601257995737,43,1.186046511627907,0.32327086389794574,0.10450405144532415,0.20639408635852516,0.7048429108283469,SUAVE,True,True
HOUSEHOLD_2_145,HOUSEHOLD_2,HOUSEHOLD,3.9596068620443177,43064.684231594,49,1.0408163265306123,0.3560775769861533,0.12679124083232993,0.2564626058563936,0.696993274810808,SUAVE,True,True
HOUSEHOLD_2_146,HOUSEHOLD_2,HOUSEHOLD,6.4548212728857886,12916.097367044464,16,3.1875,0.5825296060839582,0.3393407419643315,3.3166247903554,0.9226273799218393,INTERMITENTE,False,False
HOUSEHOLD_2_147,HOUSEHOLD_2,HOUSEHOLD,3.9692536777897383,4584.487997847148,51,1.0,0.23595541894903233,0.05567495973141336,0.12316139413757965,0.3048121505763827,SUAVE,True,True
HOUSEHOLD_2_148,HOUSEHOLD_2,HOUSEHOLD,5.938661202185792,21444.505601092897,29,1.7586206896551724,0.3762989774727992,0.14160092044707426,0.28636373231682843,0.8627077030457921,INTERMITENTE,True,False
HOUSEHOLD_2_149,HOUSEHOLD_2,HOUSEHOLD,3.9711540111540113,4312.673256113257,40,1.275,0.503253124751155,0.2532637075718016,0.3016745689515791,0.8161013858555554,SUAVE,True,True
HOUSEHOLD_2_150,HOUSEHOLD_2,HOUSEHOLD,6.97,17787.44,33,1.5454545454545454,0.2340621682633177,0.05478509861212564,0.3533205215473651,0.9174333322077469,INTERMITENTE,True,False
HOUSEHOLD_2_151,HOUSEHOLD_2,HOUSEHOLD,4.436732869910625,5257.528450844091,9,5.666666666666667,0.5251109472341936,0.27574150690519206,,0.7591344695426593,INTERMITENTE,False,False
HOUSEHOLD_2_152,HOUSEHOLD_2,HOUSEHOLD,12.36759642857143,48072.847317857144,51,1.0,0.2214734066305745,0.049050469844551796,0.12894332423244648,0.5605504892613068,SUAVE,True,True
HOUSEHOLD_2_153,HOUSEHOLD_2,HOUSEHOLD,9.437972093023255,23132.469599999997,11,4.636363636363637,0.5264857688035672,0.27718726475268324,,0.7856524953589998,INTERMITENTE,False,False
HOUSEHOLD_2_154,HOUSEHOLD_2,HOUSEHOLD,1.8784279630943927,13904.123782824696,51,1.0,0.48623144668936974,0.23642101974963742,0.25370707708025214,0.8734068961436035,SUAVE,True,True
HOUSEHOLD_2_155,HOUSEHOLD_2,HOUSEHOLD,6.591465058531394,38744.63161404754,49,1.0408163265306123,0.2625469648610484,0.06893090875774859,0.06759978352838486,0.7655776529562953,SUAVE,True,True
HOUSEHOLD_2_156,HOUSEHOLD_2,HOUSEHOLD,7.0737490134175225,23569.731712707184,41,1.2439024390243902,0.6146249273850127,0.37776380136303217,0.4426186658452951,0.8932076046152999,SUAVE,True,True
HOUSEHOLD_2_157,HOUSEHOLD_2,HOUSEHOLD,5.47075769534333,5602.05588003157,16,3.1875,0.29674695097495085,0.08805875291292989,3.3166247903554,0.9115676354391224,INTERMITENTE,False,False
HOUSEHOLD_2_158,HOUSEHOLD_2,HOUSEHOLD,11.429086142322095,24172.517191011233,48,1.0625,0.5224166344548679,0.27291913995515105,0.342053128722818,0.6990093811623079,SUAVE,True,True
HOUSEHOLD_2_159,HOUSEHOLD_2,HOUSEHOLD,3.942725920416512,60493.24379695055,49,1.0408163265306123,0.14743145807287403,0.021736034829493614,0.14045792085288622,0.7373804216684593,SUAVE,True,True
HOUSEHOLD_2_160,HOUSEHOLD_2,HOUSEHOLD,3.9430308664931206,75658.87626627,49,1.0408163265306123,0.19444765386291066,0.037809890092790316,0.18012685138327691,0.7306453014479908,SUAVE,True,True
HOUSEHOLD_2_161,HOUSEHOLD_2,HOUSEHOLD,10.94647290640394,10650.918137931034,35,1.457142857142857,0.3484384422720126,0.12140934805294665,0.3897756765675668,0.8135398471067978,INTERMITENTE,True,False
HOUSEHOLD_2_162,HOUSEHOLD_2,HOUSEHOLD,3.969771602588504,4775.635237913971,21,2.4285714285714284,0.8667117793438722,0.751189308453421,1.1178287329974255,0.7205459787379415,CON PICOS,True,False
HOUSEHOLD_2_163,HOUSEHOLD_2,HOUSEHOLD,7.990637535816619,38147.30359598854,51,1.0,0.19517972004997158,0.03809512311878528,0.12054004952220339,0.23504304581568367,SUAVE,True,True
HOUSEHOLD_2_164,HOUSEHOLD_2,HOUSEHOLD,8.45658771280533,18866.647187268693,17,3.0,0.7554607993759359,0.5707210193937281,1.8822128069066948,0.7124427740099954,CON PICOS,False,False
HOUSEHOLD_2_165,HOUSEHOLD_2,HOUSEHOLD,5.840688161693936,13801.54612608277,35,1.457142857142857,0.2448530440761749,0.059953013193369244,0.3726289387355987,0.9143864423033065,INTERMITENTE,True,False
HOUSEHOLD_2_166,HOUSEHOLD_2,HOUSEHOLD,9.401553742461868,42880.48661936858,47,1.0851063829787233,0.331005162612243,0.10956441767595743,0.1397904862621408,0.6237394509591743,SUAVE,True,True
HOUSEHOLD_2_167,HOUSEHOLD_2,HOUSEHOLD,2.88,11064.96,10,5.1,0.5706877412756852,0.32568449804234345,,0.9466743988319107,INTERMITENTE,False,False
HOUSEHOLD_2_168,HOUSEHOLD_2,HOUSEHOLD,6.928657193605685,19580.385229129664,48,1.0625,0.3767612596957932,0.14194904680756093,0.3431708111361982,0.5093192692213615,SUAVE,True,True
HOUSEHOLD_2_169,HOUSEHOLD_2,HOUSEHOLD,5.84,9338.16,29,1.7586206896551724,0.15661214891158937,0.02452736518670584,0.39716589546097597,0.8897880920436461,INTERMITENTE,True,False
HOUSEHOLD_2_170,HOUSEHOLD_2,HOUSEHOLD,1.4836136849607982,14726.349436920882,51,1.0,0.3250812008659243,0.10567778715643142,0.16475158889644503,0.8580859557019515,SUAVE,True,True
HOUSEHOLD_2_171,HOUSEHOLD_2,HOUSEHOLD,3.8229907329401858,13399.58251895535,16,3.1875,0.5655751167243176,0.31987521265772545,3.3166247903554,0.9548261987287057,INTERMITENTE,False,False
HOUSEHOLD_2_172,HOUSEHOLD_2,HOUSEHOLD,6.191070921985816,67321.70520567377,51,1.0,0.4784609194240251,0.22892485141608343,0.175149617110312,0.8737274200518556,SUAVE,True,True
HOUSEHOLD_2_173,HOUSEHOLD_2,HOUSEHOLD,6.917079808753218,30829.424707613096,43,1.186046511627907,0.4509248243001707,0.20333319717013984,0.5577341661110241,0.6521564115495451,SUAVE,True,True
HOUSEHOLD_2_174,HOUSEHOLD_2,HOUSEHOLD,3.96966440556944,9034.956187076046,51,1.0,0.16912572520793462,0.02860351092710981,0.10355973716617894,0.21215969219344322,SUAVE,True,True
HOUSEHOLD_2_175,HOUSEHOLD_2,HOUSEHOLD,5.966691604322526,4325.851413133832,17,3.0,0.5505057610353095,0.30305659293306525,2.70993542358485,0.9390408527068089,INTERMITENTE,False,False
HOUSEHOLD_2_176,HOUSEHOLD_2,HOUSEHOLD,4.971262859169919,180988.76691379922,50,1.02,0.35290277453668495,0.12454036827569029,0.28077525898002353,0.50993927536011,SUAVE,True,True
HOUSEHOLD_2_177,HOUSEHOLD_2,HOUSEHOLD,2.98,5870.6,17,3.0,0.44852700095784126,0.20117647058823535,2.2394195676558692,0.8685488092047994,INTERMITENTE,False,False
HOUSEHOLD_2_178,HOUSEHOLD_2,HOUSEHOLD,6.994072713918473,49587.975541681975,44,1.1590909090909092,0.46565482943375563,0.21683442017498006,0.5642569469386636,0.6292268517856908,SUAVE,True,True
HOUSEHOLD_2_179,HOUSEHOLD_2,HOUSEHOLD,5.9354026250443415,21984.73132316424,50,1.02,0.3194808377292448,0.10206800567618005,0.15306278278948474,0.7155925109703141,SUAVE,True,True
HOUSEHOLD_2_180,HOUSEHOLD_2,HOUSEHOLD,2.84,10928.32,14,3.642857142857143,0.30621232801242565,0.09376598982678935,,0.9472145416895661,INTERMITENTE,False,False
HOUSEHOLD_2_182,HOUSEHOLD_2,HOUSEHOLD,6.984043308484202,24793.35374511892,51,1.0,0.384446288142599,0.14779894846662225,0.1444473942914889,0.7903043511136181,SUAVE,True,True
HOUSEHOLD_2_183,HOUSEHOLD_2,HOUSEHOLD,4.826352022711142,42008.568005677786,51,1.0,0.14818861925729732,0.02195986687738423,0.05236567510327254,0.520630012737927,SUAVE,True,True
HOUSEHOLD_2_184,HOUSEHOLD_2,HOUSEHOLD,1.9631808510638296,20285.54773404255,51,1.0,0.20158424122031954,0.040636206308371975,0.10675725486855313,0.543603762516663,SUAVE,True,True
HOUSEHOLD_2_185,HOUSEHOLD_2,HOUSEHOLD,3.3439776357827475,29085.91747603834,30,1.7,0.20446918642553397,0.04180764819751976,0.30550504633038933,0.9232969300357199,INTERMITENTE,True,False
HOUSEHOLD_2_186,HOUSEHOLD_2,HOUSEHOLD,9.98,8872.220000000001,3,17.0,1.074631261010045,1.1548323471400395,,0.05765419183640713,CON PICOS,False,False
HOUSEHOLD_2_187,HOUSEHOLD_2,HOUSEHOLD,3.327505617977528,17236.479101123598,28,1.8214285714285714,0.25909635681728493,0.06713092211598984,0.13429247002971012,0.9383881931510886,INTERMITENTE,True,False
HOUSEHOLD_2_188,HOUSEHOLD_2,HOUSEHOLD,7.251581961345741,23400.854989262705,19,2.6842105263157894,0.2729829509055246,0.07451969148508805,1.5243595416963833,0.9568287473977375,INTERMITENTE,False,False
HOUSEHOLD_2_189,HOUSEHOLD_2,HOUSEHOLD,14.476073619631904,23263.05030674847,39,1.3076923076923077,0.3910996306889219,0.1529589211250111,0.2528272392509812,0.8039069323686078,SUAVE,True,True
HOUSEHOLD_2_190,HOUSEHOLD_2,HOUSEHOLD,0.965891807134457,5481.4360054880435,46,1.108695652173913,0.46359280834365485,0.2149182919479567,0.34228131791859784,0.8308543379510219,SUAVE,True,True
HOUSEHOLD_2_191,HOUSEHOLD_2,HOUSEHOLD,5.012202127659575,47741.22526595745,51,1.0,0.1713193349144127,0.029350314515516708,0.1162512852117626,0.577056308026742,SUAVE,True,True
HOUSEHOLD_2_192,HOUSEHOLD_2,HOUSEHOLD,1.9550148493848116,3386.085719134494,43,1.186046511627907,0.4555751999282652,0.2075487627896788,0.23961754727289866,0.6802068899840916,SUAVE,True,True
HOUSEHOLD_2_193,HOUSEHOLD_2,HOUSEHOLD,4.93454255319149,47549.2520425532,51,1.0,0.281499263931166,0.07924183559378824,0.12924686529951218,0.5813246776496606,SUAVE,True,True
HOUSEHOLD_2_194,HOUSEHOLD_2,HOUSEHOLD,6.268181818181818,7571.9636363636355,10,5.1,0.517540569752558,0.2678482413398024,3.3166247903554,0.9199180893796322,INTERMITENTE,False,False
HOUSEHOLD_2_195,HOUSEHOLD_2,HOUSEHOLD,14.900600782083185,71344.07654461429,49,1.0408163265306123,0.2307975806168876,0.05326752321860873,0.1177465233767563,0.48707706956758695,SUAVE,True,True
HOUSEHOLD_2_196,HOUSEHOLD_2,HOUSEHOLD,2.27,24590.91,27,1.8888888888888888,0.24241243572172183,0.05876378899253792,0.31050650338034186,0.9614338984838439,INTERMITENTE,True,False
HOUSEHOLD_2_197,HOUSEHOLD_2,HOUSEHOLD,3.971634683724236,62922.608294243066,49,1.0408163265306123,0.289096962766275,0.083577053880685,0.22859833506419525,0.6317481228425343,SUAVE,True,True
HOUSEHOLD_2_198,HOUSEHOLD_2,HOUSEHOLD,7.867049005681818,28856.33575284091,51,1.0,0.21200321589417226,0.04494536354947101,0.16046317362609852,0.5023775133021011,SUAVE,True,True
HOUSEHOLD_2_199,HOUSEHOLD_2,HOUSEHOLD,3.9431500742942056,64494.16261515603,49,1.0408163265306123,0.15785295157382784,0.024917554320569236,0.15678444620634305,0.7136348454897156,SUAVE,True,True
HOUSEHOLD_2_200,HOUSEHOLD_2,HOUSEHOLD,6.931792011514934,55412.74534005038,48,1.0625,0.35616507773982164,0.1268535626014132,0.41721856425681053,0.615595315906866,SUAVE,True,True
HOUSEHOLD_2_201,HOUSEHOLD_2,HOUSEHOLD,6.0572624113475175,75328.11534751773,51,1.0,0.17686234562027986,0.031280289298307326,0.12216868686742173,0.6889605755143821,SUAVE,True,True
HOUSEHOLD_2_202,HOUSEHOLD_2,HOUSEHOLD,8.757468785471056,9834.637446083996,40,1.275,0.48755852283480494,0.23771331318885702,0.2459354920470143,0.5270653147252854,SUAVE,True,True
HOUSEHOLD_2_203,HOUSEHOLD_2,HOUSEHOLD,2.97,31294.890000000003,26,1.9615384615384615,0.31932139110988306,0.1019661508203509,0.5101206260665423,0.9481688583195786,INTERMITENTE,True,False
HOUSEHOLD_2_204,HOUSEHOLD_2,HOUSEHOLD,12.957451708766715,26510.946196136698,48,1.0625,0.365204088802088,0.13337402647776336,0.1985233790874942,0.7143896653473363,SUAVE,True,True
HOUSEHOLD_2_205,HOUSEHOLD_2,HOUSEHOLD,5.8480375180375175,13748.736204906203,35,1.457142857142857,0.27838471246472146,0.07749804813406565,0.1929121952269239,0.9120080524799173,INTERMITENTE,True,False
HOUSEHOLD_2_206,HOUSEHOLD_2,HOUSEHOLD,2.8723616636528027,10624.865793851717,51,1.0,0.2591439844123183,0.06715560465709186,0.17453724358183417,0.25881567851051884,SUAVE,True,True
HOUSEHOLD_2_207,HOUSEHOLD_2,HOUSEHOLD,6.888286018452803,33167.09717885024,50,1.02,0.2987056960699184,0.08922509286461448,0.14264027095209988,0.7937711922525266,SUAVE,True,True
HOUSEHOLD_2_208,HOUSEHOLD_2,HOUSEHOLD,12.916236519152102,34240.943012272226,45,1.1333333333333333,0.42121084733420694,0.17741857791200058,0.5583811710096612,0.661885892096627,SUAVE,True,True
HOUSEHOLD_2_209,HOUSEHOLD_2,HOUSEHOLD,8.31385520684736,37237.757471469326,51,1.0,0.4142910443920035,0.171637069463417,0.1712600051431958,0.6555883622092217,SUAVE,True,True
HOUSEHOLD_2_210,HOUSEHOLD_2,HOUSEHOLD,8.942667394468705,15640.725272925765,40,1.275,0.4848621983402379,0.2350913513793282,0.3591273508079088,0.6158168182993627,SUAVE,True,True
HOUSEHOLD_2_211,HOUSEHOLD_2,HOUSEHOLD,19.97849607982894,26371.6148253742,51,1.0,0.2439463136052042,0.059509803921568634,0.16258496098963715,0.06599142348882661,SUAVE,True,True
HOUSEHOLD_2_212,HOUSEHOLD_2,HOUSEHOLD,2.6632375886524824,51802.63433687943,51,1.0,0.16093050839826373,0.02589862853332363,0.06511534921767913,0.6073058346501496,SUAVE,True,True
HOUSEHOLD_2_213,HOUSEHOLD_2,HOUSEHOLD,0.9654513148542998,17183.102501776826,19,2.6842105263157894,0.37498514049241605,0.140613855590117,1.5319935511423108,0.961229745432432,INTERMITENTE,False,False
HOUSEHOLD_2_214,HOUSEHOLD_2,HOUSEHOLD,6.914747869318182,26607.949801136365,49,1.0408163265306123,0.38434146427087423,0.1477183611578797,0.3938368637687939,0.6278172977915188,SUAVE,True,True
HOUSEHOLD_2_215,HOUSEHOLD_2,HOUSEHOLD,1.9017116477272724,11697.428345170452,51,1.0,0.5553224581077908,0.30838303247887905,0.31846993725611816,0.6594292709296288,SUAVE,True,True
HOUSEHOLD_2_216,HOUSEHOLD_2,HOUSEHOLD,6.933279569892474,5726.888924731184,3,17.0,0.9418734364676332,0.8871255703233487,,0.3835979094939434,CON PICOS,False,False
HOUSEHOLD_2_217,HOUSEHOLD_2,HOUSEHOLD,2.867021276595745,41594.744680851065,51,1.0,0.10981568108034635,0.01205948381114034,0.061670423739235036,0.30397023956839275,SUAVE,True,True
HOUSEHOLD_2_218,HOUSEHOLD_2,HOUSEHOLD,11.438539325842696,27155.09235955056,49,1.0408163265306123,0.41790372509712703,0.17464352345005513,0.19695537554626077,0.7638073771628389,SUAVE,True,True
HOUSEHOLD_2_219,HOUSEHOLD_2,HOUSEHOLD,3.146705673758865,41803.98487588652,51,1.0,0.5119749794523283,0.26211837958521195,0.4608335853910513,0.7512409287653675,SUAVE,True,True
HOUSEHOLD_2_220,HOUSEHOLD_2,HOUSEHOLD,7.103375886524823,31631.332822695036,48,1.0625,0.4746287582619576,0.2252724581692878,0.517348615972271,0.6000582687883851,SUAVE,True,True
HOUSEHOLD_2_221,HOUSEHOLD_2,HOUSEHOLD,2.77,11600.76,14,3.642857142857143,0.5620451446043365,0.31589474457330957,,0.9276358567046442,INTERMITENTE,False,False
HOUSEHOLD_2_222,HOUSEHOLD_2,HOUSEHOLD,5.135599290780141,78240.85519503546,49,1.0408163265306123,0.34453734616253856,0.11870598290072493,0.36655984908193534,0.6549191793174856,SUAVE,True,True
HOUSEHOLD_2_223,HOUSEHOLD_2,HOUSEHOLD,14.950433238636364,61236.97454545455,49,1.0408163265306123,0.18032218491553922,0.03251609037271392,0.14524683459092821,0.5625577728924903,SUAVE,True,True
HOUSEHOLD_2_224,HOUSEHOLD_2,HOUSEHOLD,3.97,11544.76,51,1.0,0.33090614069315905,0.10949887394844077,0.09174897187277002,0.7138370782249837,SUAVE,True,True
HOUSEHOLD_2_225,HOUSEHOLD_2,HOUSEHOLD,0.9649061224489796,10373.70572244898,17,3.0,0.5454018351521175,0.29746316178729754,2.3947860029656094,0.9554013761765924,INTERMITENTE,False,False
HOUSEHOLD_2_226,HOUSEHOLD_2,HOUSEHOLD,6.962260468417316,35270.811533002125,40,1.275,0.3854681401022399,0.14858568703388006,0.47014051584322797,0.6364394684811271,SUAVE,True,True
HOUSEHOLD_2_227,HOUSEHOLD_2,HOUSEHOLD,3.988756737333812,8216.838878907653,47,1.0851063829787233,0.42609915663503684,0.18156049128508966,0.22781964957102455,0.47167328637673794,SUAVE,True,True
HOUSEHOLD_2_228,HOUSEHOLD_2,HOUSEHOLD,5.185652792600497,30439.78189256492,51,1.0,0.26390868139984586,0.06964779211820535,0.13831823814346145,0.7395927188196546,SUAVE,True,True
HOUSEHOLD_2_229,HOUSEHOLD_2,HOUSEHOLD,4.669345454545455,21987.94774545455,41,1.2439024390243902,0.47882253069742114,0.2292710159034828,0.1922494485547757,0.7839927217035737,SUAVE,True,True
HOUSEHOLD_2_230,HOUSEHOLD_2,HOUSEHOLD,2.470480324074074,2396.3659143518516,29,1.7586206896551724,0.6420547176985305,0.4122342605189397,0.5173725168859376,0.6991884008259315,INTERMITENTE,True,False
HOUSEHOLD_2_231,HOUSEHOLD_2,HOUSEHOLD,3.9781063829787233,20920.861468085106,51,1.0,0.181923500643906,0.033096160086533266,0.09852030247619016,0.5615509265712123,SUAVE,True,True
HOUSEHOLD_2_232,HOUSEHOLD_2,HOUSEHOLD,4.668354786806114,30969.86565567176,39,1.3076923076923077,0.39027163505419005,0.1523119491278709,0.20582785016726401,0.680404797563799,SUAVE,True,True
HOUSEHOLD_2_233,HOUSEHOLD_2,HOUSEHOLD,11.894484352773826,31734.484253200568,50,1.02,0.27987655797838956,0.07833088770583085,0.2025471180930468,0.5593316646051593,SUAVE,True,True
HOUSEHOLD_2_234,HOUSEHOLD_2,HOUSEHOLD,5.876315412186381,25814.653605734773,46,1.108695652173913,0.413425358664145,0.1709205271865769,0.33229389850039776,0.623297624122871,SUAVE,True,True
HOUSEHOLD_2_235,HOUSEHOLD_2,HOUSEHOLD,7.166841731724627,31505.43625266146,49,1.0408163265306123,0.32300868911769187,0.10433461324552971,0.16727784311597152,0.7484792323487777,SUAVE,True,True
HOUSEHOLD_2_236,HOUSEHOLD_2,HOUSEHOLD,8.478397435897437,29886.350961538465,51,1.0,0.2682809528601878,0.07197466966757032,0.12948621467413604,0.6078564873646868,SUAVE,True,True
HOUSEHOLD_2_237,HOUSEHOLD_2,HOUSEHOLD,5.938428235294119,25808.409110588243,34,1.5,0.7474364656853263,0.558661270236172,0.5141237019938589,0.8354184124138887,CON PICOS,True,False
HOUSEHOLD_2_238,HOUSEHOLD_2,HOUSEHOLD,10.313534421575586,66677.00003548615,43,1.186046511627907,0.4019164671540993,0.16153684656963216,0.4984363421442625,0.702010022200666,SUAVE,True,True
HOUSEHOLD_2_239,HOUSEHOLD_2,HOUSEHOLD,1.24,24814.88,51,1.0,0.2279875714899896,0.05197833275390312,0.1218566243089642,0.38343677260066505,SUAVE,True,True
HOUSEHOLD_2_240,HOUSEHOLD_2,HOUSEHOLD,4.9802107208872455,28710.91480591497,51,1.0,0.9650979947863962,0.9314141395407229,0.9326445981321789,0.770122866854682,ERRATICO,True,True
HOUSEHOLD_2_241,HOUSEHOLD_2,HOUSEHOLD,4.979556350626118,28627.46945974955,51,1.0,0.2832101773584676,0.08020800455941467,0.11814574782575127,0.7536547195344985,SUAVE,True,True
HOUSEHOLD_2_242,HOUSEHOLD_2,HOUSEHOLD,13.087820056899004,36109.29553698435,51,1.0,0.30069002650775156,0.09041449204123234,0.09837991630273332,0.6224667709095434,SUAVE,True,True
HOUSEHOLD_2_243,HOUSEHOLD_2,HOUSEHOLD,2.607792022792023,4811.376282051282,51,1.0,0.29713935843945705,0.08829179833381214,0.0845713875282864,0.46196969268764826,SUAVE,True,True
HOUSEHOLD_2_244,HOUSEHOLD_2,HOUSEHOLD,3.972386772106399,27743.14921639109,49,1.0408163265306123,0.47177625478129176,0.2225728345754623,0.3930735936776979,0.42692777983570074,SUAVE,True,True
HOUSEHOLD_2_245,HOUSEHOLD_2,HOUSEHOLD,1.97,1542.51,25,2.04,0.5802588721602103,0.3367003587206393,0.910782973517286,0.6649842748772796,INTERMITENTE,True,False
HOUSEHOLD_2_246,HOUSEHOLD_2,HOUSEHOLD,7.874259850905219,46127.41420660277,51,1.0,0.15608794856515265,0.024363447687277738,0.06615580392652921,0.4023854774654765,SUAVE,True,True
HOUSEHOLD_2_247,HOUSEHOLD_2,HOUSEHOLD,3.969466950959488,27706.87931769723,49,1.0408163265306123,0.2763297176504666,0.07635811285678659,0.21259686929442886,0.6569836684066284,SUAVE,True,True
HOUSEHOLD_2_248,HOUSEHOLD_2,HOUSEHOLD,9.08344827586207,43700.46965517242,8,6.375,0.37475123868166826,0.1404384908934447,,0.9663912506325518,INTERMITENTE,False,False
HOUSEHOLD_2_249,HOUSEHOLD_2,HOUSEHOLD,8.374907076483202,19421.409510364545,50,1.02,0.6823676342357409,0.46562558825248185,0.44118887013078184,0.6962432388904948,SUAVE,True,True
HOUSEHOLD_2_250,HOUSEHOLD_2,HOUSEHOLD,7.035514914772727,61434.11623579545,51,1.0,0.3446007507248799,0.11874967740015081,0.16832898940473556,0.5974196691621404,SUAVE,True,True
HOUSEHOLD_2_251,HOUSEHOLD_2,HOUSEHOLD,3.964135717560752,31693.26506189821,37,1.3783783783783783,0.22616068139086654,0.051148653807181046,0.32456505829432364,0.8579917973836045,INTERMITENTE,True,False
HOUSEHOLD_2_252,HOUSEHOLD_2,HOUSEHOLD,6.924258373205742,24082.57062200957,38,1.3421052631578947,0.5200254362069698,0.27042645430224926,0.5534554079982731,0.6844021578586557,INTERMITENTE,True,False
HOUSEHOLD_2_253,HOUSEHOLD_2,HOUSEHOLD,5.861712450945416,11248.626193364253,51,1.0,0.19992272269288552,0.03996909504893641,0.09184852189143415,0.19078940699637645,SUAVE,True,True
HOUSEHOLD_2_254,HOUSEHOLD_2,HOUSEHOLD,4.4018792184724695,7870.560042628776,45,1.1333333333333333,0.3574869785934512,0.12779693986387464,0.3203520054615034,0.6293853072188687,SUAVE,True,True
HOUSEHOLD_2_255,HOUSEHOLD_2,HOUSEHOLD,9.990827389443654,33059.64783166905,49,1.0408163265306123,0.2626622240579381,0.06899144394706247,0.17285054194577157,0.674072926043554,SUAVE,True,True
HOUSEHOLD_2_256,HOUSEHOLD_2,HOUSEHOLD,5.79469365818703,61655.54052311,46,1.108695652173913,0.3911743257932163,0.15301735315977735,0.23412681606224317,0.5519043491406163,SUAVE,True,True
HOUSEHOLD_2_257,HOUSEHOLD_2,HOUSEHOLD,5.873929462059139,52706.76906305665,46,1.108695652173913,0.40800826359835585,0.16647074316454544,0.26617730450837207,0.673202465212714,SUAVE,True,True
HOUSEHOLD_2_258,HOUSEHOLD_2,HOUSEHOLD,3.979039961013645,7353.265847953216,47,1.0851063829787233,0.5606743273863118,0.3143557013900932,0.19050019050028572,0.8613413066028318,SUAVE,True,True
HOUSEHOLD_2_259,HOUSEHOLD_2,HOUSEHOLD,7.74290127840909,43515.105184659085,51,1.0,0.23035928520149723,0.05306540027854474,0.11769127105081856,0.5839535062417258,SUAVE,True,True
HOUSEHOLD_2_260,HOUSEHOLD_2,HOUSEHOLD,6.970496630010642,25630.51610854913,46,1.108695652173913,0.34486091076758896,0.11892904777545095,0.19488052585328722,0.6525024932717373,SUAVE,True,True
HOUSEHOLD_2_261,HOUSEHOLD_2,HOUSEHOLD,7.091792051100071,32012.349318665718,47,1.0851063829787233,0.49265017421496177,0.2427041941540322,0.524020094120671,0.4877154509676595,SUAVE,True,True
HOUSEHOLD_2_262,HOUSEHOLD_2,HOUSEHOLD,4.974141843971632,51701.23032624114,49,1.0408163265306123,0.23328688982404702,0.05442277296377705,0.19459174486052286,0.6559423451210421,SUAVE,True,True
HOUSEHOLD_2_263,HOUSEHOLD_2,HOUSEHOLD,5.47,9572.5,16,3.1875,0.28894638364833347,0.08349001262344992,3.316624790355399,0.8928697655833053,INTERMITENTE,False,False
HOUSEHOLD_2_264,HOUSEHOLD_2,HOUSEHOLD,3.48,11814.6,15,3.4,0.2394836125533711,0.057352400681613167,,0.8792146996481573,INTERMITENTE,False,False
HOUSEHOLD_2_265,HOUSEHOLD_2,HOUSEHOLD,4.965783615316117,23577.540605520924,40,1.275,0.2745049683112079,0.07535297762753726,0.09380106518336144,0.8930220768926721,SUAVE,True,True
HOUSEHOLD_2_266,HOUSEHOLD_2,HOUSEHOLD,2.97,27205.2,26,1.9615384615384615,0.2739545853738522,0.07505111484735927,0.480753170660301,0.972132966302199,INTERMITENTE,True,False
HOUSEHOLD_2_267,HOUSEHOLD_2,HOUSEHOLD,1.9763744837081227,10119.037356585588,48,1.0625,0.5725682070463816,0.32783435172030806,0.18678115808603205,0.857029565293846,SUAVE,True,True
HOUSEHOLD_2_268,HOUSEHOLD_2,HOUSEHOLD,5.439691489361701,29684.396457446805,43,1.186046511627907,0.3617620351184268,0.13087177005302586,0.2917015293394456,0.6654120755698276,SUAVE,True,True
HOUSEHOLD_2_269,HOUSEHOLD_2,HOUSEHOLD,10.368728241563057,35191.463651865015,51,1.0,0.2292980346177427,0.05257758867955953,0.10486316028578602,0.520633218579801,SUAVE,True,True
HOUSEHOLD_2_270,HOUSEHOLD_2,HOUSEHOLD,5.711797513321492,27845.012877442274,43,1.186046511627907,0.5226577729434543,0.27317114761821143,0.5864811172860753,0.6382256415007073,SUAVE,True,True
HOUSEHOLD_2_271,HOUSEHOLD_2,HOUSEHOLD,4.669845268082044,14943.504857862541,48,1.0625,0.5778002912517809,0.33385317657064284,0.24981627826695774,0.8022429102720416,SUAVE,True,True
HOUSEHOLD_2_272,HOUSEHOLD_2,HOUSEHOLD,5.463803921568627,16910.4731372549,21,2.4285714285714284,0.41797386283486804,0.17470215001310108,0.9611596337167035,0.8519801655904272,INTERMITENTE,False,False
HOUSEHOLD_2_273,HOUSEHOLD_2,HOUSEHOLD,5.270508173418621,34759.00140369581,48,1.0625,0.2571139516275402,0.06610758412152908,0.08382217128115392,0.6906827066054309,SUAVE,True,True
HOUSEHOLD_2_274,HOUSEHOLD_2,HOUSEHOLD,6.201943527686102,14171.440960762742,51,1.0,0.383259210945806,0.14688762277480183,0.26226358621974777,0.6983120469495769,SUAVE,True,True
HOUSEHOLD_2_275,HOUSEHOLD_2,HOUSEHOLD,5.178290780141843,35942.516304964534,49,1.0408163265306123,0.3157933742092299,0.09972545519445072,0.14221755721045404,0.7747899331438631,SUAVE,True,True
HOUSEHOLD_2_276,HOUSEHOLD_2,HOUSEHOLD,5.47,10053.859999999999,32,1.59375,0.6263643535761297,0.39233230343084285,0.717947439065936,0.7747353314546689,INTERMITENTE,True,False
HOUSEHOLD_2_277,HOUSEHOLD_2,HOUSEHOLD,3.3292190252495595,10487.039929536113,29,1.7586206896551724,0.3967322579455627,0.15739648449458452,0.44780418012821693,0.9373183980484066,INTERMITENTE,True,False
HOUSEHOLD_2_278,HOUSEHOLD_2,HOUSEHOLD,10.972258294684268,11981.706057795222,51,1.0,0.3452399055096173,0.11919059235628948,0.19082456440309192,0.3600528994016036,SUAVE,True,True
HOUSEHOLD_2_279,HOUSEHOLD_2,HOUSEHOLD,4.422649329540838,13506.77105241772,41,1.2439024390243902,0.6569123319800507,0.43153381190746837,0.5667530859000798,0.7111489262816614,SUAVE,True,True
HOUSEHOLD_2_280,HOUSEHOLD_2,HOUSEHOLD,5.97,11175.84,17,3.0,0.6353384385270853,0.4036549314700349,2.491125747745795,0.9132290480491058,INTERMITENTE,False,False
HOUSEHOLD_2_281,HOUSEHOLD_2,HOUSEHOLD,5.032905285562255,30554.76798864845,49,1.0408163265306123,0.2713262568774619,0.07361793767113445,0.16493928547630451,0.6852582135841748,SUAVE,True,True
HOUSEHOLD_2_282,HOUSEHOLD_2,HOUSEHOLD,5.714354151880766,58166.41091199432,46,1.108695652173913,0.7464736629379045,0.5572229294599322,0.5793673371861758,0.7669218760180752,ERRATICO,True,True
HOUSEHOLD_2_283,HOUSEHOLD_2,HOUSEHOLD,5.698709219858157,18851.330099290783,45,1.1333333333333333,0.5826921356760769,0.3395301249787476,0.6532525254179837,0.6932759104764691,SUAVE,True,True
HOUSEHOLD_2_284,HOUSEHOLD_2,HOUSEHOLD,6.192061014544166,57877.194302944314,50,1.02,0.39932769446626304,0.15946260756774114,0.1882847768561676,0.723184243504619,SUAVE,True,True
HOUSEHOLD_2_285,HOUSEHOLD_2,HOUSEHOLD,4.670220014194464,26134.55119943222,49,1.0408163265306123,0.3843823814664524,0.14774981518182134,0.16854616423106952,0.7669885252204569,SUAVE,True,True
HOUSEHOLD_2_286,HOUSEHOLD_2,HOUSEHOLD,2.14,4693.02,10,5.1,0.269373322464022,0.07256198685530599,,0.9361340835087385,INTERMITENTE,False,False
HOUSEHOLD_2_287,HOUSEHOLD_2,HOUSEHOLD,1.9065874423554448,16715.052107130185,51,1.0,0.2685082947877774,0.07209670436983996,0.13545509118602983,0.713928666223799,SUAVE,True,True
HOUSEHOLD_2_288,HOUSEHOLD_2,HOUSEHOLD,3.9047641007449454,28766.397130188012,51,1.0,0.23592495299852478,0.05566058344735613,0.07701045829758156,0.7308107294265435,SUAVE,True,True
HOUSEHOLD_2_289,HOUSEHOLD_2,HOUSEHOLD,5.892811344019728,35975.61325524044,20,2.55,0.8992159542885575,0.8085893324470811,1.1786955999374662,0.8236303963352692,CON PICOS,True,False
HOUSEHOLD_2_290,HOUSEHOLD_2,HOUSEHOLD,6.24,11325.6,51,1.0,0.526375281592742,0.2770709370718385,0.14908349377287344,0.8216559487072664,SUAVE,True,True
HOUSEHOLD_2_291,HOUSEHOLD_2,HOUSEHOLD,4.892717236467236,12990.164262820512,51,1.0,0.203840782133136,0.041551064460648615,0.07912882290670985,0.3707337491503314,SUAVE,True,True
HOUSEHOLD_2_292,HOUSEHOLD_2,HOUSEHOLD,12.565441595441596,34140.304814814815,48,1.0625,0.36878981245782044,0.13600592577267437,0.25659649424072994,0.6130031816978115,SUAVE,True,True
HOUSEHOLD_2_293,HOUSEHOLD_2,HOUSEHOLD,7.17584102200142,26873.52462739532,49,1.0408163265306123,0.2949932567644305,0.08702102153648522,0.21562791474160786,0.535998594277675,SUAVE,True,True
HOUSEHOLD_2_294,HOUSEHOLD_2,HOUSEHOLD,4.76303777544596,97718.4830010493,51,1.0,0.8712619238186515,0.7590973398961778,0.35434541301312567,0.8252232983231933,ERRATICO,True,True
HOUSEHOLD_2_295,HOUSEHOLD_2,HOUSEHOLD,5.923645390070922,48496.88480851064,51,1.0,0.16909875934330423,0.02859439041144472,0.086074226286621,0.5765558789661925,SUAVE,True,True
HOUSEHOLD_2_296,HOUSEHOLD_2,HOUSEHOLD,4.666482452601855,20602.520028237188,39,1.3076923076923077,0.3269321999945679,0.10688466339328814,0.23183797148338928,0.7253703439480846,SUAVE,True,True
HOUSEHOLD_2_297,HOUSEHOLD_2,HOUSEHOLD,6.055379971590909,42436.102840909094,51,1.0,0.12683996654702961,0.016088377113651593,0.06831222118594749,0.33084984775783516,SUAVE,True,True
HOUSEHOLD_2_298,HOUSEHOLD_2,HOUSEHOLD,3.4200928612884502,20458.995496227508,30,1.7,0.2818473277332592,0.07943791615037923,0.2571518234590056,0.968233059089742,INTERMITENTE,True,False
HOUSEHOLD_2_299,HOUSEHOLD_2,HOUSEHOLD,1.2394929078014183,28120.375599290775,51,1.0,0.2525640774752785,0.06378861323093847,0.14920760991957205,0.82692223011769,SUAVE,True,True
HOUSEHOLD_2_300,HOUSEHOLD_2,HOUSEHOLD,7.959893276414087,19652.976499466382,30,1.7,0.495907477948391,0.24592422668513392,0.579798472130782,0.8372994503935931,INTERMITENTE,True,False
HOUSEHOLD_2_301,HOUSEHOLD_2,HOUSEHOLD,1.975695035460993,40173.78285106383,51,1.0,0.207502327145758,0.043057215770905176,0.048058458009078556,0.7362834334066817,SUAVE,True,True
HOUSEHOLD_2_302,HOUSEHOLD_2,HOUSEHOLD,3.0642988741044013,11288.877052200614,32,1.59375,0.6714118275396579,0.4507938421601433,0.4017768472514497,0.83502966622878,INTERMITENTE,True,False
HOUSEHOLD_2_303,HOUSEHOLD_2,HOUSEHOLD,7.022293577981652,21073.903027522938,24,2.125,0.5014776010476677,0.25147978435252377,0.8876106693457939,0.8513428960109323,INTERMITENTE,True,False
HOUSEHOLD_2_304,HOUSEHOLD_2,HOUSEHOLD,6.030174129353234,10757.83064676617,44,1.1590909090909092,0.34709500006011873,0.12047493906673382,0.24908108836068293,0.5541099880367264,SUAVE,True,True
HOUSEHOLD_2_305,HOUSEHOLD_2,HOUSEHOLD,5.34943161634103,29277.439236234455,44,1.1590909090909092,0.369265955947666,0.1363573462219436,0.28563014223746097,0.6440413240777696,SUAVE,True,True
HOUSEHOLD_2_306,HOUSEHOLD_2,HOUSEHOLD,4.966819880418535,7827.708131539611,38,1.3421052631578947,0.8096277804381113,0.6554971428571427,0.5936520917368205,0.6533632243694157,CON PICOS,True,False
HOUSEHOLD_2_307,HOUSEHOLD_2,HOUSEHOLD,5.98,4784.0,17,3.0,0.3837203840406552,0.14724133312830792,2.740823001699234,0.9457541837879335,INTERMITENTE,False,False
HOUSEHOLD_2_308,HOUSEHOLD_2,HOUSEHOLD,3.53959219858156,50665.72273049645,51,1.0,0.39044113764121163,0.15244428196256357,0.06687706513594704,0.9131924075605927,SUAVE,True,True
HOUSEHOLD_2_309,HOUSEHOLD_2,HOUSEHOLD,2.4686703296703296,2367.454846153846,34,1.5,0.3790520234863774,0.14368043650911722,0.41459719623296687,0.8050712381685666,INTERMITENTE,True,False
HOUSEHOLD_2_310,HOUSEHOLD_2,HOUSEHOLD,1.4198338257016248,8565.857470457902,51,1.0,0.2736012206571304,0.07485762794507175,0.217972346622825,0.7987276496536874,SUAVE,True,True
HOUSEHOLD_2_311,HOUSEHOLD_2,HOUSEHOLD,5.904236505681819,29296.821541193185,47,1.0851063829787233,0.5229116999464605,0.2734366459408971,0.2860390498147171,0.4935960518143556,SUAVE,True,True
HOUSEHOLD_2_312,HOUSEHOLD_2,HOUSEHOLD,3.97,24685.460000000003,9,5.666666666666667,0.370204737238404,0.13705154747375578,,0.9546675153620351,INTERMITENTE,False,False
HOUSEHOLD_2_313,HOUSEHOLD_2,HOUSEHOLD,1.9587490165224235,8281.590841856807,19,2.6842105263157894,0.4353665213238883,0.1895440078896637,1.7452556144483,0.907172664999131,INTERMITENTE,False,False
HOUSEHOLD_2_314,HOUSEHOLD_2,HOUSEHOLD,1.9710313688212928,3354.6953897338403,28,1.8214285714285714,0.7371292514575402,0.5433595333543535,1.445853360176925,0.6897858171064833,CON PICOS,True,False
HOUSEHOLD_2_315,HOUSEHOLD_2,HOUSEHOLD,7.650617021276596,59927.283127659575,51,1.0,0.25742396185177724,0.06626709613546526,0.15027505186019233,0.6189065468709709,SUAVE,True,True
HOUSEHOLD_2_316,HOUSEHOLD_2,HOUSEHOLD,7.246624068157615,47697.27961661342,51,1.0,0.24863399144509205,0.0618188617019181,0.12036879509907424,0.576593652088078,SUAVE,True,True
HOUSEHOLD_2_317,HOUSEHOLD_2,HOUSEHOLD,4.4457847693957815,14702.21023239185,51,1.0,0.3300355088038233,0.10892343707139854,0.19639828449671176,0.41934344779144805,SUAVE,True,True
HOUSEHOLD_2_318,HOUSEHOLD_2,HOUSEHOLD,3.97,5303.92,29,1.7586206896551724,0.7020584048769404,0.49288600385835396,0.6411433867363374,0.933917759611607,CON PICOS,True,False
HOUSEHOLD_2_319,HOUSEHOLD_2,HOUSEHOLD,1.98,11153.34,25,2.04,0.2765303101986245,0.0764690124585475,0.5938857329309915,0.9505294611611467,INTERMITENTE,True,False
HOUSEHOLD_2_320,HOUSEHOLD_2,HOUSEHOLD,8.512190226876092,35725.662382198956,38,1.3421052631578947,0.4734502342164767,0.22415512427963663,0.19658250632071453,0.8501445443729443,INTERMITENTE,True,False
HOUSEHOLD_2_321,HOUSEHOLD_2,HOUSEHOLD,5.2720177304964535,33846.35382978723,46,1.108695652173913,0.3204271199039808,0.1026735391699601,0.3113192442366721,0.7413551209279633,SUAVE,True,True
HOUSEHOLD_2_322,HOUSEHOLD_2,HOUSEHOLD,2.22,15175.920000000002,28,1.8214285714285714,0.22824883644577204,0.05209753133884879,0.09953655363836988,0.9551334012932238,INTERMITENTE,True,False
HOUSEHOLD_2_323,HOUSEHOLD_2,HOUSEHOLD,3.97,16709.73,30,1.7,0.46444078699945673,0.21570524462867474,0.40986013569150215,0.9166508271122322,INTERMITENTE,True,False
HOUSEHOLD_2_324,HOUSEHOLD_2,HOUSEHOLD,14.256897666068223,92527.26585278277,51,1.0,0.23856214632081776,0.056911897657195266,0.1990692884019787,0.5552623207581152,SUAVE,True,True
HOUSEHOLD_2_325,HOUSEHOLD_2,HOUSEHOLD,3.756375886524823,37405.99107801419,51,1.0,0.16702898976724231,0.02789868342266554,0.08945485218762593,0.6815968657959184,SUAVE,True,True
HOUSEHOLD_2_326,HOUSEHOLD_2,HOUSEHOLD,5.94,24425.280000000002,47,1.0851063829787233,0.2945607294507443,0.08676602333455458,0.3101295981885046,0.5710424166264693,SUAVE,True,True
HOUSEHOLD_2_327,HOUSEHOLD_2,HOUSEHOLD,2.989325590108655,12133.67257025103,51,1.0,0.21253700401335027,0.045171978074970864,0.10395313179304326,0.5362451095755683,SUAVE,True,True
HOUSEHOLD_2_328,HOUSEHOLD_2,HOUSEHOLD,7.1779886484569,35351.59409365023,49,1.0408163265306123,0.4009459563637078,0.16075765992440827,0.3180308136439508,0.6779849872700264,SUAVE,True,True
HOUSEHOLD_2_329,HOUSEHOLD_2,HOUSEHOLD,2.7971983250856494,26612.544864864867,51,1.0,0.3064301460489031,0.0938994344075521,0.11484307521455799,0.7450112998011712,SUAVE,True,True
HOUSEHOLD_2_330,HOUSEHOLD_2,HOUSEHOLD,3.6920682302771857,4412.021535181237,9,5.666666666666667,0.266834151690965,0.07120046450863693,,0.9390099531010375,INTERMITENTE,False,False
HOUSEHOLD_2_331,HOUSEHOLD_2,HOUSEHOLD,3.94010752688172,3652.479677419354,31,1.6451612903225807,0.4614690656677727,0.2129536985682871,0.3272005274830485,0.8492672870129605,INTERMITENTE,True,False
HOUSEHOLD_2_332,HOUSEHOLD_2,HOUSEHOLD,6.573946714031972,23830.556838365897,48,1.0625,0.37876638640925664,0.14346397547352632,0.19718318377535482,0.785407731090173,SUAVE,True,True
HOUSEHOLD_2_333,HOUSEHOLD_2,HOUSEHOLD,4.980732381391064,11654.913772455091,37,1.3783783783783783,0.8324986631056511,0.6930540240726965,1.0075271067028126,0.7977185846961118,CON PICOS,True,False
HOUSEHOLD_2_334,HOUSEHOLD_2,HOUSEHOLD,2.980520951302378,10187.420611551528,51,1.0,0.2842694244122071,0.08080910565564753,0.17414066476861328,0.6003881873395784,SUAVE,True,True
HOUSEHOLD_2_335,HOUSEHOLD_2,HOUSEHOLD,6.211038824763904,28781.95391395593,10,5.1,0.6478092123945147,0.4196567756632015,,0.9455157074897581,INTERMITENTE,False,False
HOUSEHOLD_2_336,HOUSEHOLD_2,HOUSEHOLD,9.153955965909091,158793.674140625,51,1.0,0.3416645287065827,0.11673465017629128,0.18466610846461573,0.6937916594435392,SUAVE,True,True
HOUSEHOLD_2_337,HOUSEHOLD_2,HOUSEHOLD,6.59760908123448,27927.679240865553,49,1.0408163265306123,0.1973677906439185,0.038954044783661636,0.16539782072033543,0.46668493094016883,SUAVE,True,True
HOUSEHOLD_2_338,HOUSEHOLD_2,HOUSEHOLD,4.92,9175.8,14,3.642857142857143,0.2709680345297931,0.07342367573693916,,0.9533059055561502,INTERMITENTE,False,False
HOUSEHOLD_2_339,HOUSEHOLD_2,HOUSEHOLD,6.924972517405643,22229.161780872113,43,1.186046511627907,0.3917299666907461,0.15345236680353305,0.5661562392482169,0.5952168659947,SUAVE,True,True
HOUSEHOLD_2_340,HOUSEHOLD_2,HOUSEHOLD,4.982669767441862,11430.244446511631,36,1.4166666666666667,1.3411725575171414,1.7987438290370699,1.3222596604019392,0.7198481116452471,CON PICOS,True,False
HOUSEHOLD_2_341,HOUSEHOLD_2,HOUSEHOLD,5.294524822695036,68675.28147517731,51,1.0,0.16235908441014155,0.026360472290499468,0.07580761570328284,0.4622024964260493,SUAVE,True,True
HOUSEHOLD_2_342,HOUSEHOLD_2,HOUSEHOLD,0.97,19449.47,30,1.7,0.2566696894495569,0.06587932948213199,0.28109896719013944,0.9778261867491104,INTERMITENTE,True,False
HOUSEHOLD_2_343,HOUSEHOLD_2,HOUSEHOLD,2.78,15045.359999999999,26,1.9615384615384615,0.3792946459140885,0.14386442841909378,0.4556828013384448,0.9294892453138865,INTERMITENTE,True,False
HOUSEHOLD_2_344,HOUSEHOLD_2,HOUSEHOLD,5.846406349206349,33757.15026031746,20,2.55,0.9153705725366184,0.8379032850660165,1.2220184340085651,0.7991660697763701,CON PICOS,True,False
HOUSEHOLD_2_345,HOUSEHOLD_2,HOUSEHOLD,5.84,19680.8,50,1.02,0.19262551491254193,0.037104588995321916,0.1314530429095104,0.32537714164018383,SUAVE,True,True
HOUSEHOLD_2_346,HOUSEHOLD_2,HOUSEHOLD,3.3113141025641024,33020.424230769226,30,1.7,0.3800370691614573,0.14442817393683027,0.13634589508427508,0.9348904024174145,INTERMITENTE,True,False
HOUSEHOLD_2_347,HOUSEHOLD_2,HOUSEHOLD,9.187382050372472,54113.680276693856,51,1.0,0.5109593663050992,0.26107947401490855,0.18670237673478807,0.6591232123329761,SUAVE,True,True
HOUSEHOLD_2_348,HOUSEHOLD_2,HOUSEHOLD,6.48828541001065,144299.46751863684,51,1.0,0.161052033273807,0.025937757421627433,0.08541933041575517,0.673612411616115,SUAVE,True,True
HOUSEHOLD_2_349,HOUSEHOLD_2,HOUSEHOLD,4.83591134751773,55661.33960992908,49,1.0408163265306123,0.2699820683424644,0.07289031722647513,0.12913111072258324,0.6409989560021508,SUAVE,True,True
HOUSEHOLD_2_350,HOUSEHOLD_2,HOUSEHOLD,2.928797872340425,50261.10028723403,51,1.0,0.2837480944221951,0.08051298108822695,0.13209783138524914,0.8369492794728882,SUAVE,True,True
HOUSEHOLD_2_351,HOUSEHOLD_2,HOUSEHOLD,5.936782608695652,17840.031739130434,47,1.0851063829787233,0.27800395748634915,0.07728620037807182,0.19756401517005706,0.6686574553718085,SUAVE,True,True
HOUSEHOLD_2_352,HOUSEHOLD_2,HOUSEHOLD,2.9648527846754167,10382.91445193331,51,1.0,0.29230098735703736,0.0854398672098989,0.12410319517708773,0.49910237277590425,SUAVE,True,True
HOUSEHOLD_2_353,HOUSEHOLD_2,HOUSEHOLD,4.669535728704077,39158.72662091239,39,1.3076923076923077,0.38572655764224617,0.14878497727053705,0.20783614785952176,0.770318187891581,SUAVE,True,True
HOUSEHOLD_2_354,HOUSEHOLD_2,HOUSEHOLD,0.9699138576779026,13411.968823970037,48,1.0625,0.23763470838026743,0.05647025462697474,0.15845802808386508,0.6337088954182899,SUAVE,True,True
HOUSEHOLD_2_355,HOUSEHOLD_2,HOUSEHOLD,11.238555119514809,66655.87041384233,51,1.0,0.2061462770884612,0.04249628755743262,0.088411326325917,0.668192093271191,SUAVE,True,True
HOUSEHOLD_2_356,HOUSEHOLD_2,HOUSEHOLD,9.86793980652096,61753.56730920817,51,1.0,0.26357772500528226,0.06947321711896019,0.1349780399464864,0.6301201129326374,SUAVE,True,True
HOUSEHOLD_2_357,HOUSEHOLD_2,HOUSEHOLD,8.017398051245038,24036.159357632627,51,1.0,0.8413805195484098,0.7079211786755519,0.7215501504538497,0.7565156351991196,ERRATICO,True,True
HOUSEHOLD_2_358,HOUSEHOLD_2,HOUSEHOLD,4.935933075933075,4930.9971428571425,24,2.125,0.49105458526472495,0.24113460570951104,0.790487145473732,0.8696213597849977,INTERMITENTE,True,False
HOUSEHOLD_2_359,HOUSEHOLD_2,HOUSEHOLD,9.43358807082945,18886.04331780056,10,5.1,0.4044280940840179,0.16356208328443125,,0.8521691392474057,INTERMITENTE,False,False
HOUSEHOLD_2_360,HOUSEHOLD_2,HOUSEHOLD,7.97,12449.14,17,3.0,0.6035385868570533,0.36425882582540886,2.8013224390290037,0.8977271985894377,INTERMITENTE,False,False
HOUSEHOLD_2_361,HOUSEHOLD_2,HOUSEHOLD,7.064549600912201,25008.505587229192,26,1.9615384615384615,0.3717945853045681,0.13823121366179578,0.5792846215061556,0.8682572339213153,INTERMITENTE,True,False
HOUSEHOLD_2_362,HOUSEHOLD_2,HOUSEHOLD,3.719400070997515,10797.418406105786,51,1.0,0.17903088041829393,0.03205205614334946,0.04966722976066958,0.5576453925388111,SUAVE,True,True
HOUSEHOLD_2_363,HOUSEHOLD_2,HOUSEHOLD,6.204677477477477,27350.21832072072,51,1.0,0.3191730683691756,0.10187144757219443,0.1681113952500512,0.6909069660675284,SUAVE,True,True
HOUSEHOLD_2_364,HOUSEHOLD_2,HOUSEHOLD,5.67329213483146,10041.727078651684,24,2.125,0.7295224934725709,0.5322030684824373,0.7253740643134821,0.7907132159379641,CON PICOS,True,False
HOUSEHOLD_2_365,HOUSEHOLD_2,HOUSEHOLD,4.87,4728.77,14,3.642857142857143,0.6226082350061652,0.3876410142974923,,0.8375750974680604,INTERMITENTE,False,False
HOUSEHOLD_2_366,HOUSEHOLD_2,HOUSEHOLD,3.8371758436944936,95326.9594849023,51,1.0,0.2258227453048784,0.05099591229703197,0.1532597189240489,0.8122883465177698,SUAVE,True,True
HOUSEHOLD_2_367,HOUSEHOLD_2,HOUSEHOLD,7.1755859375,32935.939453125,51,1.0,0.25299209254198335,0.06400499888877147,0.0747723515153823,0.7444433150932551,SUAVE,True,True
HOUSEHOLD_2_368,HOUSEHOLD_2,HOUSEHOLD,5.50040780141844,62451.63017730497,51,1.0,0.2891916152667915,0.08363179034061595,0.1836561490562837,0.21092440576783392,SUAVE,True,True
HOUSEHOLD_2_369,HOUSEHOLD_2,HOUSEHOLD,6.483657325292657,74808.43821922668,51,1.0,0.2985700591511347,0.08914408022151209,0.2413263621632147,0.5725113976473729,SUAVE,True,True
HOUSEHOLD_2_370,HOUSEHOLD_2,HOUSEHOLD,6.1103760198652,29653.654824405814,40,1.275,0.48846550533423894,0.2385985499014334,0.29144186122365984,0.7398658439349657,SUAVE,True,True
HOUSEHOLD_2_371,HOUSEHOLD_2,HOUSEHOLD,0.7800000000000001,17854.980000000003,51,1.0,0.3505173578268024,0.12286241813788262,0.23772792669836212,0.6820461457118001,SUAVE,True,True
HOUSEHOLD_2_372,HOUSEHOLD_2,HOUSEHOLD,8.741646291768541,15018.148329258354,15,3.4,0.3952119873578004,0.15619251495130218,3.3166247903554,0.8853330208897288,INTERMITENTE,False,False
HOUSEHOLD_2_373,HOUSEHOLD_2,HOUSEHOLD,4.678406827880512,27247.041365576104,49,1.0408163265306123,0.6052232196594569,0.36629514561495924,0.15569802152221934,0.9268607312782505,SUAVE,True,True
HOUSEHOLD_2_374,HOUSEHOLD_2,HOUSEHOLD,2.984760609357998,24027.322905331883,30,1.7,0.37737315710481,0.14241049970325162,0.1901929148350968,0.9609318684747942,INTERMITENTE,True,False
HOUSEHOLD_2_375,HOUSEHOLD_2,HOUSEHOLD,6.55578665715305,50912.23917945058,50,1.02,0.4408587204144191,0.19435641136543894,0.2333753696442512,0.6120897224842607,SUAVE,True,True
HOUSEHOLD_2_376,HOUSEHOLD_2,HOUSEHOLD,3.7552734375,32178.9380859375,51,1.0,0.33909604513762087,0.11498612782797542,0.21995416859840988,0.8108555925963639,SUAVE,True,True
HOUSEHOLD_2_377,HOUSEHOLD_2,HOUSEHOLD,4.957654409139593,25467.47069975009,50,1.02,0.20192800804296096,0.0407749204321981,0.1635415687922612,0.29244635054095075,SUAVE,True,True
HOUSEHOLD_2_378,HOUSEHOLD_2,HOUSEHOLD,6.990291607396871,29359.224751066857,51,1.0,0.2521152075398628,0.06356207787286808,0.14241985071581392,0.3167965612053864,SUAVE,True,True
HOUSEHOLD_2_379,HOUSEHOLD_2,HOUSEHOLD,4.399741134751773,18593.30603546099,46,1.108695652173913,0.5099034389076179,0.26000151700981483,0.3406354104005324,0.7068608917563459,SUAVE,True,True
HOUSEHOLD_2_380,HOUSEHOLD_2,HOUSEHOLD,5.189787234042552,44108.00170212765,47,1.0851063829787233,0.38014409760824114,0.14450953494638397,0.18064382511391797,0.8405022631656847,SUAVE,True,True
HOUSEHOLD_2_381,HOUSEHOLD_2,HOUSEHOLD,5.938452012383901,5439.622043343653,18,2.8333333333333335,0.34146341463414637,0.11659726353361097,2.165928268942968,0.9122435025916497,INTERMITENTE,False,False
HOUSEHOLD_2_382,HOUSEHOLD_2,HOUSEHOLD,3.48,13067.4,9,5.666666666666667,0.553837131814389,0.3067355685763889,,0.9514682071779055,INTERMITENTE,False,False
HOUSEHOLD_2_383,HOUSEHOLD_2,HOUSEHOLD,3.936014184397163,29925.51584397163,51,1.0,0.33302064112796415,0.11090274741728029,0.2496951049367265,0.5998829175160058,SUAVE,True,True
HOUSEHOLD_2_384,HOUSEHOLD_2,HOUSEHOLD,5.702804270462633,41584.84874021352,48,1.0625,0.7275615019543933,0.5293457391261326,0.6297771390155246,0.6213995774227165,ERRATICO,True,True
HOUSEHOLD_2_385,HOUSEHOLD_2,HOUSEHOLD,7.167928156748911,34578.085428156744,42,1.2142857142857142,0.3387355419260751,0.11474176736395177,0.5226872886051797,0.7121892509336911,SUAVE,True,True
HOUSEHOLD_2_386,HOUSEHOLD_2,HOUSEHOLD,3.97,15625.92,28,1.8214285714285714,0.3703255799686052,0.13714103517908383,0.1944347822618863,0.9214339208516583,INTERMITENTE,True,False
HOUSEHOLD_2_387,HOUSEHOLD_2,HOUSEHOLD,5.988070978820836,14467.17948483114,27,1.8888888888888888,0.6120146956045086,0.37456198763587933,0.4701700353790857,0.8232331616796904,INTERMITENTE,True,False
HOUSEHOLD_2_388,HOUSEHOLD_2,HOUSEHOLD,6.969865248226951,64324.886375886534,49,1.0408163265306123,0.26948915108200405,0.0726244025508992,0.07360830825323503,0.7165746370497617,SUAVE,True,True
HOUSEHOLD_2_389,HOUSEHOLD_2,HOUSEHOLD,1.97,26228.579999999998,9,5.666666666666667,0.3010286543733553,0.09061825075383301,,0.9013628693015031,INTERMITENTE,False,False
HOUSEHOLD_2_390,HOUSEHOLD_2,HOUSEHOLD,5.902092362344583,37915.0413357016,51,1.0,0.23422215244672648,0.05486001669677758,0.16875365856159263,0.7978881065292706,SUAVE,True,True
HOUSEHOLD_2_391,HOUSEHOLD_2,HOUSEHOLD,11.48785384888258,56497.26522880453,51,1.0,0.1987940634324823,0.039519079655997796,0.13448587998224007,0.4643985016414486,SUAVE,True,True
HOUSEHOLD_2_392,HOUSEHOLD_2,HOUSEHOLD,4.97,4458.09,45,1.1333333333333333,0.37991165739253024,0.1443328674227393,0.22614412777205145,0.6057494667700367,SUAVE,True,True
HOUSEHOLD_2_393,HOUSEHOLD_2,HOUSEHOLD,5.324188948306595,9391.869304812833,49,1.0408163265306123,0.3222889533308495,0.1038701694390945,0.15905407894183315,0.44381102152790425,SUAVE,True,True
HOUSEHOLD_2_394,HOUSEHOLD_2,HOUSEHOLD,6.189858156028368,27000.161276595743,41,1.2439024390243902,0.3639795593384913,0.13248111961624232,0.3151910329203714,0.7191734282846567,SUAVE,True,True
HOUSEHOLD_2_395,HOUSEHOLD_2,HOUSEHOLD,3.67,49412.88,51,1.0,0.1370190117374384,0.018774209577504284,0.07680349486850155,0.41380057280187466,SUAVE,True,True
HOUSEHOLD_2_396,HOUSEHOLD_2,HOUSEHOLD,8.725053003533569,7887.447915194346,15,3.4,0.34387282691465565,0.11824852109027673,3.3166247903554,0.9087829033098773,INTERMITENTE,False,False
HOUSEHOLD_2_397,HOUSEHOLD_2,HOUSEHOLD,6.981800766283525,7135.400383141763,26,1.9615384615384615,0.43865977704822673,0.1924224,0.46756278556869074,0.9344541670350187,INTERMITENTE,True,False
HOUSEHOLD_2_398,HOUSEHOLD_2,HOUSEHOLD,7.873571428571428,27407.902142857143,51,1.0,0.2688756768716751,0.07229412961320143,0.1331439899079606,0.49807072509384787,SUAVE,True,True
HOUSEHOLD_2_399,HOUSEHOLD_2,HOUSEHOLD,2.67,7657.5599999999995,12,4.25,0.12044477682948906,0.014506944265505426,,0.9557135690059119,INTERMITENTE,False,False
HOUSEHOLD_2_400,HOUSEHOLD_2,HOUSEHOLD,3.88,13032.92,19,2.6842105263157894,0.19812484407279274,0.039253453838868434,1.4253505603660834,0.968070130923181,INTERMITENTE,False,False
HOUSEHOLD_2_401,HOUSEHOLD_2,HOUSEHOLD,3.3092069527430743,24216.77648017382,29,1.7586206896551724,0.3522427417858556,0.12407494914081692,0.21826437273304192,0.9168222598900022,INTERMITENTE,True,False
HOUSEHOLD_2_402,HOUSEHOLD_2,HOUSEHOLD,8.97,27681.420000000002,16,3.1875,0.5394268279186197,0.2909813026783442,3.3166247903554,0.9132853363201614,INTERMITENTE,False,False
HOUSEHOLD_2_403,HOUSEHOLD_2,HOUSEHOLD,5.114623925501433,47954.71392550143,49,1.0408163265306123,0.21841905380828233,0.047706883066505335,0.1644722275832894,0.7204017611892254,SUAVE,True,True
HOUSEHOLD_2_404,HOUSEHOLD_2,HOUSEHOLD,2.97,10971.18,12,4.25,0.31366775654956486,0.09838746149883709,,0.9401002023760977,INTERMITENTE,False,False
HOUSEHOLD_2_405,HOUSEHOLD_2,HOUSEHOLD,5.616320068463843,24835.36734274711,34,1.5,0.8302424412482288,0.6893025112498186,0.9967959751456072,0.759313027157427,CON PICOS,True,False
HOUSEHOLD_2_406,HOUSEHOLD_2,HOUSEHOLD,12.846283280085196,61585.08204472843,50,1.02,0.25763611893837396,0.06637636978162798,0.14549430183422665,0.6724829936162519,SUAVE,True,True
HOUSEHOLD_2_407,HOUSEHOLD_2,HOUSEHOLD,4.982144124955627,17213.30795172169,51,1.0,0.16266662163107498,0.02646042979286731,0.09603944711007557,0.24619578031471132,SUAVE,True,True
HOUSEHOLD_2_408,HOUSEHOLD_2,HOUSEHOLD,7.299004457652303,67391.70815750372,49,1.0408163265306123,0.2764040103810589,0.07639917695473251,0.23724183555087092,0.6471246475134271,SUAVE,True,True
HOUSEHOLD_2_409,HOUSEHOLD_2,HOUSEHOLD,3.941967275494673,76718.56711567732,49,1.0408163265306123,0.1602344063440175,0.025675064976419717,0.13071713917659902,0.7635775543185549,SUAVE,True,True
HOUSEHOLD_2_410,HOUSEHOLD_2,HOUSEHOLD,1.385191489361702,17532.368680851065,51,1.0,0.19130179062119318,0.03659637509487484,0.08531912410764961,0.7199730449735611,SUAVE,True,True
HOUSEHOLD_2_411,HOUSEHOLD_2,HOUSEHOLD,5.84,54411.28,50,1.02,0.273107247382368,0.07458756857277396,0.1488577883966726,0.629404661329683,SUAVE,True,True
HOUSEHOLD_2_412,HOUSEHOLD_2,HOUSEHOLD,6.04103349964362,6663.2599501069135,44,1.1590909090909092,0.3668249632089098,0.134560553633218,0.1914046938565948,0.6016041933070093,SUAVE,True,True
HOUSEHOLD_2_413,HOUSEHOLD_2,HOUSEHOLD,3.68,8055.52,9,5.666666666666667,0.08568694747860525,0.007342252968201255,,0.9141045345152209,INTERMITENTE,False,False
HOUSEHOLD_2_414,HOUSEHOLD_2,HOUSEHOLD,5.890365497076023,13459.485160818713,18,2.8333333333333335,0.769543779519708,0.5921976285974769,1.172984078626017,0.7683903831700012,CON PICOS,True,False
HOUSEHOLD_2_415,HOUSEHOLD_2,HOUSEHOLD,2.477911884487227,5216.004516845614,50,1.02,0.4260676510836549,0.1815336432999431,0.33712728905408973,0.6281537407645706,SUAVE,True,True
HOUSEHOLD_2_416,HOUSEHOLD_2,HOUSEHOLD,3.245992647058824,26487.300000000003,47,1.0851063829787233,0.7995799010789223,0.6393280182093791,0.8963603941220359,0.7757787747934355,ERRATICO,True,True
HOUSEHOLD_2_417,HOUSEHOLD_2,HOUSEHOLD,3.98020371044016,20573.672979265186,51,1.0,0.18202174050441614,0.03313191401625701,0.1370982062477355,0.48539622213843386,SUAVE,True,True
HOUSEHOLD_2_418,HOUSEHOLD_2,HOUSEHOLD,2.78,4564.759999999999,5,10.2,0.4738272920753089,0.22451230271542008,,0.8113583719515959,INTERMITENTE,False,False
HOUSEHOLD_2_419,HOUSEHOLD_2,HOUSEHOLD,5.4477960526315785,5355.183519736842,14,3.642857142857143,0.3935843536833368,0.15490864346432992,3.316624790355399,0.9397926710799203,INTERMITENTE,False,False
HOUSEHOLD_2_420,HOUSEHOLD_2,HOUSEHOLD,5.646227876106194,16187.735320796459,33,1.5454545454545454,0.5598052992903212,0.31338197311352606,0.8799363116744862,0.629787182929823,INTERMITENTE,True,False
HOUSEHOLD_2_421,HOUSEHOLD_2,HOUSEHOLD,4.827641843971631,117900.66911347517,51,1.0,0.12122640444871641,0.01469584113556377,0.0722555843705857,0.40936784227164275,SUAVE,True,True
HOUSEHOLD_2_422,HOUSEHOLD_2,HOUSEHOLD,4.96759331674369,12707.103704230358,51,1.0,0.28979042661480786,0.08397849135759235,0.16038926639644288,0.3873149842436309,SUAVE,True,True
HOUSEHOLD_2_423,HOUSEHOLD_2,HOUSEHOLD,3.519067375886525,39828.804560283694,48,1.0625,0.5022747324709722,0.2522799068787867,0.24524505732872995,0.6747202020677322,SUAVE,True,True
HOUSEHOLD_2_424,HOUSEHOLD_2,HOUSEHOLD,2.8787364485981306,14330.350041121494,51,1.0,0.20534931051900504,0.04216833933063075,0.15680661048477618,0.6123856634796229,SUAVE,True,True
HOUSEHOLD_2_425,HOUSEHOLD_2,HOUSEHOLD,8.367895302975976,26593.17127285765,51,1.0,0.2736940201149527,0.07490841664668413,0.12792488613938288,0.4674109884961696,SUAVE,True,True
HOUSEHOLD_2_426,HOUSEHOLD_2,HOUSEHOLD,4.557471642883279,37302.90539699964,48,1.0625,0.2741985546415258,0.07518484736750182,0.1855043214722751,0.6672657260538339,SUAVE,True,True
HOUSEHOLD_2_427,HOUSEHOLD_2,HOUSEHOLD,3.2687957371225576,64715.618003552394,51,1.0,0.18787374822114636,0.03529654527066269,0.08614237246714981,0.6949991542820678,SUAVE,True,True
HOUSEHOLD_2_428,HOUSEHOLD_2,HOUSEHOLD,7.94,12807.220000000001,48,1.0625,0.36561199609117845,0.13367213168577588,0.3372395302480179,0.6281182022159242,SUAVE,True,True
HOUSEHOLD_2_429,HOUSEHOLD_2,HOUSEHOLD,6.029612068965518,9617.23125,43,1.186046511627907,0.37401983912214204,0.13989084005695301,0.3679436751473801,0.6325322984208638,SUAVE,True,True
HOUSEHOLD_2_430,HOUSEHOLD_2,HOUSEHOLD,3.967844979448033,9514.892260716382,30,1.7,0.5153508803471699,0.265586529874603,0.39473722151381024,0.8334981026127292,INTERMITENTE,True,False
HOUSEHOLD_2_431,HOUSEHOLD_2,HOUSEHOLD,9.429889325240984,52364.175423063185,49,1.0408163265306123,0.3730675463338759,0.13917939412757865,0.21826039674815928,0.7035930571905513,SUAVE,True,True
HOUSEHOLD_2_432,HOUSEHOLD_2,HOUSEHOLD,5.444893617021276,8450.47489361702,15,3.4,0.45315545487561687,0.20534986628352725,3.3166247903554,0.9576159762350397,INTERMITENTE,False,False
HOUSEHOLD_2_433,HOUSEHOLD_2,HOUSEHOLD,6.191326711599857,21298.16388790351,41,1.2439024390243902,0.3208973050747609,0.10297508040424416,0.27092440725447603,0.7834764714669559,SUAVE,True,True
HOUSEHOLD_2_434,HOUSEHOLD_2,HOUSEHOLD,1.88,16833.52,51,1.0,0.46717602944578446,0.21825344248872847,0.14862465317313306,0.8669721816217639,SUAVE,True,True
HOUSEHOLD_2_435,HOUSEHOLD_2,HOUSEHOLD,5.9764904187366925,22459.65099361249,51,1.0,0.15263768718702692,0.02329826354980468,0.07836609317449084,0.234622881936201,SUAVE,True,True
HOUSEHOLD_2_436,HOUSEHOLD_2,HOUSEHOLD,1.9581419354838712,7190.297187096775,41,1.2439024390243902,0.3086242466492785,0.0952489256198347,0.1158365725371159,0.7721327050315385,SUAVE,True,True
HOUSEHOLD_2_437,HOUSEHOLD_2,HOUSEHOLD,7.732148966500357,124054.59801853172,51,1.0,0.15464419415584632,0.023914826786111093,0.07700778633214041,0.609698613977282,SUAVE,True,True
HOUSEHOLD_2_438,HOUSEHOLD_2,HOUSEHOLD,8.899375228352211,100776.52508586044,51,1.0,0.1215814949516528,0.014782059914678774,0.05597387113172413,0.3556859911547755,SUAVE,True,True
HOUSEHOLD_2_439,HOUSEHOLD_2,HOUSEHOLD,5.664277087033748,54864.187865008884,48,1.0625,0.7326471157545102,0.5367717962234028,0.6111841240714341,0.7105029548891237,ERRATICO,True,True
HOUSEHOLD_2_440,HOUSEHOLD_2,HOUSEHOLD,0.9707234042553192,26950.193872340427,51,1.0,0.40450631935893755,0.16362536240131478,0.05440046279408892,0.8658877954720346,SUAVE,True,True
HOUSEHOLD_2_441,HOUSEHOLD_2,HOUSEHOLD,4.866631130063966,10015.526865671642,51,1.0,0.22383960030938824,0.05010416666666668,0.10935114063269738,0.48429454504205144,SUAVE,True,True
HOUSEHOLD_2_442,HOUSEHOLD_2,HOUSEHOLD,1.48,24172.84,51,1.0,0.42114894152017573,0.1773664309435644,0.2102223427592018,0.8509798792184643,SUAVE,True,True
HOUSEHOLD_2_443,HOUSEHOLD_2,HOUSEHOLD,4.661397163120567,30392.309503546097,51,1.0,0.2674136356812378,0.07151005254825779,0.1640762558120959,0.5832098265773767,SUAVE,True,True
HOUSEHOLD_2_444,HOUSEHOLD_2,HOUSEHOLD,6.397233584499462,39534.90355220668,49,1.0408163265306123,0.45912429532719673,0.21079511855969496,0.1255521081988843,0.7412384385270055,SUAVE,True,True
HOUSEHOLD_2_445,HOUSEHOLD_2,HOUSEHOLD,5.6782593250444044,15036.030692717582,44,1.1590909090909092,0.28380146782093824,0.08054327313731904,0.12972573005833463,0.7596333741209086,SUAVE,True,True
HOUSEHOLD_2_446,HOUSEHOLD_2,HOUSEHOLD,25.474210526315787,31715.392105263156,51,1.0,0.573432784964736,0.3288251588724132,0.3768009885187132,0.3469494444735867,SUAVE,True,True
HOUSEHOLD_2_447,HOUSEHOLD_2,HOUSEHOLD,1.9754574468085109,32678.01708510639,51,1.0,0.14506157826110708,0.021042861487603294,0.07413654465784233,0.4898213012594495,SUAVE,True,True
HOUSEHOLD_2_448,HOUSEHOLD_2,HOUSEHOLD,4.96615458937198,4802.271487922705,11,4.636363636363637,0.3904282988639113,0.15243425655376763,,0.8899697737605735,INTERMITENTE,False,False
HOUSEHOLD_2_449,HOUSEHOLD_2,HOUSEHOLD,5.650401769259123,47045.24513085146,31,1.6451612903225807,0.5953054648570074,0.3543885964886177,1.0088603689997033,0.6527176698263426,INTERMITENTE,True,False
HOUSEHOLD_2_450,HOUSEHOLD_2,HOUSEHOLD,9.622362344582594,85263.75273534637,50,1.02,0.34005166620257904,0.11563513568715024,0.13971216746078327,0.6996975815942932,SUAVE,True,True
HOUSEHOLD_2_451,HOUSEHOLD_2,HOUSEHOLD,3.42,21846.96,29,1.7586206896551724,0.18398394410307123,0.03385009168772204,0.2141150975493382,0.9750380117633755,INTERMITENTE,True,False
HOUSEHOLD_2_452,HOUSEHOLD_2,HOUSEHOLD,6.193725420092957,38661.234072220235,44,1.1590909090909092,0.4526580220810487,0.2048992849543272,0.3257664984721436,0.710304148672785,SUAVE,True,True
HOUSEHOLD_2_453,HOUSEHOLD_2,HOUSEHOLD,6.481726850196639,92176.6375366464,51,1.0,0.2964732392544263,0.08789638159401231,0.1307718803057981,0.6709875160789832,SUAVE,True,True
HOUSEHOLD_2_454,HOUSEHOLD_2,HOUSEHOLD,7.96667585446527,28879.199972436603,29,1.7586206896551724,0.37816896326934984,0.14301176478021488,0.2860325080489095,0.8311645948277896,INTERMITENTE,True,False
HOUSEHOLD_2_455,HOUSEHOLD_2,HOUSEHOLD,7.445548018564798,27235.81465191003,51,1.0,0.36014104659981977,0.12970157344601355,0.14742442276281242,0.8049420163049733,SUAVE,True,True
HOUSEHOLD_2_456,HOUSEHOLD_2,HOUSEHOLD,8.761608366390192,13037.273249188605,40,1.275,0.41766055658297635,0.17444034052520158,0.32856884131298586,0.6331322418346473,SUAVE,True,True
HOUSEHOLD_2_457,HOUSEHOLD_2,HOUSEHOLD,6.462659574468085,47694.42765957447,46,1.108695652173913,0.31884324835581385,0.10166101702208719,0.24738963684004675,0.7150913902214003,SUAVE,True,True
HOUSEHOLD_2_458,HOUSEHOLD_2,HOUSEHOLD,3.9580774249673776,6119.187698999565,39,1.3076923076923077,0.5392004701064934,0.2907371469630635,0.3687778716625347,0.7575608351772214,SUAVE,True,True
HOUSEHOLD_2_459,HOUSEHOLD_2,HOUSEHOLD,18.838560606060604,27504.29848484848,15,3.4,0.5260151463649227,0.2766919342053111,3.3166247903554,0.9299648240166327,INTERMITENTE,False,False
HOUSEHOLD_2_460,HOUSEHOLD_2,HOUSEHOLD,5.931603086155165,14894.255349335619,44,1.1590909090909092,0.3828747657055469,0.14659308621407743,0.4300963985433234,0.7362209022146584,SUAVE,True,True
HOUSEHOLD_2_461,HOUSEHOLD_2,HOUSEHOLD,9.97217406749556,42481.461527531086,51,1.0,0.29377378220678735,0.08630303511208093,0.1769920604245087,0.5241434246121852,SUAVE,True,True
HOUSEHOLD_2_462,HOUSEHOLD_2,HOUSEHOLD,8.274914833215048,26653.50067778567,51,1.0,0.44207727244421996,0.19543231481172108,0.1388304107207257,0.6956348846003365,SUAVE,True,True
HOUSEHOLD_2_463,HOUSEHOLD_2,HOUSEHOLD,5.459101358411703,10448.720000000001,7,7.285714285714286,0.39910614413425693,0.15928571428571428,,0.8386941161170482,INTERMITENTE,False,False
HOUSEHOLD_2_464,HOUSEHOLD_2,HOUSEHOLD,2.8786439474618386,7576.590869719559,51,1.0,0.525085091727788,0.27571435355477947,0.17172623693389893,0.8627623904258873,SUAVE,True,True
HOUSEHOLD_2_465,HOUSEHOLD_2,HOUSEHOLD,7.255862567811935,110267.34344303797,51,1.0,0.2645524457025699,0.0699879965272112,0.18299147435639299,0.6748197120483653,SUAVE,True,True
HOUSEHOLD_2_466,HOUSEHOLD_2,HOUSEHOLD,7.533099779897285,35134.37737344094,46,1.108695652173913,0.5370955055449179,0.28847158207655094,0.5705579181857532,0.6853260281689123,SUAVE,True,True
HOUSEHOLD_2_467,HOUSEHOLD_2,HOUSEHOLD,3.966900333810205,39276.28020505484,35,1.457142857142857,0.33049182114488806,0.10922484384366468,0.3362353327432529,0.9030894748050351,INTERMITENTE,True,False
HOUSEHOLD_2_468,HOUSEHOLD_2,HOUSEHOLD,9.197406456346297,64409.437413793115,51,1.0,0.18820907396538267,0.03542265552290688,0.08763951134812382,0.6103404450122543,SUAVE,True,True
HOUSEHOLD_2_469,HOUSEHOLD_2,HOUSEHOLD,2.9689479277364508,5813.2000425079705,9,5.666666666666667,0.33405678396231175,0.11159393491124263,,0.8873843376738676,INTERMITENTE,False,False
HOUSEHOLD_2_470,HOUSEHOLD_2,HOUSEHOLD,0.9648589789360942,20246.600813995,51,1.0,0.22165429890425548,0.04913062822273703,0.11654971717102527,0.8364278435384778,SUAVE,True,True
HOUSEHOLD_2_471,HOUSEHOLD_2,HOUSEHOLD,3.146762513312034,21004.639776357828,51,1.0,0.4451835679894525,0.1981884092078195,0.3466630435284183,0.7712906239805729,SUAVE,True,True
HOUSEHOLD_2_472,HOUSEHOLD_2,HOUSEHOLD,7.29228256880734,67482.78289174312,49,1.0408163265306123,0.3113292022330192,0.09692587216304815,0.15581458746636112,0.7900047345922552,SUAVE,True,True
HOUSEHOLD_2_473,HOUSEHOLD_2,HOUSEHOLD,7.830550196498749,25809.49344765988,51,1.0,0.34279607003852575,0.11750914563385785,0.11658140794625872,0.5080280604430257,SUAVE,True,True
HOUSEHOLD_2_474,HOUSEHOLD_2,HOUSEHOLD,7.233715003589376,15906.939292893037,51,1.0,0.2356309866532163,0.0555219618711682,0.08288555559987032,0.44809697781803404,SUAVE,True,True
HOUSEHOLD_2_475,HOUSEHOLD_2,HOUSEHOLD,4.96260375709917,21636.952380952378,38,1.3421052631578947,0.570628409305788,0.32561678150685386,0.2136673704060297,0.7304057471647527,INTERMITENTE,True,False
HOUSEHOLD_2_476,HOUSEHOLD_2,HOUSEHOLD,3.967701408450704,11712.654557746479,38,1.3421052631578947,0.6201653016209951,0.3846050013346599,0.3844558158185892,0.7304143410699947,INTERMITENTE,True,False
HOUSEHOLD_2_477,HOUSEHOLD_2,HOUSEHOLD,5.903077881619938,41345.157482866045,19,2.6842105263157894,0.8503664986462829,0.7231231820199386,1.2636034650756307,0.7787209275371789,CON PICOS,True,False
HOUSEHOLD_2_478,HOUSEHOLD_2,HOUSEHOLD,4.9393471953578345,10145.419139264992,35,1.457142857142857,0.28363406913518535,0.0804482851741831,0.2935155058876288,0.9001028088371236,INTERMITENTE,True,False
HOUSEHOLD_2_479,HOUSEHOLD_2,HOUSEHOLD,5.912525911708253,25896.86349328215,40,1.275,0.716392642302872,0.5132184179456908,0.5737992044969465,0.6295901015709808,ERRATICO,True,True
HOUSEHOLD_2_480,HOUSEHOLD_2,HOUSEHOLD,5.267673338098642,27117.982344531807,48,1.0625,0.35508149990682053,0.1260828715760774,0.2712249766529535,0.6754210079370615,SUAVE,True,True
HOUSEHOLD_2_481,HOUSEHOLD_2,HOUSEHOLD,7.964957142857143,23568.308185714286,51,1.0,0.39182906357003333,0.1535300150581692,0.12692718577189988,0.8680834903547918,SUAVE,True,True
HOUSEHOLD_2_482,HOUSEHOLD_2,HOUSEHOLD,5.878248381877023,19221.872208737863,38,1.3421052631578947,0.48881513893254014,0.2389402400496385,0.30708392219023317,0.7387687238184929,INTERMITENTE,True,False
HOUSEHOLD_2_483,HOUSEHOLD_2,HOUSEHOLD,4.900872649875843,101599.99090457609,49,1.0408163265306123,0.20707924818277093,0.04288181502794164,0.1486413518296584,0.5456448574245418,SUAVE,True,True
HOUSEHOLD_2_484,HOUSEHOLD_2,HOUSEHOLD,6.942355245973008,26658.644144536353,37,1.3783783783783783,0.5372857788777349,0.2886760081842542,0.447130482682234,0.6989434224621006,INTERMITENTE,True,False
HOUSEHOLD_2_485,HOUSEHOLD_2,HOUSEHOLD,6.938372344256392,64991.73374864962,51,1.0,0.17801744667598338,0.03169021132103658,0.06888755752038585,0.20563567365954674,SUAVE,True,True
HOUSEHOLD_2_486,HOUSEHOLD_2,HOUSEHOLD,5.948212131961688,40447.84249733948,51,1.0,0.2606430201181212,0.06793478393629532,0.08726371653421008,0.547864880240338,SUAVE,True,True
HOUSEHOLD_2_487,HOUSEHOLD_2,HOUSEHOLD,9.960584269662922,10568.17991011236,17,3.0,0.295923923782871,0.08757096866705046,2.2364957557093916,0.8508936284727641,INTERMITENTE,False,False
HOUSEHOLD_2_488,HOUSEHOLD_2,HOUSEHOLD,4.920336998935793,33576.379680737846,50,1.02,0.30242501994495136,0.09146089268870422,0.14145231392648216,0.6341929788045174,SUAVE,True,True
HOUSEHOLD_2_489,HOUSEHOLD_2,HOUSEHOLD,14.451895273401298,33022.58069972197,40,1.275,0.2969384391175324,0.08817243662555652,0.21452798852531635,0.8540985400603461,SUAVE,True,True
HOUSEHOLD_2_490,HOUSEHOLD_2,HOUSEHOLD,3.48,31647.12,8,6.375,0.17913086566688874,0.03208786703456894,,0.9384768093466604,INTERMITENTE,False,False
HOUSEHOLD_2_491,HOUSEHOLD_2,HOUSEHOLD,6.9625277572168764,37681.200222057734,43,1.186046511627907,0.4641695032367938,0.21545332773509193,0.5329390359966307,0.6823352004432486,SUAVE,True,True
HOUSEHOLD_2_492,HOUSEHOLD_2,HOUSEHOLD,5.920095412844037,64315.91656513762,49,1.0408163265306123,0.23611231612158118,0.055749025824297485,0.2619888135514289,0.5469177501587734,SUAVE,True,True
HOUSEHOLD_2_493,HOUSEHOLD_2,HOUSEHOLD,1.94,4671.5199999999995,11,4.636363636363637,0.36920920592082973,0.13631543773668967,,0.9439826532222372,INTERMITENTE,False,False
HOUSEHOLD_2_494,HOUSEHOLD_2,HOUSEHOLD,5.938622159090909,16022.402585227272,47,1.0851063829787233,0.32822061720076134,0.10772877355564871,0.34436158414379525,0.5114076456951545,SUAVE,True,True
HOUSEHOLD_2_495,HOUSEHOLD_2,HOUSEHOLD,5.690484848484848,37841.72424242424,45,1.1333333333333333,0.6567794087899865,0.43135919181052423,0.634762995041398,0.6770588990679077,SUAVE,True,True
HOUSEHOLD_2_496,HOUSEHOLD_2,HOUSEHOLD,1.4799999999999998,5980.679999999999,25,2.04,0.1953242814514382,0.03815157492452065,0.5095966653934979,0.9483064344002476,INTERMITENTE,True,False
HOUSEHOLD_2_497,HOUSEHOLD_2,HOUSEHOLD,5.805969460227273,31892.190245028414,48,1.0625,0.3030461755437669,0.09183698451170358,0.28945391209314314,0.7436132392450787,SUAVE,True,True
HOUSEHOLD_2_498,HOUSEHOLD_2,HOUSEHOLD,2.9771508903467665,8416.405567010308,13,3.923076923076923,0.4014649425912212,0.1611741001297725,,0.8729420370672282,INTERMITENTE,False,False
HOUSEHOLD_2_499,HOUSEHOLD_2,HOUSEHOLD,1.97,15925.48,9,5.666666666666667,0.3393057034313473,0.1151283603810414,,0.88423733465048,INTERMITENTE,False,False
HOUSEHOLD_2_500,HOUSEHOLD_2,HOUSEHOLD,5.838090415913201,34444.733453887886,50,1.02,0.24960529107736293,0.06230280133381507,0.14471880186481756,0.522633140680335,SUAVE,True,True
HOUSEHOLD_2_501,HOUSEHOLD_2,HOUSEHOLD,8.197275413711585,33231.754527186764,27,1.8888888888888888,0.357999438830139,0.12816359820269443,0.4099671181168203,0.9479171104978059,INTERMITENTE,True,False
HOUSEHOLD_2_502,HOUSEHOLD_2,HOUSEHOLD,8.713139792899408,10333.783794378698,32,1.59375,0.5077715713508637,0.25783196867212527,0.1479715638474982,0.6872498597835457,INTERMITENTE,True,False
HOUSEHOLD_2_503,HOUSEHOLD_2,HOUSEHOLD,6.840035473572189,13187.588393047181,51,1.0,0.19885575921275825,0.03954361297208249,0.12916486150558049,0.27745251495253165,SUAVE,True,True
HOUSEHOLD_2_504,HOUSEHOLD_2,HOUSEHOLD,1.956100795755968,3499.4643236074266,43,1.186046511627907,0.6009143004033769,0.3610979964292799,0.35784756132922446,0.786451031100281,SUAVE,True,True
HOUSEHOLD_2_505,HOUSEHOLD_2,HOUSEHOLD,4.959429793300071,35678.13793300071,50,1.02,0.23432992377594308,0.054910513176839294,0.1707939737600688,0.5293542063977296,SUAVE,True,True
HOUSEHOLD_2_506,HOUSEHOLD_2,HOUSEHOLD,6.812030401737243,17084.572247557004,29,1.7586206896551724,0.1695729180958808,0.028754974551552296,0.32236467767565663,0.9379517878110437,INTERMITENTE,True,False
HOUSEHOLD_2_507,HOUSEHOLD_2,HOUSEHOLD,6.9557708779443255,61363.81068522484,48,1.0625,0.6020953959862302,0.36251886586781534,0.5307750727220645,0.6465494730543829,SUAVE,True,True
HOUSEHOLD_2_508,HOUSEHOLD_2,HOUSEHOLD,15.05850352112676,27993.758045774644,39,1.3076923076923077,0.2400410961124296,0.05761972782285667,0.19774526569343367,0.8701906226881246,SUAVE,True,True
HOUSEHOLD_2_509,HOUSEHOLD_2,HOUSEHOLD,8.98434149804757,98791.81911253108,51,1.0,0.1837052454782708,0.033747617216231734,0.10211044662536066,0.24667432103461512,SUAVE,True,True
HOUSEHOLD_2_510,HOUSEHOLD_2,HOUSEHOLD,3.942503805175038,74268.88668188736,49,1.0408163265306123,0.155865475697825,0.024294046514509275,0.13937730295708498,0.7481050456803746,SUAVE,True,True
HOUSEHOLD_2_511,HOUSEHOLD_2,HOUSEHOLD,2.8450266051791417,35264.10477119546,51,1.0,0.4172070877787719,0.17406175409284388,0.09082076203492624,0.9148054002876016,SUAVE,True,True
HOUSEHOLD_2_512,HOUSEHOLD_2,HOUSEHOLD,3.9699644633973,45968.218521677336,51,1.0,0.19774985069294923,0.039105003449083714,0.19480860849908432,0.6822514948343652,SUAVE,True,True
HOUSEHOLD_2_513,HOUSEHOLD_2,HOUSEHOLD,2.78,22053.739999999998,26,1.9615384615384615,0.3536793851884532,0.12508910750728225,0.5595349935526316,0.8996198501020841,INTERMITENTE,True,False
HOUSEHOLD_2_514,HOUSEHOLD_2,HOUSEHOLD,18.79708910188144,59060.45395811149,47,1.0851063829787233,0.46446772490605537,0.21573026747940713,0.16413933754055288,0.6699190137680449,SUAVE,True,True
HOUSEHOLD_2_515,HOUSEHOLD_2,HOUSEHOLD,1.969229571984436,2219.3217276264595,17,3.0,0.359059529491552,0.12892374571869472,3.171812022100331,0.8899029545042103,INTERMITENTE,False,False
HOUSEHOLD_2_516,HOUSEHOLD_2,HOUSEHOLD,5.936480427046264,15120.215647686833,47,1.0851063829787233,0.21911063628312036,0.04800947093239386,0.24399198885070292,0.49901472763242527,SUAVE,True,True
