SKU,ALMACENES,PRECIO,VALOR,MESES_VENTA,ADI,CV,CV2,ESTAC,AUTOCORR,PATRON,ELEGIBLE,MUESTRA
7,4,45.89865409684624,9298754.291200109,34,1.0,0.5262699720953905,0.2769600835292831,0.27773006898365377,0.914750938992848,SUAVE,True,True
12,4,32.14152494886812,6563744.5546794105,34,1.0,0.26121826815072124,0.0682349836156621,0.20256160592126138,-0.05149502599920902,SUAVE,True,True
13,4,48.42584369513408,9890263.32501976,34,1.0,0.4746537420859351,0.2252961748761814,0.1546656743427152,0.11326541192193874,SUAVE,True,True
18,4,35.57709178930051,23521881.0446,34,1.0,0.2133752324355272,0.04552898981691526,0.11247221285720105,0.8422655884950664,SUAVE,True,True
22,4,41.0767191880492,16317180.377087347,34,1.0,0.19909718301916157,0.03963968828616552,0.16346077592711897,0.7129390258770967,SUAVE,True,True
23,4,84.79600740586582,39219357.5285181,23,1.4782608695652173,0.3594882426324852,0.12923179659099254,0.28501195367095356,0.7697992805022851,INTERMITENTE,False,False
24,4,46.15513647080972,8129187.414108445,34,1.0,0.27212857672218665,0.07405396226884303,0.15536469430639388,0.5377347000585754,SUAVE,True,True
25,4,59.511443300766736,9407371.97410788,1,,,,,-0.03124999999999998,SIN DATOS,False,False
26,4,22.977325914593816,1320598.5998421062,29,1.1724137931034482,0.8564232810855213,0.7334608363852899,0.6186620574941546,0.5311344148975607,ERRATICO,True,True
28,4,182.65707345011725,4637763.556288875,15,2.2666666666666666,0.3428241720777975,0.11752841296082729,1.1918081031966217,0.8493097230578348,INTERMITENTE,False,False
31,3,31.381187846280927,2647282.8012175066,34,1.0,0.4179066080061745,0.1746459330152264,0.1976552881915999,0.9144813642115353,SUAVE,True,True
33,4,171.63659767597582,29488137.227509513,34,1.0,0.17695375374588862,0.03131263096476059,0.17832500686891856,0.416156065402696,SUAVE,True,True
34,4,253.65322682997171,19983407.440877296,26,1.3076923076923077,0.2766580748716174,0.07653969039166947,0.19049401928310958,0.9397845116852456,SUAVE,True,True
38,4,27.43217436308185,27505445.15216216,34,1.0,0.23286620851584344,0.05422667106854428,0.22216517092579469,0.46525246136763576,SUAVE,True,True
40,4,317.4453386147036,6971166.2995,7,4.857142857142857,0.42916179963376405,0.18417985026489103,,0.90453520187324,INTERMITENTE,False,False
42,4,59.14327115844719,44287268.04895167,34,1.0,0.49319241517505297,0.24323875838620182,0.41554718993363743,0.6257341482020704,SUAVE,True,True
43,1,55.46344485440488,1395085.339649611,27,1.2592592592592593,0.750223589272748,0.5628354339012849,1.0771631779778559,0.05246303003092622,ERRATICO,True,True
45,3,13.846272058476366,5887978.89929333,34,1.0,0.20681863075200574,0.04277394602613449,0.13790644783396513,0.7456706023740556,SUAVE,True,True
47,3,31.38395741267292,2958048.77151409,23,1.4782608695652173,0.3015421119016664,0.09092764525011711,0.297292200188349,0.9599324669430704,INTERMITENTE,False,False
48,3,17.57844654225183,2300262.9549639123,34,1.0,0.13882923124612104,0.01927355544838895,0.11167792982446212,0.43654869677660446,SUAVE,True,True
53,4,35.46689211958488,16161784.290520137,31,1.096774193548387,0.8692033375084679,0.7555144419358596,0.4878483932073889,0.43933450113503686,ERRATICO,True,True
58,4,170.80077241840158,4163933.242703246,9,3.7777777777777777,0.29068269454269885,0.08449642890660396,,0.961431258616129,INTERMITENTE,False,False
59,4,230.19782327155696,7859280.5674,6,5.666666666666667,0.6187307541352571,0.38282774611278403,2.5072015261919702,0.3102019276328319,INTERMITENTE,False,False
61,4,99.9560708896622,227211.14430000004,0,,,,,0.0,SIN DATOS,False,False
66,4,35.381853386659806,800705.8487,7,4.857142857142857,0.6408840992272268,0.41073242864229387,,0.7766927847615696,INTERMITENTE,False,False
77,3,17.56925388702114,4124819.8243999993,12,2.8333333333333335,0.42355316539436483,0.17939728391558618,2.2662952507200873,0.885895469725669,INTERMITENTE,False,False
78,3,18.297774632352493,2396519.5603,22,1.5454545454545454,0.24623061111569836,0.06062951385041027,0.2840178032269626,0.8893699303378529,INTERMITENTE,True,False
79,3,37.65822160252257,5227620.930472611,34,1.0,0.24289577053346445,0.058998355343045414,0.1635308390813067,0.7954519540279984,SUAVE,True,True
80,4,42.34800399678537,2532576.219703392,34,1.0,0.288991292437464,0.08351596710467585,0.20113328664385524,0.5068779040640062,SUAVE,True,True
82,4,69.97893155763153,4773536.539168437,12,2.8333333333333335,0.8049421381054107,0.6479318456977101,1.5795793161162548,0.6989953144425386,CON PICOS,True,False
83,3,11.408366217570398,12384682.219685543,34,1.0,0.18445748586916727,0.034024564093174045,0.16466706781008808,0.5873159273425712,SUAVE,True,True
85,3,16.93498106827796,10963674.905838741,21,1.619047619047619,0.22166444527268792,0.049135126298048455,0.41734272587382326,0.9668044247108241,INTERMITENTE,False,False
89,3,154.3808994160359,10846189.1008,16,2.125,0.4334450179329992,0.187874583570938,1.0035190324454513,0.8560519452011653,INTERMITENTE,False,False
92,1,12.851394177321817,6271908.052931267,21,1.619047619047619,0.2288948657854915,0.05239285958295817,0.4433773677834089,0.9670504106537277,INTERMITENTE,False,False
99,1,28.377825809061036,1300394.5707786724,21,1.619047619047619,0.216272038785817,0.04677359476057393,0.40256202662098545,0.9149630474633992,INTERMITENTE,False,False
103,4,183.48287108309276,22856617.211261287,26,1.3076923076923077,0.3903073896386512,0.15233985840653788,0.31378148482489343,0.8115122335832214,SUAVE,True,True
106,4,90.06985929968504,8136996.65549988,31,1.096774193548387,0.4980686907297759,0.24807242068527313,0.5047193213741479,0.3672874206135231,SUAVE,True,True
112,4,8.78124852753058,4981566.637799076,6,5.666666666666667,0.5299269327177802,0.28082255401967476,,0.6961587351678783,INTERMITENTE,False,False
116,4,37.02450082538877,5164901.574361371,34,1.0,0.2354484530699999,0.05543597405305594,0.16252992140253497,0.5593544384075487,SUAVE,True,True
118,1,15.93,171088.5186,0,,,,,0.0,SIN DATOS,False,False
119,4,36.93162136662321,1954546.970234347,13,2.6153846153846154,0.37606806189915626,0.1414271871805876,1.8720998686273702,0.7787062337057049,INTERMITENTE,False,False
124,4,34.6550378284552,5891276.377700001,12,2.8333333333333335,0.3579074290945713,0.12809772780108558,0.35790742909457124,0.9539778430976588,INTERMITENTE,True,False
126,3,68.45585492350429,318628.46129999997,3,11.333333333333334,0.7977109583308577,0.6363427730411354,3.3166247903554,0.013238513693555517,CON PICOS,False,False
128,1,65.95007903969132,2432071.401783056,34,1.0,0.2778684027780767,0.07721084926243944,0.13662116288734472,0.8294695643414383,SUAVE,True,True
129,4,65.14745011064322,57891327.76879428,25,1.36,0.48981485363050975,0.2399185908370777,0.5653476625636812,0.5809798930849286,INTERMITENTE,True,False
130,4,78.45721445556417,2134734.5024,2,17.0,0.6228387506387197,0.3879281092972013,,0.18490605575892807,INTERMITENTE,False,False
133,4,75.50553856049564,12005118.626900004,14,2.4285714285714284,0.8259316137599346,0.6821630306080898,1.6188796289402,0.45180248046438914,CON PICOS,True,False
137,4,111.44017019204937,25864919.151448764,13,2.6153846153846154,0.5770644294850552,0.33300335577691226,0.5008677080048312,0.8911254411473409,INTERMITENTE,True,False
142,4,147.99314806474982,1982291.26189033,7,4.857142857142857,0.8444070699080372,0.7130232997106768,2.5777771745399383,0.45526066631848155,CON PICOS,False,False
144,4,18.004214687682747,496313.1841880064,7,4.857142857142857,0.6728317616177706,0.45270257944167247,1.3448713167847317,0.4813928825921856,INTERMITENTE,True,False
145,1,29.601024305815308,2211148.857995271,21,1.619047619047619,0.15029062327457623,0.022587271444260596,0.3599840287227027,0.9572869614218192,INTERMITENTE,False,False
147,4,71.48814534368773,5422791.170443162,15,2.2666666666666666,0.29913001113486654,0.08947876356154538,1.2220749947566103,0.7480286539604852,INTERMITENTE,False,False
149,4,24.83899144566538,347163.15750000003,0,,,,,0.0,SIN DATOS,False,False
152,3,15.0808704318376,5759511.097230407,34,1.0,0.290827253927465,0.0845804916269902,0.16695091881565863,0.8282192121436424,SUAVE,True,True
163,4,278.23060055200386,100399033.65255767,28,1.2142857142857142,0.6225521458566268,0.3875711743106907,0.7120837258126883,0.5514486175753056,SUAVE,True,True
165,4,55.188018160389255,3389185.047938743,34,1.0,0.23578925845477444,0.05559657440265242,0.20134292569403223,0.5512883623170272,SUAVE,True,True
166,4,47.94308891554259,35773903.68797808,34,1.0,0.2433875731477619,0.059237510762757156,0.1518823464884924,0.4426021977319482,SUAVE,True,True
174,4,44.13152595081326,19722461.47337198,16,2.125,0.6533827193081841,0.4269089778905574,1.2192246710295689,0.7557848070673657,INTERMITENTE,True,False
177,4,221.2751218877264,76983241.27688588,34,1.0,0.171127243771447,0.029284533560812245,0.09752682110554595,0.7305716598921531,SUAVE,True,True
179,4,22.906516116097357,4021011.442475859,7,4.857142857142857,0.3987169851121715,0.1589752342169396,,0.9665763703222101,INTERMITENTE,False,False
180,4,86.29712309477968,28372900.165699996,29,1.1724137931034482,0.4368065414270187,0.1907999546334338,0.5453720805979726,0.7089418926388508,SUAVE,True,True
181,4,56.09052123944742,1950021.7470125582,0,,,,,0.0,SIN DATOS,False,False
186,1,3.44,304803.9864,0,,,,,0.0,SIN DATOS,False,False
190,4,43.33023594265615,4914910.532367858,5,6.8,0.16614059095982217,0.027602695964478945,,0.9364339031317028,INTERMITENTE,False,False
191,1,91.51645876563704,200669.0543,5,6.8,0.5631644533550555,0.31715420152269846,2.4575845876188405,0.04585147043119934,INTERMITENTE,True,False
200,4,36.9265651546575,108665056.19896635,34,1.0,0.439015266864755,0.19273440454033205,0.2970995690981794,0.3629936336045397,SUAVE,True,True
203,4,20.799304409086737,5335421.967540623,34,1.0,0.360565627341875,0.13000757162043985,0.2700372410891621,0.8541789778481305,SUAVE,True,True
206,3,339.03053215616853,15554500.44547911,34,1.0,0.21828238074238002,0.047647197742561355,0.09323100657463358,0.6543196215032258,SUAVE,True,True
210,4,91.76960257137463,15729872.428397372,13,2.6153846153846154,1.4469232542143984,2.0935869035863846,1.6795229478037752,0.2543055704658281,CON PICOS,True,False
213,1,72.19014005226208,1082218.993255673,12,2.8333333333333335,0.36719806881080275,0.13483442173838303,2.7353465115100346,0.9772749763009682,INTERMITENTE,False,False
223,4,80.28775018953668,1788651.3016000001,5,6.8,0.18596127928068637,0.034581597391709434,,0.9182037114065473,INTERMITENTE,False,False
229,1,13.424156347897272,2077057.0209000013,34,1.0,0.3557872075149399,0.12658453703127892,0.17782259780382698,0.9172888578495697,SUAVE,True,True
231,4,57.8623881053097,26687840.334617943,34,1.0,0.2898178673977517,0.0839943962629808,0.2742835561089315,0.610595934034349,SUAVE,True,True
232,4,16.469806648554883,380264.4483896913,0,,,,,0.0,SIN DATOS,False,False
233,4,24.583884081997272,351153.496,0,,,,,0.0,SIN DATOS,False,False
235,4,40.69254086039835,12060754.35038019,34,1.0,0.32525451422451074,0.10579049902342245,0.32194128128158617,0.6385845389209004,SUAVE,True,True
242,1,53.16199181837526,2172210.6813370134,34,1.0,0.6275688873455357,0.3938427083641137,0.6563557659639766,0.02435939151687313,SUAVE,True,True
248,4,86.91401229334255,3522277.2621999998,5,6.8,0.4239899100880297,0.17976744385645552,,0.7633748408793749,INTERMITENTE,False,False
251,4,32.165840480734616,7377781.046911037,34,1.0,0.21440977625319338,0.04597155215294445,0.15674821702579297,0.39775356134003936,SUAVE,True,True
258,4,17.101906691064872,2823366.602057918,34,1.0,0.3963466648640567,0.15709067874886085,0.2289090811943163,0.7808422012022785,SUAVE,True,True
260,4,124.40403173590838,45485527.649278924,34,1.0,0.5736702355171375,0.329097539118288,0.29560397486900764,0.6362578321137009,SUAVE,True,True
262,1,29.85084260674855,1088699.6329803606,12,2.8333333333333335,0.3670143778532351,0.13469955355099722,2.821926615826065,0.9130910732440923,INTERMITENTE,False,False
263,4,51.176233746003945,8463137.109300002,13,2.6153846153846154,0.7798177469482355,0.6081157184554222,0.6998405403861673,0.9129216647860554,CON PICOS,True,False
265,4,98.4258766924554,12754824.319927115,34,1.0,0.38385964669378375,0.1473482283598765,0.3261153268746238,0.7394057723459145,SUAVE,True,True
268,4,69.6100828346244,27585588.29880551,15,2.2666666666666666,0.39634246764359327,0.15708735165781276,0.7319229025070569,0.7283003464221846,INTERMITENTE,True,False
271,3,4.26905071146143,26040723.90615832,34,1.0,0.16743541174875815,0.02803461710747618,0.13112162952895118,0.7527928335543389,SUAVE,True,True
273,4,342.93376034258074,30729467.793936234,26,1.3076923076923077,0.25045812956055513,0.06272927466297182,0.2230483997156383,0.9450406184826667,SUAVE,True,True
275,4,38.3123159576364,9772897.882299997,22,1.5454545454545454,0.5562382224424924,0.30940096010598367,0.4787789667202431,0.7240103668971267,INTERMITENTE,True,False
277,1,67.01689701270418,5845444.965742751,21,1.619047619047619,0.16168351517412868,0.0261415590790627,0.3571127918457201,0.9702743559390915,INTERMITENTE,False,False
283,4,56.178457943906,5461892.147999997,7,4.857142857142857,0.989545625388672,0.9792005447258579,1.5469050454148898,0.22814262832515408,CON PICOS,True,False
284,3,22.1703987195332,1110247.8968528605,8,4.25,0.41659304737084374,0.17354976711772604,,0.9672048492546913,INTERMITENTE,False,False
286,4,21.91526260732009,309216.9042,3,11.333333333333334,1.2158266418023562,1.478234422916395,,0.06880463229786944,CON PICOS,False,False
287,4,36.82109787014811,7724514.384900002,34,1.0,0.6249039524720889,0.3905049498152387,0.5108334306068832,0.28302697634445667,SUAVE,True,True
289,4,72.75396119427838,18676641.731677942,27,1.2592592592592593,0.7289772864657179,0.5314078841829214,0.5575619655191945,0.8220225022114267,ERRATICO,True,True
290,1,21.58125251731646,846072.7185640255,21,1.619047619047619,0.1982067809253393,0.03928592800478545,0.3653599758722979,0.94009922869576,INTERMITENTE,False,False
293,4,35.4606384700453,8270508.46899644,33,1.0303030303030303,0.4299499986217735,0.18485700131486305,0.2634936003042363,0.9534876326267551,SUAVE,True,True
296,4,94.42633604853285,15557690.681463152,34,1.0,0.9670840005470561,0.9352514641140984,0.6430549247596474,0.340117502612716,ERRATICO,True,True
298,4,91.06811649211556,19931335.540798753,34,1.0,0.32539859242829905,0.10588424395431828,0.22738872184087164,0.5213093525588015,SUAVE,True,True
300,4,31.260784617835547,23969942.484595306,34,1.0,0.40387906368635307,0.16311829808416523,0.38590958345150317,0.6449929110070045,SUAVE,True,True
303,3,23.52520039313533,3070507.7438,23,1.4782608695652173,0.571964728796512,0.32714365098726744,0.7545045282780382,0.7873787303187386,INTERMITENTE,True,False
306,4,27.302577896103973,36415119.603852674,34,1.0,0.38027207626284115,0.14460685198525208,0.3801606636989375,0.5238794519197512,SUAVE,True,True
308,4,36.83409886358668,8693575.173600003,34,1.0,0.24612187270941546,0.06057597622598971,0.15960754056964688,0.7473383209450903,SUAVE,True,True
310,4,41.39594673798883,706704.5654,9,3.7777777777777777,0.30016242868792464,0.09009748359583344,,0.7702027173520624,INTERMITENTE,False,False
313,1,9.28603096676248,573497.1008,13,2.6153846153846154,0.45144634225742486,0.203803799937608,0.34155809818541727,0.8809987862270173,INTERMITENTE,True,False
316,4,62.511444842391214,105806096.39831533,34,1.0,0.490501838969291,0.24059205403225628,0.3568922802993476,0.5582906823753299,SUAVE,True,True
317,3,29.06465064523411,2374075.3608548804,34,1.0,0.36365161137491536,0.13224249445557248,0.18712973080652925,0.8964964720449764,SUAVE,True,True
318,4,23.511473569135557,8261552.337010829,31,1.096774193548387,0.586307034378629,0.3437559385618628,0.6575693427179878,0.3762058301008187,SUAVE,True,True
320,4,253.6601971015177,1933902.8061,7,4.857142857142857,0.7768363329409129,0.6034746881770849,2.6037239306886986,-0.14438151945377586,CON PICOS,True,False
322,4,82.2897698270875,50386149.49978041,34,1.0,0.33193978837615107,0.11018402310720396,0.1898461181393318,0.5258804891786393,SUAVE,True,True
328,4,50.61308560968724,4974283.409309716,34,1.0,0.33759170487067575,0.11396815919748944,0.19198666787037683,0.8255410190296935,SUAVE,True,True
331,1,45.722576170413376,1215147.4172702762,16,2.125,0.3943922625916372,0.1555452567921509,1.2206171178645204,0.6953454954871988,INTERMITENTE,False,False
332,4,23.176117559668175,262999362.4408631,34,1.0,0.2971684318376296,0.0883090768808359,0.18428426972196454,0.6352067430589148,SUAVE,True,True
333,4,96.3246268476602,3786566.353956141,3,11.333333333333334,0.5201620446055284,0.27056855264820373,2.484375493115089,0.543202008224651,INTERMITENTE,False,False
336,4,126.15125697604324,13537983.956499998,16,2.125,0.8059380160797301,0.6495360857625314,0.9684927025898159,0.702485572137265,CON PICOS,False,False
337,1,12.515603281840905,1707330.7901041994,34,1.0,0.3628493346620186,0.13165963966466956,0.07415469568827461,0.9324423851374523,SUAVE,True,True
344,1,38.69082399648825,3859822.9116499857,34,1.0,0.5823674148553776,0.33915180588533544,0.46477407905570667,0.41129123956251407,SUAVE,True,True
356,4,30.858735678156098,16609913.8262,34,1.0,0.15343301925927105,0.02354169139901584,0.09114992689431216,0.7744803829826887,SUAVE,True,True
361,4,11.988312244001142,2548646.130396118,34,1.0,0.2982238996477068,0.0889374943210855,0.17746901518582975,0.4101672953491061,SUAVE,True,True
362,4,221.7889993821718,30985830.599084087,34,1.0,0.4529930146809939,0.20520267134977516,0.22647197812343792,0.5677158618854031,SUAVE,True,True
364,4,66.70459020500249,1365963.2573000002,4,8.5,0.7313923371069162,0.534934750778717,,0.6403890331235174,CON PICOS,False,False
367,3,50.54362430448936,15646262.100503033,34,1.0,0.18576135688994783,0.034507281713594566,0.15240948924710465,0.7670298031632498,SUAVE,True,True
374,3,20.741025681995257,2335478.484920948,28,1.2142857142857142,0.333635657565943,0.11131275199945917,0.5127057535029974,0.7524533635774722,SUAVE,True,True
379,4,60.03915712620272,81931292.62672085,34,1.0,0.2670972656201585,0.0713409493017655,0.19261695759534725,0.5182089432749152,SUAVE,True,True
388,3,29.053921125720088,3956164.068563504,34,1.0,0.14405926836717695,0.020753072802486307,0.10308527906093283,0.31924559879363856,SUAVE,True,True
392,4,12.187346455716492,2444072.7610733993,25,1.36,0.332794814424831,0.1107523885080577,0.20360466309799502,0.9062209479461647,INTERMITENTE,True,False
398,4,50.42887691595152,13367821.842270562,34,1.0,0.2782456737407143,0.07742065495542402,0.2709644877206244,0.4888182590801405,SUAVE,True,True
399,4,167.8965423470203,2097516.392852513,4,8.5,0.6482360710107058,0.4202100037593968,2.2398578211747666,0.21673735121005225,INTERMITENTE,False,False
400,4,183.30941424885015,15182765.380539695,15,2.2666666666666666,1.5890413091860593,2.5250522822997454,2.2391690555037784,0.1732303474476736,CON PICOS,True,False
402,1,69.53173688178155,225054.76340000003,5,6.8,0.557734438610568,0.3110677040122455,2.544223851100119,0.16830061084461903,INTERMITENTE,True,False
404,3,46.12959702616036,3090520.624571212,22,1.5454545454545454,0.4053117357887393,0.16427760316808082,0.48555885594990744,0.8717027940039924,INTERMITENTE,False,False
407,3,31.984349916776143,6653262.929158089,34,1.0,0.17088050624730947,0.02920014741533677,0.08797197880050425,0.7786620914408654,SUAVE,True,True
421,3,69.53401629309431,6759218.154048683,13,2.6153846153846154,0.35557742060685077,0.12643530204542125,1.8268419690987967,0.9774249196231327,INTERMITENTE,False,False
423,4,76.73607779154395,2622101.7052073954,24,1.4166666666666667,0.42127306074777326,0.17747099171179706,0.4967006376565559,0.7630336087664926,INTERMITENTE,True,False
426,4,73.64004059609339,3221459.425117919,3,11.333333333333334,0.6414821566367472,0.4114993572833323,,0.529944480167219,INTERMITENTE,False,False
428,4,232.199192250244,2745369.9977,7,4.857142857142857,0.7033653937187886,0.4947228770811865,1.9850447590158522,0.35288315363138745,CON PICOS,True,False
429,1,34.12957543670317,2374558.043797781,30,1.1333333333333333,0.19969168057726353,0.03987676729177184,0.21723020770627857,0.9661463207769384,SUAVE,True,True
433,4,25.795099528432186,7776952.433130242,34,1.0,0.40242033500032875,0.16194212602177682,0.24573014550046,0.0891886806344884,SUAVE,True,True
434,4,17.619305222225567,3617355.9494832787,34,1.0,0.279885008845836,0.0783356181766337,0.15569763907942188,-0.04078976286141189,SUAVE,True,True
435,4,32.549606258124754,6921768.815640503,34,1.0,0.3125249733123784,0.09767185894390282,0.2484948178233472,0.5775212923396954,SUAVE,True,True
440,4,71.44763044968957,1381607.1222,5,6.8,0.8223318134793511,0.6762296114602383,2.1666329973044003,0.3993110601268883,CON PICOS,True,False
442,3,90.8553330340287,5184876.723832799,15,2.2666666666666666,0.2424172995499946,0.05876614712111181,1.295328626654032,0.9096999002782344,INTERMITENTE,False,False
444,4,43.1410494606115,988010.275,7,4.857142857142857,0.4690667447360248,0.22002361101725101,,0.9642566957645973,INTERMITENTE,False,False
452,4,32.33365252764975,24289361.17527661,34,1.0,0.26477408978313766,0.07010531862048903,0.153215753554619,0.1361694767377791,SUAVE,True,True
453,3,27.930915657454783,1995908.5985463038,34,1.0,0.28915347107063305,0.08360972983219542,0.23998618297807006,0.8218565345338139,SUAVE,True,True
454,4,111.03195940508832,21907471.639907278,34,1.0,0.3373768470556994,0.1138231369292448,0.17973947261423173,0.6835720066066432,SUAVE,True,True
456,4,53.01750489343899,4286361.886500001,21,1.619047619047619,0.6466071130753234,0.418100758679604,0.644601338370709,0.8983465272068245,INTERMITENTE,True,False
461,4,20.620843206977025,38798807.91080001,29,1.1724137931034482,0.41718914199266355,0.1740467801965748,0.5988707085370417,0.7572106130729299,SUAVE,True,True
465,4,41.41244465132396,1687747.2026624007,5,6.8,0.10293762388253283,0.010596154410581793,,0.9020729310639205,INTERMITENTE,False,False
467,1,18.372604104201628,364377.7942392766,21,1.619047619047619,0.11678064911329891,0.013637720007323441,0.333732843695537,0.9254877163092301,INTERMITENTE,False,False
469,4,53.55200417604735,31524969.184433635,34,1.0,0.3642141945826779,0.13265197953550875,0.26019614637663596,0.2610663785715107,SUAVE,True,True
472,4,27.34520443825828,52066493.495246455,34,1.0,0.2782353338408823,0.0774149009975472,0.2885133366039164,0.5518654194603405,SUAVE,True,True
475,1,138.3512176986754,1626337.9332184072,0,,,,,0.0,SIN DATOS,False,False
480,4,101.05562660344428,11484667.786045367,34,1.0,0.1517175307625521,0.02301820914068594,0.11513769978897703,0.6778444249525912,SUAVE,True,True
481,4,79.5025484221082,654857.7211999999,0,,,,,0.0,SIN DATOS,False,False
482,3,218.49453636548495,773627.9748,5,6.8,0.6908237128252955,0.4772374022017264,2.266818532233992,-0.038184867798550334,INTERMITENTE,True,False
486,4,153.6759869952769,27973074.385118112,31,1.096774193548387,0.871147447442219,0.7588978751850937,0.6941222221595698,0.2644162833162271,ERRATICO,True,True
487,4,58.326886806324886,12523393.863091683,34,1.0,0.2618008098414937,0.06853966403366193,0.20593058669176068,0.5618875776271048,SUAVE,True,True
488,4,93.8812266239018,2970372.9072,14,2.4285714285714284,0.8435918171071792,0.7116471538901925,1.495181056199145,0.4881182979700129,CON PICOS,True,False
495,4,79.72617004074532,8562370.618146736,34,1.0,0.25362938431870036,0.064327864589883,0.22083260757399878,0.5027894860104106,SUAVE,True,True
496,4,194.80924112071645,26419053.286493547,26,1.3076923076923077,0.2819898716375565,0.07951828770616559,0.15731686233639774,0.9408136170859009,SUAVE,True,True
498,1,59.888851874709154,1315900.611154822,21,1.619047619047619,0.19725645700069686,0.038910109828467765,0.36823415054176095,0.8817082084402682,INTERMITENTE,False,False
502,1,17.22,174334.5912,0,,,,,0.0,SIN DATOS,False,False
505,3,50.735573405962285,3432272.702739498,21,1.619047619047619,0.3391018658390938,0.11499007541555477,0.44621179091783514,0.910689270642578,INTERMITENTE,False,False
506,4,30.61560833141318,2880936.397888063,6,5.666666666666667,0.4320170334468102,0.1866387171881823,,0.9560176666971879,INTERMITENTE,False,False
507,4,109.02825643924622,26930854.837393016,34,1.0,0.5865089021886934,0.34399269234658636,0.49206395121644525,0.25275173070777807,SUAVE,True,True
510,1,63.65328403300923,694832.8831759252,6,5.666666666666667,0.25352272262459197,0.0642737708869858,,0.9537029181547536,INTERMITENTE,False,False
512,3,13.872169795140255,1749652.385317696,34,1.0,0.353136456171421,0.12470535667730993,0.15586237696505878,0.9011582145587277,SUAVE,True,True
513,4,82.58183196697365,7455361.439775474,33,1.0303030303030303,0.3596440276636962,0.12934382663416547,0.13837590487548646,0.8850477347153458,SUAVE,True,True
516,4,84.76402781638195,3715508.2514907694,9,3.7777777777777777,0.25569425354858283,0.06537955129776696,,0.9455835166479315,INTERMITENTE,False,False
518,4,84.96077453150825,26701048.265497502,34,1.0,1.0235434770513523,1.047641249414372,0.3995318735735592,0.008005019014174934,ERRATICO,True,True
519,4,24.489420263283712,8474971.141168306,34,1.0,0.4670273717898868,0.21811456600096915,0.3921467569339916,0.5394485135713496,SUAVE,True,True
520,4,86.88957477536749,5969409.3656,31,1.096774193548387,0.8866961920303583,0.7862301369611381,0.780660028702084,0.3010619798725621,ERRATICO,True,True
523,1,13.32328071261712,2450480.0083854687,34,1.0,0.21484553532616738,0.04615860404958743,0.12434856820553641,0.72503088403181,SUAVE,True,True
526,4,22.167528541920948,14100136.899432324,34,1.0,1.085776275048955,1.178910119459184,0.9200033597975715,-0.010299330826493374,ERRATICO,True,True
527,4,63.72144578460326,1566009.3306,0,,,,,0.0,SIN DATOS,False,False
528,1,7.37323096231349,13666501.688819915,34,1.0,0.2777239105714823,0.07713057050311671,0.1472627065400617,0.8826178242194237,SUAVE,True,True
529,4,10.89864532070832,3387619.9307808415,34,1.0,0.13283248854994112,0.01764447001437024,0.11041650714404588,0.5963639277711555,SUAVE,True,True
534,4,49.77088185566152,36129951.798803195,23,1.4782608695652173,0.2872293542378142,0.08250070193587175,0.23654488412702154,0.9200002511535202,INTERMITENTE,False,False
536,3,42.33914891257139,1809943.5751188407,28,1.2142857142857142,0.42341938101599735,0.17928397221997033,0.46801988563465874,0.9464090450572866,SUAVE,True,True
545,3,122.00861697293496,1992256.7449999996,6,5.666666666666667,0.44466662739390067,0.1977284095178661,,0.7186999080015288,INTERMITENTE,False,False
552,4,24.24950129457736,7026760.045498724,34,1.0,0.19372220820431144,0.03752829395155459,0.13509940055603697,0.76132527889183,SUAVE,True,True
554,4,69.9971896069872,16704909.096503649,34,1.0,0.5728065558447182,0.32810735041868827,0.4124369154532056,0.4629000236383546,SUAVE,True,True
555,4,23.65649877160493,547506.4807,7,4.857142857142857,2.0832041551657685,4.339739552099923,2.348382112944982,-0.019979157758956863,CON PICOS,True,False
558,4,112.89428860671325,14574826.516331129,34,1.0,0.2570113371609594,0.06605482742926436,0.15784148734165365,0.8188486448342267,SUAVE,True,True
562,4,286.2870142982999,20420454.79094785,26,1.3076923076923077,0.3566838687187928,0.12722338220420504,0.5989048710844813,0.7950034549048711,SUAVE,True,True
563,4,162.57044283969842,23007182.03795424,31,1.096774193548387,0.8169849083935804,0.667464340542867,0.4970209893516654,0.7027821942297889,ERRATICO,True,True
564,4,26.240936555457512,19420712.202979602,34,1.0,0.19900973988305512,0.03960487656832126,0.17916667556041413,0.6887166251609823,SUAVE,True,True
565,3,25.89880319076577,2356771.1482812283,34,1.0,0.2611705979732341,0.06821008124569668,0.16675429933327698,0.7540367485002122,SUAVE,True,True
572,3,35.17440011608425,1894624.3907647307,34,1.0,0.2575038588822902,0.06630823733927044,0.2665493557122289,0.6166082984171766,SUAVE,True,True
573,3,8.014273714285425,1258047.8291462979,34,1.0,0.6909144568433919,0.47736278667519927,0.19638411462376565,0.9624360651839242,SUAVE,True,True
577,3,37.7503115901504,2999530.6605528556,21,1.619047619047619,0.40162672041946634,0.16130402255489618,0.6300476042311287,0.9700091465743554,INTERMITENTE,False,False
578,4,87.61819037236708,18527188.789177593,19,1.7894736842105263,0.6023675960733277,0.36284672079915964,0.7286173554087728,0.8589572666013096,INTERMITENTE,False,False
579,4,49.50371743849732,9027474.150300002,24,1.4166666666666667,0.9968244478936349,0.99365897991845,1.209881821370368,0.44398213375928786,CON PICOS,True,False
580,4,28.91542321616179,1450720.6138,4,8.5,0.7162876333471346,0.5130679736860392,1.8812772047356865,0.5870109798097156,CON PICOS,True,False
594,4,38.499563652537,5017056.007546172,34,1.0,0.39532073552494623,0.15627848393598448,0.19159581917842314,0.7568185360446701,SUAVE,True,True
600,1,46.97788498392942,1995008.9020548312,30,1.1333333333333333,0.19857650636924112,0.03943262888181326,0.29519965404768955,0.890780075779897,SUAVE,True,True
603,4,14.093182069557116,8604132.452037167,34,1.0,0.24077220875626662,0.05797125650937123,0.19464347219789427,0.6892486338806719,SUAVE,True,True
604,4,83.74013251894218,99304498.94878595,34,1.0,0.22221140179091384,0.049377907085882945,0.19755246197606896,0.2828988850926872,SUAVE,True,True
605,3,67.15195694898202,15599671.564674167,34,1.0,0.19504066003062293,0.03804085906518103,0.07201441609143126,0.8896785090780216,SUAVE,True,True
608,4,114.71084167829991,3701858.808185586,10,3.4,0.7708454906652726,0.594202770478985,1.8395284325900632,0.4568253410670104,CON PICOS,True,False
609,4,140.3826024183337,11933822.55228278,23,1.4782608695652173,0.34224991291889784,0.11713500289299315,0.34725098333351456,0.8606138802377584,INTERMITENTE,False,False
610,4,22.385533293836016,37756921.03255588,29,1.1724137931034482,0.32379491302790187,0.10484314570274653,0.5609405393747796,0.6240002396025068,SUAVE,True,True
612,3,413.8071105432903,4082695.4379000003,6,5.666666666666667,0.7894532587912861,0.6232364478161814,2.8568190530234543,0.05023580996489904,CON PICOS,True,False
613,3,55.10050251064033,57610.3304,0,,,,,0.0,SIN DATOS,False,False
614,3,67.62879433735587,20071947.52869455,34,1.0,0.19687924069975501,0.03876143541851207,0.09334788539623672,0.8594381883951333,SUAVE,True,True
616,1,222.85,931272.322,0,,,,,0.0,SIN DATOS,False,False
618,4,126.79303903715775,5290456.036920481,34,1.0,0.2619184174012774,0.06860125737398978,0.190024423996136,0.6003579842753255,SUAVE,True,True
620,4,29.67811787328132,14323271.945217289,7,4.857142857142857,0.5320077721056956,0.28303226958086575,,0.9653428791172722,INTERMITENTE,False,False
621,1,24.491261241790408,4436093.086958837,34,1.0,0.2804374797117728,0.07864518002709098,0.15556560585327311,0.859084691250553,SUAVE,True,True
624,1,117.48360221402972,114404.357,5,6.8,0.5453858213916628,0.29744569417505873,2.280533870362886,0.07015177350245504,INTERMITENTE,True,False
627,4,15.81462251513072,917329.0767448595,34,1.0,0.41030577374640803,0.16835082796963857,0.16390561217965618,0.06889813012974055,SUAVE,True,True
630,4,59.15472065672671,1425708.6267000001,1,,,,,-0.031249999999999972,SIN DATOS,False,False
641,4,27.23127204400734,10786685.099,27,1.2592592592592593,0.3541436153275529,0.12541770027726976,0.19485031785850326,0.7542977079554215,SUAVE,True,True
642,3,246.83491165139057,1477400.7434999999,7,4.857142857142857,0.9479516501228576,0.8986123309706487,2.926251156378865,0.04692573170724231,CON PICOS,True,False
643,4,249.6556619603656,20991944.32145398,26,1.3076923076923077,0.2592948077433842,0.06723379732267858,0.19563479783921148,0.9441678073242349,SUAVE,True,True
645,4,145.792538973963,32637295.641608912,19,1.7894736842105263,0.8709744999865233,0.7585965796267743,1.416689060838927,0.7371974623028291,CON PICOS,True,False
647,4,117.4592409432492,16992048.457899995,10,3.4,0.5518696956525209,0.30456016097960603,0.7519788515480519,0.9124921259905702,INTERMITENTE,True,False
648,4,15.574018804541868,33306591.00874647,34,1.0,0.19454398751637988,0.03784736307877337,0.19571315955846016,0.5195279639777128,SUAVE,True,True
649,4,24.68657283524155,46074705.526488364,34,1.0,0.24921636751744786,0.06210879783859164,0.22302851836916016,0.7144040618202881,SUAVE,True,True
651,4,173.8802418028316,93349360.52468753,28,1.2142857142857142,0.5619940289137079,0.31583728853466153,0.6539406005683887,0.5102260777476431,SUAVE,True,True
652,1,47.42761683560661,950556.1535234366,21,1.619047619047619,0.2655195455455306,0.0705006290667051,0.3968732300262324,0.901073841147065,INTERMITENTE,False,False
653,4,308.5181999597983,156443674.1612665,34,1.0,0.29194643176969864,0.0852327190230593,0.15271908096079737,0.757465637699878,SUAVE,True,True
656,3,33.43343568999928,1912267.4804184781,29,1.1724137931034482,0.25506175584248675,0.06505649929345232,0.3623054238892711,0.9013917268935746,SUAVE,True,True
659,4,13.580072941002358,18220624.096433196,34,1.0,0.12308559772117413,0.015150064366378705,0.12799337163509328,0.7024313118677995,SUAVE,True,True
660,3,22.15796010209243,1986227.1350939085,34,1.0,0.22093242722973908,0.048811137401623954,0.14185686534870257,0.717330344517234,SUAVE,True,True
661,4,15.206629202053756,710598.4834299551,2,17.0,0.45361647991836,0.20576791085352392,,0.9347337244994711,INTERMITENTE,False,False
662,2,42.178039200218,1692617.3665165086,32,1.0625,0.28045816970565435,0.07865678495464562,0.30513474461114387,0.8815075674528963,SUAVE,True,True
664,4,63.83351224947088,5079645.572514652,23,1.4782608695652173,0.48473309686756777,0.23496617519882285,0.2714052612372818,0.6257882540546634,INTERMITENTE,False,False
672,4,18.81177035413277,3859208.163554138,34,1.0,0.3932796502080541,0.1546688832677694,0.1858843304043471,0.11749544382557646,SUAVE,True,True
674,4,234.18856360038325,1009453.4102,7,4.857142857142857,2.3209543162474167,5.386828938107513,1.4982850225025122,-0.034252001734596055,CON PICOS,False,False
676,4,66.45371462923106,2502152.4773,19,1.7894736842105263,0.3074121311881433,0.09450221840163624,0.4379338496892397,0.8649182222546736,INTERMITENTE,False,False
682,4,27.454893855340707,2044920.9371847727,34,1.0,0.4281521989414084,0.18331430545836333,0.3481593691578641,0.798495634303383,SUAVE,True,True
684,3,12.587256156224012,259480.99901297237,0,,,,,0.0,SIN DATOS,False,False
685,4,75.71136934650214,8411174.262505684,34,1.0,0.4111294439930233,0.1690274197180125,0.3124088635235883,0.3188535127167067,SUAVE,True,True
686,1,225.03199610012464,2083285.4612560067,0,,,,,0.0,SIN DATOS,False,False
690,4,223.5382075262789,20165915.957261607,9,3.7777777777777777,0.5209608506164253,0.27140020787498936,,0.7147097773723332,INTERMITENTE,False,False
695,3,54.00651413259025,16273463.725074895,34,1.0,0.2474142269832153,0.061213799713701986,0.15357704899314734,0.8835446645887315,SUAVE,True,True
697,4,66.77876722062953,3303619.071048485,31,1.096774193548387,0.500694929399884,0.25069541232675485,0.5220719774221991,0.5678826312789222,SUAVE,True,True
698,4,150.32111615539756,10202548.196153136,26,1.3076923076923077,0.40604312875637083,0.16487102241026275,0.4870078703126705,0.8346501141364091,SUAVE,True,True
702,3,75.16947806452349,3088133.5453006118,29,1.1724137931034482,0.26222982219666563,0.06876447964929487,0.41686421430543896,0.8692142765050366,SUAVE,True,True
704,2,29.484068124636845,2077058.8400440293,34,1.0,0.13066333367287108,0.017072906766508047,0.06079659396723716,0.6195748416625517,SUAVE,True,True
708,3,4.658902242709766,8361766.297625352,34,1.0,0.2803173094191026,0.0785777939599649,0.16260098809314563,0.893870515045165,SUAVE,True,True
710,3,24.652598118282704,4430324.077934152,34,1.0,0.21774633960838174,0.047413468412848714,0.16759930820661356,0.7215347517084412,SUAVE,True,True
716,4,12.116814954961669,32662963.407661114,34,1.0,0.24429401213866084,0.05967956436680417,0.2024990962221447,0.3720206048830699,SUAVE,True,True
717,3,43.53873853460494,1888297.7303898537,34,1.0,0.3696758958764921,0.13666026799208703,0.10989393646783982,0.521692481184978,SUAVE,True,True
725,3,198.61144641971936,1338192.2870000002,7,4.857142857142857,0.9395398413693893,0.8827351135204172,2.900290156017935,0.0766514119915045,CON PICOS,True,False
731,3,126.99118360646808,5717713.276377584,34,1.0,0.4072016517502734,0.16581318518815094,0.17542832774848455,0.7934494103809538,SUAVE,True,True
733,4,44.15720229784566,4430569.413773284,0,,,,,0.0,SIN DATOS,False,False
736,4,64.00198511909453,33033411.141582783,34,1.0,0.9642735987631367,0.9298235732716107,0.2421772148794785,0.8415416244897446,ERRATICO,True,True
739,4,26.48894675448164,2717094.1773201223,34,1.0,0.22461415827510023,0.05045152009763178,0.16009450093595934,0.46930987700895405,SUAVE,True,True
741,4,242.75071956341876,236202846.616667,34,1.0,0.13042211702676754,0.017009928609743846,0.07276964314174231,0.6200687040091326,SUAVE,True,True
743,4,58.96384747145776,8172817.926715164,21,1.619047619047619,0.7177743529494625,0.5152000217520195,0.4889200435770711,0.8426051381739637,CON PICOS,False,False
744,4,174.84332193920824,8012646.323634822,24,1.4166666666666667,0.4097533851557869,0.16789783664662666,0.4506298348870978,0.8134739210077243,INTERMITENTE,True,False
745,4,153.2956244499092,1048508.3462,5,6.8,0.6778710971822857,0.45950922439511577,2.236789454857312,0.31655689886774935,INTERMITENTE,True,False
749,4,97.39675493904508,31412266.99541901,18,1.8888888888888888,0.8254454777810152,0.6813602367891284,1.3115013477454704,0.5880501801135865,CON PICOS,True,False
750,4,109.80525465564766,3517937.4544999995,8,4.25,0.751707475371746,0.5650641285297641,1.9663074907334104,0.6645412517681362,CON PICOS,True,False
752,4,71.71736153770523,29574581.075577274,34,1.0,0.48350846926443186,0.23378043985043406,0.16337828420887304,0.5577732445361822,SUAVE,True,True
753,1,22.815210073396564,1456130.5894723744,28,1.2142857142857142,0.35215937402762687,0.12401622471553,0.24819093380216722,0.8446796473594353,SUAVE,True,True
754,4,14.208950025360496,3261943.5420999993,32,1.0625,0.7919202909043731,0.627137747146067,0.2942747253871958,0.817061993128204,ERRATICO,True,True
756,4,32.26938818000068,3224918.7543000006,14,2.4285714285714284,0.9847211192039673,0.969675682606314,0.9456528569891206,0.4148805351455038,CON PICOS,False,False
758,4,24.04683204640732,13089047.537847072,34,1.0,0.2794564735316601,0.07809592059875144,0.2747599628845691,0.6984056258858335,SUAVE,True,True
760,1,28.19193410129358,1154995.9120345786,22,1.5454545454545454,0.16976759931587332,0.02882103777747491,0.09128141971210768,0.9350155709522061,INTERMITENTE,False,False
766,4,94.30071365463876,5802349.315369745,34,1.0,0.19541013113032518,0.038185119348370884,0.12285182540393627,0.6374385298409854,SUAVE,True,True
771,4,38.1227867797975,3100962.3734816913,34,1.0,0.19642939386493702,0.03858450677414656,0.15884451144006173,0.6201153611678107,SUAVE,True,True
777,4,34.32161228014202,23262345.52146653,34,1.0,0.28851312755137265,0.08323982476947463,0.2709321752495674,0.4614338145455462,SUAVE,True,True
778,3,27.769693467551093,2664731.188182635,34,1.0,0.27011735334132486,0.07296338457612214,0.16165801637524682,0.873333919160729,SUAVE,True,True
781,1,6.64,77105.1408,0,,,,,0.0,SIN DATOS,False,False
788,4,68.49337126233836,2935140.2743015722,23,1.4782608695652173,0.38925083534689925,0.15151621281825886,0.3389680380744759,0.8652099448994315,INTERMITENTE,False,False
791,4,38.81756835414535,5619768.430092101,21,1.619047619047619,0.24733583351563038,0.061175014540871625,0.40907431657262466,0.9512103980818679,INTERMITENTE,False,False
792,4,38.3615374771876,33781476.79471122,34,1.0,0.29748078123017424,0.08849481520131479,0.21435430924786775,0.8246368475732014,SUAVE,True,True
793,4,59.709195236156646,24688291.74323529,34,1.0,0.17028335701878558,0.028996421677587193,0.1240749605239592,0.4504785050225186,SUAVE,True,True
794,4,32.192852895040765,2089123.961556363,34,1.0,0.4082315950503008,0.16665303519731278,0.2510952643717172,-0.06608677933051449,SUAVE,True,True
796,4,60.464289662664775,13586751.555799998,30,1.1333333333333333,0.5716269993452484,0.32675742638045263,0.3601000713204366,0.6169762684986693,SUAVE,True,True
798,4,82.79295540747738,6119592.4511,4,8.5,0.8003809608328388,0.6406096824636983,,0.5626763048637278,CON PICOS,False,False
799,4,346.7311204843294,4696299.6614,4,8.5,0.24852088697471214,0.06176263126269765,2.095183959364597,0.5324329758901521,INTERMITENTE,True,False
805,4,111.14440667717312,4900821.474016475,5,6.8,0.5550024082165916,0.3080276731262162,2.290502476289708,0.7703853618598869,INTERMITENTE,False,False
806,3,22.88323606990014,1432594.0102027848,2,17.0,0.9285466157176068,0.8621988175606209,,0.9993134221034893,CON PICOS,False,False
812,4,60.32322858450175,147656.786,2,17.0,0.8070128970477374,0.651269816001382,,0.0715167055308784,CON PICOS,False,False
815,1,56.57863300728493,4740893.395579425,21,1.619047619047619,0.22620601785246156,0.051169162512668155,0.4039185356012265,0.9783143509476148,INTERMITENTE,False,False
816,4,66.41401956224594,22973011.835539427,28,1.2142857142857142,0.7325959142117261,0.5366967735197148,0.6123997297576464,0.5017344707146573,ERRATICO,True,True
817,4,128.5349342563203,29009848.7996,19,1.7894736842105263,0.9766940654054244,0.9539312973981754,1.243502651985432,0.5567498118373749,CON PICOS,True,False
818,4,389.6363196266074,54133042.77471733,20,1.7,0.5891574163705846,0.3471064612644624,1.140267629787984,0.731451201200228,INTERMITENTE,True,False
819,4,34.6314920597432,9182151.5543,29,1.1724137931034482,1.1043331435133814,1.2195516918621467,0.8309795415125298,0.5768139008488683,ERRATICO,True,True
823,4,62.33007825021251,1530328.7045000002,2,17.0,0.22323084808207402,0.04983201153544201,,0.4189921758894566,INTERMITENTE,False,False
824,4,49.82596838278197,15552932.381700004,32,1.0625,0.6989533056823345,0.48853572352426294,0.6409298740535342,0.42873258713132734,SUAVE,True,True
828,4,53.34650445280737,90619240.33206992,34,1.0,0.3264932214094578,0.10659782362632524,0.2609901662800788,0.5103014556393478,SUAVE,True,True
829,4,26.271428718191537,4008667.459822631,34,1.0,0.15375193454789648,0.023639657377220645,0.14322771800850048,0.4977751467484403,SUAVE,True,True
833,4,49.359516480675325,2281309.9789878074,9,3.7777777777777777,0.6765379246547487,0.45770356349615443,,0.7580204874453883,INTERMITENTE,False,False
837,3,34.37994077144864,4507807.0709087085,9,3.7777777777777777,0.38975641148037465,0.15191006029005913,,0.9606376690158643,INTERMITENTE,False,False
839,4,46.636185944648254,33514679.034342833,34,1.0,0.2875074031419072,0.08266050686140315,0.2351038492269096,0.5647981533678041,SUAVE,True,True
840,4,30.694250934780023,76915449.60605146,34,1.0,0.148290223056896,0.021989990254263965,0.12000266953461133,0.130427620589199,SUAVE,True,True
843,3,68.29329974927644,5586915.72909989,34,1.0,0.31423643513866323,0.0987445371686553,0.2770324543741135,0.6292645664257757,SUAVE,True,True
844,4,32.19846992450486,15362496.298169954,34,1.0,0.2878855381750956,0.08287808309036443,0.2783075753262924,0.7150483912488499,SUAVE,True,True
846,4,21.554867188075264,13715533.568515101,34,1.0,0.5210365872816894,0.2714791252861496,0.2923809803671455,0.41867070968862974,SUAVE,True,True
847,1,165.9360376939895,1375543.3780680955,0,,,,,0.0,SIN DATOS,False,False
852,4,37.69764095851725,1116864.6158903043,7,4.857142857142857,0.2898759598590871,0.08402807210422707,,0.9615958582610953,INTERMITENTE,False,False
865,4,43.4064511937264,4451725.266428969,14,2.4285714285714284,0.5256964778342691,0.2763567868073562,0.42655244194717257,0.9470152286867054,INTERMITENTE,True,False
872,4,108.80421029348535,437796.589,2,17.0,0.8942371730969096,0.7996601217483523,3.3166247903554,0.022750229221612454,CON PICOS,False,False
873,1,31.32012231429388,3172847.093701541,34,1.0,0.18937481802272121,0.035862821701138775,0.1432506989567507,0.6717825941241858,SUAVE,True,True
883,3,56.4296919872272,27375228.042238727,21,1.619047619047619,0.3287363890380837,0.10806761347779834,0.4556947887656981,0.9818142229739485,INTERMITENTE,False,False
889,1,37.15853575522656,668483.5445779561,0,,,,,0.0,SIN DATOS,False,False
890,1,324.7298949018298,3733377.3868,2,17.0,0.30587778453732345,0.09356121907346127,3.3166247903554,0.3800874865078657,INTERMITENTE,False,False
891,3,34.092124051293894,1243094.9827,14,2.4285714285714284,0.7997907109008704,0.6396651812433196,1.1865480770650265,0.48135490952519744,CON PICOS,False,False
892,4,28.140566820039417,6185842.795446642,25,1.36,0.3909163724522774,0.15281561025124765,0.28146147401344274,0.9339482682306314,INTERMITENTE,True,False
893,1,26.019477964227796,1951632.055482089,34,1.0,0.16687100862640117,0.02784593351999245,0.15031793334747173,0.5859367890188942,SUAVE,True,True
897,4,54.13217450989002,76664967.6824,34,1.0,0.682495289824555,0.4657998206327033,0.6245887182230362,0.6521471617556598,SUAVE,True,True
901,4,14.630359563393734,207732.23263635422,0,,,,,0.0,SIN DATOS,False,False
904,4,103.31838695637003,37686803.303340495,33,1.0303030303030303,0.5135288557447923,0.26371188568255577,0.2527310535962056,0.7090549203758042,SUAVE,True,True
910,4,98.0182051616813,18060914.85801962,33,1.0303030303030303,0.4119915770691405,0.16973705957591756,0.32273880998849874,0.1711027406408251,SUAVE,True,True
911,4,8.186966263039675,4668476.368199999,34,1.0,0.3786073167942813,0.14334350033016527,0.19998056348164372,0.8174310339783734,SUAVE,True,True
912,4,77.38925510538759,1474718.0369,0,,,,,0.0,SIN DATOS,False,False
918,4,89.64062502483867,36383551.12617532,33,1.0303030303030303,0.6252907327718991,0.3909885004904185,0.28936893503087463,0.786999123867709,SUAVE,True,True
919,3,56.41841077830315,2485621.974370947,28,1.2142857142857142,0.3566416506542515,0.1271932669813892,0.33899579756715104,0.8968215517544837,SUAVE,True,True
928,3,26.37787728677064,2204447.7401496302,34,1.0,0.2358870850082819,0.05564271687370441,0.14222024661853538,0.8041487632290923,SUAVE,True,True
929,1,33.50074336271411,5287231.370700002,33,1.0303030303030303,0.2281197899031274,0.052038638545446984,0.11357824281516027,0.6874156791253151,SUAVE,True,True
930,3,32.88423438643479,1949520.7896897793,34,1.0,0.26141792541516945,0.0683393317283711,0.17286509879695902,0.8397635218591311,SUAVE,True,True
933,4,41.5117798577679,3550874.0616646158,23,1.4782608695652173,0.46408325146919754,0.21537326429422243,0.30024814782959136,0.875642280398398,INTERMITENTE,False,False
935,4,50.48564808763068,31120716.088857442,34,1.0,0.267788259065117,0.07171055169312622,0.24843279599283374,0.7276848670487266,SUAVE,True,True
936,3,40.01319234564922,3129538.208444864,34,1.0,0.2171133626256838,0.047138212230631665,0.1227832152118545,0.6498442481304125,SUAVE,True,True
937,3,48.84254889260471,6954849.763527374,34,1.0,0.14658808797622946,0.021488067536526788,0.0974021288596447,0.4841614764197629,SUAVE,True,True
938,3,33.95299764467539,2111446.2690186515,34,1.0,0.19120020485386652,0.03655751833616052,0.12863277343221446,0.685394293175204,SUAVE,True,True
939,4,67.434526821683,16655136.556866761,25,1.36,0.5665372416460441,0.3209644461719082,0.7242929114055159,0.6411165169171754,INTERMITENTE,True,False
940,4,316.8810950147633,55598454.9149,8,4.25,0.7448470042862263,0.5547970597941656,1.6977448790874112,0.6233854312351043,CON PICOS,False,False
941,2,16.514832419389673,1063904.6616626892,19,1.7894736842105263,0.30715551666606355,0.09434451141839645,0.7909368514676336,0.8783135853081924,INTERMITENTE,True,False
943,4,71.99523852465553,3398672.7454619464,13,2.6153846153846154,0.7064202390006872,0.499029554069788,1.147151255469139,0.7952728942998749,CON PICOS,True,False
944,4,70.57439407645813,79603588.89640002,34,1.0,0.462446703423962,0.21385695350768985,0.32824046245472205,0.5043073996318758,SUAVE,True,True
945,4,237.97177628768955,13480606.145402934,30,1.1333333333333333,0.7858249598995958,0.6175208676012013,0.6304843520537633,0.8071038327506063,ERRATICO,True,True
947,4,21.48826126473688,1579061.6557999998,22,1.5454545454545454,0.43162771985779813,0.18630248854964188,0.7368144810469552,0.8708361748300826,INTERMITENTE,True,False
948,4,68.56851142513516,14069967.813949294,14,2.4285714285714284,0.4159643209830166,0.17302631633086207,1.2544069106094704,0.643198258745235,INTERMITENTE,True,False
951,1,9.552658914202029,1221875.1567000002,34,1.0,0.39892983038947477,0.1591450095745751,0.1528432341696274,0.8946832081402993,SUAVE,True,True
953,4,52.1583631939376,1754443.039,6,5.666666666666667,0.5073575085376447,0.2574116414695262,1.230781574016711,0.6594983241168884,INTERMITENTE,False,False
956,4,279.54911051191186,22466886.77835449,29,1.1724137931034482,0.3137168150256774,0.09841824002985508,0.2561403395350824,0.9202514568127614,SUAVE,True,True
959,3,81.00666145873063,3623701.769564752,3,11.333333333333334,0.396692073701151,0.15736460133731942,,0.905929390005602,INTERMITENTE,False,False
961,4,100.04531839596116,20781031.36409278,5,6.8,0.5626640784000488,0.3165908651217763,,0.5849843528450853,INTERMITENTE,False,False
965,4,189.18613682117763,56136290.50176857,34,1.0,0.29671299949396746,0.08803860406870713,0.24688810773623562,0.20073922296741062,SUAVE,True,True
967,4,316.2167221450036,11995516.921875194,9,3.7777777777777777,0.4583786852830617,0.2101110191218281,,0.8029213334670681,INTERMITENTE,False,False
968,4,111.05402591353167,724774.1104,3,11.333333333333334,1.2373776476001843,1.5311034427805659,3.3166247903554,0.032497723838487584,CON PICOS,True,False
972,1,11.8114815444092,9576946.96040803,34,1.0,0.2813389929373869,0.07915162894702303,0.11279441935796364,0.8582434622241666,SUAVE,True,True
980,4,70.6167097017158,4524704.2376,5,6.8,0.3496089964553216,0.12222645040249708,,0.9502570384449884,INTERMITENTE,False,False
982,4,262.1285408727334,41698013.758196995,26,1.3076923076923077,0.26488242094254916,0.0701626969243858,0.356074456644627,0.9000159855287456,SUAVE,True,True
983,3,194.7502768737629,8287282.5369144445,34,1.0,0.2034022284839838,0.04137246655225075,0.17619020890958664,0.5096269500433972,SUAVE,True,True
984,3,33.639655508150604,3010607.8814263456,30,1.1333333333333333,0.7412109915752647,0.5493937340319871,0.7182901931356248,0.11502390314359923,ERRATICO,True,True
985,4,172.73492957064786,70528105.30836874,34,1.0,0.47651219946240775,0.22706387623650146,0.2004400425656127,0.7612461410005339,SUAVE,True,True
988,4,118.34667023520504,9317724.480426475,34,1.0,0.5362625994751208,0.2875775755958138,0.24785625215681956,0.023998340366673313,SUAVE,True,True
989,4,101.17512588803652,7740632.6736,9,3.7777777777777777,0.6501178170285647,0.4226531760179864,2.9714492007006443,0.3318338158932928,INTERMITENTE,True,False
993,4,40.861169252044085,1163016.7504000003,12,2.8333333333333335,0.7264517934555808,0.5277322082148298,1.6687153853959458,0.40286400971340236,CON PICOS,True,False
1000,4,34.8757361992524,492346.69680000003,0,,,,,0.0,SIN DATOS,False,False
1008,3,98.59616436441604,5820537.798628661,34,1.0,0.13923216388751958,0.01938559546080111,0.12725540535783098,0.33294905919421003,SUAVE,True,True
1009,4,41.90258343312065,5093102.719659609,34,1.0,0.13236964977838664,0.017521724182452732,0.07558193561511355,0.49011192534244624,SUAVE,True,True
1013,4,54.99253570826574,9348881.200027658,34,1.0,0.8227029106898677,0.6768400792575804,0.811126759200767,0.26566668224437034,ERRATICO,True,True
1014,4,39.22099604931122,2231602.5085730776,16,2.125,0.4159963580358263,0.17305296989907137,1.157231131885429,0.8337802301461483,INTERMITENTE,False,False
1015,1,20.675392264773382,923347.5120005807,27,1.2592592592592593,0.2290021749731798,0.05244199614244685,0.244195741142883,0.9421058177186417,SUAVE,True,True
1017,4,199.3098561706063,5611684.600199999,5,6.8,0.8019497624658674,0.6431234215190611,,0.5712072475465494,CON PICOS,False,False
1019,4,29.659001250724284,6982061.371824519,34,1.0,0.3367799073699554,0.11342070600811573,0.23056550825887573,-0.004417023223503152,SUAVE,True,True
1027,3,19.116032234450174,2464650.2989818286,34,1.0,0.31770617331792517,0.1009372125643195,0.16555056789610506,0.8320890197180922,SUAVE,True,True
1032,4,179.6549125577682,19197110.119169224,20,1.7,0.5376437326779043,0.28906078328782986,0.5556832775783409,0.511376216209097,INTERMITENTE,False,False
1035,4,23.930114353492694,640726.1795021881,8,4.25,0.6842595340894914,0.4682111099923678,,0.9214597717640733,INTERMITENTE,False,False
1036,4,65.11592660031879,1145069.4297000002,0,,,,,0.0,SIN DATOS,False,False
1039,4,33.03570628557784,4163579.920292471,34,1.0,0.38691928157139877,0.14970653045172735,0.33133354727418546,0.17809274110650306,SUAVE,True,True
1042,4,21.815456125786785,528204.5499000001,13,2.6153846153846154,1.0567164620950225,1.116649681262621,1.2270538282461005,0.4037874098704696,CON PICOS,True,False
1044,4,22.22519806244751,902529.2884951324,8,4.25,0.5972033321410812,0.35665181992041056,,0.8929761012129251,INTERMITENTE,False,False
1046,1,31.79533137890126,27873.0593,2,17.0,0.5752563077146805,0.3309198195655272,,0.21564281082459474,INTERMITENTE,False,False
1048,4,52.465686697384406,8299252.1215,30,1.1333333333333333,0.5332736362086291,0.2843807710751733,0.5626463229946579,0.5827040384171512,SUAVE,True,True
1049,4,40.22959963087955,5568400.952300002,15,2.2666666666666666,0.5235977765144763,0.2741546315709034,1.2957179596946005,0.6655864957919533,INTERMITENTE,True,False
1050,4,40.6206004892648,2086320.7548192027,34,1.0,0.2527758154396542,0.06389561287118213,0.055396587734038556,0.8842173045577032,SUAVE,True,True
1051,4,71.53157582404494,6385758.25317504,16,2.125,0.39891125088884005,0.1591301860856991,1.0387298665881668,0.938960094088146,INTERMITENTE,False,False
1052,4,71.71442518711173,4089941.797124911,17,2.0,0.5567892551536253,0.31001427465452885,0.9781550538508333,0.9765428729696769,INTERMITENTE,False,False
1053,1,273.56888643973184,2475675.3162806756,9,3.7777777777777777,0.30794613299761936,0.09483082082818747,,0.8419026740021156,INTERMITENTE,False,False
1054,4,49.07160940679224,15294887.03153651,34,1.0,0.5349586973508467,0.2861808078713148,0.4543410091682184,0.7011976670984371,SUAVE,True,True
1064,4,141.9123054032865,4516238.494,2,17.0,0.23612435355221967,0.05575471034045363,,0.8461598137326806,INTERMITENTE,False,False
1072,4,73.00924548702449,3853901.8068083627,20,1.7,0.35834643959121865,0.12841217076770292,0.5488488148916675,0.7266727885034994,INTERMITENTE,False,False
1073,4,20.457074490074376,2384428.3238672717,34,1.0,0.3020721785515938,0.09124760105490597,0.3126706477516378,0.7800574743873245,SUAVE,True,True
1074,4,64.71697282592524,185283525.05926442,34,1.0,0.35062821304326736,0.12294014378191488,0.24178695216533072,0.34956897043438495,SUAVE,True,True
1075,4,15.654548615950825,4836152.815924296,34,1.0,0.3117692125209542,0.0972000418759359,0.1555203441581059,0.31452635634220405,SUAVE,True,True
1076,4,147.2963703515466,55492726.21305497,32,1.0625,0.6990228644309348,0.48863296499722897,0.5606176557109434,0.15587590204561314,SUAVE,True,True
1078,4,45.592718692464274,18063259.309917256,34,1.0,0.23219442162944837,0.05391424943583404,0.23001375861357656,0.6364779763847486,SUAVE,True,True
1079,4,49.93867234044968,7189898.37720041,34,1.0,0.2676560572213945,0.07163976496730241,0.2610706076586555,0.5907237041760016,SUAVE,True,True
1081,3,22.29518727831421,1278609.8165502602,34,1.0,0.25995903773837176,0.0675787013018602,0.20449199703490628,0.7822583507178551,SUAVE,True,True
1084,4,6.540348760284202,878794.419,14,2.4285714285714284,0.33302600792774373,0.11090632195628963,0.29165857155092606,0.9565185486656083,INTERMITENTE,True,False
1086,3,4.545833503771708,16171375.017651815,34,1.0,0.2730151418334342,0.07453726767033021,0.1456581948587449,0.8955583182895521,SUAVE,True,True
1091,4,19.44999683099692,10132890.523040282,34,1.0,0.3131525016875747,0.09806448931318647,0.25520311072986906,0.023269687877497062,SUAVE,True,True
1099,4,36.31440750411872,1881454.8999495164,26,1.3076923076923077,0.20449945643198458,0.04182002768097716,0.2076491946130025,0.9469318312176548,SUAVE,True,True
1101,3,28.857502353331228,1080108.6098829287,23,1.4782608695652173,0.32515791052465354,0.1057276667767586,0.3758920198087587,0.9338877251855916,INTERMITENTE,False,False
1102,4,42.90928957594125,3393309.099862114,34,1.0,0.43203900299744097,0.1866577001110228,0.2612920069291187,0.473848882368969,SUAVE,True,True
1103,4,98.70502721312448,3728623.8590872064,23,1.4782608695652173,0.3020693993221332,0.09124592200683439,0.24428349301698501,0.9090159152426979,INTERMITENTE,False,False
1105,4,100.58032959747986,23367556.40849258,34,1.0,0.3918589327290303,0.15355342315953469,0.3225567277976284,0.7685087768799294,SUAVE,True,True
1107,3,8.78928231266619,1680950.1544045857,21,1.619047619047619,0.17560037032773068,0.030835490059236158,0.3754188150989255,0.9481817290113393,INTERMITENTE,False,False
1108,4,43.2444589884832,4486962.900172938,16,2.125,0.7033856896289499,0.4947514283747934,1.5012722459882148,0.7902615570758557,CON PICOS,False,False
1110,3,149.47910204857547,1583245.2791229992,3,11.333333333333334,0.05772232377402817,0.0033318666618737374,2.4278095938494944,0.25598982135006704,INTERMITENTE,True,False
1111,4,64.16269414586156,14898852.197000002,19,1.7894736842105263,0.7788672507097906,0.6066341942282277,0.9955706222987296,0.7916383934770123,CON PICOS,True,False
1112,4,9.777220326625647,37969080.141497076,34,1.0,0.2306617921576641,0.053204862361385434,0.11880694479753583,0.8454589190775983,SUAVE,True,True
1118,4,66.40011125390905,1801027.3216354533,4,8.5,0.30163630495069915,0.09098446046431118,,0.858348864642993,INTERMITENTE,False,False
1121,4,34.091889239722285,6692751.96344722,34,1.0,0.14429727662404146,0.020821704041115142,0.14231862872331358,0.5628078757104975,SUAVE,True,True
1124,3,45.17760638234694,3109423.754091623,29,1.1724137931034482,0.24089741530293937,0.05803156469963685,0.3618502347474535,0.8664706552968422,SUAVE,True,True
1126,4,8.313756753501517,1413652.2430000002,2,17.0,0.7424911276783591,0.5512930746810814,,0.9891680117799572,CON PICOS,False,False
1127,4,132.0243193203392,14168626.828359153,8,4.25,0.8564853776982994,0.7335672022109985,2.090325885633387,0.2733222478825062,CON PICOS,True,False
1130,4,119.56755175558123,14110471.67993312,19,1.7894736842105263,0.5872265802314758,0.34483505653035385,0.7712058759610368,0.7259531557766749,INTERMITENTE,False,False
1131,4,61.26401817657743,68443321.17718309,34,1.0,0.14604711027154318,0.021329758418668295,0.1132852481169786,0.558253529318578,SUAVE,True,True
1134,1,41.1371897740578,3875472.942829324,34,1.0,0.2663928206427683,0.07096513489001013,0.15367905826988462,0.7590921871541277,SUAVE,True,True
1135,4,22.26270039842524,6432082.4066,11,3.090909090909091,1.6109071744751533,2.595021924775522,3.0869026046053927,-0.03397267148058047,CON PICOS,True,False
1140,4,25.075455856164854,54621699.241211556,34,1.0,0.33226026602658526,0.11039688438005721,0.35972197615965523,0.6250879605336863,SUAVE,True,True
1141,1,27.67726040789524,1692389.4685670887,34,1.0,0.22114456448804015,0.04890491840260495,0.09589584771270046,0.7938851208451168,SUAVE,True,True
1146,4,39.19135486266785,6054659.8714999985,15,2.2666666666666666,0.3943078762529908,0.1554787012751439,1.2488633606288142,0.7673186143915616,INTERMITENTE,True,False
1152,3,42.70715767417389,2505855.7157510314,34,1.0,0.3285972682677041,0.10797616471299748,0.12048239020898589,0.6746778131929931,SUAVE,True,True
1154,4,41.253864830939406,2541288.403300961,34,1.0,0.22534742368789515,0.05078146136277173,0.05733596033314879,0.8864176480623454,SUAVE,True,True
1156,4,84.55620764471097,13824495.184258033,34,1.0,0.375982358506884,0.14136273390839904,0.2733359221494759,0.7196851609242616,SUAVE,True,True
1157,3,19.40289981988615,1036637.7585320665,34,1.0,0.22811344373141268,0.052035743211004376,0.10557360886987707,0.8070918410015848,SUAVE,True,True
1158,4,24.597004327275705,3548063.7608000003,34,1.0,0.26832817204158427,0.07200000791117804,0.19747906996457557,0.5402469172795776,SUAVE,True,True
1161,4,63.92862819066331,23111206.606105078,34,1.0,0.30548137202343684,0.09331886865332142,0.20079739524149212,0.49253864953819226,SUAVE,True,True
1162,4,58.6096611347541,5998567.5315011395,34,1.0,0.2720921863792833,0.07403415788865864,0.17558691732466533,0.6751013575357988,SUAVE,True,True
1164,4,77.12416770409656,5621604.492443586,30,1.1333333333333333,0.5991581941141011,0.35899054157407084,0.528700240524745,0.8387635670711422,SUAVE,True,True
1169,4,50.87241416167023,6349839.284728243,34,1.0,0.15928841585126013,0.025372799424403982,0.1066357661942375,0.45609116009851997,SUAVE,True,True
1171,4,11.710852889108647,8370871.153048892,24,1.4166666666666667,0.6412733642335352,0.4112315276753963,0.24668215125634746,0.9504813354284243,INTERMITENTE,True,False
1172,3,25.426311797114643,4604192.726274749,34,1.0,0.29426867536017626,0.0865940532982328,0.12518131227693446,0.8433946798654138,SUAVE,True,True
1173,3,63.34855554581616,2847269.245446697,29,1.1724137931034482,0.2854588265978227,0.08148674168260579,0.3846182509202346,0.8595358684695918,SUAVE,True,True
1176,4,15.86472484379959,1310956.153907629,2,17.0,0.6586493083807974,0.4338189114305027,,0.9792342202233254,INTERMITENTE,False,False
1180,4,33.19924256936637,11845477.133037746,34,1.0,0.20298694054507874,0.04120369803185133,0.14883185594995524,0.2135302663049226,SUAVE,True,True
1184,4,219.88231404910897,14057630.440590939,26,1.3076923076923077,0.3715087303968919,0.1380187367611105,0.42135409631531845,0.9084865314536132,SUAVE,True,True
1185,4,165.50422029379868,17841876.285965424,34,1.0,0.4108240137005276,0.1687763702330113,0.23282050389459868,0.7816756277486426,SUAVE,True,True
1186,4,38.47436218082839,486722.2272303005,7,4.857142857142857,0.9130098541679714,0.8335869938078204,2.303224980458126,0.4372361398201777,CON PICOS,True,False
1188,4,102.19355934420985,30020676.35427718,13,2.6153846153846154,0.5489141018529898,0.3013066912130745,1.9484968556233973,0.6904228289689901,INTERMITENTE,False,False
1190,4,63.94955541416819,146746.3238,1,,,,,0.0,SIN DATOS,True,False
1194,4,9.762096533982248,5539955.810938987,34,1.0,0.1441059068207787,0.020766512380638952,0.10931871028851099,0.6240486749962604,SUAVE,True,True
1196,4,83.91783641851569,7524573.363589173,33,1.0303030303030303,0.7261652608657162,0.5273159860881736,0.4066407387886909,0.529763727731656,ERRATICO,True,True
1201,4,44.97673509311163,10826950.793443747,34,1.0,0.5074569665087618,0.2575125728582746,0.43411679306235434,0.4163894202625846,SUAVE,True,True
1202,1,44.49164708338757,1870880.8785199805,27,1.2592592592592593,0.2121938449513793,0.045026227835249996,0.2525029410822327,0.9291735962197175,SUAVE,True,True
1204,4,457.9120635038012,26627398.748800006,7,4.857142857142857,0.6966932077888849,0.4853814257791663,3.3166247903554,0.7263158702945468,INTERMITENTE,True,False
1214,4,39.38238170944906,21026246.89966996,34,1.0,0.6728734723664039,0.45275870981442173,0.2062875018567396,0.3474668502897085,SUAVE,True,True
1219,4,260.95836470957204,43179316.63206687,34,1.0,0.5676510709447721,0.32222773834474666,0.4466205993016894,0.4847338826079119,SUAVE,True,True
1220,4,89.1688472494437,2918084.4104,17,2.0,0.3718261504282596,0.13825468614229874,1.0142900960522825,0.9586315480012415,INTERMITENTE,False,False
1223,4,43.313719498763696,4744522.029001301,33,1.0303030303030303,0.3641517330318764,0.13260648467011898,0.2383080600044453,0.9073442810227785,SUAVE,True,True
1227,3,50.64148935221997,4798512.547729181,34,1.0,0.34612991063914433,0.11980591503906204,0.22350767097696111,0.8076825797713887,SUAVE,True,True
1228,1,84.03382365531832,4065434.5394,1,,,,,0.0,SIN DATOS,False,False
1232,4,51.62803978978224,147182314.9936784,30,1.1333333333333333,0.4290148941223418,0.18405377937880413,0.5889195600159359,0.4986635868030228,SUAVE,True,True
1240,4,47.15660511991176,4621831.600085934,34,1.0,0.28174258326513907,0.07937888322491382,0.13650519245056925,0.8220835402825655,SUAVE,True,True
1248,1,8.345207717846556,4355342.794568591,21,1.619047619047619,0.27478068368401376,0.07550442412585402,0.4288989541212805,0.9753151884240256,INTERMITENTE,False,False
1250,4,37.475995268444045,33046794.331975676,34,1.0,0.2750590232241114,0.07565746625700226,0.2227931676409968,0.5070377637929759,SUAVE,True,True
1253,4,64.5505623556919,55022102.79805232,33,1.0303030303030303,0.41281429681690435,0.1704156436564352,0.29901732094824446,0.8729847451579125,SUAVE,True,True
1256,3,55.37387429418175,437966.36899999995,2,17.0,0.783827478855738,0.6143855166093424,,0.08508362018720692,CON PICOS,False,False
1257,4,284.84701960312634,7818586.387463865,6,5.666666666666667,0.39263231699462414,0.154160136348567,,0.8286702311558417,INTERMITENTE,False,False
1259,3,50.61466902006438,2138802.3044731817,26,1.3076923076923077,0.26584017180985614,0.07067099694789383,0.24915605641242386,0.8936780416625634,SUAVE,True,True
1260,4,6.920571552989057,278796.40150932816,0,,,,,0.0,SIN DATOS,False,False
1261,1,197.8912914984737,176976.1609,1,,,,,-0.031250000000000014,SIN DATOS,False,False
1262,3,47.85798853776463,4858021.822858688,34,1.0,0.15468560932827244,0.023927637733258924,0.0898264303742223,0.5059526051143841,SUAVE,True,True
1270,3,20.941683256668316,7087988.919021543,34,1.0,0.13660177330999776,0.018660044471436016,0.09184071619143239,0.662484339156175,SUAVE,True,True
1271,3,32.45504708437269,207133.30329999997,2,17.0,0.1450512052345914,0.021039852140007552,,0.7945859028126574,INTERMITENTE,False,False
1272,3,48.79809005641154,2069939.8311342907,26,1.3076923076923077,0.277910412750552,0.07723419751518218,0.30601735541520336,0.84135763715425,SUAVE,True,True
1273,4,29.395009479527967,7599670.522400001,8,4.25,0.5884694426248995,0.3462962849032599,,0.5870916038337325,INTERMITENTE,False,False
1275,4,25.39190266224985,741150.7890999998,32,1.0625,0.8624447902623706,0.7438110162507044,0.9339856470278226,0.7615985720402112,ERRATICO,True,True
1276,4,20.470157246806355,1070634.0536523426,34,1.0,0.31592802130803893,0.0998105146476127,0.04801958562397819,0.8910367559450043,SUAVE,True,True
1278,4,60.93109451502944,35331406.366422795,22,1.5454545454545454,0.5332214643207697,0.28432513001238585,0.49364613593927326,0.6309577050938037,INTERMITENTE,True,False
1279,4,37.82699450287075,250549995.25927344,34,1.0,0.1689190526832814,0.028533646359417193,0.14263539144979578,0.26670892106966093,SUAVE,True,True
1280,4,44.9939675669611,89348588.40244305,34,1.0,0.4416991504706218,0.195098139526469,0.4337630228975792,0.635557677822287,SUAVE,True,True
1281,4,37.98884106567093,3756139.0626,33,1.0303030303030303,0.6184824763569804,0.3825205735606628,0.506988435849426,0.5759037507947062,SUAVE,True,True
1286,4,23.84432654658209,1051598.703499415,6,5.666666666666667,0.3537139076702807,0.12511352847937987,,0.8934445692874677,INTERMITENTE,False,False
1288,1,25.114090806052427,485454.62185826915,17,2.0,0.4092626876137184,0.16749594747280408,0.9993230239905183,0.8413286963006518,INTERMITENTE,False,False
1291,4,88.0832118566519,43087943.9677,21,1.619047619047619,0.7918218233768787,0.6269817999758849,0.7869139913293133,0.6904298100191387,CON PICOS,True,False
1292,4,67.0702393455742,17195681.917481825,32,1.0625,1.1513323403468758,1.3255661579286142,0.9554801995765367,0.6141206662300783,ERRATICO,True,True
1301,3,46.408082500049794,17449841.378094,34,1.0,0.3354088124064878,0.11249907143993051,0.19968767523669192,0.9508771855681174,SUAVE,True,True
1302,3,8.464321265657226,1619406.3024545887,34,1.0,0.4664099789790854,0.21753826849127092,0.16833010588268554,0.9252461189796258,SUAVE,True,True
1308,4,16.42918847746982,146238.99960000004,4,8.5,0.41294656659324624,0.17052486686115034,2.251748949824094,0.28678514556122864,INTERMITENTE,False,False
1309,4,18.32389122414049,3716680.300242652,28,1.2142857142857142,0.222752236848898,0.04961855902118755,0.4511652049287384,0.8023843103864238,SUAVE,True,True
1311,4,36.041770830283866,5632673.901797382,34,1.0,0.35073231833991664,0.12301315912809263,0.19243604089757627,0.5284681560006745,SUAVE,True,True
1312,4,45.540903655919024,1200850.327550503,5,6.8,0.13270158698848267,0.017609711189261832,,0.8508888235044194,INTERMITENTE,False,False
1314,4,236.2324833991024,19874309.698111508,4,8.5,0.15240347124322579,0.02322681804698475,,0.7927759859485835,INTERMITENTE,False,False
1317,3,264.9319464550078,7036518.3169,2,17.0,0.5401125222275126,0.2917215366669653,2.5981395689996707,0.23842862572051327,INTERMITENTE,False,False
1318,4,69.13882991684932,22071051.08808427,16,2.125,0.9372776876903588,0.8784894638421857,1.4028641946981317,0.2649773893222227,CON PICOS,True,False
1321,3,86.91701548533044,1688446.4661374097,0,,,,,0.0,SIN DATOS,False,False
1322,4,37.39830226454493,3249740.80858156,17,2.0,1.0489691583679863,1.1003362952072415,1.07875553928693,0.22992092970789166,CON PICOS,True,False
1328,4,30.99933485732042,46029695.2957486,30,1.1333333333333333,0.3392762138304563,0.1151083492711295,0.531503439923139,0.6868660365234854,SUAVE,True,True
1330,3,46.55772234580139,7529630.519120505,21,1.619047619047619,0.23655070459379315,0.05595623584381999,0.4281239326348395,0.9351218162838263,INTERMITENTE,False,False
1332,4,95.74066333452976,19508111.816603985,28,1.2142857142857142,0.3511418485330276,0.1233005977911917,0.31293780495267076,0.9675237744258692,SUAVE,True,True
1334,4,50.73379302315476,3997881.7414245023,5,6.8,1.0364233106264462,1.074173278809883,2.9733732209904127,-0.0045617406052850355,CON PICOS,True,False
1335,4,67.35134705027583,7438528.600649198,23,1.4782608695652173,0.39929137095246686,0.1594335989171005,0.18616472038334056,0.7733829811629982,INTERMITENTE,False,False
1336,3,27.10154033309445,7326225.516636178,34,1.0,0.29592610982965967,0.0875722624789158,0.17130049867400898,0.879573687464921,SUAVE,True,True
1337,4,12.742608140116298,1355008.3007,34,1.0,0.687825344920282,0.47310370511470495,0.3876837199511143,0.8523956353468771,SUAVE,True,True
1338,1,4.0759694739564365,3992445.1966124573,34,1.0,0.20578161853369487,0.04234607452634711,0.11985556253326911,0.8688146378221938,SUAVE,True,True
1341,1,30.80129055020887,2038476.8426002709,19,1.7894736842105263,0.21937481379505067,0.04812530892761315,0.6231167592639221,0.9228556662000624,INTERMITENTE,False,False
1346,4,41.55864024560539,24766043.390668444,31,1.096774193548387,0.6501428955199499,0.42268578459506445,0.6726900655347553,0.21889244844743883,SUAVE,True,True
1347,4,294.6061909567283,11771058.119099999,34,1.0,2.400004682730652,5.760022477129057,2.583234692749143,0.05232505454021201,ERRATICO,True,True
1348,4,56.56266413533172,2767501.9901999994,12,2.8333333333333335,0.8476123694931762,0.7184467289178367,3.0116482146674968,0.6153516693763582,CON PICOS,False,False
1350,4,180.74336382495693,2869474.4143504635,7,4.857142857142857,0.8655426744052792,0.7491641212166432,2.340701790312647,0.41573300868374297,CON PICOS,False,False
1351,4,85.07651385167124,11107062.174088316,34,1.0,0.21646395502723056,0.0468566438260309,0.15794780874175202,0.20753016724290296,SUAVE,True,True
1352,4,107.09791120636908,14423432.611299995,15,2.2666666666666666,0.9000522082518582,0.8100939775790462,1.137651619481906,0.7825241897933731,CON PICOS,True,False
1353,4,237.32549037528608,13139910.241922121,19,1.7894736842105263,0.990191353098244,0.9804789157505314,1.9629797191147997,0.2877346694946109,CON PICOS,False,False
1355,4,20.141839086416503,3423186.925766394,34,1.0,0.22619543708127993,0.05116437575639127,0.18328771934664778,0.46836614815750716,SUAVE,True,True
1356,3,26.52948131820249,2668308.436208675,28,1.2142857142857142,0.2527328387138143,0.06387388776434287,0.35257481494715487,0.8543183522698221,SUAVE,True,True
1357,4,75.19861826716595,753247.2635,4,8.5,0.9110908053157697,0.8300864555309377,,0.43521422752838873,CON PICOS,False,False
1358,3,165.8698177303953,33190633.462760974,34,1.0,0.203669144063461,0.041481120243542835,0.0852065917107891,0.8403263376617354,SUAVE,True,True
1361,3,61.26480305369704,71422.5074,0,,,,,0.0,SIN DATOS,False,False
1363,3,9.754758795738466,4831395.562453711,34,1.0,0.2728008457463081,0.07442030143990097,0.13054186703666867,0.9169648958994734,SUAVE,True,True
1365,3,35.27705957701184,11091412.677577863,20,1.7,0.3348612751053476,0.11213207356517928,0.6347803381968601,0.9821560704246557,INTERMITENTE,False,False
1371,4,71.87423109674904,7910365.75070769,34,1.0,0.22372659378606072,0.05005358876711302,0.11140934202351248,0.7449029227291014,SUAVE,True,True
1374,4,57.46531096786035,8733241.788826251,14,2.4285714285714284,0.5230652925425058,0.27359730026257717,1.2463144694015456,0.5017257241286147,INTERMITENTE,True,False
1376,4,135.34669473678346,4849282.58704632,20,1.7,0.8711700343848138,0.7589372288100377,1.2455698586395345,0.44328482874350705,CON PICOS,True,False
1381,3,13.146831487992152,1836677.0412834247,21,1.619047619047619,0.2844725248110206,0.08092461737235672,0.36516277808926556,0.9404638288119853,INTERMITENTE,False,False
1384,4,64.58348252853374,1693538.4331,0,,,,,0.0,SIN DATOS,False,False
1387,3,25.4905170443149,240191.7891,8,4.25,0.8891914784440754,0.7906614853375606,2.0320300363661867,0.2808838771154134,CON PICOS,True,False
1394,3,37.93091134452906,4354976.137945726,34,1.0,0.3925720087582352,0.1541127820604759,0.13713248398479694,0.627562338386569,SUAVE,True,True
1400,4,8.855388647114514,871389.0163000003,7,4.857142857142857,0.4760947317182447,0.22666619356986736,1.0501696681175183,0.9194616492339897,INTERMITENTE,True,False
1407,4,137.77407114484785,20890540.5004,33,1.0303030303030303,0.9563377755412085,0.9145819409271069,0.8770365055192604,0.2255178722952955,ERRATICO,True,True
1409,4,173.7769351411593,3371161.3245,4,8.5,0.6713062945485396,0.4506521411004906,1.8308348978816935,0.6120367131073797,INTERMITENTE,False,False
1411,4,46.169566792546114,31521854.81642274,32,1.0625,0.4297126291303795,0.18465294363414309,0.27898900340541316,0.25693461849824434,SUAVE,True,True
1412,4,64.55988651014722,106752290.18010235,34,1.0,0.39238161430368634,0.15396333124356687,0.3014243968852537,0.6441554874062055,SUAVE,True,True
1413,4,53.0094761324062,10638426.176863128,34,1.0,0.47755835039405686,0.2280619780310928,0.4165677770931417,0.6936480756357657,SUAVE,True,True
1419,1,25.519173141452384,2555641.582273502,30,1.1333333333333333,0.22680979032772433,0.051442680988506274,0.25756949205118873,0.950495302967169,SUAVE,True,True
1420,1,33.2993917190287,572120.5120577211,6,5.666666666666667,1.1590650521633226,1.3434317951463657,2.40228435220557,0.4500738473436493,CON PICOS,False,False
1421,1,175.3283737066125,1863244.4332037012,9,3.7777777777777777,0.26828036443263703,0.07197435394010854,,0.9057037365754462,INTERMITENTE,False,False
1424,4,72.52093496716593,471449.1705,0,,,,,0.0,SIN DATOS,False,False
1428,4,117.6434685826824,49028155.524508804,25,1.36,0.530784802423974,0.2817325064842571,0.507506176307643,0.669999936976384,INTERMITENTE,True,False
1429,4,23.792460657016395,4686315.798603368,34,1.0,0.29798278559484476,0.08879374051086322,0.29265743388277227,0.8378425410984967,SUAVE,True,True
1432,4,43.380107012282565,1177942.5582093804,5,6.8,0.07244339596051137,0.005248045618291435,,0.8949409307159079,INTERMITENTE,False,False
1433,4,54.44633770215084,999906.9919000003,6,5.666666666666667,0.6591167458427936,0.4344348846503937,2.2561872990665313,0.11521580880592106,INTERMITENTE,True,False
1436,4,180.68579762722013,98193436.53296416,34,1.0,0.5008256210087955,0.25082630265884565,0.32960629761021754,0.38951625208821916,SUAVE,True,True
1437,1,114.93374800584716,5881678.236662706,34,1.0,0.3360562213660618,0.11293378391883552,0.12843187019103022,0.886386255085516,SUAVE,True,True
1440,4,43.50261970409103,3333590.522007599,11,3.090909090909091,0.868324167086652,0.753986859146728,1.8241497654827274,0.4777442318700776,CON PICOS,True,False
1441,4,46.1449407688985,1112077.8447,8,4.25,1.4583359204375186,2.1267436568383444,2.9655233651298576,-0.012147340869079622,CON PICOS,True,False
1443,4,33.693335366102524,13357805.017629638,34,1.0,0.6484168322167572,0.4204443883020142,0.5159225710618126,0.22097360088574405,SUAVE,True,True
1448,4,35.31475008590102,3820146.9576272788,17,2.0,0.6451692246782695,0.41624332847195944,1.126254573298523,0.4667976604945057,INTERMITENTE,True,False
1449,4,18.599517711486893,1622414.9125179874,34,1.0,0.37590571183356086,0.1413051041890961,0.14739597625518114,0.07773019621843426,SUAVE,True,True
1450,4,67.16120414567341,4544835.6232,34,1.0,0.23735473342593652,0.05633726947969739,0.21979167182823375,0.6547824158498293,SUAVE,True,True
1453,4,210.5042196889677,11421674.779626803,27,1.2592592592592593,0.41588986799776884,0.17296438230320157,0.4752233731558619,0.6859948958416028,SUAVE,True,True
1455,4,3.815284297613167,16173249.729525825,34,1.0,0.1887440560377775,0.03562431868959169,0.10146348271718784,0.7891348076232828,SUAVE,True,True
1456,4,117.90669674885017,20704186.03103943,34,1.0,0.13248960592728748,0.01755349567876793,0.10564885418686511,0.5529442391232099,SUAVE,True,True
1459,4,50.216445237377656,6234886.39478412,34,1.0,0.22636044340018596,0.05123905033632879,0.22169289937881387,0.5889217043268747,SUAVE,True,True
1460,4,107.49493922864332,32432143.321961485,34,1.0,0.7525866479655944,0.5663866626960895,0.15760834035905127,0.5844281260816409,ERRATICO,True,True
1463,3,16.55043254495091,855887.5790906623,34,1.0,0.21272063808009375,0.04525006986520223,0.11702883534573695,0.721342841855002,SUAVE,True,True
1464,1,51.94542386917497,6684225.460824117,34,1.0,0.27083740788632765,0.07335290151058502,0.22499690173962736,0.7147760457679584,SUAVE,True,True
1467,4,61.043871373155405,21307337.664373912,34,1.0,0.27311875000254093,0.07459385160295046,0.16887877340964152,0.4439389060555206,SUAVE,True,True
1468,4,30.341215159566197,39609469.39108454,34,1.0,0.2898373555279613,0.08400569265944184,0.18447193841166873,0.7525665473987658,SUAVE,True,True
1469,4,41.78450803749256,11367065.505576,34,1.0,0.7739953047089521,0.5990687317115035,0.5971890295850242,0.4040718375468868,ERRATICO,True,True
1474,4,36.38015919977767,5322507.87752388,34,1.0,0.2708681412165614,0.07336954992611504,0.2304072949785149,0.6649861262016256,SUAVE,True,True
1477,3,41.08479445346652,23328948.348815005,34,1.0,0.3784618663429917,0.14323338427582052,0.24328071855727085,0.9181697172197826,SUAVE,True,True
1478,4,116.2795813489566,20185252.760156423,34,1.0,0.16021221353467602,0.025667953365680625,0.14685872644937267,0.5091387672586509,SUAVE,True,True
1479,4,12.739272522479402,1713929.240687307,34,1.0,0.1650110665468582,0.027228652082931667,0.13367403057281546,0.46224045517933193,SUAVE,True,True
1481,4,71.79568561556692,5145363.452089431,34,1.0,0.33188551192174165,0.11014799302355652,0.24522582720984348,0.7720060312447946,SUAVE,True,True
1486,4,38.2549262053723,5384172.374058331,23,1.4782608695652173,0.41765675950194775,0.17443716875766782,0.46084304610398574,0.9180641116401704,INTERMITENTE,False,False
1487,4,112.15655441112764,9198299.983181987,5,6.8,0.6192317576783121,0.3834479697173718,,0.6951731154460158,INTERMITENTE,False,False
1497,4,62.27080412261871,2580637.8731943066,0,,,,,0.0,SIN DATOS,False,False
1499,4,158.93231830694785,16274543.838099996,16,2.125,0.5408331287049056,0.29250047310473704,1.5362658727220588,0.6713360405922054,INTERMITENTE,False,False
1501,4,29.96555434976492,2898253.1342765447,34,1.0,0.3366922243943701,0.11336165396762886,0.1889446748505845,0.8263391449047309,SUAVE,True,True
1504,3,22.236204884162262,896120.8357281298,34,1.0,0.3816344577582821,0.145644859348458,0.2256397397503977,0.8797626419167577,SUAVE,True,True
1505,4,192.06946922619213,10280147.646256328,24,1.4166666666666667,0.365278825982107,0.1334286207108664,0.33213155635050334,0.9063132805015285,INTERMITENTE,True,False
1509,3,42.38688925314174,3335384.8955227183,21,1.619047619047619,0.20456285701193844,0.04184596246888677,0.39037512541234765,0.9369517503657575,INTERMITENTE,False,False
1510,4,52.28992184486781,1562049.5146826778,10,3.4,0.8253163299568688,0.6811470444934751,3.3166247903554,0.8228615839924956,CON PICOS,False,False
1512,4,56.44053082702749,69642139.74465638,34,1.0,0.3877630012240479,0.15036014511828097,0.1992379361203411,0.2584481214196997,SUAVE,True,True
1513,4,58.53970355086232,4761706.710985431,5,6.8,0.049820394598967144,0.0024820717179967946,,0.8582313489878657,INTERMITENTE,False,False
1515,4,40.679381648824176,6695646.416529573,29,1.1724137931034482,0.35935050814986697,0.12913278770756761,0.5634259439920782,0.7689698249990508,SUAVE,True,True
1517,4,36.7743561263527,6465867.71437622,32,1.0625,0.28435529216039523,0.08085793217962373,0.3093434767258804,0.78110267627791,SUAVE,True,True
1518,3,7.48351844720373,48776.0017,0,,,,,0.0,SIN DATOS,False,False
1519,4,37.408007129994736,34045519.57838205,34,1.0,0.3357123947793522,0.11270281200848764,0.2148035387462946,0.35524142051181906,SUAVE,True,True
1523,4,27.244402460893262,42603855.27423987,17,2.0,0.9787261435475396,0.9579048640634391,1.5991520283668972,0.5422979672331653,CON PICOS,True,False
1526,4,41.57645253206828,1881372.3116478936,16,2.125,0.39709917009233325,0.1576877508880198,1.218931301486723,0.9641834342132176,INTERMITENTE,False,False
1533,3,36.23435149554821,1010813.7605566505,9,3.7777777777777777,0.978021721896901,0.956526488502179,2.27228671876687,0.38934352759100926,CON PICOS,False,False
1536,3,17.097241176260425,386088.8744078423,5,6.8,0.10044126521659455,0.010088447758310286,,0.8336893471177699,INTERMITENTE,False,False
1538,3,32.12299398564125,1928051.9734025954,34,1.0,0.21414692851314693,0.04585890699161486,0.1959838598880247,0.6480593434986489,SUAVE,True,True
1540,3,52.34005577459165,1947457.2804487355,33,1.0303030303030303,0.3586868952910469,0.12865628885353045,0.3344773238070994,0.8391224909286893,SUAVE,True,True
1543,3,16.83757742084696,877027.4822841401,34,1.0,0.2958381437791649,0.08752020731470184,0.13029841537172066,0.8335351181052426,SUAVE,True,True
1544,3,71.8859302406218,3118033.533845108,21,1.619047619047619,0.20254224202892715,0.041023359806104505,0.3883306593596042,0.9075765654707345,INTERMITENTE,False,False
1548,4,4.869968052632149,32618447.497456465,34,1.0,0.2800951882180341,0.07845331446289594,0.13915214561860467,0.8806759281802652,SUAVE,True,True
1549,3,45.821619304857656,5562553.507457219,34,1.0,0.21609317487048807,0.046696260225607335,0.19011799427578396,0.7480843446487783,SUAVE,True,True
1551,4,36.93125948912656,71081911.6396157,34,1.0,0.3343688003976811,0.11180249467938429,0.2466342698659453,0.528035962939356,SUAVE,True,True
1562,1,183.2610470209558,4187628.546277992,3,11.333333333333334,0.6432211338415986,0.4137334270204717,3.3166247903554,0.10632415289005431,INTERMITENTE,False,False
1572,1,3.2893857371295403,6198522.627672935,34,1.0,0.3547254048217317,0.12583011282594145,0.15584734555009194,0.9121726339507646,SUAVE,True,True
1575,4,90.41104487310888,1461506.2938096386,0,,,,,0.0,SIN DATOS,False,False
1576,4,80.07171943486858,25141224.34212828,34,1.0,0.3236796169064534,0.10476849440070844,0.27325194489365917,0.0029194178698710555,SUAVE,True,True
1577,4,39.75555755559856,10452836.515200002,34,1.0,0.35309376575036666,0.1246752074117748,0.29951155201681634,0.7081293097059457,SUAVE,True,True
1579,4,32.02531458044256,39041929.380974606,34,1.0,0.18621413690153144,0.03467570478198229,0.16549199360971453,0.6064067918492946,SUAVE,True,True
1580,4,191.8147693120765,12123420.39849893,29,1.1724137931034482,0.7493937451811333,0.5615909853166053,0.4814565888379773,0.21789753479503365,ERRATICO,True,True
1581,4,34.65731889327339,39379997.91877051,34,1.0,0.30743377755183177,0.09451552757978918,0.24501213514587036,0.09139263776251375,SUAVE,True,True
1587,4,41.06603229956541,15925743.656575998,33,1.0303030303030303,0.4120805102397579,0.1698103469194592,0.27172902621059314,0.9473471984336682,SUAVE,True,True
1588,4,40.73790336732101,80970622.92042746,34,1.0,1.0927707736950976,1.1941479638421821,0.9792920173301929,0.7278731816287667,ERRATICO,True,True
1589,4,192.13241992239293,1934517.9325,4,8.5,0.7322092999995463,0.5361304590058256,2.9538285609264125,0.6088924108925807,CON PICOS,False,False
1591,4,207.35371319087253,15635620.787699996,9,3.7777777777777777,0.7658018407028959,0.5864524592239436,1.4937329697324586,0.4195575847064851,CON PICOS,True,False
1592,4,211.45185210952116,79250745.90131347,29,1.1724137931034482,0.4517726536044278,0.20409853054478633,0.31524950980171673,0.6169729758452065,SUAVE,True,True
1596,3,21.364439708819454,20437914.80601446,21,1.619047619047619,0.27345542131721,0.07477786744777283,0.4673701931718172,0.9790133741518418,INTERMITENTE,False,False
1599,4,22.18234038244177,12243155.692249056,34,1.0,0.23613147836390622,0.05575807507432391,0.22103250847361533,0.6604822937188874,SUAVE,True,True
1603,3,21.897471087572068,595727.9271028572,2,17.0,0.40570445480094514,0.16459610464533214,,0.9192602027209237,INTERMITENTE,False,False
1612,4,199.0845423556379,37214493.25106349,26,1.3076923076923077,0.6370023791481728,0.4057720310404325,0.8100180021359099,0.708512551070118,SUAVE,True,True
1613,4,27.099422048894372,265582.73689999996,2,17.0,0.6355952005599823,0.4039812589748841,2.7246811838909344,0.17672152217397016,INTERMITENTE,True,False
1614,4,47.74627899356232,8774606.321899999,11,3.090909090909091,0.5606672886157494,0.31434780852373606,1.4950702330077634,0.5926962849735506,INTERMITENTE,True,False
1615,4,22.18050751080077,4655793.6621226845,33,1.0303030303030303,0.6512920800082883,0.42418137348152263,0.23441875402434703,0.552945555452428,SUAVE,True,True
1621,4,31.900530037731023,498828.5882,0,,,,,0.0,SIN DATOS,False,False
1622,4,37.72541320561696,8573377.432763515,34,1.0,0.22565383444390197,0.05091965299923592,0.2234264023122351,0.7199974342747917,SUAVE,True,True
1625,4,34.420474884939814,6019065.073331071,34,1.0,0.2917407751773577,0.08511267990108556,0.10400721167111943,0.864373802940924,SUAVE,True,True
1626,3,13.29916762925344,3783396.5470819226,34,1.0,0.3136415006956036,0.09837099095859031,0.19086929585189466,0.8149350627244981,SUAVE,True,True
1629,4,39.05949296075711,3016391.2172105266,16,2.125,0.7599660589761623,0.5775484107957598,1.3880156580137781,0.5079777716520478,CON PICOS,True,False
1631,4,31.6707360835679,2239026.0289,8,4.25,0.9929149189038131,0.9858800361817658,2.4361892613378213,0.2516974596959927,CON PICOS,True,False
1632,4,59.52692882415846,11535983.074243346,34,1.0,0.8936062780759526,0.7985321802167568,0.5345942486440639,0.3625789857298455,ERRATICO,True,True
1635,4,110.46811960398624,12914894.143773792,13,2.6153846153846154,0.37679714024290256,0.1419760848952296,1.0015523994352409,0.6517727467489118,INTERMITENTE,True,False
1637,2,7.487281356039205,12042504.249444777,15,2.2666666666666666,0.3600167793973268,0.12961208144762346,1.4214263387202946,0.963752161630544,INTERMITENTE,False,False
1639,3,36.10616401863473,2404639.1112783775,34,1.0,0.28002882576573573,0.07841614325973678,0.25635719315964944,0.7270080495851071,SUAVE,True,True
1643,1,11.107960337772823,3360543.4484000006,34,1.0,0.2974618971845189,0.08848358027661328,0.1938822636224549,0.757265845070619,SUAVE,True,True
1644,3,19.429100570512,779885.4569373915,2,17.0,0.5208580138684863,0.27129307061102426,,0.9529691407077865,INTERMITENTE,False,False
1647,3,20.972018601610092,5116852.0863486305,34,1.0,0.2891910984636741,0.08363149143062644,0.30735144698080114,0.755375809963866,SUAVE,True,True
1649,4,13.16311915142877,16539547.406668566,34,1.0,0.23669146696783577,0.056022850535386096,0.19463874803462797,0.6554156384793239,SUAVE,True,True
1650,4,28.80014879297408,8213210.880700001,12,2.8333333333333335,0.7396308565633757,0.5470538039806728,1.5310974457105282,0.48542449755689726,CON PICOS,True,False
1651,3,140.44039167473787,2866681.9145,3,11.333333333333334,0.5911270547388283,0.3494311948442017,2.508850649108185,0.49481125517950414,INTERMITENTE,False,False
1654,4,42.03009097266374,20672597.75471572,34,1.0,0.201543420917317,0.040619750515054814,0.1454159254741597,0.5248529644950645,SUAVE,True,True
1656,4,19.89569993845806,2021027.2839755022,34,1.0,0.1594388979153617,0.02542076216846513,0.12097418329057429,0.5868762279170299,SUAVE,True,True
1657,3,29.178561243863623,2777466.686603249,33,1.0303030303030303,0.1886982850867394,0.03560704279467637,0.19709786922052414,0.6174688477506519,SUAVE,True,True
1661,4,200.89050420330943,21314528.70078709,26,1.3076923076923077,0.262597105364146,0.0689572397456284,0.16904765362693752,0.9540530481746476,SUAVE,True,True
1662,4,177.09006780836367,63470849.43229496,34,1.0,0.40520623896257346,0.1641920960941942,0.3291747843602016,0.7453097373842766,SUAVE,True,True
1666,4,222.50899522539413,103041120.97589998,17,2.0,0.6807502795984837,0.4634209431734137,1.2072683726289322,0.7376928972695589,INTERMITENTE,True,False
1673,3,16.158409517641072,3640811.3782580295,32,1.0625,0.30275783332725165,0.09166230564101188,0.17445953929729188,0.7972466401470331,SUAVE,True,True
1674,4,39.50079041792439,11642129.186100004,34,1.0,0.3995304266220052,0.1596245617967615,0.32564796484993486,0.6775376669735106,SUAVE,True,True
1675,1,14.251593818018138,2052964.4644878071,21,1.619047619047619,0.2500752827731679,0.06253764705407987,0.3802835602194591,0.9520012749322089,INTERMITENTE,False,False
1687,3,15.2808885393062,1618890.7970000003,14,2.4285714285714284,0.36825647718315274,0.1356128329873459,1.6080745418599014,0.7130015935752614,INTERMITENTE,False,False
1691,4,43.080296821132485,36903035.89250761,34,1.0,0.3605778985379604,0.13001642091405166,0.24699760115171487,0.3959711585637887,SUAVE,True,True
1695,4,115.92027591611956,9821200.476648333,12,2.8333333333333335,1.166481720201368,1.3606796035639426,2.1266959946718456,0.25353763931235207,CON PICOS,True,False
1696,3,8.146096859990921,878875.2216591837,34,1.0,0.424760069830098,0.18042111692206975,0.20161527769127205,0.8666180606961335,SUAVE,True,True
1697,3,8.711059195637647,17322268.920572404,34,1.0,0.18196999110851386,0.03311307766403261,0.07773334008062284,0.851682689314575,SUAVE,True,True
1698,1,9.935964787687176,1627730.3189660243,19,1.7894736842105263,0.2386640733850229,0.0569605399247316,0.6429813746608875,0.9751436064863184,INTERMITENTE,False,False
1701,4,34.553315454712205,29794055.80992115,34,1.0,0.24517589687910052,0.06011122041047133,0.19445609737096048,0.41181466195842187,SUAVE,True,True
1702,4,16.357906708115852,2891128.002352341,27,1.2592592592592593,0.2794052964699648,0.07806731969546893,0.27249535107921735,0.8643379766169266,SUAVE,True,True
1707,4,99.9353911890862,20779594.871210143,28,1.2142857142857142,0.8384985447735123,0.7030798095872978,1.0039028230670675,0.5908683518667002,ERRATICO,True,True
1708,3,44.20086749768318,7630656.541243284,30,1.1333333333333333,0.4903122195306651,0.24040607262108715,0.5452182572927599,0.37830902330457156,SUAVE,True,True
1709,1,23.537156593665944,8345090.39690789,34,1.0,0.23645827062467822,0.055912513746813566,0.11848134749603859,0.8886139389747519,SUAVE,True,True
1712,3,116.95382770134832,4194350.209001765,15,2.2666666666666666,0.22775422401610765,0.051871986557179346,1.2374335877280769,0.8683257965114094,INTERMITENTE,False,False
1713,4,13.375292474927488,12675886.66115615,34,1.0,0.258486755279807,0.06681540265508285,0.12562137404873852,0.718353424126349,SUAVE,True,True
1716,4,76.30274720092089,10025179.89015773,29,1.1724137931034482,0.6271998869370314,0.393379698173825,0.6784670112907847,0.4572536475350763,SUAVE,True,True
1719,4,47.64658511059193,1211354.3917395605,3,11.333333333333334,0.3104202294385594,0.09636071884468786,,0.9033412157454537,INTERMITENTE,False,False
1721,3,4.661060478245366,2663253.2828245345,34,1.0,0.2724561499070113,0.0742323536221518,0.17538054772379352,0.8678662775235322,SUAVE,True,True
1722,4,28.98710763392104,1429505.300259419,8,4.25,0.6729151436502816,0.45281479055387913,,0.918495248387337,INTERMITENTE,False,False
1724,3,73.06481482435618,4215386.813513441,23,1.4782608695652173,0.2505341279929968,0.0627673492892113,0.12250799642273517,0.954178928448058,INTERMITENTE,False,False
1726,4,61.14045817517487,24837814.061739817,34,1.0,0.5467108987246463,0.29889280678431046,0.37763376492121997,0.30972272261512174,SUAVE,True,True
1741,4,39.95640270318631,770397.4027000002,0,,,,,0.0,SIN DATOS,False,False
1742,4,51.51476225825869,67725710.97687997,34,1.0,0.2655476876245971,0.07051557440277059,0.18156620187267036,0.47420686362123177,SUAVE,True,True
1743,3,23.2959338446053,467413.1110482375,2,17.0,0.3956495379263062,0.1565385568612996,,0.9157364260932034,INTERMITENTE,False,False
1746,4,43.80087740833998,17646088.82808579,34,1.0,0.2913033049871653,0.08485761549644544,0.2582186634173474,0.4703115646345083,SUAVE,True,True
1754,4,93.36812683537116,18964904.045000006,34,1.0,0.5622919240333436,0.31617220783311945,0.30238837100563853,0.28764850174799944,SUAVE,True,True
1757,1,14.40160149664341,296605.1592878051,12,2.8333333333333335,0.3265738393414286,0.10665047254220121,2.8035124675335807,0.9004280288961899,INTERMITENTE,False,False
1758,1,24.490890682658247,954430.3373424583,21,1.619047619047619,0.23348909154185743,0.05451715586904188,0.41289064195239095,0.8991668510427479,INTERMITENTE,False,False
1763,4,176.29377777715453,6899184.712860054,11,3.090909090909091,1.486761103976848,2.210458580298456,1.2952065694023593,0.31844421232287917,CON PICOS,True,False
1764,4,30.216640618929656,7007564.392749255,34,1.0,0.2665480837105282,0.07104788092975474,0.22923342715596462,0.5883060142391868,SUAVE,True,True
1767,3,17.52036172649836,945047.435509235,2,17.0,0.9135282598114125,0.8345338814740676,,0.9989786231196649,CON PICOS,False,False
1769,4,53.124385236754975,4428139.038169962,34,1.0,0.20189683789125443,0.04076233315048747,0.11499526623822,0.2992450223774721,SUAVE,True,True
1773,3,36.57013163341809,5875543.124493649,34,1.0,0.1561365654653825,0.024378627075325673,0.06947056615136282,0.6989142598949504,SUAVE,True,True
1774,1,130.75,1100898.0025000002,0,,,,,0.0,SIN DATOS,False,False
1775,3,56.44325892395447,141899.4818,0,,,,,0.0,SIN DATOS,False,False
1782,3,18.17389920780105,428500.5607416915,10,3.4,0.616663580713487,0.38027397177837935,1.3109873957002156,0.7036244751907452,INTERMITENTE,True,False
1783,3,3.2678771085696385,8554914.340543756,34,1.0,0.31819592342308595,0.10124864568307038,0.1905012948012666,0.9367783537339411,SUAVE,True,True
1785,4,41.6995698794483,1256585.2636397646,0,,,,,0.0,SIN DATOS,False,False
1786,4,39.73188339879847,4366487.8965432085,13,2.6153846153846154,0.42203332539529215,0.17811212774420854,1.8613252469649233,0.8309770288099778,INTERMITENTE,False,False
1790,4,17.702321081298006,1697896.70670419,34,1.0,0.5166418080364592,0.2669187578111816,0.2206102975941869,0.5123256479590999,SUAVE,True,True
1792,3,16.142438650188144,414935.57422517217,2,17.0,0.6071488764528034,0.36862975817790145,,0.9710042364886362,INTERMITENTE,False,False
1796,4,87.66817548617293,31612564.593674,28,1.2142857142857142,0.5151727308688032,0.26540294263082037,0.29497847165061714,0.7348120074311885,SUAVE,True,True
1797,4,37.399815393694126,1559069.2744000002,34,1.0,0.46221661195800723,0.21364419636993903,0.17424255872146716,0.8881587494592518,SUAVE,True,True
1799,3,82.54336596486192,16031668.287999999,16,2.125,0.45020005096466914,0.20268008588859068,1.0354560090711338,0.8505698013691172,INTERMITENTE,False,False
1800,4,17.968476906380836,12417296.549347384,34,1.0,0.18161286636616036,0.032983233229732824,0.12881278105511554,0.5946595177684353,SUAVE,True,True
1806,4,18.97171492593748,12412552.78066214,34,1.0,0.3003830189586789,0.09022995807873006,0.28165897722986355,0.7675467481811536,SUAVE,True,True
1811,4,75.23548416640153,8447221.97929948,34,1.0,0.398416004407689,0.15873531256818765,0.32982121088012556,0.40742020695382514,SUAVE,True,True
1814,4,21.295489532257392,1721258.1988,9,3.7777777777777777,1.2854677383863495,1.6524273064321164,1.9156240681301908,0.504970271858764,CON PICOS,True,False
1815,4,13.67194641194767,34437077.31475339,34,1.0,0.33083873742958214,0.109454270184,0.3232449328313239,0.530779815471814,SUAVE,True,True
1818,3,17.369316145302747,9750344.995940479,21,1.619047619047619,0.1937903142250177,0.03755468588743109,0.40625368908021164,0.9649046245467853,INTERMITENTE,False,False
1821,4,23.839506073552997,1120067.4863228095,14,2.4285714285714284,0.494902064899008,0.24492805384130192,1.629500091414484,0.8916210480556378,INTERMITENTE,True,False
1822,4,73.11198006950607,9742095.30780241,18,1.8888888888888888,0.7615737449366744,0.5799945689768709,1.1708824165707516,0.5507110571666712,CON PICOS,False,False
1824,4,63.0242783339102,7559985.29209783,34,1.0,0.38431708790023666,0.14769962405211823,0.39680724021550745,0.5056540469391074,SUAVE,True,True
1825,3,50.8696568421632,3256341.726086403,12,2.8333333333333335,0.38068843676858716,0.1449236858893106,3.1990040346315713,0.9726350013766053,INTERMITENTE,False,False
1826,3,152.80422665262435,811049.6901,3,11.333333333333334,0.9202037050821535,0.846774858846923,3.2574247822531266,-0.030693410439680515,CON PICOS,True,False
1827,4,45.62742043591015,95711.72730000003,1,,,,,-0.03125000000000002,SIN DATOS,False,False
1828,4,65.65610707625359,2827625.351235498,15,2.2666666666666666,0.1887057835968449,0.03560987276289926,1.205534166525769,0.8916271449922918,INTERMITENTE,False,False
1831,3,44.97413332893182,47634680.727028765,34,1.0,0.2847499544019429,0.08108253653190856,0.2672348580796822,0.7246493666463848,SUAVE,True,True
1832,4,93.37377643957475,4043910.877755077,26,1.3076923076923077,0.32612894085934835,0.10636008606604033,0.2608387004128129,0.9509802350336618,SUAVE,True,True
1833,4,17.375665506809234,7715941.0626501655,26,1.3076923076923077,0.6787566107892585,0.46071053669012096,0.8109487941039397,0.45088691247309004,SUAVE,True,True
1838,3,44.38417044842054,419967.45920000004,2,17.0,0.5907039663499645,0.34893117586157996,,0.20563780704578183,INTERMITENTE,False,False
1840,4,67.28982942309258,8387052.787971443,34,1.0,0.3449872367442034,0.11901619351640104,0.18614620715543737,0.738340504843261,SUAVE,True,True
1842,4,59.62777959950231,3169829.45928783,23,1.4782608695652173,0.3096160944438209,0.09586212593864502,0.28344002726294065,0.867809936132123,INTERMITENTE,False,False
1843,3,99.5234046771568,7898586.436372389,34,1.0,0.38940177965736467,0.15163374600032278,0.3071564947240849,0.8442502413630497,SUAVE,True,True
1844,4,143.4802823144452,72635386.37872356,34,1.0,0.30705708951350275,0.09428405622050323,0.1965649744330376,0.6259641636879633,SUAVE,True,True
1846,4,350.98104608968174,24684135.461009845,24,1.4166666666666667,0.34561325404529447,0.11944852137177725,0.28350856126226637,0.9307083063687619,INTERMITENTE,True,False
1847,4,42.10007811984613,350996.3503,6,5.666666666666667,0.7897370229708234,0.6236845654508189,2.5361495679767283,0.3029520761658196,CON PICOS,False,False
1850,1,31.16571424901175,617223.5694445507,12,2.8333333333333335,0.28415587671350395,0.08074456227082005,2.6207205643392686,0.9493636239047878,INTERMITENTE,False,False
1858,4,105.51994122192716,15518020.024753192,25,1.36,0.30582289554470204,0.09352764343934573,0.18858214207833962,0.9267761354288592,INTERMITENTE,True,False
1862,4,78.38458070197073,3985340.942,12,2.8333333333333335,0.75403058250818,0.5685621193576252,1.4673290056653947,0.5777976591357129,CON PICOS,True,False
1869,3,54.01130746663883,24662618.91032826,23,1.4782608695652173,0.39158424324742164,0.15333821955965588,0.366079416786628,0.9852661382169625,INTERMITENTE,False,False
1876,4,38.41251696961614,786319.9715,0,,,,,0.0,SIN DATOS,False,False
1878,4,57.11880652629219,5419544.88726346,26,1.3076923076923077,0.5231801464946739,0.2737174656861885,0.7176393235211473,0.656940554736462,SUAVE,True,True
1880,3,29.1548660237035,303264.2516,7,4.857142857142857,0.7505876148399483,0.5633817675511226,2.307795575597727,0.830281193430266,CON PICOS,False,False
1883,4,75.4367025454757,38702963.1842338,34,1.0,0.33923771077973575,0.11508222441507564,0.25204880854214984,0.5395129017080936,SUAVE,True,True
1884,3,40.35552442139856,3945522.8991529145,34,1.0,0.3176565948674055,0.10090571226275499,0.15483734105324484,0.8839678682319427,SUAVE,True,True
1888,4,45.13086215508821,7591075.1003100965,34,1.0,0.4238959876751033,0.1796878083670513,0.2717553270119597,0.46144871387999625,SUAVE,True,True
1892,1,30.54806602012085,3866117.4134074645,34,1.0,0.15912281680374496,0.02532007082755818,0.11860470615100728,0.6168254676542912,SUAVE,True,True
1894,4,42.809043672281376,2248244.4993999996,0,,,,,0.0,SIN DATOS,False,False
1897,4,56.6569335591018,7571948.179958288,34,1.0,0.6595099803838496,0.4349534142259056,0.3679257347534171,0.08211696027151004,SUAVE,True,True
1898,3,9.83208471198913,2246819.3461492094,34,1.0,0.3721756680864186,0.13851472791557204,0.2045931824454977,0.8561659911335465,SUAVE,True,True
1903,4,52.04037708970129,123464511.85002105,34,1.0,0.23951715081612412,0.05736846553507395,0.15439939200443972,0.32457782339877295,SUAVE,True,True
1909,3,324.7783958052587,11406671.950434815,34,1.0,0.3403790435714492,0.11585789330261452,0.18415935468627087,0.6836317967890339,SUAVE,True,True
1914,4,37.46502446702088,16658496.808897726,34,1.0,0.17045098595679967,0.029053538613645118,0.10435566731150678,0.19667509013694975,SUAVE,True,True
1916,4,81.30561390160523,2736723.3853,4,8.5,0.7225212719729723,0.5220369884534418,3.3166247903554,0.5901625518701223,CON PICOS,False,False
1917,4,81.56063772942932,23656490.06486898,34,1.0,0.8507476030363228,0.7237714840720487,0.5869803670749226,0.2467928214524574,ERRATICO,True,True
1918,4,98.51595877618864,1333457.8342171626,0,,,,,0.0,SIN DATOS,False,False
1921,4,102.34038291477547,1243628.0523344018,1,,,,,0.0,SIN DATOS,False,False
1924,4,32.60255792684869,5887029.213700002,11,3.090909090909091,0.5820570562728948,0.3387904167570679,1.7137484229673652,0.6127152168699501,INTERMITENTE,True,False
1925,4,87.64457559896277,2405181.0072,4,8.5,0.43403378230064776,0.1883853241782061,,0.7403655175045775,INTERMITENTE,False,False
1930,4,86.61952888738602,5773898.4157,0,,,,,0.0,SIN DATOS,False,False
1933,3,18.53450830465037,950636.2283610989,34,1.0,0.31021374981731714,0.09623257057572103,0.09983900905217376,0.921168909933822,SUAVE,True,True
1936,1,98.61619221903668,2541067.0927940505,34,1.0,0.28472325892680195,0.0810673341738987,0.15624493570089223,0.6819133388012049,SUAVE,True,True
1941,4,23.23228937367653,5613579.748083994,31,1.096774193548387,0.43136998726710934,0.18608006591482606,0.4845341202944043,0.4919306760097979,SUAVE,True,True
1942,4,44.89239545913232,4010952.3732999996,10,3.4,0.3383645722720605,0.11449058376885446,0.5808517026940917,0.9178841923563732,INTERMITENTE,True,False
1944,4,23.13368019510232,10861310.738318544,25,1.36,0.5744548764183715,0.32999840504084643,0.6814366667842248,0.6541373089110749,INTERMITENTE,True,False
1950,4,56.55954772573716,15559281.020553872,34,1.0,0.25492018941634365,0.06498430297206452,0.2543944670982542,0.6394888021575916,SUAVE,True,True
1954,4,133.65285480834962,3554468.270000001,8,4.25,1.0389474426745988,1.079411788640089,1.8200444068899495,0.19099339245681604,CON PICOS,False,False
1959,4,36.92850286817396,1442087.2105194586,0,,,,,0.0,SIN DATOS,False,False
1961,4,91.34903306696684,12135562.8361,12,2.8333333333333335,0.3871979079529287,0.14992221992312463,0.38719790795292863,0.8715123614997073,INTERMITENTE,True,False
1963,3,20.177220755155744,4117885.450225809,34,1.0,0.8584712415920356,0.7369728726405711,0.7849626784051766,-0.01946639503370545,ERRATICO,True,True
1971,3,29.508764426269025,139553.43889999998,2,17.0,0.6621536590711452,0.4384474682213064,,0.15979357570938052,INTERMITENTE,False,False
1973,1,23.60947166413596,1010039.6404000004,28,1.2142857142857142,0.428246206245595,0.1833948131637447,0.26697237064983453,0.8342099086234427,SUAVE,True,True
1975,4,67.07478156606379,2221138.4637,11,3.090909090909091,1.2199076515324265,1.4881746782673602,1.731021467634447,0.1174875327203936,CON PICOS,True,False
1977,4,179.59994668269505,33427312.696532547,18,1.8888888888888888,0.3198911135810144,0.10233032454810147,0.8520522373709228,0.8730405392337552,INTERMITENTE,False,False
1979,4,90.05253501598119,12603397.093323417,14,2.4285714285714284,0.708838599649261,0.5024521603527253,1.4825763552435496,0.7242055945692186,CON PICOS,True,False
1980,3,32.0485058929253,1615842.722123397,25,1.36,1.0370070463852465,1.075383614252653,1.0807562665958732,0.4221656316498097,CON PICOS,True,False
1986,4,33.930562735982214,8231878.217317786,6,5.666666666666667,0.5306332593735813,0.2815716559534304,,0.9871501130114153,INTERMITENTE,False,False
1989,1,47.74688973821305,1744516.1736426554,34,1.0,0.12166447189907542,0.014802243722480913,0.09887298039260056,0.4578114319246943,SUAVE,True,True
1990,4,36.05612631868955,13488722.691702617,34,1.0,0.1811932753846619,0.03283100304462192,0.14483565166869128,0.46821890240303954,SUAVE,True,True
1994,4,36.66714967811792,21585356.274340246,34,1.0,0.2638409696251667,0.06961205725274812,0.21964180961995697,0.17187115629391497,SUAVE,True,True
1996,3,20.880583617972924,1577209.8722435161,34,1.0,0.2959092556512702,0.08756228758008877,0.28183340677120655,0.7442896787263769,SUAVE,True,True
1998,4,59.10655689733936,12571182.67231633,34,1.0,0.1939687548735208,0.037623877867184,0.08892287786043772,0.7719362996223538,SUAVE,True,True
1999,3,120.02074757659052,23690590.511444364,34,1.0,0.27449662219195525,0.07534839559479302,0.12328856282164373,0.8739206937441384,SUAVE,True,True
2000,1,75.94245236622068,2617023.233435908,12,2.8333333333333335,0.46745379759028366,0.21851305288157788,3.063681465881586,0.9863437408022975,INTERMITENTE,False,False
2001,4,34.43507256049761,4806346.188880929,34,1.0,0.2526938805807841,0.06385419728297559,0.18674220028130323,0.8176614028836621,SUAVE,True,True
2002,3,6.936960350115561,3329158.8877124917,34,1.0,0.23937152669584497,0.05729872779269962,0.17308770670153936,0.8870967710248703,SUAVE,True,True
2003,4,40.92925240383352,4659939.457144909,23,1.4782608695652173,0.3343871103870013,0.1118147395929686,0.31120103725536824,0.8997743696133672,INTERMITENTE,False,False
2005,4,101.62542960367388,10485235.20324223,26,1.3076923076923077,1.0587219936200014,1.1208922597747104,1.021678491498173,0.12716494965828065,ERRATICO,True,True
2007,3,361.0076316059572,2040039.6859,0,,,,,0.0,SIN DATOS,False,False
2009,4,77.44674501825202,10717838.779259443,34,1.0,0.1864864213391678,0.03477718534388961,0.18818536863450472,0.5799486059857719,SUAVE,True,True
2011,3,79.43821510272296,4321963.193807807,21,1.619047619047619,0.30499710381298795,0.09302323333431055,0.47448574852094855,0.899179956406378,INTERMITENTE,False,False
2021,4,53.4052071373626,672046.8542,0,,,,,0.0,SIN DATOS,False,False
2023,4,76.27799394769117,21802899.0422,20,1.7,0.9174579222861032,0.8417290391655334,1.0757926205830641,0.48610809824353224,CON PICOS,True,False
2030,1,4.167101448348653,1701919.0309765881,19,1.7894736842105263,0.2906393106937588,0.08447120892054326,0.6826029208080929,0.9833288101639691,INTERMITENTE,False,False
2038,4,54.30433311899683,6520606.918390155,33,1.0303030303030303,0.3236507559383072,0.10474981181943771,0.2697203614088948,0.6905986069322008,SUAVE,True,True
2042,4,38.50752337581957,2376802.9459275813,5,6.8,0.157478607658882,0.024799511870180087,,0.9184333623140162,INTERMITENTE,False,False
2045,4,46.8298703877398,3050015.8776910803,15,2.2666666666666666,0.3214941058857896,0.10335846011930329,1.3184832296454891,0.9635363678522807,INTERMITENTE,False,False
2050,4,198.00973599153477,37375416.82146334,31,1.096774193548387,0.6264075709739894,0.39238644497353353,0.4146155606467785,0.6176859616690109,SUAVE,True,True
2054,4,170.6925638324347,11479663.807076452,34,1.0,0.6905079482259456,0.4768012265632052,0.4339084127117634,0.3917156439002557,SUAVE,True,True
2057,4,86.46111806627401,38166795.91901662,34,1.0,0.332441597004145,0.11051741541866635,0.2707279145495458,0.6262858900066818,SUAVE,True,True
2059,4,132.232162917272,35245024.504841864,23,1.4782608695652173,0.5537064192680516,0.30659079873864736,0.27844998288270995,0.8400547282259664,INTERMITENTE,True,False
2066,3,144.05397317312355,5837339.254984265,34,1.0,0.30709614502937405,0.09430804229190234,0.23383395599271622,0.515301824948039,SUAVE,True,True
2069,3,14.720407675878455,6638876.629066981,34,1.0,0.17695867446982647,0.031314372470118014,0.11393213565741167,0.5756453594399144,SUAVE,True,True
2071,1,31.38738953611088,1677062.1212951036,21,1.619047619047619,0.1634518087013898,0.02671649376775573,0.36073783098456647,0.9379414748741123,INTERMITENTE,False,False
2074,4,58.28913313368958,1365231.7553,0,,,,,0.0,SIN DATOS,False,False
2075,4,25.170185055098333,3733857.2583967806,34,1.0,0.14001854368113192,0.01960519257458505,0.10624560556434597,0.4160585413753021,SUAVE,True,True
2080,4,104.39133487494276,1016640.0686,3,11.333333333333334,0.728314983770181,0.530442715584159,2.2631329749567604,0.3996178795412732,CON PICOS,True,False
2083,4,62.62369125226155,20744646.937083922,33,1.0303030303030303,0.3768778857956536,0.14203694080180174,0.35422062684121924,0.05251816998195286,SUAVE,True,True
2084,4,15.440357111864229,58477299.53937404,34,1.0,0.34904242639161936,0.12183061542134903,0.28782756794125985,0.5226961741390664,SUAVE,True,True
2087,4,79.46434669895869,5801873.131201448,34,1.0,0.28633105815080345,0.08198547486175879,0.21975100656199312,0.7641158422980568,SUAVE,True,True
2090,4,73.50876283460305,12779308.031099997,16,2.125,0.44126083455948967,0.1947111241161373,1.0972482888166186,0.8188143803507237,INTERMITENTE,False,False
2097,3,6.372646697031985,1215089.3057839018,8,4.25,0.40192424273932936,0.16154309690158336,,0.9639493775773534,INTERMITENTE,False,False
2098,4,63.88466112894273,1320210.3810999999,3,11.333333333333334,0.653184963650235,0.4266505967387589,,0.49169881953002015,INTERMITENTE,False,False
2100,3,15.549431533107503,3522744.2390751285,9,3.7777777777777777,0.4544668120027269,0.20654008321192194,,0.9763369562075344,INTERMITENTE,False,False
2106,4,21.17122186965323,946981.3443019347,6,5.666666666666667,0.30419387154205835,0.09253391148374629,,0.9271901791840969,INTERMITENTE,False,False
2107,4,25.50371469329113,1223306.5883097576,34,1.0,0.5211942090113724,0.2716434035069901,0.2461441812246666,0.8475100914892502,SUAVE,True,True
2113,4,60.69765553596472,605538.6279000002,3,11.333333333333334,1.013297789257582,1.0267724097143032,,0.016702047296197595,CON PICOS,False,False
2115,4,30.73101754345185,7998463.3483921075,34,1.0,0.1748861072631924,0.030585150513672835,0.16343694000746936,0.5415500650864314,SUAVE,True,True
2118,4,107.38127942330551,23752184.92103336,34,1.0,0.16216407927620344,0.026297188607498793,0.12831901368809315,0.7580560335325697,SUAVE,True,True
2120,1,49.15831937634366,1235456.7142301446,21,1.619047619047619,0.3701527801801004,0.1370130806750577,0.5224719484246808,0.8526534696632995,INTERMITENTE,False,False
2123,3,239.252482048413,2018472.705,6,5.666666666666667,0.6531957460844038,0.4266646827027609,2.8048207644038055,0.130598090798342,INTERMITENTE,True,False
2126,4,46.77308260893644,4979364.61880472,34,1.0,0.2748416471238483,0.07553793099374995,0.19334543700568776,0.7092880460533542,SUAVE,True,True
2128,4,193.02180073605567,147609353.21333912,34,1.0,0.269161548304273,0.0724479390855535,0.1316247025798758,0.9031270574321486,SUAVE,True,True
2133,4,409.8360597894673,17169143.20030281,16,2.125,0.47534285031082907,0.22595082534162325,1.1482788069223895,0.8512998264189321,INTERMITENTE,False,False
2136,4,62.61525764372597,4092135.632707892,27,1.2592592592592593,0.7483575731551942,0.5600390572987319,0.54572536335811,0.7527322177901965,ERRATICO,True,True
2139,4,53.86540373618958,18513852.222124066,10,3.4,0.70102384703858,0.4914344341167704,1.7372134530655052,0.6096000442781824,CON PICOS,True,False
2141,3,23.2505107925759,12562944.77647081,34,1.0,0.133962470516682,0.017945943506932894,0.10489050116205995,0.3379731973915609,SUAVE,True,True
2142,4,30.7462266840642,2562301.9827170605,8,4.25,0.6103948029414883,0.3725818154579783,,0.9332531155300873,INTERMITENTE,False,False
2145,4,19.14721858784243,2993906.966441512,34,1.0,1.1098299906869085,1.2317226082281034,0.5118260873768485,0.8675795655639257,ERRATICO,True,True
2146,4,38.87478467773423,4276290.457945484,34,1.0,0.3572803915472239,0.12764927818413763,0.336019708623278,0.6758790162126577,SUAVE,True,True
2147,4,67.12534926189578,7607741.406564968,34,1.0,0.1484645521003933,0.0220417232303704,0.09428753015350788,0.4763302675658539,SUAVE,True,True
2148,1,11.405443570676622,754783.1716262738,34,1.0,0.16994324042322706,0.028880704965546757,0.06553060695546639,0.8200728613467508,SUAVE,True,True
2151,4,65.15669177024863,5289140.715701088,34,1.0,0.429468390188472,0.18444309817107762,0.1834626241560616,0.8600736024343076,SUAVE,True,True
2154,4,28.14669162396331,3295194.548205124,18,1.8888888888888888,0.6856425155240169,0.47010565909410174,0.43600850654745993,0.9369563713831991,INTERMITENTE,True,False
2158,4,33.09561869618946,4881484.282504452,32,1.0625,0.250684834489548,0.06284288624305207,0.2764297032187768,0.6331225394862906,SUAVE,True,True
2165,4,24.5652049978787,10317931.446660008,34,1.0,0.28075738980304926,0.07882471192902135,0.18742916424114348,0.7100038037526403,SUAVE,True,True
2169,4,43.47107652457575,5575982.820515503,34,1.0,0.2328569598128509,0.05422236373328366,0.11254018025396957,0.7559103023299403,SUAVE,True,True
2172,4,64.71700304244274,2050987.9623,9,3.7777777777777777,0.9814832784855725,0.9633094259467878,1.2828926606905469,0.7040721963481055,CON PICOS,True,False
2174,4,355.4307764632628,41521138.96181719,34,1.0,0.4641213017045716,0.21540858269594598,0.37812456212962336,0.06613329955111434,SUAVE,True,True
2178,3,14.057044733960891,2151445.5970001323,34,1.0,0.32845941004394946,0.10788558404641933,0.23852836903798008,0.7900129555438287,SUAVE,True,True
2180,1,15.498522719140055,4534574.515570533,21,1.619047619047619,0.21236056526677166,0.04509700968042279,0.42972851113288124,0.9714241418912751,INTERMITENTE,False,False
2182,4,87.75983448011226,20732410.50313041,32,1.0625,0.4520628280011045,0.20436080046035618,0.30320076951150743,0.36904869470399754,SUAVE,True,True
2183,4,217.3529495401737,79478664.0671485,26,1.3076923076923077,0.34709572755398005,0.12047544408622675,0.19012294832510415,0.9075695202404923,SUAVE,True,True
2184,4,43.16771047737591,2999222.1606,7,4.857142857142857,0.32974448458014033,0.1087314251110224,,0.7878674124987262,INTERMITENTE,False,False
2187,1,7.398589719614564,772573.1681528814,12,2.8333333333333335,0.42000842533944466,0.17640707735611985,2.9130859685849653,0.9762943117997166,INTERMITENTE,False,False
2188,4,74.62076492875926,2046639.3900617152,2,17.0,0.07057374570319802,0.004980653582579661,,0.7462808783692487,INTERMITENTE,False,False
2189,4,145.78601867651236,26059906.87551063,34,1.0,0.3774771094226815,0.14248896813810305,0.16380032951055462,0.7307554540121641,SUAVE,True,True
2195,3,141.32000536817182,250092.6003,1,,,,,-0.03125,SIN DATOS,False,False
2196,1,104.52919860945936,102834.78030000001,3,11.333333333333334,0.6962456390050032,0.4847579898334853,3.3166247903554,0.04612992524175593,INTERMITENTE,False,False
2199,1,16.72525769837205,4533798.561575896,34,1.0,0.24777404073991863,0.061391975264586854,0.1393443275697156,0.8264221696736076,SUAVE,True,True
2201,3,57.80782014387557,4460846.807791223,33,1.0303030303030303,0.30140220984074867,0.0908432920968867,0.21734823235114134,0.8395441515175446,SUAVE,True,True
2203,4,105.34301051035884,11510345.127188453,34,1.0,0.29500344347535645,0.08702703166231783,0.2929091905918895,0.5998749739815716,SUAVE,True,True
2204,4,141.26720793389492,1008821.6233137684,1,,,,,0.0,SIN DATOS,False,False
2210,4,25.74199747981485,4610951.8944999995,9,3.7777777777777777,0.650493327018486,0.4231415684955789,0.947376425359761,0.7984280624866513,INTERMITENTE,False,False
2211,4,36.08635196443362,6137881.4151,11,3.090909090909091,0.6346939930411415,0.40283646480250856,1.7683944463674812,0.5705045047819429,INTERMITENTE,True,False
2213,4,26.362783773514384,6209940.893616106,34,1.0,0.15006709974904364,0.022520134427089413,0.10535096994291818,0.4955706425696269,SUAVE,True,True
2215,3,61.845803101206194,160178.1562,1,,,,,-0.031250000000000014,SIN DATOS,False,False
2217,4,45.57708014284065,9393226.1071,12,2.8333333333333335,0.6580930019088597,0.4330863991614144,1.2277455813437317,0.5866487414125591,INTERMITENTE,True,False
2218,4,60.90720619176099,2444133.7049,14,2.4285714285714284,1.0065839781609283,1.01321130509028,1.0802742905087526,0.43540779414506836,CON PICOS,True,False
2219,4,7.010256652403047,3206631.457737069,25,1.36,0.4654106377821398,0.21660706176077815,0.1765761241282203,0.9336290794635645,INTERMITENTE,True,False
2221,4,40.46408639791351,659683.5727,0,,,,,0.0,SIN DATOS,False,False
2225,4,21.24164596061202,41029369.865736604,34,1.0,0.2870748425174086,0.08241196520639496,0.11561432973626544,0.9383096961322254,SUAVE,True,True
2226,4,185.44971923026296,30548097.439367913,15,2.2666666666666666,1.1475528879219232,1.3168776305779462,2.963318454190267,0.5773099168959217,CON PICOS,False,False
2227,4,96.16630081980098,28673427.96892499,34,1.0,0.3289689816952087,0.10822059091758257,0.2599368750191379,0.5284316917855723,SUAVE,True,True
2229,4,76.27883964292874,14067926.377283793,25,1.36,0.9895119907714056,0.9791339798803903,1.0729313232079811,0.5600140747445506,CON PICOS,True,False
2232,4,27.57483762186268,4609351.673963184,0,,,,,0.0,SIN DATOS,False,False
2234,4,115.11907660760572,10590294.264399994,26,1.3076923076923077,0.5601917965941575,0.31381484897138995,0.3340039066267571,0.501632214068226,SUAVE,True,True
2236,4,20.40175528985474,9886133.033491537,34,1.0,0.22406770525733494,0.050206336539287924,0.22859806896521892,0.5420503382361793,SUAVE,True,True
2237,4,46.98632701951524,7048084.843412374,34,1.0,0.25368868173536124,0.06435794724062541,0.23145549824309206,0.6323442609711373,SUAVE,True,True
2238,4,74.05133959400797,2575727.004584983,7,4.857142857142857,0.6351068516553414,0.40336071301955984,,0.7686682772800407,INTERMITENTE,False,False
2247,4,86.10691911868953,1257206.6558,2,17.0,0.24905877781797237,0.06203027480818212,,0.4077980102720222,INTERMITENTE,False,False
2248,4,67.06892594894141,7703093.50889489,34,1.0,0.39823149014393056,0.15858831974225546,0.16330195623720212,-0.1183632270394943,SUAVE,True,True
2249,4,34.880644230496,5708720.058404032,34,1.0,0.3854782915611671,0.14859351326491613,0.2804974013117627,0.7994958455755344,SUAVE,True,True
2253,4,26.790733616068422,4286617.040099999,21,1.619047619047619,0.3339187117088913,0.11150170602932567,0.4431108272994164,0.881251357783085,INTERMITENTE,True,False
2260,4,74.22476554197672,5144649.877549415,30,1.1333333333333333,0.35616214307677657,0.12685147216104226,0.3458135933530015,0.8121107842689473,SUAVE,True,True
2261,4,76.56722228159387,20442430.005129214,34,1.0,0.19609674020010928,0.03845393151710916,0.2047039425528966,0.6227608696225395,SUAVE,True,True
2263,3,45.30456140564152,2494346.8286788273,34,1.0,0.17000130074530279,0.028900442255094885,0.1149881016111284,0.5841407680239752,SUAVE,True,True
2265,4,47.58324942348135,9352641.84391339,32,1.0625,0.8020523659684887,0.6432879977556506,0.4107277048657257,0.40202725379083426,ERRATICO,True,True
2266,3,38.70124527826091,4841149.608206335,20,1.7,0.19920016970443927,0.0396807076102774,0.46387263871871626,0.9591607845526594,INTERMITENTE,False,False
2267,3,6.023935811271774,3472233.3476255,34,1.0,0.21381816133880147,0.04571820611830573,0.17624166168197516,0.856889230555815,SUAVE,True,True
2268,4,41.70157687009405,9554616.501631008,34,1.0,0.24944394083638854,0.062222279619987705,0.16510068401373976,0.7604369998701511,SUAVE,True,True
2271,4,78.74876913903495,6926900.805983174,31,1.096774193548387,0.3745680182452164,0.14030120029214876,0.24585658451251455,0.6909044074712032,SUAVE,True,True
2278,4,16.92483699371911,4521785.681833624,32,1.0625,0.34366920690717195,0.11810852377620457,0.30761014186197033,0.5674643178990971,SUAVE,True,True
2286,4,33.593106771437704,4262627.302641323,34,1.0,0.26584265484088315,0.07067231713284894,0.2566868989412899,0.7124630096294319,SUAVE,True,True
2288,3,13.1531004820709,615819.2204622318,2,17.0,0.026382697839674684,0.0006960467452995753,,0.7152518091453729,INTERMITENTE,False,False
2293,4,55.00595295179799,2149976.978621743,1,,,,,0.0,SIN DATOS,False,False
2295,4,79.45987145374397,8398248.101128956,34,1.0,0.5319441032440768,0.28296452897614505,0.3371266674754572,0.14821175137854595,SUAVE,True,True
2299,4,54.413314263598814,3146523.8994,3,11.333333333333334,0.460759387758964,0.21229921340801536,,0.5814156936915995,INTERMITENTE,False,False
2301,1,35.34843914954715,15940951.279202512,34,1.0,0.2667062463580127,0.07113222184638097,0.12667633262623257,0.9010813312241288,SUAVE,True,True
2305,3,45.68339330416816,5361562.473219807,12,2.8333333333333335,0.2682659066288423,0.07196659665939474,2.2385693708910495,0.9736057666043721,INTERMITENTE,False,False
2308,3,79.38235818912445,5696451.827473368,6,5.666666666666667,0.1546908839047629,0.023929269563236835,,0.9370024454173859,INTERMITENTE,False,False
2311,4,70.40721842955101,2511814.8332999996,11,3.090909090909091,1.018946379749554,1.0382517248047223,2.5823386074793913,0.2567567907442058,CON PICOS,False,False
2312,4,9.734896401691945,8335584.6754012965,34,1.0,0.2484211987039982,0.06171309196553136,0.13490919028730197,0.8995064344855895,SUAVE,True,True
2313,4,62.4615661906107,48342806.861216314,34,1.0,0.5954305037606595,0.3545374848086728,0.4295635763457557,0.32456814051424115,SUAVE,True,True
2314,4,49.397073021652666,21904344.148137182,34,1.0,0.2880654877511746,0.0829817252333221,0.1708050220386553,0.4356349419482124,SUAVE,True,True
2315,1,2.107194496334428,36116240.283367604,34,1.0,0.17881174922625567,0.031973641661353344,0.1341188966479792,0.7863083873138333,SUAVE,True,True
2319,4,12.592757205032957,957989.7228354325,0,,,,,0.0,SIN DATOS,False,False
2321,3,109.07398725562776,23947186.26679397,34,1.0,0.7140346295355509,0.5098454521759713,0.3659961351067138,0.5166124934606702,ERRATICO,True,True
2325,1,44.80586052704579,4441400.639322046,34,1.0,0.3643846668236913,0.13277618541621253,0.14758591431560525,0.8758265500945034,SUAVE,True,True
2326,4,13.482173059139948,1131238.3136000002,12,2.8333333333333335,1.0804133624214483,1.1672930336988196,1.381160074956665,0.41755116565326966,CON PICOS,True,False
2328,3,20.352105342119668,14078382.85216845,34,1.0,0.2667606412403494,0.07116123971496241,0.2111796580675039,0.8006429364478207,SUAVE,True,True
2329,3,185.7759881727553,4631854.251837577,0,,,,,0.0,SIN DATOS,False,False
2330,4,50.1192811301037,10657204.56019126,33,1.0303030303030303,0.5567270969327973,0.3099450604592203,0.41089801347870536,0.43521639015791136,SUAVE,True,True
2331,4,9.512677043768944,6748192.926360416,34,1.0,0.19291063869983932,0.03721451452357995,0.10653813972650754,0.8381142161266734,SUAVE,True,True
2335,4,27.619086972090308,7977271.985459741,34,1.0,0.19077077609322574,0.036393489011211665,0.1282103242271083,0.6109849225200948,SUAVE,True,True
2343,4,81.7259873376244,9672340.885756958,32,1.0625,0.4378184945565914,0.19168503417580005,0.2072212099004185,0.8803330558456943,SUAVE,True,True
2345,4,39.86915100883649,10167963.542130962,25,1.36,0.27455059926119885,0.0753780315546834,0.3482783514590567,0.8754211790045946,INTERMITENTE,True,False
2348,4,29.15747968199968,19549192.367981374,18,1.8888888888888888,0.8978278289416005,0.8060948104219878,1.3227617661666073,0.66797665913538,CON PICOS,True,False
2349,3,9.37901685451748,1575214.2280412116,33,1.0303030303030303,0.4216431953757736,0.17778298420669278,0.21623021532254133,0.8628144121771961,SUAVE,True,True
2351,4,46.53203078828831,8742644.081400001,34,1.0,0.6070514068090985,0.3685114105089056,0.4955377803541193,0.4411925024926439,SUAVE,True,True
2353,4,35.775270152090165,22756954.506798957,34,1.0,0.3932674833284113,0.1546593134434623,0.32072790610701557,0.634803473316479,SUAVE,True,True
2355,4,67.8243319936304,1984385.9928999997,3,11.333333333333334,0.4752110793037404,0.22582556989302585,2.4691600479218483,0.042220679301219824,INTERMITENTE,False,False
2360,1,55.979028435586,2505274.2428005286,12,2.8333333333333335,0.4337870392370909,0.18817119541008143,2.9319725727647508,0.9691525333822227,INTERMITENTE,False,False
2364,4,48.853693432066486,197328.3729,0,,,,,0.0,SIN DATOS,False,False
2365,4,19.72357442626458,2210770.290454561,34,1.0,0.35906495903684904,0.12892764480813407,0.15922803043754793,0.18257125518598058,SUAVE,True,True
2366,4,182.91356027153924,18632778.82048557,28,1.2142857142857142,0.31916354265463104,0.10186536695985449,0.45893718266381306,0.9538508645551584,SUAVE,True,True
2368,3,78.19545815993355,6391911.787502911,21,1.619047619047619,0.12309147516127207,0.01515151125737806,0.33114482699005965,0.9577959314280685,INTERMITENTE,False,False
2372,4,50.617188155527735,5522168.697219043,34,1.0,0.3748375261108708,0.14050317098091775,0.3405208497300304,0.28345189174074287,SUAVE,True,True
2379,2,28.40586051161105,1348965.625777292,5,6.8,0.31171488484039034,0.09716616943105781,,0.9469740405449555,INTERMITENTE,False,False
2381,4,48.73806853540147,4540490.614491332,34,1.0,0.25858815947414115,0.06686783622022385,0.17637321235911327,0.423885937777954,SUAVE,True,True
2384,1,8.645028200646763,1290643.9241647972,21,1.619047619047619,0.24812356551899173,0.06156530376585738,0.41613015035450673,0.937264149861803,INTERMITENTE,False,False
2385,4,65.40652084722471,10569787.300236322,26,1.3076923076923077,0.3805651010485897,0.1448297961361233,0.41891728979160214,0.8803180807546903,SUAVE,True,True
2388,4,89.85288355754787,5491666.275481305,27,1.2592592592592593,0.7314497484256942,0.5350187344720113,0.7018955599636031,0.27026553018972616,ERRATICO,True,True
2389,4,64.94515468534604,10691351.246841928,34,1.0,0.8204342568440651,0.6731123698032734,0.6159354490807676,0.18638047330140395,ERRATICO,True,True
2392,3,5.513598455603714,32829579.531156328,34,1.0,0.271362397561679,0.07363755081042274,0.1568390796515801,0.8891890023639422,SUAVE,True,True
2393,1,11.269268195589412,940576.1722083995,34,1.0,0.41570881957859385,0.17281382267542789,0.07952242905620285,0.9442147492863375,SUAVE,True,True
2396,3,2.6138548762238325,54017805.47115098,34,1.0,0.2997732951278765,0.08986402847182494,0.19195927762405215,0.9109494793687575,SUAVE,True,True
2399,2,57.52680523399593,459423.4483,3,11.333333333333334,0.6685220806370932,0.4469217722993481,2.1880784010627665,0.48602897411466417,INTERMITENTE,False,False
2400,4,93.03201343427564,23530149.9074682,23,1.4782608695652173,0.2942292539070971,0.086570853854727,0.30568289717607716,0.8897181364036785,INTERMITENTE,False,False
2401,4,61.69960716997011,4649639.8236,3,11.333333333333334,0.16421973243785834,0.02696812052196178,3.3166247903554,-0.0971189722369202,INTERMITENTE,True,False
2404,4,34.679650043666484,16184579.293950627,34,1.0,0.4610424877989115,0.21256017555580944,0.27060733882524135,0.6285490136434576,SUAVE,True,True
2405,4,89.26929897013409,33477949.25299164,26,1.3076923076923077,0.41205169195571506,0.1697865968435675,0.58258200213507,0.7144135705188007,SUAVE,True,True
2411,3,125.48139557567404,9345445.273126626,34,1.0,0.2557734111268464,0.06542003783946278,0.10011676724156737,0.780694884384397,SUAVE,True,True
2412,4,102.82557183439162,1758799.5303000002,0,,,,,0.0,SIN DATOS,False,False
2416,4,21.624820196333587,8386980.644859711,34,1.0,0.2936822827891725,0.0862492832242595,0.2699683804012802,0.5382770940055873,SUAVE,True,True
2417,4,94.67317383874828,3311588.0954133905,2,17.0,0.8738293766985321,0.7635777795813451,,0.9977335130334236,CON PICOS,False,False
2422,2,30.45195259430553,10534.852999999997,0,,,,,0.0,SIN DATOS,False,False
2426,4,43.77020052517256,4360554.578483696,34,1.0,0.32668781719242634,0.10672492990195218,0.25055618550665953,0.6772803703306909,SUAVE,True,True
2432,3,11.367776478982794,1251077.6847725667,28,1.2142857142857142,0.3375181901666585,0.11391852869337667,0.35352253448056936,0.9329974894784417,SUAVE,True,True
2436,4,12.470942157094768,9412134.064282939,32,1.0625,0.2797565714069744,0.07826373924538557,0.25771329407125937,0.8165166503660423,SUAVE,True,True
2437,4,16.84799231245777,61238696.13285776,34,1.0,0.2849619644764417,0.08120332119827281,0.22575010697588627,0.2567167923588106,SUAVE,True,True
2438,4,28.155700266682185,3557222.1429629214,34,1.0,0.8342626815876998,0.6959942218898998,0.5933044147698461,0.5103652031717041,ERRATICO,True,True
2439,4,245.9223673439909,91394657.45798366,34,1.0,0.20185114288857772,0.04074388388542502,0.09619376892610107,0.5849858333174448,SUAVE,True,True
2441,4,26.34570721935837,332353.9946,0,,,,,0.0,SIN DATOS,False,False
2444,3,216.2326479062772,1365833.5205,6,5.666666666666667,0.6953870712734626,0.4835631788942837,2.7982517779931597,0.1250660271146288,INTERMITENTE,True,False
2449,4,100.5436081532304,19120589.104076944,34,1.0,0.5974509412355345,0.35694762718322615,0.5695650255837751,0.5544743593636136,SUAVE,True,True
2453,3,64.37804679333456,3900474.0086286957,12,2.8333333333333335,0.48749043667508773,0.23764692584966773,2.7086973806564214,0.9847473392256727,INTERMITENTE,False,False
2454,4,93.3823144593913,13442870.688287713,12,2.8333333333333335,0.45133657780994507,0.20370470646919261,2.4715040215583883,0.9787655996101208,INTERMITENTE,False,False
2460,4,208.3799883230404,29045840.683962382,33,1.0303030303030303,0.3769846007990921,0.1421173892396508,0.1180062480031982,0.7325505149603642,SUAVE,True,True
2461,4,106.17634077982991,6087655.5368040055,26,1.3076923076923077,0.35520860650966674,0.12617315413853925,0.29385217134348346,0.8063810581994199,SUAVE,True,True
2462,4,49.94746686780501,2388214.1535000005,8,4.25,1.050915944298195,1.1044243219801668,,0.8604590402331781,CON PICOS,False,False
2463,3,21.300675020745,1473846.7433661483,34,1.0,0.3864734827029511,0.14936175283254827,0.18053296071462552,0.833676208330053,SUAVE,True,True
2464,4,167.2831347027232,3350003.6914,7,4.857142857142857,0.46733158375630246,0.21839880917617394,,0.7831378944906333,INTERMITENTE,False,False
2465,4,37.14747639320588,10585321.988149587,34,1.0,0.5038386430499772,0.2538533782304423,0.4236371767972896,0.3333729611075539,SUAVE,True,True
2467,3,35.854263012702084,2525921.3558806987,34,1.0,0.4687834621920802,0.21975793442479352,0.21698200902864026,0.9300213447340395,SUAVE,True,True
2472,1,5.87,244796.37519999995,8,4.25,0.45585440590154275,0.2078032393798485,0.9009466460727699,0.8762393533044206,INTERMITENTE,True,False
2473,3,82.2129154078822,3638230.6273607207,12,2.8333333333333335,0.38551148229318466,0.14861910297988842,2.7043465936597797,0.9735299751337494,INTERMITENTE,False,False
2478,4,113.6713402164044,26100594.768400006,27,1.2592592592592593,0.28376356469342207,0.08052176064751793,0.167054668783862,0.8852223480493765,SUAVE,True,True
2482,3,101.29186113220658,454817.67610000004,1,,,,,-0.031249999999999892,SIN DATOS,False,False
2488,4,88.11900501792654,5619679.396261991,34,1.0,0.37648302919881177,0.14173947127471337,0.2901466960786044,0.3052141465937738,SUAVE,True,True
2490,3,35.0380312323058,19320988.27630072,34,1.0,0.19547152831896247,0.03820911838335095,0.1373802063485481,0.8313701329870253,SUAVE,True,True
2493,4,60.66134614448854,70084381.38319264,34,1.0,0.2580984053048896,0.06661478682092706,0.17725193724111685,0.27778597688564344,SUAVE,True,True
2495,4,25.20143550640282,1201284.1346999998,5,6.8,1.2324984644314123,1.5190524648257893,2.3882773507803496,0.041065869702845356,CON PICOS,False,False
2507,4,40.46606069606749,26378943.212303836,34,1.0,0.1910650160640158,0.03650584036354262,0.17468861398212684,0.6525279892793957,SUAVE,True,True
2514,4,59.10521516213174,6030102.005424897,24,1.4166666666666667,0.46231351512138547,0.2137337862638915,0.49383897830912094,0.6925782027251862,INTERMITENTE,True,False
2515,3,85.95373940895325,8257304.131201605,29,1.1724137931034482,0.22292430051424486,0.049695243759765355,0.3335919276822362,0.8287017643892762,SUAVE,True,True
2517,4,153.09904216203935,1644318.9256,0,,,,,0.0,SIN DATOS,False,False
2520,4,27.331552468447057,13023775.558933292,34,1.0,0.4217338433566147,0.1778594346323416,0.3057848322774185,0.1384172539215545,SUAVE,True,True
2521,4,41.1316998767171,24645939.345087413,34,1.0,0.22448042836994023,0.050391462721151865,0.1440657972102659,0.5311872722161798,SUAVE,True,True
2524,4,51.98497655584594,61761020.679351315,34,1.0,0.21005509349529336,0.04412314230331643,0.1577677167463008,0.598857423195127,SUAVE,True,True
2525,4,145.2897092584935,13190504.008276403,20,1.7,0.9335149271039282,0.8714501191258525,0.7181885942190648,0.9432243919198702,CON PICOS,False,False
2528,1,24.36686149961649,908689.9737181583,34,1.0,0.13150138031885777,0.017292613025764875,0.08457671930044078,0.4041099029412272,SUAVE,True,True
2539,4,32.303836684460215,69353941.38596918,34,1.0,0.14837508953737022,0.02201516719522263,0.0840058691499139,0.5608488807004468,SUAVE,True,True
2541,3,198.0679650564497,10376644.022411508,34,1.0,0.5870475924435106,0.3446248757937221,0.54335771154664,0.2807283558756633,SUAVE,True,True
2543,1,16.970379165944856,1302888.9811999996,34,1.0,0.20293364091175173,0.0411820626136998,0.1523634009250598,0.5717122623292363,SUAVE,True,True
2548,4,62.753573325126325,2385658.6695999997,28,1.2142857142857142,1.2732337548672554,1.6211241945333703,0.4241272071260571,0.269413764005676,ERRATICO,True,True
2551,3,190.23734130352952,19373673.81730738,34,1.0,0.2937419446808179,0.08628433006486867,0.1497489083037881,0.5220276123240524,SUAVE,True,True
2555,4,14.066722757345683,6855754.515136912,34,1.0,0.1380314462862238,0.019052680163866687,0.12719841677498295,0.10708699457982844,SUAVE,True,True
2561,4,238.43699374368057,12740856.9169942,9,3.7777777777777777,0.4474692073100747,0.20022869149070663,,0.7211266216456296,INTERMITENTE,False,False
2563,4,40.2525115662975,21789628.029707953,34,1.0,0.7914646278955185,0.6264162572097915,0.7547658880362129,0.6080675951532185,ERRATICO,True,True
2567,4,45.65505289970557,1354722.3846929634,5,6.8,0.07417891352603814,0.005502511211903444,,0.8582496234356591,INTERMITENTE,False,False
2569,4,102.07070563495236,15551559.056500005,8,4.25,0.9600098215574451,0.9216188574867575,2.3836191228209422,0.597918365896705,CON PICOS,True,False
2570,4,82.82742544340779,381300.1943999999,2,17.0,0.5251540250520217,0.2757867500283394,,0.24811171458222328,INTERMITENTE,False,False
2572,3,38.60727180702804,678543.6499352937,9,3.7777777777777777,0.4853218901572138,0.23553733706577068,1.4084845959454433,0.8612942781668849,INTERMITENTE,False,False
2573,4,104.22435688976036,94508910.44984892,34,1.0,0.2966091752733906,0.08797700285636094,0.2460023292030913,0.3919495558702242,SUAVE,True,True
2575,4,80.94584533080769,8046994.042235424,34,1.0,0.30339268559783644,0.09204712167426764,0.21783183820236926,0.7016462181126861,SUAVE,True,True
2579,4,39.196118105778346,46063466.139277615,34,1.0,0.2669879849101258,0.07128258408636957,0.2227984420452093,0.29993418960776974,SUAVE,True,True
2582,4,62.46214016771792,35755414.64286194,34,1.0,0.2819225442958682,0.07948032098225577,0.1980258927406885,0.2369497525846533,SUAVE,True,True
2583,3,39.08906539706506,2650201.499308884,21,1.619047619047619,0.1791931760345303,0.03211019433734216,0.3619211160702276,0.9301741185063997,INTERMITENTE,False,False
2584,3,10.240182613154648,3832996.7122221766,34,1.0,0.3064169859402006,0.0938913692726771,0.1444690643416228,0.9117586493106357,SUAVE,True,True
2595,1,35.81807899486985,5017161.897183951,30,1.1333333333333333,0.44082418498482173,0.19432596206753233,0.3534658453200734,0.9745357805496235,SUAVE,True,True
2596,3,107.14523380004972,26035296.434190072,32,1.0625,0.3194191233003703,0.10202857632997717,0.18403472613891464,0.9310787728931326,SUAVE,True,True
2598,4,19.00614047285003,46967264.26709893,34,1.0,0.2292931730623318,0.05257535921299244,0.1835593567069364,0.2708984298644615,SUAVE,True,True
2599,4,41.58935624693287,4794658.047477028,34,1.0,0.16203870498448777,0.026256541913049863,0.09521474268049475,0.693029085100484,SUAVE,True,True
2601,4,27.062034635768317,34316709.05541684,34,1.0,0.15111483905403886,0.022835694582328068,0.11646528428623769,0.4763187278309439,SUAVE,True,True
2602,4,88.03875919855697,2670768.4499,1,,,,,0.0,SIN DATOS,True,False
2603,4,4.497478690694634,15983345.800489405,34,1.0,0.26682123745770636,0.07119357275846172,0.1477325689336435,0.9092074436330204,SUAVE,True,True
2606,3,66.12175792958979,2295034.6427648766,29,1.1724137931034482,0.27151649039048426,0.07372120455396593,0.31143979963884877,0.8691449916653006,SUAVE,True,True
2610,4,74.21595481592014,52551353.539900005,21,1.619047619047619,0.7017486127528509,0.49245111550055076,1.089738420391053,0.6294035631771785,CON PICOS,True,False
2612,3,21.25779239502582,8618963.423446259,34,1.0,0.14626451999701662,0.021393309809957673,0.11208340577054132,0.4148764696722709,SUAVE,True,True
2614,4,33.67892653560393,3520355.4700407456,34,1.0,0.4260213483998852,0.18149418929245636,0.3539244171396826,0.34575567118049194,SUAVE,True,True
2616,3,246.70396921098867,35915778.13061908,13,2.6153846153846154,0.9878475577752901,0.9758427974026052,1.8960806157668832,0.2622616709160133,CON PICOS,True,False
2617,4,44.12125789067301,2295409.7653999995,9,3.7777777777777777,0.7139409232222619,0.5097116418514557,2.461187395871456,0.3017491582109786,CON PICOS,True,False
2618,3,248.78147130444776,11579421.630203433,34,1.0,0.24112266055060277,0.05814013743100121,0.15956291795508754,0.5514242099513507,SUAVE,True,True
2620,3,20.55542491778631,305154.7384,1,,,,,0.0,SIN DATOS,True,False
2623,4,74.83743904526787,28262767.467862595,30,1.1333333333333333,0.7046648385700429,0.49655253471694466,0.4477447584483125,0.5337977295711794,ERRATICO,True,True
2629,4,34.435756208777725,87472914.5217141,34,1.0,0.20003241436370825,0.040012966796174276,0.12056906497602152,0.13828537629226706,SUAVE,True,True
2630,4,48.86113534420848,4524370.118900001,12,2.8333333333333335,0.7763042623498717,0.6026483077425785,1.7190900427260936,0.5495637645335157,CON PICOS,True,False
2635,3,26.33722243809961,1618310.6489980835,8,4.25,0.3953140860823834,0.15627322665515003,,0.9471979856114291,INTERMITENTE,False,False
2637,4,9.35619781598091,86912.71549594778,0,,,,,0.0,SIN DATOS,False,False
2639,3,50.88882700250806,416556.09119999997,2,17.0,0.8850739285160177,0.7833558589387769,3.1145039980119886,0.027697585552313362,CON PICOS,False,False
2640,4,27.433826955263942,21994430.730199993,34,1.0,0.48280106498119,0.23309686834697127,0.3707264659372407,0.04185742206758095,SUAVE,True,True
2641,3,39.66299818009189,2681486.7988419095,34,1.0,0.32562474959952215,0.10603147755175149,0.24442616108724927,0.685540534784877,SUAVE,True,True
2643,3,4.653930710451428,1492403.232954423,8,4.25,0.46377001385364724,0.21508262574981216,,0.9649588933662426,INTERMITENTE,False,False
2645,1,23.11041692713182,1469718.9818977502,22,1.5454545454545454,0.18064031787878845,0.03263092444334974,0.22421262839837666,0.8628635597274822,INTERMITENTE,False,False
2654,4,22.79108857528677,3474099.4185,9,3.7777777777777777,1.0629001366257012,1.1297567004389342,1.6933376932581548,-0.0043301609531907195,CON PICOS,True,False
2656,4,72.54588911180575,9151712.5172,12,2.8333333333333335,0.29735591578338194,0.08842054065137374,0.29735591578338194,0.937356104283229,INTERMITENTE,True,False
2661,3,54.21783845657458,11121938.881480891,34,1.0,0.31358633522074597,0.09833638963717807,0.32094204648185537,0.7001899373587636,SUAVE,True,True
2662,4,96.03984245191435,16848293.57129995,19,1.7894736842105263,0.669914702278496,0.448785708328886,1.078725081977562,0.7582676277002006,INTERMITENTE,True,False
2663,3,860.6188877708281,1625011.9777,3,11.333333333333334,0.23950549882292893,0.05736288396642001,3.3166247903554,-0.09406460149688525,INTERMITENTE,True,False
2664,4,258.06262417696604,88273997.99212576,31,1.096774193548387,0.625623364961099,0.3914045947852485,0.35912057424059035,0.6201692966428308,SUAVE,True,True
2669,4,185.2954590134084,5674362.13591449,8,4.25,1.7514873840552938,3.0677080565048565,,0.6114340329431579,CON PICOS,False,False
