SKU,ALMACENES,PRECIO,VALOR,MESES_VENTA,ADI,CV,CV2,ESTAC,AUTOCORR,PATRON,ELEGIBLE,MUESTRA
0,1,761.9691617230989,5706790.8958,2,17.0,0.6763376241398719,0.45743258182716656,3.3166247903554,0.15082592238883166,INTERMITENTE,False,False
2,1,835.2955833671218,28584666.864317946,4,8.5,0.4317268705449019,0.18638809075049448,3.3166247903554,0.1657101087597141,INTERMITENTE,False,False
6,1,876.675180438155,97104040.91930002,21,1.619047619047619,0.5110537713341415,0.26117595719484904,0.8171976250600181,0.53728109860618,INTERMITENTE,True,False
8,1,420.799581179727,30502473.993,2,17.0,0.7085778486441833,0.5020825675892191,2.8306351593830166,0.9856278608570961,CON PICOS,True,False
9,1,2553.16,2106663.3792,0,,,,,0.0,SIN DATOS,False,False
10,1,742.508753642681,4738935.893636293,3,11.333333333333334,0.570519299171672,0.3254922707273358,,0.5098107565148041,INTERMITENTE,False,False
14,1,619.1985316088222,30756860.422000002,31,1.096774193548387,0.46760062439790534,0.21865034393731095,0.316221190444142,0.7404438298495662,SUAVE,True,True
16,1,1534.2935852991968,54265938.8445,22,1.5454545454545454,0.42989437457851204,0.18480917329425,0.26579009070829607,0.8554061741714934,INTERMITENTE,True,False
19,1,2024.0973837316365,7914058.8426,0,,,,,0.0,SIN DATOS,False,False
20,1,731.5502693467499,6322072.058699999,8,4.25,0.18141798257306516,0.03291248440088097,,0.9158419829833946,INTERMITENTE,False,False
21,1,676.1390229191919,13280202.06113112,4,8.5,0.7117490511905302,0.50658671187062,1.8761023787661106,0.585572687963457,CON PICOS,True,False
27,1,467.3480813362992,33287138.15506508,14,2.4285714285714284,0.4643684838763495,0.21563808881761945,1.7331431032078608,0.9556062684659299,INTERMITENTE,False,False
30,1,363.05,7331457.1135,7,4.857142857142857,0.3609478388114278,0.13028334234264044,0.9683122362508375,0.9127860148671902,INTERMITENTE,True,False
32,1,1011.4987468505244,2589386.2169999997,0,,,,,0.0,SIN DATOS,False,False
35,1,822.3247838562776,5711547.242000001,6,5.666666666666667,0.9269094095289,0.859161053473214,1.9295697258322975,0.5678181106014613,CON PICOS,False,False
36,1,68.90691319354123,46695435.366384685,34,1.0,0.4655221401495996,0.21671086296946343,0.13503637957939524,0.9518671187196704,SUAVE,True,True
44,1,196.6782885166467,74605241.57300343,17,2.0,0.23592846899680167,0.055662242483174806,0.9096800982437641,0.9603724857339081,INTERMITENTE,False,False
46,1,737.2100000000002,1137212.7739000004,2,17.0,0.4670003046823848,0.21808928457344023,,0.28540309722582163,INTERMITENTE,False,False
49,1,85.13265708597258,6880021.222200002,18,1.8888888888888888,0.37895489550893846,0.14360681283019047,0.2657272652953817,0.8744631299492862,INTERMITENTE,False,False
52,1,456.19999999999993,12768631.982,14,2.4285714285714284,0.51190159896953,0.26204324702756154,0.5992337505126129,0.7994124740949959,INTERMITENTE,True,False
55,1,339.98,3651398.7992000007,2,17.0,0.07468687267458969,0.0055781289499103725,2.243539340796025,0.7490832091205373,INTERMITENTE,True,False
57,1,2405.9769267426304,115037480.0535,8,4.25,0.7619032081047642,0.5804964985203316,,0.8036413538916325,CON PICOS,False,False
60,1,160.30328122515152,19418868.575069588,34,1.0,0.22441980551378152,0.05036424910684352,0.14106317963390944,0.5423332212034188,SUAVE,True,True
62,1,887.8800000000001,3892377.132,0,,,,,0.0,SIN DATOS,False,False
64,1,113.54353056563546,363564480.74615717,34,1.0,0.22111902183953372,0.04889362181927219,0.15765419515034537,0.7688162335886208,SUAVE,True,True
67,1,2508.598359292514,100284907.05230637,34,1.0,0.36275831346867127,0.13159359399063478,0.16875310834716292,0.8245852175144563,SUAVE,True,True
69,1,1130.6219953127284,500353847.02090013,34,1.0,0.34928429404867606,0.121999518069082,0.19435523992371095,0.6406840720473765,SUAVE,True,True
70,1,564.6062813820014,2436710.8510000003,0,,,,,0.0,SIN DATOS,False,False
72,1,647.8976518460915,197654998.35256413,34,1.0,0.5230268254104709,0.27355706009895514,0.3955995352705662,0.7025975329164903,SUAVE,True,True
73,1,736.5251760117561,22279893.939607374,34,1.0,0.26688163716570823,0.07122580825624873,0.1262245683374822,0.5134376606793237,SUAVE,True,True
74,1,3105.28,21567566.976,0,,,,,0.0,SIN DATOS,False,False
76,1,1842.092706896706,4119177.1856,0,,,,,0.0,SIN DATOS,False,False
81,1,776.86,4696406.138200001,2,17.0,0.777413127732463,0.6043711711707708,2.9370439266419943,0.9921968971218068,CON PICOS,True,False
84,1,1278.66106776046,77971716.19656794,33,1.0303030303030303,0.3759926691601953,0.14137048726220808,0.4037129294743487,0.5198551021650583,SUAVE,True,True
88,1,547.9045976252515,7849593.5712,4,8.5,0.5999987017878085,0.3599984421470555,1.7549915459742722,0.6827498270199394,INTERMITENTE,False,False
91,1,1250.65,11638486.367500002,0,,,,,0.0,SIN DATOS,False,False
93,1,1087.9593802822828,20677483.991799995,4,8.5,0.32887099154996374,0.10815612908305633,2.362874749202534,0.3362461762433536,INTERMITENTE,True,False
98,1,1259.9720968500717,96149655.08440001,17,2.0,0.7600014298374399,0.5776021733549531,0.8434895394251124,0.5113459877698038,CON PICOS,True,False
100,1,1338.5305109335236,99281324.43329999,33,1.0303030303030303,0.48208594422267304,0.23240685761706623,0.38563590620969107,0.5442038560810241,SUAVE,True,True
101,1,817.9766264459953,11115271.702851756,12,2.8333333333333335,0.8679941356967488,0.7534138196039459,1.8473623597255364,0.8762671955102725,CON PICOS,False,False
102,1,1571.1701960823848,5455118.632500001,10,3.4,0.4962740762464681,0.24628795875428522,3.3166247903554,0.7907971631432515,INTERMITENTE,False,False
104,1,990.820046199844,47962715.1502,9,3.7777777777777777,0.7492719336779133,0.5614084305974394,0.9705163228222661,0.2427338385197936,CON PICOS,False,False
105,1,571.2202901767456,14442659.558191113,34,1.0,0.34590863763297935,0.11965278558910382,0.11422565097781283,0.2701655947473091,SUAVE,True,True
109,1,453.8037979110569,6040164.854499999,15,2.2666666666666666,1.1825734403798058,1.3984799418917302,1.7521739493401465,0.8419036904773626,CON PICOS,False,False
110,1,1817.268555454827,41848896.23854927,31,1.096774193548387,0.3303431458972909,0.10912659404131883,0.30735742479995887,0.669362693057678,SUAVE,True,True
111,1,382.8168857879752,2529703.7474820926,0,,,,,0.0,SIN DATOS,False,False
113,1,1049.5138908677811,4840956.287600001,0,,,,,0.0,SIN DATOS,False,False
117,1,1240.7332100548365,79854581.98569733,18,1.8888888888888888,0.43074920425166996,0.18554487696344688,0.8397082772068885,0.9745224319870849,INTERMITENTE,False,False
121,1,388.784500895305,523268.94759999984,3,11.333333333333334,0.7117089230554513,0.5065295911567503,2.2419006143509126,0.4247513772817937,CON PICOS,True,False
122,1,789.5902267340377,429734.4809,0,,,,,0.0,SIN DATOS,False,False
123,1,663.3299534875748,3482621.5551,0,,,,,0.0,SIN DATOS,False,False
125,1,179.29971996151,2873267.2544,13,2.6153846153846154,0.5385902831829998,0.29007949313914394,2.1453505710528242,0.959243570491946,INTERMITENTE,False,False
132,1,378.9491197316026,4707825.1256,11,3.090909090909091,0.5061307131702513,0.25616829881422715,1.2287013644143017,0.6299195818483666,INTERMITENTE,True,False
135,1,1419.2323860640302,1130418.5955,0,,,,,0.0,SIN DATOS,False,False
136,1,4881.084929848705,302131981.96278787,34,1.0,0.49637280889492447,0.24638596541023722,0.2836857637129996,0.7726540417361493,SUAVE,True,True
138,1,712.602454921944,91588698.47989996,31,1.096774193548387,0.43372296374390257,0.18811560927879462,0.48972824314818947,0.6528007123617329,SUAVE,True,True
139,1,1184.4570948279736,13974094.514500005,11,3.090909090909091,1.3992229779156358,1.9578249419270997,1.731575905225022,0.9065484057227047,CON PICOS,True,False
141,1,720.0511094060084,15026098.556195525,31,1.096774193548387,0.4570812900237445,0.2089233056897704,0.4434178375508757,0.6567296037023707,SUAVE,True,True
143,1,833.9357735272989,9647277.584399998,7,4.857142857142857,0.8171035084103475,0.6676581434564989,2.0077114882762284,0.4126890381091065,CON PICOS,False,False
148,1,2594.8990610216465,170548806.62198573,32,1.0625,0.5392857065127095,0.2908290732489122,0.25624155200461873,0.7802303589674444,SUAVE,True,True
151,1,145.8151569607612,9300827.077499999,34,1.0,0.1900642902973537,0.03612443444623674,0.11300198056105468,0.10921281121456398,SUAVE,True,True
154,1,324.0091426762235,1812853.8339134578,0,,,,,0.0,SIN DATOS,False,False
156,1,233.25,4873245.6,0,,,,,0.0,SIN DATOS,False,False
157,1,2157.002309999481,47281167.084842116,24,1.4166666666666667,0.423743752624825,0.1795587678885689,0.7501303379316067,0.7798688986737585,INTERMITENTE,True,False
159,1,925.4872640355926,2974654.8896999997,6,5.666666666666667,0.48438771941069214,0.23463146271589141,,0.8525942703682438,INTERMITENTE,False,False
161,1,283.67,1126124.5128,5,6.8,0.694568903732467,0.48242596203212107,,0.6027864448768445,INTERMITENTE,False,False
162,1,1909.3136479406328,31368705.80924752,5,6.8,1.2306698430611176,1.514548262620076,2.404379981932171,0.3096043274106171,CON PICOS,True,False
164,1,1373.39,4903002.3,9,3.7777777777777777,0.5515312398789757,0.30418670856244023,,0.9589760123541179,INTERMITENTE,False,False
168,1,177.8339724839206,14142287.563597457,34,1.0,0.4907673891721142,0.2408526302748134,0.24127192828346572,0.6296045340449339,SUAVE,True,True
169,1,1276.1495003520804,3751458.4017000007,0,,,,,0.0,SIN DATOS,False,False
171,1,1002.65,12643988.010499999,0,,,,,0.0,SIN DATOS,False,False
173,1,1113.9049844985825,36421362.4172,9,3.7777777777777777,0.8868811225953286,0.7865581256159503,2.1369601317394156,0.42610513623519425,CON PICOS,True,False
175,1,914.5048035703844,7185492.867853403,9,3.7777777777777777,0.4904166757732542,0.24050851587648914,1.27388623579378,0.6631208020469307,INTERMITENTE,False,False
176,1,212.7029265842424,19289373.286911063,31,1.096774193548387,0.36888279496177084,0.13607451641880786,0.3785868850276765,0.571294607704272,SUAVE,True,True
178,1,4354.357716327381,81514752.126232,32,1.0625,0.20328930802262496,0.04132654275631769,0.3124565221582075,0.6157562325435794,SUAVE,True,True
185,1,978.8022835486364,30839652.101000015,34,1.0,0.2685188194670657,0.07210235640798661,0.25579001274443314,0.2896504308817485,SUAVE,True,True
188,1,669.0655019241801,29074154.4076,8,4.25,0.47095517825230354,0.221798779922659,,0.862197804622516,INTERMITENTE,False,False
189,1,414.0334491522856,13527288.429699998,12,2.8333333333333335,0.4375813970467215,0.19147747904136053,0.9085421057416885,0.8705598760358649,INTERMITENTE,False,False
192,1,838.9366722459266,124082861.3936,31,1.096774193548387,0.42209358671929625,0.17816299594956006,0.42499531383157557,0.7228328932787895,SUAVE,True,True
199,1,462.08197408267847,5740250.289600001,7,4.857142857142857,0.5549974435341257,0.3080221623294151,1.9138953782900066,0.4304236901315415,INTERMITENTE,True,False
202,1,960.4443435812952,139578341.4485439,9,3.7777777777777777,0.5459735905418575,0.2980871615691678,,0.715492891190625,INTERMITENTE,False,False
204,1,1915.2177009629013,239916008.07299995,18,1.8888888888888888,0.9069242936031103,0.8225116743275007,1.1051894781344966,0.7751547210491155,CON PICOS,True,False
205,1,159.26581579833115,87114489.67325112,34,1.0,0.16460111133872227,0.027093525853942445,0.0844816730843171,0.8475198656362363,SUAVE,True,True
208,1,1365.3237854270046,10455649.5488,0,,,,,0.0,SIN DATOS,False,False
215,1,898.97,694202.6134,1,,,,,-0.03124999999999998,SIN DATOS,False,False
220,1,212.45346280994897,3321994.5786737176,8,4.25,0.07910925163058742,0.006258273693551599,,0.8925947999611035,INTERMITENTE,False,False
221,1,1094.1233869209614,21226726.768935878,32,1.0625,0.27956588128122806,0.0781570819765497,0.33900603863839873,0.7466775024109847,SUAVE,True,True
222,1,1042.1394079998306,4925515.590999999,5,6.8,0.7074920204866529,0.5005449590522866,,0.21679656163020555,CON PICOS,False,False
224,1,289.42034402112546,20412556.38550036,34,1.0,0.34854268409694245,0.12148200263750102,0.27671927157011295,0.18610807538035334,SUAVE,True,True
227,1,722.3670476821227,54846902.77722337,9,3.7777777777777777,0.30193942855993955,0.09116741851910284,,0.9480670510832765,INTERMITENTE,False,False
228,1,396.124786349589,3181250.430438505,11,3.090909090909091,0.2975446154282509,0.08853279817034572,3.3166247903554,0.942864960532515,INTERMITENTE,False,False
230,1,893.8734311641497,203264646.13428986,34,1.0,0.2073925185507038,0.043011656750804025,0.17170161014834945,0.5732482282513655,SUAVE,True,True
234,1,641.9681907336726,11967294.965335112,34,1.0,0.27120614894661826,0.07355277522645529,0.19488568285321822,0.49594947604513334,SUAVE,True,True
236,1,435.7641613561477,29417305.546334006,20,1.7,0.3585979782948682,0.1285925100371668,0.4343322280642833,0.903300817424491,INTERMITENTE,True,False
237,1,676.4926492165413,56511476.41510001,32,1.0625,0.2424802717781331,0.0587966822015973,0.24727540451226745,0.8736877616825481,SUAVE,True,True
238,1,514.628709105786,22101723.145956554,15,2.2666666666666666,0.8312089413964132,0.690908304257346,0.9820296882666351,0.5754120697449009,CON PICOS,True,False
240,1,1113.5822213796775,8135731.487,3,11.333333333333334,0.5015104384751722,0.2515127198995595,3.3166247903554,0.5673766680261966,INTERMITENTE,False,False
243,1,183.73005257876747,6923159.6707284255,31,1.096774193548387,0.4397280703752834,0.19336077587597017,0.4197390930937437,0.414847455503245,SUAVE,True,True
244,1,1814.78,17148037.698,2,17.0,0.7524821866604369,0.5662294412412725,,0.9900961459814976,CON PICOS,False,False
245,1,526.9425928120862,7925343.06211605,32,1.0625,0.30499656829364213,0.09302290667089831,0.31682280458881507,0.7436140791461807,SUAVE,True,True
246,1,346.9175852782816,127391349.77102467,34,1.0,0.19201001530030606,0.036867845975623766,0.1473548149330935,0.4538246734081365,SUAVE,True,True
249,1,888.9722445031829,5831800.1595,9,3.7777777777777777,0.7678314207335085,0.5895650906656382,1.7934655396400379,0.5411256884819122,CON PICOS,False,False
250,1,1317.2447296415237,31744188.532500006,15,2.2666666666666666,0.4457871214432546,0.19872615764466303,0.9347692843012148,0.8561989041878336,INTERMITENTE,False,False
252,1,770.6639149009578,1518886.0965999998,0,,,,,0.0,SIN DATOS,False,False
253,1,861.4974614983207,18028006.0184,10,3.4,0.30070897061378504,0.09042588500760224,,0.8750805181142818,INTERMITENTE,False,False
254,1,1864.1884299226524,5752139.819369336,0,,,,,0.0,SIN DATOS,False,False
266,1,91.1875687134116,2791792.2205999997,6,5.666666666666667,0.38938343267307246,0.15161945764026516,1.141594899813647,0.8445846995840627,INTERMITENTE,False,False
269,1,795.2535739083652,9167571.864515288,0,,,,,0.0,SIN DATOS,False,False
272,1,2298.3992577930358,20792813.645513363,4,8.5,0.6147347643565559,0.37789883050851036,,0.8897396287523084,INTERMITENTE,False,False
274,1,1551.4296554897642,70279251.42190002,4,8.5,0.3890444368814187,0.1513555738683802,1.566546112186022,0.5459953017573858,INTERMITENTE,False,False
276,1,1842.4557551171545,123791396.31330772,21,1.619047619047619,0.309074005583846,0.09552674092764328,0.4924244416514501,0.9451748395451351,INTERMITENTE,False,False
278,1,74.12256600654186,51501929.51851898,22,1.5454545454545454,0.3174475966268092,0.10077297660413738,0.40476559479739666,0.9454979401694944,INTERMITENTE,False,False
279,1,1948.615758549486,26300486.379299995,7,4.857142857142857,0.6358531493685938,0.4043092275619593,1.8292566315681442,0.5554068256619701,INTERMITENTE,True,False
280,1,837.8238358919386,40767393.5488,17,2.0,0.758116065240953,0.5747399683764249,0.6082980317273983,0.8904600203388727,CON PICOS,True,False
285,1,988.8315018971596,14685284.959400002,8,4.25,0.43194841922873073,0.1865794368741993,,0.9618837872303186,INTERMITENTE,False,False
291,1,1748.5213538277608,114075194.21900925,7,4.857142857142857,0.7323537009408864,0.5363419432818132,,0.7214309067636467,CON PICOS,False,False
292,1,1694.5706809006758,14124161.896773089,9,3.7777777777777777,0.6448536760877012,0.4158362635638218,3.3166247903554,0.32456310005473127,INTERMITENTE,False,False
297,1,533.5410689776536,4866155.9842,1,,,,,0.0,SIN DATOS,True,False
302,1,371.9262482966123,27277431.81853439,26,1.3076923076923077,0.369248760619158,0.13634464721878425,0.2404898024485428,0.7844154644121832,SUAVE,True,True
304,1,421.2360773767417,86928294.64827505,34,1.0,0.3454953099654032,0.11936700920809001,0.1569129615984457,0.7672809566466114,SUAVE,True,True
305,1,855.7343467216062,18147532.6188947,34,1.0,0.43503815873731744,0.1892581995575554,0.1943305228799748,0.530784136679494,SUAVE,True,True
307,1,1300.5380328557508,32369858.41718617,25,1.36,0.6095800047057357,0.37158778213704474,0.481834607218125,0.723123049261691,INTERMITENTE,True,False
309,1,782.8275795569867,31302973.393399995,23,1.4782608695652173,0.48760696910853946,0.23776055632321616,0.9072431869843954,0.6850686604627724,INTERMITENTE,True,False
314,1,1965.5192649102155,77651140.63264312,18,1.8888888888888888,0.6543265212822162,0.4281431964532866,0.9209071673913319,0.9299544877922495,INTERMITENTE,False,False
315,1,782.6865678211368,86535509.7144257,32,1.0625,0.257726830676021,0.06642311925030639,0.2522239007231478,0.8149516903298182,SUAVE,True,True
319,1,709.2460174081389,46257975.645022154,34,1.0,0.4282453473268982,0.18339407750713566,0.4524051660225469,0.7407356633785737,SUAVE,True,True
321,1,273.4537779302717,13633787.362065226,0,,,,,0.0,SIN DATOS,False,False
323,1,407.02,1223624.226,9,3.7777777777777777,0.6714286921348032,0.4508164886218523,,0.8774807843189465,INTERMITENTE,False,False
325,1,154.74,3524327.292000001,12,2.8333333333333335,0.33954811290030706,0.11529292097415968,0.37344521326672975,0.6923407570094778,INTERMITENTE,True,False
329,1,479.8142250493234,254033884.50698215,34,1.0,0.23441605501517718,0.054950886848878576,0.2257441090706231,0.5571529462306517,SUAVE,True,True
330,1,478.6453087714135,43699282.81696311,26,1.3076923076923077,0.2313251556467214,0.053511327634979886,0.25701246761259056,0.8877440881285902,SUAVE,True,True
335,1,1058.9477985299334,16373821.492599316,4,8.5,0.12217312693655077,0.014926272945454549,,0.8992956476546962,INTERMITENTE,False,False
338,1,883.2506263164285,24076308.010102943,22,1.5454545454545454,0.5294002985117509,0.2802646760643309,0.50583331493979,0.8960123428984239,INTERMITENTE,False,False
339,1,87.88351259770864,30095171.92082335,34,1.0,0.37110067210412023,0.13771570883612977,0.14712297640956754,0.9145086346363062,SUAVE,True,True
340,1,3075.45855819346,29409441.517751943,4,8.5,0.5768992652179747,0.33281276220903916,,0.826174473963539,INTERMITENTE,False,False
341,1,647.5070153736631,128591985.94671045,34,1.0,0.15459729071967507,0.023900322297863732,0.0956050385153678,0.4770097557151647,SUAVE,True,True
343,1,487.39080829927696,387597.5403,4,8.5,0.2354559643650428,0.0554395111550723,2.249468411898979,0.47738958205011456,INTERMITENTE,False,False
347,1,1148.7851075061726,127930719.9458255,33,1.0303030303030303,0.4122893928651108,0.16998254346908168,0.15002478337459688,0.7788119026033877,SUAVE,True,True
348,1,1180.3887118311293,86138783.61866683,25,1.36,1.0213942596455496,1.0432462336368804,1.204458668029574,0.7464765713551375,CON PICOS,True,False
351,1,535.4328563582752,9240569.841302441,3,11.333333333333334,0.6755625437989423,0.45638475058409783,,0.47493892630555623,INTERMITENTE,False,False
353,1,2454.973977387416,20844496.64928288,12,2.8333333333333335,0.5389033755803009,0.2904168482118428,2.338220751731023,0.6857804640751972,INTERMITENTE,False,False
355,1,1069.3948315505825,115655157.97167864,34,1.0,0.2787410854851219,0.07769659273742403,0.17654244640644723,0.49314398287905425,SUAVE,True,True
359,1,227.9831869786693,12232656.7612,34,1.0,0.32337369986371767,0.10457054976354975,0.23681880532045413,0.6292531297712665,SUAVE,True,True
363,1,1848.4734567638536,60831376.01917253,14,2.4285714285714284,0.48057806773876777,0.23095527919152767,1.7225243470083285,0.9327602091196637,INTERMITENTE,False,False
365,1,509.69021976816674,29686983.303929836,34,1.0,0.3810003970650893,0.14516130256375573,0.10603687516068955,0.9269693969540854,SUAVE,True,True
366,1,180.52256892979915,3816414.993165059,18,1.8888888888888888,0.4465186853881963,0.199378936400803,0.37004044406615694,0.8181818740686377,INTERMITENTE,True,False
368,1,166.7077447705125,67241670.54491049,34,1.0,0.4386494011166504,0.19241329709999605,0.2044670443686858,0.7565102877262924,SUAVE,True,True
371,1,1018.1319245935628,34257349.5811,14,2.4285714285714284,1.2802252042535254,1.6389765736059807,1.722751105569745,0.42413986085020283,CON PICOS,True,False
372,1,316.65000000000003,7328256.2820000015,0,,,,,0.0,SIN DATOS,False,False
373,1,690.3822362638009,20225099.706288543,1,,,,,-0.031249999999999986,SIN DATOS,False,False
375,1,680.8656523841892,218061421.22488877,34,1.0,0.27560311872025967,0.07595707904833354,0.15875567223557627,0.45862965917007303,SUAVE,True,True
378,1,348.600659172608,67312179.75330003,34,1.0,0.45524187339693445,0.20724516329395049,0.2971205509059807,0.5492458186406907,SUAVE,True,True
381,1,2261.406618070571,58885648.87652064,31,1.096774193548387,0.3966624687453111,0.1573411141111249,0.4941259581556715,0.48409648862552995,SUAVE,True,True
383,1,648.1431128720409,9808621.947200002,16,2.125,0.9126340088935992,0.8329008341892022,1.1452075822457424,0.6779686255979018,CON PICOS,True,False
385,1,1775.5798834755174,20136531.85411682,8,4.25,0.4460899204662443,0.19899621714158017,,0.8330709374814103,INTERMITENTE,False,False
386,1,591.9183678389121,60010246.796000004,23,1.4782608695652173,1.0247191656470156,1.0500493684443157,1.2435205996140066,0.8323488466362858,CON PICOS,True,False
387,1,1947.8848233363444,8717154.682546575,3,11.333333333333334,0.35914295445598976,0.12898366173537715,,0.6267388001364043,INTERMITENTE,False,False
390,1,1488.2169419050442,31215647.99984668,22,1.5454545454545454,0.27678638968920377,0.07661070551718377,0.2959846927382179,0.916211968679912,INTERMITENTE,False,False
395,1,81.8,163539.46799999996,0,,,,,0.0,SIN DATOS,False,False
396,1,985.0601124346464,262174566.52437443,31,1.096774193548387,0.25780841951546185,0.06646518117306037,0.31466292277620983,0.6903508507474831,SUAVE,True,True
401,1,804.0681617996418,736454.0700739099,0,,,,,0.0,SIN DATOS,False,False
403,1,998.644815242216,26065638.309085235,32,1.0625,0.42661825928738345,0.18200313915739713,0.3918018548012821,0.7904255210589071,SUAVE,True,True
405,1,437.1274815456547,2936591.8220999995,8,4.25,0.9050961339094071,0.8191990116177554,2.4314801214709854,0.8971648544161074,CON PICOS,False,False
408,1,147.75177179480713,59093222.135646,9,3.7777777777777777,0.36062135197812467,0.13004775950253047,,0.9687435864470141,INTERMITENTE,False,False
409,1,1052.1480829739792,16265167.736175576,28,1.2142857142857142,0.4831196287414418,0.23340457567526857,0.4123465477800714,0.8130349362188272,SUAVE,True,True
410,1,330.84113211521884,20746332.778100003,13,2.6153846153846154,0.2793991721823368,0.07806389741617507,1.844795480068686,0.9654192143090004,INTERMITENTE,False,False
413,1,542.6082958876043,23349205.47582377,18,1.8888888888888888,0.3277289192373036,0.10740624450445105,0.9250619514213136,0.8667483577246312,INTERMITENTE,True,False
418,1,997.5036943266412,14872291.305600004,14,2.4285714285714284,0.8631573822759399,0.7450406665774529,1.047202570503555,0.6092219533921773,CON PICOS,True,False
419,1,887.4898414160883,48849748.345129184,34,1.0,0.18470862968753415,0.034117277881046626,0.10040253104012131,0.7551242640685086,SUAVE,True,True
420,1,1498.5803761169543,1571426.3681999992,2,17.0,0.27640514376535175,0.07639980349994477,3.3166247903554,-0.05966374673011928,INTERMITENTE,False,False
422,1,214.3719893499516,4087340.6846999996,5,6.8,0.202122952640856,0.04085368798425772,,0.9340294694463256,INTERMITENTE,False,False
424,1,722.7781130671056,18915703.1248,8,4.25,0.3168590807047607,0.10039967702506607,2.450032060109069,0.6437089556282873,INTERMITENTE,True,False
425,1,845.5270511768202,2091149.0476999998,6,5.666666666666667,0.4056349512589243,0.16453971368282988,,0.7799632283087738,INTERMITENTE,False,False
427,1,535.0932441971552,18423988.12452016,14,2.4285714285714284,0.6713391380177441,0.45069623823440774,1.5756984621666823,0.8968650326119741,INTERMITENTE,False,False
431,1,1338.613042865973,2100698.8343,1,,,,,-0.03124999999999999,SIN DATOS,False,False
438,1,473.56652108172335,7748514.360600001,9,3.7777777777777777,0.3823371782861501,0.14618171789981532,0.7268027865474149,0.8611953338954076,INTERMITENTE,True,False
446,1,2468.3543797294,30822464.557400003,10,3.4,0.5926290070731765,0.351209140024539,1.2951942333423274,0.594937811131793,INTERMITENTE,False,False
447,1,918.8993007187136,116746698.30689996,26,1.3076923076923077,0.258075033224576,0.06660272277386599,0.16673982505999438,0.824318609224568,SUAVE,True,True
449,1,1761.9984070254447,60471468.1694,28,1.2142857142857142,0.3771929343932085,0.1422745097561593,0.2680881025867844,0.7957797470894594,SUAVE,True,True
455,1,2173.5003851999472,22339410.839115873,4,8.5,0.4706667829184125,0.22152722054276805,3.3166247903554,0.6629154334819144,INTERMITENTE,False,False
458,1,845.511714679718,40613817.00995438,34,1.0,0.3091183245436744,0.0955541385686884,0.10077998542378043,0.812838122945574,SUAVE,True,True
466,1,1699.659595081814,10375894.9335,5,6.8,0.9210305476396219,0.8482972696853418,2.4323496245102065,0.4078942364057497,CON PICOS,True,False
470,1,1049.9052800609725,104156420.2573,0,,,,,0.0,SIN DATOS,False,False
473,1,1170.3286582753983,68961651.29873759,30,1.1333333333333333,1.242566891187889,1.5439724790763354,1.2225543999037742,0.34188892787953434,ERRATICO,True,True
474,1,527.35,1688036.803,2,17.0,0.9534642515729558,0.9090940790275767,,-0.008197564695490251,CON PICOS,False,False
476,1,779.3490969581834,219143364.48376665,34,1.0,0.24546529387898144,0.060253210499094725,0.14575427706633687,0.7878289773208956,SUAVE,True,True
478,1,666.1953481160187,14917079.827572428,2,17.0,0.23262249715122896,0.054113226180873525,,0.4150320607551298,INTERMITENTE,False,False
479,1,476.4587097781609,44849873.09581201,25,1.36,0.4928867740103213,0.24293737199430157,0.41980181015954615,0.6352946597723743,INTERMITENTE,True,False
493,1,693.6786781598046,2503160.3205,0,,,,,0.0,SIN DATOS,False,False
494,1,1299.678375095579,6200739.534013505,3,11.333333333333334,0.4637203104070593,0.21503652628401942,,0.5655074618270856,INTERMITENTE,False,False
497,1,1908.504290163842,2377442.8792999997,3,11.333333333333334,1.27185329539419,1.6176108050050604,3.077408523420354,0.039088563910403024,CON PICOS,True,False
508,1,1046.1909438206942,25510058.426387846,32,1.0625,0.4170087341167209,0.17389628432963003,0.2898525881958841,0.6499009854552505,SUAVE,True,True
509,1,641.1824066469222,11604837.319791442,16,2.125,0.6018503626161658,0.36222385898121023,1.133005021885972,0.8095492420727173,INTERMITENTE,False,False
515,1,526.4161673931637,510839.51300000004,2,17.0,0.5052400531734009,0.255267511330661,,0.2609611145814711,INTERMITENTE,False,False
521,1,1263.9698330519557,20169735.412434928,6,5.666666666666667,0.9239061798918762,0.8536026292423998,2.473412044159591,0.30668237103585283,CON PICOS,False,False
525,1,1330.8936898335382,4482103.915000001,10,3.4,0.7920601279525034,0.627359246292136,2.3850908415018974,0.8281347024425562,CON PICOS,False,False
530,1,531.75,700952.8499999999,0,,,,,0.0,SIN DATOS,False,False
531,1,1483.8541020094426,13300793.337100001,17,2.0,0.3670195578350598,0.1347033558334428,0.7988338952926668,0.7970539396636158,INTERMITENTE,True,False
532,1,648.4449298191639,10634847.00929639,21,1.619047619047619,0.31790011060089995,0.10106048032006443,0.8170246479284199,0.7580925092156726,INTERMITENTE,True,False
535,1,616.2872373064686,7241787.950800001,2,17.0,0.765835585743813,0.5865041443915693,3.3166247903554,0.09577433037703288,CON PICOS,False,False
537,1,1598.27,9053272.5534,1,,,,,0.0,SIN DATOS,False,False
539,1,499.0561701423613,25124957.93300868,34,1.0,0.21741600516899653,0.047269719303645125,0.16361337056361397,0.6305805153102976,SUAVE,True,True
544,1,870.5025293307152,357858401.6127823,28,1.2142857142857142,0.32433088275166494,0.10519052150647423,0.4022180147480423,0.7741846746488453,SUAVE,True,True
547,1,1503.955808705818,7976004.0381,4,8.5,0.39761485830884385,0.15809757554796197,1.5729884699653354,0.7531908212038118,INTERMITENTE,False,False
549,1,998.5270294789034,27461869.805000003,27,1.2592592592592593,0.3321336397459125,0.11031275465086757,0.1946308120734162,0.825969837034788,SUAVE,True,True
551,1,877.5845928425384,32818820.398230128,9,3.7777777777777777,0.39183666610799306,0.15353597290662685,,0.873015027098769,INTERMITENTE,False,False
553,1,1200.5099999999998,9317602.298699997,0,,,,,0.0,SIN DATOS,False,False
556,1,945.8215238165247,514678.24040000007,3,11.333333333333334,0.6074123316765307,0.3689497406727198,2.1156084143080167,0.5156989081650273,INTERMITENTE,False,False
557,1,256.63,5587009.608399999,4,8.5,0.4727311373838509,0.22347472825222933,1.634143257109574,0.6402535015954725,INTERMITENTE,True,False
560,1,1992.530342366761,280467754.05410486,30,1.1333333333333333,0.3443558157216927,0.11858092782135239,0.3039067712072477,0.7629043103036226,SUAVE,True,True
561,1,1920.4083941315373,5115449.451700001,6,5.666666666666667,0.4526086426206997,0.20485458337495227,,0.9301658773789211,INTERMITENTE,False,False
566,1,596.5432101134893,64680627.06766637,34,1.0,0.359659852376229,0.12935520941129083,0.21885199767783867,0.2876133848260613,SUAVE,True,True
567,1,2345.7650556856606,128451021.4971238,32,1.0625,0.41804178728373076,0.174758935915376,0.25345631949073405,0.6503597676100363,SUAVE,True,True
568,1,375.1619509145848,4737530.10967134,3,11.333333333333334,0.8052672274593269,0.6484553076200313,3.3166247903554,-0.048492637925536285,CON PICOS,True,False
570,1,2787.331933975885,39996931.07986432,14,2.4285714285714284,0.4255717580649597,0.18111132126250062,1.8248890160156224,0.8141854844036082,INTERMITENTE,False,False
574,1,612.1109801087593,72809891.0352,32,1.0625,0.5481905956334269,0.3005129291409313,0.4860106210596836,0.4999696098170345,SUAVE,True,True
581,1,302.1726396354148,502591.6646000001,4,8.5,1.024032507345631,1.0486425761005795,2.3181960943301267,0.47830359117141974,CON PICOS,False,False
582,1,689.83,1352701.4435999999,0,,,,,0.0,SIN DATOS,False,False
583,1,235.71571689869,8865034.754000003,7,4.857142857142857,0.6096312776537269,0.3716502946937155,3.3166247903554,0.8126787060569846,INTERMITENTE,True,False
584,1,344.7440763010809,4249598.17462969,8,4.25,0.11384623289974567,0.012960964745463134,,0.9353432762956999,INTERMITENTE,False,False
586,1,887.3919911716873,29946178.60383729,34,1.0,0.4835932707134626,0.2338624514793443,0.2065399478427238,0.9516394700746306,SUAVE,True,True
587,1,858.6708656769833,13148517.8446,16,2.125,0.2389787004157061,0.057110819252379805,1.061375393851915,0.8034683752000111,INTERMITENTE,False,False
588,1,1322.7005617509603,31030608.086699996,6,5.666666666666667,0.7492330473125905,0.5613501591853105,2.5041716343330376,0.6486036973943888,CON PICOS,False,False
590,1,3504.6161808957686,114291105.99873868,34,1.0,0.2861240099350897,0.0818669490613353,0.17489582105231474,0.4442257589768959,SUAVE,True,True
592,1,128.3255090740071,8045329.293742154,28,1.2142857142857142,0.3997910385871001,0.15983287453455214,0.3671907347962901,0.7822690590742463,SUAVE,True,True
593,1,930.4893159279752,31655162.783831287,16,2.125,0.42904898295004196,0.1840830297704654,1.2044181875312319,0.9611840408411635,INTERMITENTE,False,False
595,1,224.59,409715.0452,0,,,,,0.0,SIN DATOS,False,False
597,1,287.5161735766985,36579708.08433493,6,5.666666666666667,0.42331747409572856,0.17919768387478782,,0.855031479851034,INTERMITENTE,False,False
598,1,1515.586519082724,7059814.187999999,4,8.5,0.2886078363037483,0.08329448317593117,3.3166247903554,0.6285192771974801,INTERMITENTE,False,False
599,1,891.3530712586555,8824261.7025,3,11.333333333333334,0.31385948272151465,0.09850777489421675,,0.9318589098582629,INTERMITENTE,False,False
602,1,160.3514737778246,22995483.712188046,34,1.0,0.23447752844982517,0.054979711347938574,0.09712098427253259,-0.002907620203207389,SUAVE,True,True
607,1,1127.3340915812994,23580807.94051535,27,1.2592592592592593,0.25910521002873466,0.0671355098640347,0.44547662334129434,0.8506415004471833,SUAVE,True,True
615,1,1861.8502142368268,19432800.952066887,2,17.0,0.07559462131227597,0.005714546771346409,,0.7496996346471734,INTERMITENTE,False,False
617,1,1343.448875788301,74468620.5924,31,1.096774193548387,0.6530033977737116,0.4264134375040123,0.6117739274378159,0.6620978455331472,SUAVE,True,True
622,1,482.28187340427047,118205473.79154271,16,2.125,0.44754601533282573,0.2002974358402899,1.1533453707350274,0.9305376340971108,INTERMITENTE,False,False
623,1,1152.2690703756327,1321802.4186999998,0,,,,,0.0,SIN DATOS,False,False
628,1,420.360722679455,14700220.448854655,10,3.4,0.5205055170183408,0.2709259932465303,,0.9364542946444002,INTERMITENTE,False,False
629,1,662.4566578301211,23546856.2884072,26,1.3076923076923077,0.5203774718203111,0.2707927131780987,0.7024175248698276,0.6738035394823291,SUAVE,True,True
633,1,350.2023842426502,10728243.421866884,17,2.0,0.4194337025614748,0.1759246308444277,0.41821184643050435,0.7313381857446476,INTERMITENTE,True,False
638,1,944.0611132314302,1968971.6202,0,,,,,0.0,SIN DATOS,False,False
640,1,333.382772528774,29208541.49793765,34,1.0,0.17109366246923202,0.029273041337135493,0.12717014082281852,0.38619759563991524,SUAVE,True,True
655,1,1223.8210798637206,4885248.9865999995,0,,,,,0.0,SIN DATOS,False,False
657,1,1393.71,1457304.9873000002,1,,,,,-0.031249999999999986,SIN DATOS,False,False
663,1,2553.216314358825,201527763.71567756,23,1.4782608695652173,0.41189704814275724,0.16965917826871688,0.7325612322109302,0.6375152586302238,INTERMITENTE,True,False
666,1,753.271437768978,28235272.535756614,34,1.0,0.346745381266579,0.12023235942970524,0.2601032638122977,0.763524259027072,SUAVE,True,True
667,1,1417.6278305480962,74938996.7853911,34,1.0,0.40342789262324796,0.1627540645464349,0.10970092772092101,0.881733414940045,SUAVE,True,True
675,1,591.3129170408789,5148668.005000002,11,3.090909090909091,0.8375446333576602,0.7014810128662173,1.4029624611460858,0.7337477634497135,CON PICOS,True,False
677,1,840.0682832027551,8298085.2925999975,9,3.7777777777777777,0.968876613332133,0.9387218918619437,2.8550959984452264,0.5247464909601386,CON PICOS,True,False
678,1,471.3560069917835,1427864.6113,2,17.0,0.23886612946353417,0.057057027804889866,,0.4123287939059336,INTERMITENTE,False,False
679,1,1342.644099298857,45299375.28115718,4,8.5,0.570208502461922,0.3251377362798677,,0.6445494236969469,INTERMITENTE,False,False
680,1,387.518346462311,19715387.2698,11,3.090909090909091,0.4596448903751448,0.21127342524797885,0.5669119783349206,0.9051651257380176,INTERMITENTE,False,False
683,1,720.7629271812722,1018805.6052,0,,,,,0.0,SIN DATOS,False,False
687,1,1506.5605333155174,5073794.564100001,11,3.090909090909091,1.4862904969280715,2.2090594412586935,1.2937550405828453,0.2933718271105879,CON PICOS,True,False
688,1,2261.788034406455,11284467.6255,8,4.25,0.4407915765007479,0.1942972139140147,1.803446804551372,0.5467262087120187,INTERMITENTE,False,False
689,1,375.77,1882134.2298,4,8.5,0.39445982310756167,0.15559855204604883,,0.3626987844213723,INTERMITENTE,False,False
696,1,113.38,2486204.5766000003,3,11.333333333333334,0.6762793954428898,0.4573538207006006,2.1975930657886606,0.7915310997315759,INTERMITENTE,True,False
699,1,808.3159678787234,93366346.49759996,24,1.4166666666666667,0.5584828682187688,0.3119031140938627,0.3029449548885514,0.7647678516521478,INTERMITENTE,True,False
700,1,1485.90022589533,24954877.04878782,10,3.4,0.3335391288860107,0.11124835049803887,,0.9136234743999722,INTERMITENTE,False,False
703,1,584.42,2713584.7882,0,,,,,0.0,SIN DATOS,False,False
705,1,859.83,790931.8221,1,,,,,-0.03125,SIN DATOS,False,False
707,1,1452.9928174246172,31268172.952126976,20,1.7,0.6026686024080087,0.36320944432842245,0.49978484784706034,0.9793635671654629,INTERMITENTE,False,False
711,1,1214.9468157265444,8184963.053399999,3,11.333333333333334,0.3501129784876829,0.12257909770551671,,0.9437608982875824,INTERMITENTE,False,False
713,1,855.5041971241224,25003632.958423357,8,4.25,0.7053850410884205,0.49756805619131267,1.9137860081555151,0.5990829723261191,CON PICOS,True,False
714,1,1369.199109523373,12695830.283099998,10,3.4,0.8317671452078155,0.6918365838471592,1.7686097104319929,0.31376540074117976,CON PICOS,True,False
715,1,2826.2948514143663,1739499.6922000002,2,17.0,0.17718689054844694,0.03139519418222732,2.2777996323411247,0.43644528729120036,INTERMITENTE,False,False
719,1,673.9739151028141,658716871.0381091,19,1.7894736842105263,0.22060123639930637,0.048664905500902654,0.6604283726427933,0.9709272629731535,INTERMITENTE,False,False
722,1,905.534800030376,3100342.8823000006,6,5.666666666666667,0.7333186807831823,0.5377562875855868,1.8839456553348053,0.5889311083299915,CON PICOS,False,False
723,1,543.5946016378542,35959234.08186342,11,3.090909090909091,0.5602246884325262,0.313851701529321,0.9935391355045393,0.8297685956149884,INTERMITENTE,True,False
724,1,1876.7504137541089,16928007.219499998,4,8.5,0.9297754356963205,0.8644823608242825,2.914428763005217,0.451311411199284,CON PICOS,False,False
728,1,358.4544980189909,6051719.183699998,21,1.619047619047619,0.2584546657943656,0.06679881427087722,0.47551400518073234,0.8937470128365096,INTERMITENTE,False,False
729,1,583.7251720522091,43248034.5543,6,5.666666666666667,0.426001691522842,0.18147744118032264,,0.7449499149601955,INTERMITENTE,False,False
730,1,1564.1224077392258,123454617.52044933,9,3.7777777777777777,0.45507080811451334,0.2070894403979962,1.1671077025213725,0.8311145062089844,INTERMITENTE,True,False
734,1,339.535082020718,2153433.3506999994,2,17.0,0.29714772243507875,0.0882967689483546,,0.38459582412427284,INTERMITENTE,False,False
735,1,227.2352586296148,11058265.24770244,31,1.096774193548387,0.5237363947469367,0.27429981118251906,0.653006346667696,0.834169365828472,SUAVE,True,True
737,1,724.6395558674776,18139155.62328802,34,1.0,0.4052752720477124,0.16424804613334731,0.1595287374311294,0.8076826499899022,SUAVE,True,True
740,1,461.82,2084110.5324000001,4,8.5,0.5528172218677403,0.3056068807935664,,0.653105653684024,INTERMITENTE,False,False
742,1,599.5947263512645,295122389.04969126,34,1.0,0.7039083654570094,0.4954869869603587,0.22984985398483992,0.9404600846086771,ERRATICO,True,True
746,1,610.6706829571015,2489600.5604,0,,,,,0.0,SIN DATOS,False,False
751,1,51.40011725115598,19019606.46049332,10,3.4,0.35655580827805183,0.12713204441681486,,0.9815835639025545,INTERMITENTE,False,False
762,1,1516.0399999999995,6953802.592799997,0,,,,,0.0,SIN DATOS,False,False
763,1,756.3020251085298,515676.97279999993,3,11.333333333333334,0.5375071821604026,0.2889139708740162,2.5918504213903537,0.017050076854609728,INTERMITENTE,True,False
764,1,1903.9104352104464,52232792.75657229,30,1.1333333333333333,0.5429054270811158,0.2947463027541287,0.4738172059665117,0.6764847308477541,SUAVE,True,True
765,1,210.77519461245,26804903.285689384,34,1.0,0.2887607446366594,0.08338276764311803,0.16264352789922634,0.6052486814534204,SUAVE,True,True
768,1,768.5078291726445,29520061.065588877,33,1.0303030303030303,0.20689835697223183,0.04280693011780907,0.2031390169413453,-0.03486307963929078,SUAVE,True,True
770,1,455.6180927449256,81684245.9203808,34,1.0,0.26686595369858424,0.0712174372434549,0.2365301349355277,0.6951960936456326,SUAVE,True,True
772,1,566.6712995645615,44538703.79886681,34,1.0,0.21123679366860515,0.044620982999392864,0.15886303115098246,0.4342376212966725,SUAVE,True,True
773,1,1223.975248090694,28261025.449800007,9,3.7777777777777777,0.9832996934166772,0.9668782870733315,2.606638455531588,0.7631238373780371,CON PICOS,False,False
775,1,1149.390483995099,6406966.917600001,16,2.125,0.9389416675063373,0.8816114549795814,1.0647036158959062,0.8477547725350104,CON PICOS,False,False
780,1,362.2099999999999,1055429.2306,1,,,,,-0.03125000000000002,SIN DATOS,False,False
782,1,2439.6535537590958,42506425.41864226,3,11.333333333333334,0.7290686107387473,0.531541039164527,2.264103389127384,0.3956899316148297,CON PICOS,False,False
786,1,1018.495577679972,12604870.714500004,8,4.25,0.5432301400776193,0.2950989850887499,1.7199997499073305,0.6737065755271351,INTERMITENTE,True,False
789,1,159.09239662374122,57681291.82693966,16,2.125,0.45032572857238085,0.20279326181424562,1.425739874613285,0.9645927417518823,INTERMITENTE,False,False
795,1,1205.01,16099837.3575,0,,,,,0.0,SIN DATOS,False,False
797,1,2759.162253361384,6203507.2691,0,,,,,0.0,SIN DATOS,False,False
801,1,945.4551236512405,152216658.1795883,34,1.0,0.20626456375358343,0.042545070260456085,0.16671481208779215,0.2669923368433494,SUAVE,True,True
807,1,334.3909407887828,24921618.44757332,30,1.1333333333333333,0.5248893879311473,0.2755088695627344,0.23534665482730402,0.9068986628527013,SUAVE,True,True
808,1,1316.9231116389549,1325074.8657,0,,,,,0.0,SIN DATOS,False,False
809,1,1084.8791080921465,28040913.702022035,32,1.0625,0.34696672118564537,0.12038590561031737,0.38859794667439884,0.7668791683212028,SUAVE,True,True
811,1,737.9043431706851,12501575.381997747,2,17.0,0.5837262034877082,0.34073628063817335,,0.21015502553178073,INTERMITENTE,False,False
813,1,362.3177566660991,12087337.027801232,34,1.0,0.4503145448190467,0.20278318927558522,0.2496284717859866,0.07039156582190816,SUAVE,True,True
814,1,934.5677542335312,4954265.159,7,4.857142857142857,0.6666385247603499,0.44440692269465565,1.7172609507840533,0.5860160546688294,INTERMITENTE,False,False
820,1,650.7018292825339,58897241.46160002,29,1.1724137931034482,0.4685979222661647,0.21958401275216655,0.33599174763373585,0.7681458492575478,SUAVE,True,True
822,1,275.35298380047004,140103152.96470004,33,1.0303030303030303,0.561885400946788,0.31571520379713264,0.6127062743739797,0.5916460390739533,SUAVE,True,True
825,1,743.4656109346779,8725758.489295943,30,1.1333333333333333,0.43268518915493204,0.1872164729140393,0.2748125696739102,0.8440455854824488,SUAVE,True,True
827,1,1022.4582582677164,2467191.777199999,1,,,,,-0.03124999999999999,SIN DATOS,False,False
832,1,1453.5172283193233,8351764.6422,2,17.0,0.5346449957228401,0.2858452714514757,,0.24197014023378854,INTERMITENTE,False,False
834,1,1306.0496413283756,14733963.939710628,8,4.25,0.39017431692389254,0.15223599758702613,,0.6914481855070512,INTERMITENTE,False,False
842,1,714.4677924471939,40305450.19227165,34,1.0,0.3253838788442199,0.10587466861170997,0.17062078394399438,0.8923537715557083,SUAVE,True,True
849,1,782.420545635498,93946025.15920535,21,1.619047619047619,0.5124988959625545,0.2626551183628372,0.535840122535128,0.9800115152781153,INTERMITENTE,False,False
850,1,853.2883982781723,172383694.36190358,13,2.6153846153846154,0.6260097628302632,0.3918882231588024,2.1049988887928297,0.9348400894716603,INTERMITENTE,False,False
851,1,1089.147286907606,17007862.63700032,17,2.0,0.6605141595942056,0.43627895502443964,0.9706393535813326,0.6577548992089614,INTERMITENTE,True,False
853,1,580.2807069167487,95781098.66683617,27,1.2592592592592593,0.38779358866832725,0.1503838674122598,0.3577612175262077,0.8220142408481331,SUAVE,True,True
857,1,2403.0547635385524,19003669.46718213,4,8.5,0.5882373494315765,0.34602317926628656,,0.8490570053184504,INTERMITENTE,False,False
859,1,1281.3823670756572,53029778.6126,18,1.8888888888888888,0.6048261924783698,0.365814723107882,1.0491025405978978,0.7923272703366466,INTERMITENTE,True,False
860,1,1255.4227756755224,37393357.42220001,27,1.2592592592592593,0.44806345172269557,0.20076085676965635,0.32824066598523727,0.8296782573751629,SUAVE,True,True
863,1,678.8456392486763,17233263.6479,8,4.25,0.7173719832644979,0.5146225623728391,1.7794955233680163,0.7409219711499491,CON PICOS,True,False
864,1,1555.5518529242042,24687759.01427829,6,5.666666666666667,0.5733249251090058,0.3287014697512471,3.3166247903554,0.7426833529195586,INTERMITENTE,True,False
866,1,562.6683404152228,63266084.968600005,14,2.4285714285714284,0.5703720925009277,0.3253243239038868,0.39461422612043245,0.9154822502844883,INTERMITENTE,True,False
868,1,547.2574930312054,3027494.122347792,2,17.0,0.6238766345637868,0.3892220551546368,,0.9738709198289826,INTERMITENTE,False,False
869,1,1036.7487927091229,7905644.9788999995,9,3.7777777777777777,0.2704835438712345,0.07316134750514205,0.6564158717410197,0.8647261105150821,INTERMITENTE,False,False
870,1,1752.927081002999,66515045.96917934,8,4.25,0.7796922309235392,0.6079199749625256,2.1265089886259037,0.3828156662185207,CON PICOS,True,False
871,1,256.9032694781752,10149880.805407347,34,1.0,0.4385830012519574,0.19235504898717448,0.23297125139449498,0.8832910644073707,SUAVE,True,True
876,1,849.2040683420496,7074056.7141843075,5,6.8,0.6179101700635159,0.38181297826792315,,0.8846872326202929,INTERMITENTE,False,False
877,1,1278.292986964847,50058681.99654596,32,1.0625,0.5017222715477262,0.2517252377670103,0.3393798852500115,0.6770891130922049,SUAVE,True,True
878,1,476.0971221326127,21276656.602854706,17,2.0,0.5299832950473327,0.28088229302922807,1.092021385308113,0.6952399560558161,INTERMITENTE,False,False
879,1,753.5836253714342,24237073.06431872,31,1.096774193548387,0.2944324581254236,0.08669047239777934,0.2536978915809419,0.8461047074382388,SUAVE,True,True
880,1,1645.61,1690090.8383,0,,,,,0.0,SIN DATOS,False,False
886,1,485.48,1516527.8596,0,,,,,0.0,SIN DATOS,False,False
887,1,413.3325023975066,7145237.6356954565,6,5.666666666666667,0.46815867914562737,0.21917254885937848,,0.8840635943535738,INTERMITENTE,False,False
894,1,1993.7346033415288,2692099.9601999996,6,5.666666666666667,0.8450992058330081,0.714192667699581,2.2430625228362056,0.3262836956166992,CON PICOS,True,False
896,1,978.7492039773869,16692978.7485,4,8.5,0.8080452392250778,0.6529371086343132,3.065718714286321,0.5148154572603922,CON PICOS,False,False
899,1,861.9808477763244,421749.98919999995,2,17.0,0.03041203400915636,0.0009248918125740831,,0.4667900704747814,INTERMITENTE,False,False
902,1,1038.51,8330356.039499999,0,,,,,0.0,SIN DATOS,False,False
905,1,639.6409476744254,10860757.8854,5,6.8,0.42808751613198776,0.18325892146805486,,0.7852412737768776,INTERMITENTE,False,False
907,1,782.61,415558.0839,2,17.0,0.153731708695079,0.023633438258308624,,0.44399279832227584,INTERMITENTE,False,False
908,1,91.8957591198348,20827478.15361402,34,1.0,0.21785990351780318,0.04746293756078651,0.11542358224295414,0.43456916639854676,SUAVE,True,True
909,1,338.01800697451495,54781300.682293266,34,1.0,0.3434333247896538,0.11794644857607585,0.28883843098694,0.4470699592630029,SUAVE,True,True
915,1,1881.85624362302,7148833.135400001,4,8.5,0.4294250732723257,0.1844058935549423,2.259552133971211,0.36669811678950653,INTERMITENTE,False,False
917,1,604.4995137618116,51580389.94554501,34,1.0,0.21265572502928087,0.04522245738772911,0.09636273732893307,0.6805281985554821,SUAVE,True,True
920,1,1188.1328586008883,25226080.413956486,12,2.8333333333333335,0.5396258509967395,0.29119605906395535,1.5075986846557416,0.635303056358746,INTERMITENTE,True,False
922,1,381.0466552080187,12349920.239552593,21,1.619047619047619,0.4026554336040899,0.16213139821089764,0.5068522148993456,0.9546191889061538,INTERMITENTE,False,False
923,1,937.125177472652,19987867.940299995,9,3.7777777777777777,0.9808725057232519,0.9621108724838109,2.318017687091833,0.28122082115975455,CON PICOS,True,False
926,1,862.3554064149612,5252132.485000001,5,6.8,1.0444794184180197,1.0909372554988448,2.7202906443695163,0.16549625154183253,CON PICOS,False,False
932,1,476.3778384100775,62021140.90035575,33,1.0303030303030303,0.32294342967895984,0.10429245877280928,0.34453834791925597,0.5485163508145747,SUAVE,True,True
942,1,521.8599999999999,140552.5538,0,,,,,0.0,SIN DATOS,False,False
949,1,466.85780216982096,19343277.300099995,9,3.7777777777777777,0.5378825515385514,0.28931763924962234,1.5727436257612248,0.6956698181026529,INTERMITENTE,True,False
950,1,355.80298597837384,10113326.283299997,9,3.7777777777777777,0.6565438568311711,0.4310498359427493,2.0887058195000465,0.4343417747508978,INTERMITENTE,True,False
952,1,698.6847509156117,35426950.03212627,32,1.0625,0.2702698964898858,0.07304581694865359,0.36175123288832367,0.7381680596542394,SUAVE,True,True
958,1,570.3687115144895,8908697.275199998,2,17.0,0.3273069858296109,0.1071298629728651,2.3754534678324455,0.3686767630463079,INTERMITENTE,True,False
962,1,235.11051598461935,9830236.3482,34,1.0,0.24758650507853525,0.06129907749700356,0.15135869858640022,0.35134643714305275,SUAVE,True,True
966,1,2241.834723419204,310517872.6416279,2,17.0,0.8127711202512283,0.6605968939144367,,0.9946796924681972,CON PICOS,False,False
969,1,880.6611216802306,10670636.160173114,16,2.125,0.46097524206911167,0.2124981738006761,1.088915367768138,0.8730870432741842,INTERMITENTE,False,False
970,1,408.3895488078275,295255107.3377,28,1.2142857142857142,0.6456272708223112,0.41683457282946595,0.721823551225707,0.794392148371774,SUAVE,True,True
971,1,668.433318037411,126564225.86180003,34,1.0,0.2713464095913694,0.07362887399812722,0.15789686438163858,0.6704299378847477,SUAVE,True,True
976,1,353.63599242461066,29152244.72615718,34,1.0,0.3245244118516798,0.1053160938876787,0.24415053283936655,0.10773916002351276,SUAVE,True,True
977,1,751.4882116519533,44018534.720744915,34,1.0,0.4046745664791821,0.16376150475511397,0.24029219955688472,0.6725165394586546,SUAVE,True,True
979,1,928.69307490672,255001696.08730003,28,1.2142857142857142,0.300373639355134,0.09022432321944811,0.3165951185027574,0.7839711784466548,SUAVE,True,True
990,1,905.0998472696554,3514194.9729999998,5,6.8,0.8832976094732868,0.7802146669012231,,0.5562007136121758,CON PICOS,False,False
991,1,559.4238906462605,33275237.889741786,27,1.2592592592592593,0.34679351905312883,0.12026574485725283,0.49640185515611457,0.6500823503636717,SUAVE,True,True
992,1,221.6821583663937,10886617.933895815,28,1.2142857142857142,0.13144751407171823,0.017278448955634563,0.3645698076155679,0.8465428273941563,SUAVE,True,True
994,1,5430.674576994194,61327793.39680886,18,1.8888888888888888,0.39619358428634505,0.15696935622966118,0.660583816564585,0.7699045996015315,INTERMITENTE,False,False
995,1,568.0568264654675,49019850.338464916,34,1.0,0.17483733087643646,0.030568092267996522,0.06275303302768868,0.4800077960814608,SUAVE,True,True
996,1,3393.7975535820115,42101280.41930414,10,3.4,0.2469390984543902,0.06097891834546701,,0.9478122249581913,INTERMITENTE,False,False
997,1,2307.557438867708,27587356.844299994,6,5.666666666666667,0.5746768459463845,0.3302534772668845,2.2585890600215017,0.30407790141241625,INTERMITENTE,True,False
1001,1,264.46,3374726.4571999996,0,,,,,0.0,SIN DATOS,False,False
1002,1,1319.0887861797514,94790603.96436368,11,3.090909090909091,0.5373607222717446,0.288756545840411,2.3777866340043667,0.9274755777984394,INTERMITENTE,True,False
1004,1,277.3071884494283,1184586.9822588454,0,,,,,0.0,SIN DATOS,False,False
1010,1,941.6932141134048,121501562.02289997,32,1.0625,0.3869286481992715,0.1497137787973156,0.1351322479172881,0.8520477041652441,SUAVE,True,True
1011,1,198.389792859639,12824003.501955925,19,1.7894736842105263,0.5854719056448793,0.34277735229944645,0.23442252983993922,0.897499008255018,INTERMITENTE,True,False
1016,1,121.89562866285152,27019304.598292746,20,1.7,0.36172556493882524,0.1308453843303123,0.5495580530901522,0.807366331602989,INTERMITENTE,False,False
1018,1,824.7207875971649,1540545.4423999998,2,17.0,0.9813773621129426,0.9631015268677576,3.28307921945337,0.9999558510806339,CON PICOS,True,False
1020,1,941.75,1427928.4375,4,8.5,0.6657963313607796,0.4432847548534731,,0.6449105604079565,INTERMITENTE,False,False
1021,1,377.9403720058093,65763620.254175,34,1.0,0.3109073158238777,0.09666335903280844,0.19635292831469456,0.496869596709513,SUAVE,True,True
1022,1,377.97,6093231.6918,0,,,,,0.0,SIN DATOS,False,False
1023,1,353.1105407320748,16253483.979100002,34,1.0,0.19571711352577173,0.03830518852685982,0.11832300129717621,0.574159804098358,SUAVE,True,True
1024,1,397.4173160821241,9631031.108799998,12,2.8333333333333335,0.3621350935429274,0.13114182597534477,3.1795469963062453,0.946762790054132,INTERMITENTE,False,False
1025,1,1367.4563056322895,35297452.2145704,34,1.0,0.27243503954154297,0.07422085077000208,0.16722569015706748,0.6807796088250064,SUAVE,True,True
1026,1,236.3949463982441,15786955.6777611,28,1.2142857142857142,0.25255425343373583,0.06378365092747167,0.36978978602194496,0.890886877191138,SUAVE,True,True
1028,1,621.8970225880217,71262470.85575569,33,1.0303030303030303,0.4177713933313958,0.1745329370860558,0.1925447133620319,0.6354982743973582,SUAVE,True,True
1029,1,2617.5267169077247,1762694.8416999998,3,11.333333333333334,0.9989560587483787,0.9979132073100941,2.841183695785954,-0.039739212861999294,CON PICOS,True,False
1030,1,1069.122165755637,34930177.6488,31,1.096774193548387,0.9034243768058163,0.8161756046069776,0.5809463533717727,0.8167358346596089,ERRATICO,True,True
1037,1,3535.773111515898,66419038.249321654,18,1.8888888888888888,0.4287236419866741,0.18380396119831793,0.5991982867777518,0.7471208401416679,INTERMITENTE,False,False
1038,1,278.90266989244674,92838485.12356721,18,1.8888888888888888,0.859347418065303,0.7384779849355027,1.397889992368325,0.688134517948374,CON PICOS,True,False
1040,1,351.9404305785324,7129493.102317818,22,1.5454545454545454,0.2779250435303473,0.07724232982134545,0.3459835081904828,0.81740164919777,INTERMITENTE,True,False
1047,1,1031.8556477411034,2992701.2537,6,5.666666666666667,0.5649221813198805,0.31913707094721194,2.0052846904941046,0.43472287111836494,INTERMITENTE,True,False
1055,1,1201.0260457005795,77745394.48279184,29,1.1724137931034482,0.24629299435625152,0.060660239068968544,0.3181690776878083,0.8581899518487951,SUAVE,True,True
1056,1,832.0327407489215,36915462.23499999,34,1.0,0.3935010829706508,0.154843102299075,0.3349853312498229,0.7300154416199158,SUAVE,True,True
1061,1,618.8114725281372,32854767.90683705,15,2.2666666666666666,0.5998379290182971,0.3598055410889597,1.2988590693522333,0.8340000413362395,INTERMITENTE,True,False
1065,1,1549.710144094862,37173935.532199994,0,,,,,0.0,SIN DATOS,False,False
1066,1,2116.0153075002027,30769359.469115786,21,1.619047619047619,0.2840243952140214,0.08066985707669062,0.4786226645964103,0.8851590884222144,INTERMITENTE,False,False
1067,1,935.85,523140.15,0,,,,,0.0,SIN DATOS,False,False
1068,1,2381.0,11999335.22,0,,,,,0.0,SIN DATOS,False,False
1069,1,989.103151757996,34238863.938475415,29,1.1724137931034482,0.7834787110347554,0.6138388906446818,0.42023813337472765,0.9563277473890311,ERRATICO,True,True
1071,1,851.5082680106605,6086453.3735,4,8.5,0.6359084720940914,0.4043795848810418,,0.643684124045466,INTERMITENTE,False,False
1077,1,377.6371037366577,4514908.368402284,0,,,,,0.0,SIN DATOS,False,False
1082,1,431.6055819570514,10903962.572999999,1,,,,,-0.031249999999999983,SIN DATOS,False,False
1083,1,1487.6635676046556,7024985.3924,7,4.857142857142857,0.9876769807242306,0.9755058182525322,2.8956859230236582,0.017037257651738195,CON PICOS,True,False
1085,1,555.7,1075907.441,2,17.0,0.41451245525868613,0.17182057556458427,,0.3181056824341798,INTERMITENTE,False,False
1087,1,1075.146498041681,207875178.047182,31,1.096774193548387,0.2934468584014455,0.08611105870567802,0.31607412399638296,0.7576831440956261,SUAVE,True,True
1089,1,367.992602092642,29090632.13899999,18,1.8888888888888888,0.42118845588913756,0.17739971537427598,0.7404993743777963,0.7196552140149156,INTERMITENTE,True,False
1090,1,1107.6,2028879.5279999997,2,17.0,0.72398682247638,0.5241569191194454,2.8539343921535183,0.12115430003869242,CON PICOS,True,False
1092,1,629.6232754051442,74561858.25460514,34,1.0,0.20035388804898624,0.04014168045634571,0.09539416830458976,0.4919566184993164,SUAVE,True,True
1093,1,629.9271409494354,30860621.978282776,34,1.0,0.3257352868038944,0.10610347706921534,0.20612728238077177,0.5838044065877139,SUAVE,True,True
1094,1,855.7347698634929,140273284.29144007,34,1.0,0.2775727005032032,0.07704660406464095,0.19459454708276627,0.4852613276392909,SUAVE,True,True
1096,1,1610.1472295102838,53148351.60762267,34,1.0,0.28536955858234575,0.08143578496548286,0.1016324327253893,0.7898940648659559,SUAVE,True,True
1097,1,328.11592994401224,15773343.198755631,18,1.8888888888888888,0.30957502320461927,0.09583669499214056,0.8466560054919116,0.8802844672224683,INTERMITENTE,False,False
1098,1,812.65,2419315.9355,0,,,,,0.0,SIN DATOS,False,False
1100,1,1166.5150601708642,58643313.40337352,33,1.0303030303030303,0.26731118638080775,0.07145527036431494,0.3167243209733052,0.5182794305357924,SUAVE,True,True
1109,1,1519.5442218520805,1131239.8913999998,0,,,,,0.0,SIN DATOS,False,False
1114,1,2571.123196534634,41275012.01092944,3,11.333333333333334,0.3279121124947251,0.10752635352075327,,0.8355642938900804,INTERMITENTE,False,False
1116,1,1771.810367204274,75505025.5104706,13,2.6153846153846154,0.32126611534316657,0.10321191686768881,1.990481278275243,0.9500497847199101,INTERMITENTE,False,False
1120,1,1291.5501922423252,35586766.968454674,3,11.333333333333334,0.42677354536291917,0.18213565902163562,,0.6026224555253749,INTERMITENTE,False,False
1129,1,1045.5127917601983,91721593.0609,34,1.0,0.3932082418033006,0.1546127214220429,0.2951656982470281,0.4961008871645454,SUAVE,True,True
1132,1,911.9153900441926,6000658.6027999995,3,11.333333333333334,0.3674604626485481,0.135027191609885,,0.6312318142845186,INTERMITENTE,False,False
1136,1,778.7649344523949,16152301.204282364,34,1.0,0.3080230788359921,0.09487821709560382,0.20727488891305063,0.3940538616548019,SUAVE,True,True
1137,1,381.1968459961007,106380230.23922274,31,1.096774193548387,0.35191940213484063,0.12384726559894367,0.1984710363402677,0.52875334046816,SUAVE,True,True
1139,1,345.4102724461431,24228005.663005363,34,1.0,0.19057170465074616,0.03631757461349123,0.15981137803161435,-0.15433522922998635,SUAVE,True,True
1143,1,1251.4756385437854,7523333.404400663,0,,,,,0.0,SIN DATOS,False,False
1144,1,1412.4066958819817,121338842.31040004,11,3.090909090909091,0.809995128524494,0.6560921082334115,1.9127816924680585,0.5052577642619579,CON PICOS,True,False
1145,1,1289.8215559823725,315329872.99529296,34,1.0,0.2828047316250722,0.0799785162295291,0.17183371793397903,0.6790740472261294,SUAVE,True,True
1147,1,114.20681306575035,15841327.8185,17,2.0,0.543681688599359,0.2955897785182503,0.9135717293706463,0.9471933719215903,INTERMITENTE,False,False
1155,1,266.1700973121713,12397055.939681523,19,1.7894736842105263,0.2157891340437656,0.04656495037135824,0.6200887329729526,0.9291124189690163,INTERMITENTE,False,False
1159,1,684.2513808633953,66238229.61801728,25,1.36,0.492970199994464,0.24301961808258185,0.7539883198706937,0.7154317998201838,INTERMITENTE,True,False
1160,1,621.1920664912693,84085322.18649998,27,1.2592592592592593,0.595737336262213,0.3549029738167971,0.7841498993330235,0.544962294474746,SUAVE,True,True
1167,1,1765.1868270925208,68053865.56028745,30,1.1333333333333333,0.31333727201951445,0.0981802460366312,0.3523163879689043,0.6028426825829696,SUAVE,True,True
1170,1,434.4879856510584,13838698.690897742,34,1.0,0.28927168964492495,0.08367811043002978,0.20484339052089334,0.8024922687976827,SUAVE,True,True
1174,1,484.86559581729534,7389021.971650424,6,5.666666666666667,0.4531637713355489,0.20535740365105767,,0.7048155857414659,INTERMITENTE,False,False
1175,1,261.32506167184573,131068862.56106578,22,1.5454545454545454,0.40128210617920335,0.16102732873961742,0.46942160388291493,0.9568063670458933,INTERMITENTE,False,False
1179,1,1101.230366654523,24031544.6148,27,1.2592592592592593,0.2812313288654192,0.07909106033540955,0.201520036943406,0.729656414905335,SUAVE,True,True
1182,1,597.4925944771709,13655956.143517312,3,11.333333333333334,0.6819233656415222,0.4650194766078612,,0.47092219895862353,INTERMITENTE,False,False
1189,1,1780.4037911905566,312087585.8950817,22,1.5454545454545454,0.6112226706620328,0.3735931531312279,1.0411535626425543,0.9249221776412705,INTERMITENTE,True,False
1192,1,464.059228895643,1552793.2264,5,6.8,0.37467875528887734,0.14038416966482242,1.815741349055069,0.5501007757243161,INTERMITENTE,False,False
1193,1,1185.129057074343,16630204.980490014,2,17.0,0.585020683649031,0.34224920029717965,,-0.038441425160217355,INTERMITENTE,False,False
1195,1,1625.7543240140649,65579694.17962261,34,1.0,0.1857902644915685,0.034518022379846976,0.14336458131984667,0.39812973411381053,SUAVE,True,True
1197,1,448.03027223548406,36906332.3845,6,5.666666666666667,0.8736725404683942,0.7633037079684978,2.2923548173988446,0.06242760740074601,CON PICOS,True,False
1198,1,254.15205820218227,40843570.05139626,33,1.0303030303030303,0.42895711541580417,0.18400420686584754,0.4250911963616697,0.6605041142184901,SUAVE,True,True
1199,1,753.5197185002476,4961188.897000001,9,3.7777777777777777,0.3096038080546171,0.09585451796192021,,0.8911330494999997,INTERMITENTE,False,False
1203,1,509.6804090575746,21716738.096546028,28,1.2142857142857142,0.3489090041784636,0.12173749319680713,0.25844975111758256,0.8872000578391738,SUAVE,True,True
1206,1,1812.2365278367224,299721033.1568473,34,1.0,0.32778224366702824,0.10744119926339107,0.20052822821657493,0.4135797595864233,SUAVE,True,True
1207,1,280.37625592325486,69506462.63870001,32,1.0625,0.38978151833720753,0.15192963203725884,0.2155859625245712,0.7505895433196148,SUAVE,True,True
1210,1,464.6384811141596,73429002.97133186,22,1.5454545454545454,0.5074156960549713,0.25747068860295097,0.47464458001492066,0.8532056466772348,INTERMITENTE,True,False
1211,1,927.8067357645818,4016141.3487,8,4.25,0.5206003353379505,0.27102470915398647,0.9521223995532189,0.6883776037690956,INTERMITENTE,False,False
1213,1,170.36469072370045,23164239.9689,34,1.0,0.4398380706711489,0.19345752841171857,0.06659480806897468,0.9061856257408121,SUAVE,True,True
1217,1,223.628313919972,15078832.313827261,34,1.0,0.21520702238027628,0.04631406248178473,0.11694567146533169,0.598505901360867,SUAVE,True,True
1221,1,802.8332528578271,1814941.049738104,4,8.5,0.5509558306341453,0.303552327309761,,0.4092005110145477,INTERMITENTE,False,False
1226,1,455.53,274260.94709999993,1,,,,,-0.03125,SIN DATOS,False,False
1231,1,279.3013112579292,203848358.0809896,34,1.0,0.36012003442657,0.12968643919539394,0.38209597246327076,0.7332243751614964,SUAVE,True,True
1234,1,1345.1985209916486,51279788.19129944,34,1.0,0.5256545762453076,0.27631273352763397,0.2347229288691042,0.5962838461628341,SUAVE,True,True
1236,1,1254.280283884919,62985779.103355296,13,2.6153846153846154,0.673886892211807,0.45412354349488754,1.976331884787762,0.6724059834568807,INTERMITENTE,False,False
1237,1,388.43,2662411.8647,0,,,,,0.0,SIN DATOS,False,False
1238,1,770.452635823899,15792221.92585228,10,3.4,0.5456153338541148,0.2976960925367371,2.7976759340131485,0.7592130230494117,INTERMITENTE,False,False
1239,1,275.1436601820988,7574132.666,11,3.090909090909091,0.4593119880854055,0.2109675023989677,3.3166247903554,0.932897955006169,INTERMITENTE,False,False
1241,1,561.8079763025482,692259.7884,0,,,,,0.0,SIN DATOS,False,False
1243,1,766.726608285537,4784397.037500001,0,,,,,0.0,SIN DATOS,False,False
1244,1,478.9939879129986,23575619.460909523,26,1.3076923076923077,0.3019643550029806,0.09118247169236608,0.34539598904313035,0.8315713337556254,SUAVE,True,True
1245,1,1180.6757338197017,18810372.303370085,7,4.857142857142857,0.20140189021192628,0.040562721380936806,,0.7440051126681716,INTERMITENTE,False,False
1247,1,1334.6906379213794,7007152.5429,0,,,,,0.0,SIN DATOS,False,False
1251,1,604.2835450401504,38421719.5173,10,3.4,1.3975442496857347,1.953129929829663,1.766947285663144,0.6864618921120375,CON PICOS,True,False
1254,1,1618.9807788941723,8130715.749299999,0,,,,,0.0,SIN DATOS,False,False
1255,1,616.9827316864299,103107075.37560509,25,1.36,0.5634640866569275,0.3174917769521255,0.46977936301196677,0.6693541470421287,INTERMITENTE,True,False
1263,1,1506.755774521327,60010616.960903056,9,3.7777777777777777,0.5960879105329888,0.3553207970835845,,0.6894952862023661,INTERMITENTE,False,False
1264,1,249.98346312199797,13881714.198399998,34,1.0,0.28652742213953697,0.08209796363792841,0.19522170446694942,0.44359169237095997,SUAVE,True,True
1266,1,474.1039704133167,11914204.330248427,34,1.0,0.24847299470283155,0.06173882909659335,0.14403028712444765,0.3517638038475095,SUAVE,True,True
1274,1,250.6656472804445,315364.9575000001,1,,,,,-0.031249999999999986,SIN DATOS,False,False
1277,1,2466.7332992078927,36693915.859699994,5,6.8,0.5890969488323705,0.3470352151236086,2.165634671617475,0.3980822970885474,INTERMITENTE,True,False
1287,1,486.6243108352174,54757317.85059999,3,11.333333333333334,0.29746873165007026,0.08848764630950151,2.5339246707688985,0.2742717650710873,INTERMITENTE,False,False
1289,1,202.9992562421778,30461305.114497736,34,1.0,0.27311492202352533,0.07459176063191632,0.17490767941196544,0.5123452609841784,SUAVE,True,True
1293,1,478.3991014117757,6520651.512107715,10,3.4,0.5477885886009056,0.3000723378013722,,0.8962639705740149,INTERMITENTE,False,False
1295,1,256.6992680893675,21666403.951932076,34,1.0,0.2070699836611381,0.042877978133424,0.13742654982120794,0.28379736972566455,SUAVE,True,True
1296,1,683.13,3167270.7632999998,0,,,,,0.0,SIN DATOS,False,False
1298,1,807.8679643058608,119923968.04006314,33,1.0303030303030303,0.4549123494244519,0.20694524565887462,0.3678148986844422,0.6240170560166916,SUAVE,True,True
1299,1,447.2431833400886,13363286.413382513,34,1.0,0.2884217847219024,0.08318712590216741,0.1880835332094623,-0.15067093696008982,SUAVE,True,True
1303,1,900.7543203814784,103438509.70536485,34,1.0,0.26285541800957246,0.06909297077698708,0.2258812457518853,0.518210927400635,SUAVE,True,True
1304,1,834.6529040500096,3488840.7924,6,5.666666666666667,0.8207130109124086,0.6735698462809112,2.502630254761713,0.46375670876064057,CON PICOS,False,False
1305,1,854.91,1239200.5940999999,2,17.0,0.6402094500900304,0.4098681399845791,,0.17376896081571036,INTERMITENTE,False,False
1315,1,922.8962224292447,4953276.315399999,0,,,,,0.0,SIN DATOS,False,False
1316,1,1183.557523674427,6975284.430199999,11,3.090909090909091,0.26798377162829995,0.07181530185612882,3.3166247903554,0.8768886107854394,INTERMITENTE,False,False
1319,1,456.1490490526031,72317541.80948438,34,1.0,0.2319499912424024,0.05380079843735055,0.15327116411486444,0.6798892449499846,SUAVE,True,True
1320,1,885.9908935255165,31622476.8749,34,1.0,0.1974352537770239,0.03898067943399783,0.12417578171365888,0.6183318087254237,SUAVE,True,True
1323,1,1848.2748179495773,17537503.4721,0,,,,,0.0,SIN DATOS,False,False
1325,1,657.0289992184928,7843920.996300001,8,4.25,0.15398515618201208,0.023711428324398653,,0.9250516424797995,INTERMITENTE,False,False
1329,1,1473.2331077433985,354972202.5362794,34,1.0,0.3054179569767047,0.09328012844382425,0.17399433824189084,0.8051325339679731,SUAVE,True,True
1333,1,768.5547759162988,33446397.129000004,15,2.2666666666666666,1.394024467504336,1.9433042160007477,1.872524337647036,0.4727916659506739,CON PICOS,True,False
1339,1,103.1824195819306,18106616.08010851,34,1.0,0.36374319653323955,0.13230911302421894,0.1589160276621795,0.7682349157360823,SUAVE,True,True
1342,1,4047.76729618216,34705921.096522495,9,3.7777777777777777,0.34581847539924,0.11959041792745476,,0.9128966760681319,INTERMITENTE,False,False
1344,1,1891.25,1820384.8625000003,3,11.333333333333334,0.8638325872983664,0.7462067388785899,,0.3004664010874082,CON PICOS,False,False
1345,1,407.1505656971677,95942372.11334357,34,1.0,0.37951293130961267,0.1440300650312148,0.29459575791511633,0.6911924838937787,SUAVE,True,True
1349,1,986.4202400659112,15056738.27277087,21,1.619047619047619,0.30917700030587747,0.09559041751814056,0.3636667723071729,0.8097220451701771,INTERMITENTE,False,False
1354,1,0.2488440515233613,261.77149999999995,1,,,,,0.0,SIN DATOS,False,False
1360,1,340.54,2420095.1856,0,,,,,0.0,SIN DATOS,False,False
1364,1,407.95443515123793,8142338.093917451,28,1.2142857142857142,0.5169222336059793,0.26720859559619464,0.6558663206751486,0.79801437223692,SUAVE,True,True
1366,1,1125.4176693503996,23001230.055299997,31,1.096774193548387,0.47196645950987676,0.22275233890228813,0.3982368726825775,0.5663014027933407,SUAVE,True,True
1369,1,161.18491453815832,3798923.7308229287,25,1.36,0.4596785610190535,0.21130437946054773,0.4164049462370399,0.7010817609477519,INTERMITENTE,True,False
1372,1,4187.291424164874,221275531.02885193,34,1.0,0.5055304888190713,0.25556107512564913,0.2605843309467103,0.8399479888498061,SUAVE,True,True
1377,1,1067.2028064027818,23741794.033341087,29,1.1724137931034482,0.3234160026104105,0.10459791074449704,0.20860521794596845,0.7085002854432426,SUAVE,True,True
1378,1,1011.3257596276436,72745106.87335066,17,2.0,0.5194212304066319,0.2697984145971394,1.0115001375141166,0.9454853663833194,INTERMITENTE,False,False
1382,1,576.1212217625091,3261491.370944175,2,17.0,0.09090909090909094,0.00826446280991736,,-0.06395348837209305,INTERMITENTE,False,False
1383,1,3775.114155228645,182091725.2500564,34,1.0,0.6916699439822245,0.47840731140837356,0.5126102428650952,0.4433277721046336,SUAVE,True,True
1386,1,1877.99,0.0,0,,,,,0.0,SIN DATOS,False,False
1389,1,1260.7283933481092,59645451.115100965,6,5.666666666666667,0.8754841959525346,0.766472577362656,,0.6028566774506516,CON PICOS,False,False
1391,1,1341.1954965085426,10260601.554759165,5,6.8,0.5053105311164814,0.25533873285722053,,0.9082690396455367,INTERMITENTE,False,False
1392,1,1218.0594705939886,8094918.726700001,20,1.7,0.7757128023288017,0.6017303516968026,0.6627214267018008,0.7643855966565052,CON PICOS,False,False
1393,1,597.6228541737726,30351065.51138255,34,1.0,0.4108624369909153,0.16880794213011382,0.14241606559488687,0.7346009846145432,SUAVE,True,True
1396,1,394.5806513466759,26364044.322956122,28,1.2142857142857142,0.4250251595556382,0.1806463862552957,0.2836736901471283,0.895567429333537,SUAVE,True,True
1397,1,846.5056104858689,16929087.93792869,22,1.5454545454545454,0.504918518709789,0.2549427105360875,0.4673344546388117,0.8661613719012701,INTERMITENTE,True,False
1398,1,950.8825227551004,21558256.41469999,0,,,,,0.0,SIN DATOS,False,False
1399,1,1213.680964687093,11322975.876,5,6.8,0.5059603943192531,0.25599592061969406,,0.9511106782454077,INTERMITENTE,False,False
1401,1,518.8029152389486,30996201.82875843,25,1.36,0.5720060846636308,0.3271909608922168,0.5369218576000832,0.7413404781934239,INTERMITENTE,True,False
1402,1,67.84140094416705,32216860.973714735,34,1.0,0.3788250414951058,0.14350841206376866,0.07986333742765234,0.7981574305246302,SUAVE,True,True
1403,1,1364.329343974929,1906868.5508999992,2,17.0,0.324779179237396,0.10548151526611661,,0.37004714775951586,INTERMITENTE,False,False
1404,1,787.5827158273382,27674711.53491367,33,1.0303030303030303,0.3073597460531794,0.09447001349387493,0.24896534532618525,0.3046119777233681,SUAVE,True,True
1405,1,542.2604880235696,25776883.713478643,34,1.0,0.2419913395048695,0.05855980839536102,0.08127652982407103,0.7753999628920649,SUAVE,True,True
1408,1,503.9533419134484,12771346.855840024,28,1.2142857142857142,0.40232835568163794,0.16186810578549057,0.4051897578431275,0.7977160485773293,SUAVE,True,True
1415,1,1185.944509391367,51767379.15276031,34,1.0,0.18862988295091773,0.035581232742076925,0.1436490845710669,0.5291415808241036,SUAVE,True,True
1416,1,340.84629026241475,15953671.9128,30,1.1333333333333333,0.23688494137234084,0.05611447544897736,0.1912342133592613,0.7996203107964921,SUAVE,True,True
1425,1,1094.4517663234512,61494541.45385191,17,2.0,0.4140768386685168,0.17145962832171288,1.529172983716929,0.7861627451756706,INTERMITENTE,True,False
1430,1,663.4224420057102,892276.6476,5,6.8,0.7648055757501465,0.5849275686985131,2.2429270322414854,0.5037476953311708,CON PICOS,False,False
1431,1,829.4249644885797,31169342.276,5,6.8,0.29595887810241217,0.08759165752763846,,0.9445992003247681,INTERMITENTE,False,False
1439,1,306.4507876766144,19774969.007000007,28,1.2142857142857142,0.4157909834121786,0.1728821418868666,0.29020949372353366,0.8274329743814572,SUAVE,True,True
1442,1,954.0521618364472,989561.9832999998,0,,,,,0.0,SIN DATOS,False,False
1444,1,1553.7345423802076,16040848.639605807,13,2.6153846153846154,0.4565409514260961,0.208429640329045,2.083030178070829,0.9502739864771916,INTERMITENTE,False,False
1445,1,774.7361280329447,5338040.385204914,0,,,,,0.0,SIN DATOS,False,False
1446,1,7508.0108956479935,134284228.55367637,24,1.4166666666666667,0.32427745645492495,0.10515586876487575,0.1856999709814821,0.9181007389434368,INTERMITENTE,True,False
1447,1,554.4233838313759,24032163.5129331,34,1.0,0.27717121868431693,0.07682388446694945,0.1777486988471714,0.5327219598606904,SUAVE,True,True
1451,1,526.3187070928863,37367096.61615727,34,1.0,0.35428067588230294,0.1255147973036214,0.15349766354827982,0.8277936601656883,SUAVE,True,True
1452,1,579.1341946978898,35398541.000700004,15,2.2666666666666666,0.6101352466264846,0.3722650191759611,0.6327686110280815,0.8621444756871641,INTERMITENTE,True,False
1454,1,1420.9181851228416,30633703.03570001,4,8.5,0.822155955721953,0.6759404155290779,2.6536197308913034,0.30907708734707295,CON PICOS,False,False
1458,1,159.2740490283834,79255405.48546018,34,1.0,0.24659878279610262,0.060810959676519394,0.24208838764986382,0.6844552738639889,SUAVE,True,True
1461,1,400.1279693209735,34474989.82517784,34,1.0,0.3633814673024507,0.13204609077888205,0.17491424677197884,0.8752963296948735,SUAVE,True,True
1473,1,777.7673515367183,15048281.605899999,21,1.619047619047619,0.567739980972971,0.32232868599518943,0.34089909070244095,0.7030538546747371,INTERMITENTE,True,False
1476,1,392.0223663698824,189270546.76594684,34,1.0,0.280961863182615,0.07893956856304647,0.15233280764361265,0.5437152360158881,SUAVE,True,True
1485,1,190.3459509922893,14570360.1172,17,2.0,0.2850997047666271,0.08128184165801794,0.30134801592946303,0.9359152670919413,INTERMITENTE,True,False
1493,1,722.0533390489982,48538143.9378206,34,1.0,0.5461147827283231,0.2982413559144036,0.5564110802099568,0.6754107100467257,SUAVE,True,True
1495,1,1013.649018784574,14400779.835500002,34,1.0,0.3868312691292216,0.1496384307761243,0.2610097049275537,0.6356214009739889,SUAVE,True,True
1496,1,1229.37,5165419.3416,9,3.7777777777777777,0.6379544200828111,0.4069858421031958,,0.8895450519175799,INTERMITENTE,False,False
1498,1,1280.754296220273,2108992.484499999,0,,,,,0.0,SIN DATOS,False,False
1500,1,1431.7573964320911,32246541.19753231,21,1.619047619047619,0.37865492146260205,0.14337954954784932,0.5560810531022314,0.8624181263730941,INTERMITENTE,False,False
1506,1,1489.8130008589806,105624762.13489999,22,1.5454545454545454,0.5895498757385633,0.34756905598335547,0.8711867838850393,0.8965668304114507,INTERMITENTE,True,False
1511,1,244.6734277117272,3958798.933235806,22,1.5454545454545454,0.3382566829861861,0.11441758358481721,0.43621582788997754,0.8168709587096855,INTERMITENTE,False,False
1514,1,403.3766778739538,1578864.7224,4,8.5,0.4362534214806817,0.1903170477536013,2.4425818520503806,0.2661374607283528,INTERMITENTE,False,False
1516,1,682.86,1880671.5546000001,1,,,,,0.0,SIN DATOS,True,False
1520,1,1488.1269442948426,162457226.21283755,0,,,,,0.0,SIN DATOS,False,False
1521,1,646.514453649237,44095195.05391938,11,3.090909090909091,0.6349052289034574,0.4031046496889516,2.3995637113819246,0.8785310756342555,INTERMITENTE,True,False
1528,1,1632.7397284236088,23300616.408168625,21,1.619047619047619,0.5655786848456776,0.3198792487517663,1.0178166660317054,0.7485627634463686,INTERMITENTE,True,False
1529,1,619.215408206176,13473192.267299999,6,5.666666666666667,0.772332104523084,0.5964968796770559,1.6366697862129367,0.561017625009967,CON PICOS,True,False
1534,1,102.4587273874321,20646329.057844933,34,1.0,0.3899759610621603,0.15208125020635557,0.2208071313531117,0.5012892216688102,SUAVE,True,True
1535,1,444.7678475017184,20504816.2882,10,3.4,0.29245466533847886,0.08552973127824166,,0.8941570216603887,INTERMITENTE,False,False
1537,1,528.9309004929344,6121608.2234000005,3,11.333333333333334,0.04993150511641122,0.0024931552031902,1.7349272667212194,0.8291441205181587,INTERMITENTE,True,False
1541,1,267.2616714700471,22368339.980699997,10,3.4,0.19612177430132793,0.038463750355101016,0.4961416132780249,0.9087092911101865,INTERMITENTE,True,False
1545,1,1186.8559860652033,17511644.674796958,9,3.7777777777777777,0.4579090835487311,0.20968072879643881,,0.9047547440610748,INTERMITENTE,False,False
1547,1,1250.3192944800962,3912299.085200001,5,6.8,0.6466410325133379,0.4181446249299158,3.3166247903554,0.6863591074095092,INTERMITENTE,False,False
1553,1,272.5581115030982,76538673.18869178,34,1.0,0.21727424980401264,0.04720809962789649,0.14076044242511876,0.4884776611481615,SUAVE,True,True
1555,1,325.06906851737864,7219494.7003,18,1.8888888888888888,0.3124613610594858,0.09763210215514635,0.8779108547009142,0.9125312474481583,INTERMITENTE,False,False
1556,1,324.1495414969116,7130793.964133566,31,1.096774193548387,0.3779371767306145,0.14283650955510774,0.2845542468167153,0.6294724225418582,SUAVE,True,True
1563,1,1411.134159234657,14188375.40609919,15,2.2666666666666666,0.5995480087168322,0.3594578147563187,1.2678040667627217,0.5439000048060723,INTERMITENTE,True,False
1564,1,829.2414726939971,16873413.778792184,21,1.619047619047619,0.3038985466978793,0.09235432668508313,0.482526962261184,0.8625124988743778,INTERMITENTE,False,False
1568,1,261.91,1031789.2068000003,0,,,,,0.0,SIN DATOS,False,False
1569,1,1682.185320483636,95032183.14382495,24,1.4166666666666667,1.0962682284423704,1.2018040286921732,1.3258447735544894,0.7346882900399739,CON PICOS,True,False
1571,1,454.48,4370738.7048,0,,,,,0.0,SIN DATOS,False,False
1573,1,2333.318478364713,74001988.86961953,34,1.0,0.31691548320655427,0.10043542349604379,0.15702919288808528,0.7146897375322868,SUAVE,True,True
1574,1,408.0968958461915,5917874.3012,2,17.0,0.10956456608749247,0.012004394141940506,,0.4555313237855538,INTERMITENTE,False,False
1578,1,1732.8499662264162,33540645.39078628,15,2.2666666666666666,0.370685475910811,0.13740772205122445,1.1361020108222775,0.7867357422403792,INTERMITENTE,False,False
1582,1,567.2161155286514,1105674.374,2,17.0,0.5064484686810651,0.25649005142939574,,0.26018319173670323,INTERMITENTE,False,False
1583,1,556.1641457427204,17157474.800353374,33,1.0303030303030303,0.23251415545182555,0.0540628324854757,0.22581534264218933,0.6623016932063913,SUAVE,True,True
1584,1,1062.5282283970928,4935316.117517089,0,,,,,0.0,SIN DATOS,False,False
1593,1,194.36,6164465.5864,0,,,,,0.0,SIN DATOS,False,False
1594,1,491.84410285416186,6939192.362,6,5.666666666666667,0.7041985289593106,0.495895568188457,1.4700886256593997,0.2102937088816903,CON PICOS,True,False
1598,1,359.261222934888,133035576.89609021,31,1.096774193548387,0.48222283681173966,0.2325388643427617,0.3387296103604433,0.6708845162776321,SUAVE,True,True
1601,1,1778.171214265952,18895594.154699996,14,2.4285714285714284,0.45396743474703827,0.20608643181080644,0.8212921756694095,0.8551901779758481,INTERMITENTE,False,False
1604,1,421.24386993836,16746575.324031694,17,2.0,0.6410762219854924,0.41097872239519234,0.9921409817604139,0.7746610593555795,INTERMITENTE,False,False
1605,1,886.4398030763338,17956238.786199998,4,8.5,0.3478751402611995,0.12101711321174921,,0.7271390739459942,INTERMITENTE,False,False
1606,1,1977.9187373122445,20232862.593899757,11,3.090909090909091,0.8886385721200598,0.7896785118595787,1.0525735985222602,0.285063221190536,CON PICOS,True,False
1609,1,608.7711472028694,29722837.297799997,6,5.666666666666667,0.4166590213684603,0.17360474008772303,2.0605608994382725,0.5746609381067613,INTERMITENTE,True,False
1611,1,313.7241467056174,17585414.888400003,34,1.0,0.3466555115757258,0.12017004370582818,0.17071625351602632,0.7173802966214291,SUAVE,True,True
1619,1,1593.2412662939637,3377113.8501000004,2,17.0,0.5010831403600507,0.2510843135530903,2.5507853459902385,0.26363504065736076,INTERMITENTE,False,False
1623,1,271.33,3021520.0268,5,6.8,0.4017978677136645,0.16144152649924742,1.336959110668009,0.796262778619827,INTERMITENTE,True,False
1624,1,1381.7693542955606,36759914.83469548,3,11.333333333333334,0.2481427894898259,0.061574843975792055,,0.9156803743674112,INTERMITENTE,False,False
1628,1,264.291975343402,13357482.937800001,20,1.7,0.48876478910497245,0.2388910190688282,0.6499789719286241,0.8219001722853334,INTERMITENTE,True,False
1633,1,915.1544336901133,69264653.01460002,7,4.857142857142857,0.6450275380216001,0.4160605248062067,1.457463036295236,0.5139649706237192,INTERMITENTE,True,False
1634,1,729.19,464720.0789,0,,,,,0.0,SIN DATOS,False,False
1638,1,965.16409558596,169639577.13729975,34,1.0,0.27391514755259033,0.07502950805875733,0.1825649100744789,0.7426514435029643,SUAVE,True,True
1640,1,569.7522691552062,609008.2005,3,11.333333333333334,0.641501311835216,0.41152393308630303,2.1554803947949077,0.46494539274874325,INTERMITENTE,False,False
1641,1,1564.237442900313,8644445.380699998,3,11.333333333333334,1.0292573093079274,1.0593706087637944,,0.1801980139226891,CON PICOS,False,False
1646,1,1616.869154532682,6110682.1018,5,6.8,0.8175940740673641,0.6684600699500703,,0.5665053781594133,CON PICOS,False,False
1648,1,3631.4838827478266,13968030.662084758,4,8.5,1.5817834055087792,2.502038741942951,2.865546420649085,-0.006998235972036427,CON PICOS,False,False
1652,1,251.49745011802736,11586661.060178101,5,6.8,0.5805006652047522,0.3369810223031598,,0.6186325881394468,INTERMITENTE,False,False
1653,1,457.2036493581667,22566580.0004,4,8.5,0.7988873851592885,0.6382210541666453,2.385914820282136,0.05703476361496595,CON PICOS,False,False
1663,1,2140.0310550222366,12626525.6296,0,,,,,0.0,SIN DATOS,False,False
1664,1,678.9173245188832,15858368.11965592,16,2.125,0.4401272079507074,0.19371195917848524,1.2002701045159128,0.8287322069922586,INTERMITENTE,True,False
1665,1,1310.4436721282257,55956337.93297689,31,1.096774193548387,0.41127452911716506,0.16914673830054586,0.3578734797563676,0.6170088560383019,SUAVE,True,True
1679,1,391.8952579343663,42799418.01551553,28,1.2142857142857142,0.5013651809187092,0.25136704463765,0.43288782021358563,0.8324239612894535,SUAVE,True,True
1682,1,1702.506629302267,145435692.4295,32,1.0625,0.36780303202264975,0.13527907036505432,0.4254496036488729,0.6805304996713506,SUAVE,True,True
1685,1,353.6160403408378,33470281.569999997,23,1.4782608695652173,0.2816525089942097,0.07932813582273336,0.2256921495746424,0.9182721969838755,INTERMITENTE,True,False
1686,1,1716.865377648144,18602923.1129687,8,4.25,1.0564828877035402,1.116156092010411,1.7767356811072574,0.5622574120505164,CON PICOS,True,False
1689,1,852.1644651553747,63050464.268239625,34,1.0,0.25901382063044576,0.06708815927758073,0.23712725656460473,0.29529738132006894,SUAVE,True,True
1690,1,1261.8106110866793,10271870.224399999,0,,,,,0.0,SIN DATOS,False,False
1692,1,585.9875826910819,5580060.8963,7,4.857142857142857,0.5058581927667605,0.255892511189253,1.3131968532683735,0.6674742221811955,INTERMITENTE,True,False
1694,1,220.83092470334944,3955073.0282,17,2.0,0.7243047649764988,0.5246173925676612,1.2547886192918092,0.6551255875316987,CON PICOS,False,False
1700,1,827.4567430900076,34248484.24390001,18,1.8888888888888888,0.6597708310731778,0.4352975495349917,1.0979838017931516,0.555281394263634,INTERMITENTE,True,False
1703,1,955.2912618282704,275943857.6611322,32,1.0625,0.3872686743326999,0.14997702611940678,0.2325055039794027,0.8225112537622943,SUAVE,True,True
1705,1,640.4962360091704,103241088.69525409,30,1.1333333333333333,0.36122954581269123,0.1304867847680432,0.30853141320027166,0.7425732816999977,SUAVE,True,True
1706,1,1891.2101966940893,62894294.33438027,34,1.0,0.4499725731030227,0.2024753165449551,0.19053811529113324,0.818284774935274,SUAVE,True,True
1710,1,839.0950341423224,55641851.73933681,34,1.0,0.175211537910355,0.030699083016911762,0.12800626747858254,0.31053045387322736,SUAVE,True,True
1714,1,2363.3832599976104,17405750.497899998,11,3.090909090909091,0.5722231731712263,0.32743935991414724,1.7904819065075237,0.6715775090651899,INTERMITENTE,False,False
1718,1,1702.055471301133,5598026.404,0,,,,,0.0,SIN DATOS,False,False
1723,1,707.0269540057122,8914103.9226,6,5.666666666666667,0.8213169125945137,0.674561470913784,2.0612982723781728,0.8125121354922384,CON PICOS,True,False
1727,1,2660.566788013469,18644666.725705024,6,5.666666666666667,0.5346621599013969,0.28586362523042685,1.5762301888311279,0.6265220052396357,INTERMITENTE,True,False
1728,1,1633.5600329238423,37127895.4759,11,3.090909090909091,0.5632832513156633,0.31728802121274463,0.9764880642987482,0.6021071209046879,INTERMITENTE,True,False
1732,1,859.36,2687579.6511999997,3,11.333333333333334,0.7292205700582344,0.5317626397960563,,0.4189256480838431,CON PICOS,False,False
1734,1,645.8099999999998,6100663.539299998,0,,,,,0.0,SIN DATOS,False,False
1735,1,1288.990145855718,2968402.516989675,4,8.5,1.2104544641508024,1.4652000097826061,2.0242862663602432,-0.051711923002317285,CON PICOS,True,False
1737,1,1066.163475215729,12476436.8964,11,3.090909090909091,0.4897585183386585,0.2398634062852781,0.9051517634894356,0.475063210175723,INTERMITENTE,True,False
1739,1,1040.524703037136,13584382.966054782,13,2.6153846153846154,0.7875064477957995,0.6201664053199583,2.293432660798919,0.33102387757926177,CON PICOS,False,False
1740,1,1626.8896569923877,70853029.36740004,21,1.619047619047619,0.8073306203560225,0.6517827305644402,0.933833270500372,0.30199075051853047,CON PICOS,True,False
1744,1,808.2964875403228,24643626.215900004,1,,,,,-0.03125000000000003,SIN DATOS,False,False
1747,1,394.43388878857456,11533807.0043,5,6.8,1.1350250072614207,1.2882817671087883,3.2406195314398145,-0.057056448246173036,CON PICOS,True,False
1748,1,678.3195673535499,33900092.123410076,34,1.0,0.5552351446168212,0.3082860658176624,0.1690870412719089,0.9097803425497349,SUAVE,True,True
1751,1,1017.5333745483372,22258257.658900004,8,4.25,1.225408041522307,1.501624868227536,1.6590471067276253,0.41083212841712946,CON PICOS,False,False
1752,1,1557.952614321913,50029924.7022,28,1.2142857142857142,0.40821392368577264,0.16663860749093382,0.42247349172369314,0.6726009913219574,SUAVE,True,True
1753,1,390.5068452420917,47152506.61203612,34,1.0,0.23619456389455834,0.0557878720133406,0.16790830509495233,0.6678436640003453,SUAVE,True,True
1756,1,548.0916286551857,671209.4512000001,2,17.0,0.8659607102314578,0.7498879516645709,3.0820979397136985,0.03815228464994051,CON PICOS,False,False
1760,1,940.5081014632271,423444266.5457937,31,1.096774193548387,0.3532994959501328,0.12482053383861792,0.25202247630171604,0.7755238749830421,SUAVE,True,True
1761,1,468.62,4051669.7751999996,0,,,,,0.0,SIN DATOS,False,False
1762,1,930.9373555222126,46090410.57195097,34,1.0,0.2223165774603897,0.04942466061370146,0.07063352541545592,0.8648475206955093,SUAVE,True,True
1765,1,702.0606239569963,25224953.971500006,12,2.8333333333333335,0.8584971039881357,0.7370172775560159,1.3300794419503155,0.7279970565356514,CON PICOS,False,False
1766,1,787.0569636331725,31869557.794852223,34,1.0,0.4079699227244651,0.166439457847806,0.10726805239549778,0.9354718003715868,SUAVE,True,True
1776,1,1681.4762489527525,3902403.7080945265,0,,,,,0.0,SIN DATOS,False,False
1777,1,593.6840263383249,5130261.1452,15,2.2666666666666666,0.5383523758324231,0.28982328056441453,1.50656057461058,0.7579434299481743,INTERMITENTE,False,False
1779,1,222.1257749983149,33781805.24119449,25,1.36,0.3034161510013892,0.09206136068849781,0.33956719646364164,0.8432696301494084,INTERMITENTE,True,False
1780,1,224.55369207093145,642021.4610000001,4,8.5,0.9563851986565112,0.9146726482092543,3.028763957915894,0.05667223295370276,CON PICOS,False,False
1787,1,762.28,5207759.7496,0,,,,,0.0,SIN DATOS,False,False
1789,1,1736.1889365749385,23246736.490048867,3,11.333333333333334,0.3771411450824146,0.1422354433140749,,0.8981134168167447,INTERMITENTE,False,False
1791,1,1718.566579498108,4491834.6545,2,17.0,0.8132950348789496,0.6614488137587519,,0.06788270259558615,CON PICOS,False,False
1793,1,759.6170109880657,8541460.306864535,5,6.8,0.7458716305981559,0.5563244893311519,,0.48603714940655107,CON PICOS,False,False
1795,1,348.67052861956785,71819050.8839,19,1.7894736842105263,0.7137381860003849,0.50942219815512,1.3883515681946974,0.6633468743754051,CON PICOS,True,False
1798,1,312.3,3689187.4080000003,0,,,,,0.0,SIN DATOS,False,False
1802,1,1588.4636718887257,4249442.1304,3,11.333333333333334,0.49613909036445364,0.2461539969876675,2.404934878309454,0.0369818223410748,INTERMITENTE,False,False
1803,1,919.7598334079502,23810549.4177,10,3.4,1.0399855877055677,1.0815700226352951,1.687948894250493,0.6002813020992267,CON PICOS,True,False
1804,1,384.0420563771037,5127272.526699999,11,3.090909090909091,0.27834065925334905,0.07747352259358897,3.3166247903554,0.9193537283066945,INTERMITENTE,False,False
1809,1,1118.797589195669,5469141.323,3,11.333333333333334,0.5646317215844943,0.31880898101946986,3.3166247903554,0.25185198994162905,INTERMITENTE,True,False
1810,1,1057.164850914537,7665724.338600001,3,11.333333333333334,0.7807817670505678,0.6096201677586071,2.3320550317336917,0.35565075087775744,CON PICOS,True,False
1813,1,615.4049079022856,179941730.3673771,31,1.096774193548387,0.3473587027822025,0.12065806839853449,0.12525488322471096,0.8522128618879703,SUAVE,True,True
1819,1,413.058473146544,8988441.516599998,8,4.25,0.1746864575348042,0.030515358446058946,,0.951778682348794,INTERMITENTE,False,False
1823,1,954.1232362318508,4960458.081472306,2,17.0,0.24122087298982606,0.058187509565973794,,0.4112949223732406,INTERMITENTE,False,False
1830,1,1047.3277565592207,105775243.81169087,12,2.8333333333333335,0.5398147241629426,0.29139993642311385,3.1826738476969143,0.9168660337879926,INTERMITENTE,False,False
1835,1,545.9738793880291,13021739.090866605,28,1.2142857142857142,0.4623881551847853,0.21380280605518912,0.26712994474409757,0.83101254436188,SUAVE,True,True
1836,1,924.07,4708580.2036,0,,,,,0.0,SIN DATOS,False,False
1841,1,735.6124653350645,20289530.60862799,34,1.0,0.3117431705976524,0.097183804414277,0.1493005898169964,0.7052851063167105,SUAVE,True,True
1845,1,1395.7037952933188,30515290.94026839,34,1.0,0.29280497785352816,0.08573475505580512,0.22847542743005889,0.26597789050556403,SUAVE,True,True
1849,1,1036.4972516020662,139134312.21852848,34,1.0,0.18842551842086655,0.03550417599217232,0.14607249501206304,0.11415820757188302,SUAVE,True,True
1852,1,1122.1691769416798,40588354.153850935,18,1.8888888888888888,0.5355605104900207,0.2868250603963316,1.0266088044568848,0.5601492171924359,INTERMITENTE,True,False
1854,1,789.203743389619,24566783.970365793,16,2.125,0.48300811999902804,0.23329684398499548,1.1643522786414384,0.9647409758433823,INTERMITENTE,False,False
1856,1,1184.2640708187223,16382670.978,23,1.4782608695652173,0.4744177099899744,0.22507216355213144,0.542172730631088,0.7398737067558995,INTERMITENTE,True,False
1859,1,320.57969165266417,7040026.2025999995,18,1.8888888888888888,0.5953463407868359,0.35443726548827537,0.8720684205956105,0.7735052937580751,INTERMITENTE,False,False
1861,1,56.17428026489928,4307653.902520669,34,1.0,0.4695539356017899,0.22048089843912982,0.19610165295352947,0.7801221589513554,SUAVE,True,True
1864,1,586.5111377768069,10704661.11024237,19,1.7894736842105263,0.2627413332354929,0.06903300819036434,0.6962506122182665,0.9306149159663359,INTERMITENTE,False,False
1867,1,629.019664289857,7374878.152,2,17.0,0.19059397495820685,0.03632606329036958,2.284284653834153,0.4317128956974372,INTERMITENTE,False,False
1868,1,1700.3222402800072,2288089.6323,0,,,,,0.0,SIN DATOS,False,False
1870,1,1148.6720904014655,14473773.754778245,23,1.4782608695652173,0.4270454692282884,0.182367832788409,0.3296207918502651,0.9203272084719679,INTERMITENTE,False,False
1882,1,2146.185650616578,48939149.46316223,22,1.5454545454545454,0.5608625636846816,0.3145668153429535,0.5706095255230318,0.6279977426124758,INTERMITENTE,True,False
1886,1,1940.2223104340053,10593303.379399998,19,1.7894736842105263,0.9707437847456266,0.9423434956222635,0.6189994419554109,0.7907485991430753,CON PICOS,False,False
1887,1,2651.124796455362,13448970.513682296,8,4.25,0.8261357633459625,0.6825002994792162,2.127572117036653,0.5479032770575556,CON PICOS,False,False
1889,1,899.7998032039691,6822705.013800001,11,3.090909090909091,0.5299848890428533,0.28088398261376557,0.980845995308238,0.8533313037799247,INTERMITENTE,True,False
1895,1,560.993739540816,13775857.6371,1,,,,,-0.031249999999999993,SIN DATOS,False,False
1896,1,206.37793900525503,10046969.250270646,5,6.8,1.0354975199177203,1.0722551137557497,,0.2536383756567215,CON PICOS,False,False
1899,1,552.5499999999998,306372.39849999995,1,,,,,-0.031250000000000014,SIN DATOS,False,False
1901,1,400.04154173516025,14369864.21776077,32,1.0625,0.33734559482014154,0.11380205034455511,0.32501192929934275,0.778899684045118,SUAVE,True,True
1902,1,874.0533212086591,18661431.731799413,15,2.2666666666666666,0.1707035285373597,0.02913969465510518,1.2070305918283597,0.9686255694509711,INTERMITENTE,False,False
1905,1,432.3788548105615,24548223.006098673,34,1.0,0.22310136936169248,0.04977422101106233,0.14481665091623977,0.7570287183852391,SUAVE,True,True
1907,1,344.44999999999993,8545449.7165,0,,,,,0.0,SIN DATOS,False,False
1910,1,938.8929006115442,18651323.416015457,22,1.5454545454545454,0.44919799625886425,0.20177883984297862,0.8344723556798228,0.5170685698892507,INTERMITENTE,True,False
1913,1,399.5275500772168,1756606.7746999995,4,8.5,0.9315724582776421,0.8678272450214493,,0.5023778172639177,CON PICOS,False,False
1919,1,332.5556996990629,407769.8223,4,8.5,0.8946653774051937,0.8004261375275776,2.2483374864759003,0.5821560322828059,CON PICOS,False,False
1920,1,605.6270202209256,2475409.6011000006,6,5.666666666666667,0.9932331870219653,0.9865121638018103,2.3961613737404472,0.5929140972922736,CON PICOS,True,False
1923,1,304.4461661580639,22947778.952785484,34,1.0,0.36597715063963115,0.13393927479030326,0.1605571023283833,0.6814532362946777,SUAVE,True,True
1927,1,1145.5806842371198,25202706.318375584,34,1.0,0.29601220811693435,0.08762322735426326,0.19790943199626465,0.09803030008490729,SUAVE,True,True
1928,1,1603.4933228019888,139234179.43701127,21,1.619047619047619,0.4189881461196953,0.17555106658881917,0.32999344320219587,0.78316956225552,INTERMITENTE,False,False
1931,1,2903.1278438604973,35000893.1301,4,8.5,0.5026028576609066,0.25260963252890956,,0.7663345441745035,INTERMITENTE,False,False
1934,1,1260.1216433878158,2925813.4377,2,17.0,0.01760643892623592,0.0003099866916632754,3.3166247903554,0.46742269969838895,INTERMITENTE,False,False
1937,1,810.1223122419101,22637466.504,8,4.25,0.49613451384185764,0.24614945582509642,0.9323219313829557,0.8286070473533887,INTERMITENTE,True,False
1939,1,842.4516493344642,15354068.836879302,28,1.2142857142857142,0.4258455337192765,0.1813444185886555,0.26578353015331063,0.8084106856665056,SUAVE,True,True
1946,1,116.3910548488574,10238183.175766243,22,1.5454545454545454,0.3409314948304568,0.1162342841673298,0.20373780919842435,0.9168243874410283,INTERMITENTE,False,False
1947,1,2022.09,4711914.5598,0,,,,,0.0,SIN DATOS,False,False
1948,1,823.7808228957228,112748434.60069358,27,1.2592592592592593,0.5331236606157179,0.2842208375083032,0.2598685162346409,0.9051180478747016,SUAVE,True,True
1951,1,1217.396756640555,2576668.9313000003,0,,,,,0.0,SIN DATOS,False,False
1952,1,608.2462904850042,8649310.9104,4,8.5,0.7187737691798188,0.5166357312609635,,0.6185753906336996,CON PICOS,False,False
1953,1,627.3527839743437,29878793.02473359,34,1.0,0.2032361937995462,0.041304950470126695,0.18379581407525175,0.5885642951442719,SUAVE,True,True
1960,1,305.06089832575014,3460302.719100001,2,17.0,0.6411193168644247,0.4110339784567066,2.7324355199602133,0.976628563256865,INTERMITENTE,True,False
1962,1,1360.9501840177636,3199403.3496,3,11.333333333333334,0.36145901038341827,0.13065261618736007,,0.5519931673371559,INTERMITENTE,False,False
1964,1,1171.967797062097,140845027.1876,29,1.1724137931034482,0.48639303130886646,0.23657818090582794,0.6006524193414019,0.5706568818780055,SUAVE,True,True
1965,1,2719.292196358034,187364099.86210003,32,1.0625,0.3357114321303113,0.1127021656629846,0.3895023761095311,0.7277676573922683,SUAVE,True,True
1967,1,948.9346164047872,9557992.094198594,6,5.666666666666667,0.6261419721475509,0.3920537692848243,,0.7354184988691986,INTERMITENTE,False,False
1969,1,1534.0455395110243,23238964.4094,12,2.8333333333333335,0.5318864736316079,0.28290322083226715,0.6505446453893117,0.7753207150685691,INTERMITENTE,True,False
1976,1,230.49792271122573,14461679.388741923,34,1.0,0.31903265867117886,0.10178183729880091,0.18155239767477788,0.8085432610558103,SUAVE,True,True
1978,1,1341.58,12617573.315799996,5,6.8,0.5263420213643581,0.2770359234539185,,0.9175267843547981,INTERMITENTE,False,False
1984,1,423.9015964190694,28084612.580025773,34,1.0,0.2746123623191964,0.07541194953852959,0.17128996674452016,0.6893397394229859,SUAVE,True,True
1985,1,179.6,6387958.920000001,3,11.333333333333334,0.8266339659611762,0.683323713680703,,0.851606001095318,CON PICOS,False,False
1987,1,604.633600343586,68030706.27648276,23,1.4782608695652173,0.6324600765545559,0.40000574843539477,0.8662485911999125,0.8046387515238181,INTERMITENTE,True,False
1993,1,346.5809682259159,3622107.3015000015,5,6.8,0.20093664155182708,0.04037553391812744,,0.8893423697946898,INTERMITENTE,False,False
1995,1,623.34,5077347.4026,0,,,,,0.0,SIN DATOS,False,False
1997,1,1743.526736842438,55141299.637399994,30,1.1333333333333333,0.4781941701447308,0.22866966436040775,0.5223939369816414,0.6609654816542296,SUAVE,True,True
2004,1,545.0971416508197,2433624.3457,6,5.666666666666667,0.3815275219694123,0.14556325002012038,,0.8473848923322627,INTERMITENTE,False,False
2006,1,1779.971429028896,159528711.1464288,26,1.3076923076923077,0.49647668695321723,0.24648910068804286,0.6236859816572271,0.785181111810696,SUAVE,True,True
2014,1,394.1971846155553,35188614.80639999,34,1.0,0.28677867904446463,0.08224201075448806,0.14685448647961077,0.8230115712741984,SUAVE,True,True
2015,1,1103.3191773922106,23017654.3094,11,3.090909090909091,0.7144842722054414,0.5104877752289393,1.5150415193261133,0.6696607623933966,CON PICOS,True,False
2016,1,749.1700000000001,1731796.3554,2,17.0,0.6259657737020724,0.39183314984643414,,-0.03771872165993697,INTERMITENTE,False,False
2017,1,670.8679701368563,65048478.73397972,26,1.3076923076923077,0.48131530265148814,0.23166442056649364,0.4289074927716045,0.8635724357655753,SUAVE,True,True
2018,1,1535.2248521935626,14132573.78586193,18,1.8888888888888888,0.7231881250367989,0.5230010641942406,0.8812384494519964,0.7261469001880381,CON PICOS,True,False
2019,1,682.3914561670053,244838342.2632,29,1.1724137931034482,0.3740431507586716,0.13990827862947433,0.33478778541793164,0.6684155919871948,SUAVE,True,True
2020,1,482.2831629812344,6201987.854000001,7,4.857142857142857,0.39084515574267387,0.15275993576751498,,0.9006358660508273,INTERMITENTE,False,False
2024,1,174.82190879266378,17365773.47376316,16,2.125,0.3969442136008766,0.15756470871121836,1.124258864810312,0.8653717764428283,INTERMITENTE,False,False
2025,1,581.8188156580787,1971510.5114218693,1,,,,,-0.031249999999999983,SIN DATOS,False,False
2026,1,1665.5658148864852,39730606.81620001,20,1.7,0.38354980484401074,0.14711045279587873,0.5257346029545885,0.8425303357394248,INTERMITENTE,False,False
2031,1,696.693968203646,61487882.6758,21,1.619047619047619,0.47158978044126965,0.2223969210166449,0.28613357669076434,0.5888785671057246,INTERMITENTE,True,False
2033,1,1191.37,5291743.870099999,3,11.333333333333334,0.6401727220219542,0.40982111402099825,2.153899824988152,0.45967076033205756,INTERMITENTE,True,False
2035,1,1040.111360637362,29129150.743737828,34,1.0,0.17879885102968598,0.03196902912953584,0.1432242291991268,0.6898836793583192,SUAVE,True,True
2036,1,586.4341124362246,8739217.073758349,9,3.7777777777777777,0.5480410375086399,0.3003489787935464,3.3166247903554,0.8804134470181582,INTERMITENTE,False,False
2037,1,1339.840074644095,31416087.727827866,10,3.4,0.45640207642313707,0.20830285536335105,,0.8847907462437703,INTERMITENTE,False,False
2043,1,1356.6557909674648,21968951.284800004,17,2.0,0.9094739828430116,0.8271429254683306,1.1478530037388326,0.7674959314385061,CON PICOS,False,False
2044,1,1306.781751582505,11955053.650899999,1,,,,,-0.031249999999999993,SIN DATOS,False,False
2046,1,1877.6854725618375,11182161.517892787,0,,,,,0.0,SIN DATOS,False,False
2048,1,774.0216700650046,15260239.716599997,2,17.0,0.4469048913563179,0.1997239819182023,,0.3313440816653874,INTERMITENTE,False,False
2049,1,1568.90326806089,35051228.7595,8,4.25,1.0423645299619893,1.0865238133228787,2.1226067412708485,0.6211717825196343,CON PICOS,True,False
2052,1,1823.71924185103,22266262.39076211,3,11.333333333333334,0.1844776188034478,0.034031991839390194,2.2911592868146013,0.6473279127168226,INTERMITENTE,False,False
2055,1,366.096277220926,362498330.6009148,24,1.4166666666666667,0.42055854646506013,0.17686949100480415,0.720678111596466,0.7882324445312227,INTERMITENTE,True,False
2058,1,1188.8800166311964,92621611.79248014,25,1.36,0.4091326476670067,0.16738952338701504,0.6458644907232625,0.6903125088720455,INTERMITENTE,True,False
2061,1,170.79000000000002,10546434.5031,19,1.7894736842105263,0.36105964508769267,0.1303640673108506,0.40060189452895084,0.849491208371617,INTERMITENTE,True,False
2062,1,517.0124505269232,12658538.008825691,15,2.2666666666666666,0.6331258994369914,0.4008484045378993,1.5193934914224814,0.8757835900020988,INTERMITENTE,False,False
2063,1,183.32861208111183,11639870.90567602,34,1.0,0.33749276694246266,0.11390136773847942,0.256405482831227,0.6196659759732746,SUAVE,True,True
2067,1,1736.0454522459977,82114429.07760002,25,1.36,0.573198957099122,0.32855704441952116,0.4488685309812232,0.6816516340108421,INTERMITENTE,True,False
2070,1,683.4391086560018,75181910.51065391,27,1.2592592592592593,0.49846030867252467,0.24846267932190857,0.5442386935511998,0.6518732344564815,SUAVE,True,True
2072,1,184.93329280610908,50806960.24723713,16,2.125,0.36161253189591364,0.13076362322417315,1.0855728481483855,0.8137603831510083,INTERMITENTE,False,False
2076,1,445.9310055091133,1626979.2735999997,2,17.0,0.8445388515828424,0.7132458718328663,3.0462231091955814,0.05008411567676266,CON PICOS,True,False
2078,1,531.560547873464,34753072.4744,22,1.5454545454545454,0.38659130567433336,0.14945283762298586,0.3334975136483089,0.8728392480573234,INTERMITENTE,False,False
2079,1,721.1135175094594,10670626.797400003,26,1.3076923076923077,0.6103374971824923,0.3725118604669888,0.4579479849408319,0.7917210583860035,SUAVE,True,True
2081,1,937.2504971842336,23951117.790374056,34,1.0,0.2346098926742413,0.05504180174061902,0.17678462816968038,0.8026665086834223,SUAVE,True,True
2082,1,691.2919344911288,222658792.95255336,34,1.0,0.19794385638262374,0.03918177027962477,0.12939565843737433,0.5468709030111304,SUAVE,True,True
2085,1,593.5335455043496,30136481.777584247,33,1.0303030303030303,0.34403285367389785,0.11835860440700562,0.39661390195660506,0.5694700133186712,SUAVE,True,True
2086,1,751.7116726325339,1682127.7612,0,,,,,0.0,SIN DATOS,False,False
2088,1,847.5499999999998,1909852.2189999998,3,11.333333333333334,0.17707408761477625,0.03135523250460546,,0.6662947743565821,INTERMITENTE,False,False
2091,1,63.18310649674931,35421713.79603866,22,1.5454545454545454,0.421190079401437,0.17740108298618879,0.4709840735098809,0.8817906581234934,INTERMITENTE,False,False
2092,1,1432.9526235917172,18975430.9026,25,1.36,0.35609769354644777,0.12680556734909984,0.4473985031519277,0.8051651692875121,INTERMITENTE,True,False
2093,1,510.7406795627433,38976102.40540367,34,1.0,0.3747069076921052,0.14040526667217984,0.14187525856024755,0.8315067865642958,SUAVE,True,True
2094,1,1975.999079388803,2485530.2019999996,0,,,,,0.0,SIN DATOS,False,False
2095,1,902.8298667731424,6138954.188500002,9,3.7777777777777777,0.5070912420195071,0.2571415277328863,,0.8904999681813555,INTERMITENTE,False,False
2096,1,501.8905319976525,367740.2117,3,11.333333333333334,0.6421357277434236,0.4123382928445763,3.3166247903554,0.43362023282797907,INTERMITENTE,False,False
2102,1,428.1091456427157,12039918.995300002,10,3.4,0.9317969050037203,0.8682454721745121,1.2881202427554244,0.806828457742126,CON PICOS,True,False
2105,1,863.3999999999999,469663.698,0,,,,,0.0,SIN DATOS,False,False
2110,1,390.3193379279565,45072910.08910001,33,1.0303030303030303,0.41853368199117225,0.1751704429610877,0.2793271689004984,0.6208665651247549,SUAVE,True,True
2112,1,652.7504900550871,535594.8321,0,,,,,0.0,SIN DATOS,False,False
2114,1,2697.8498821739863,30841819.853013013,4,8.5,0.5804341293136913,0.3369037784721429,,0.7580551939101178,INTERMITENTE,False,False
2116,1,349.21062418278285,9835653.422251506,34,1.0,0.38271214034154755,0.1464685823648084,0.19939209124550658,0.7846768452896821,SUAVE,True,True
2117,1,817.1583202467032,14967774.549794026,31,1.096774193548387,0.4265827673884193,0.18197285743276226,0.5102394229498556,0.39317495304409106,SUAVE,True,True
2121,1,2985.603644166649,8497684.8041,2,17.0,0.845430346051464,0.7147524700246982,,0.04958309851811482,CON PICOS,False,False
2122,1,309.92584416163623,7113259.913017353,0,,,,,0.0,SIN DATOS,False,False
2124,1,654.4043087415678,41271702.63794661,26,1.3076923076923077,1.0793588308177318,1.165015485664221,0.8516515100586415,0.690743277416532,ERRATICO,True,True
2125,1,1468.4391064983572,14703921.3051,20,1.7,0.4389417661415125,0.19266987406343022,0.9844041355301273,0.5725875865657959,INTERMITENTE,True,False
2127,1,1490.210803143979,34115813.17539999,21,1.619047619047619,0.31603857179592987,0.09988037886281112,0.35506329352849664,0.8336812043003162,INTERMITENTE,True,False
2129,1,507.839464086599,107911305.40643622,34,1.0,0.3473195320172851,0.12063085732070593,0.19221163713184883,0.7184408520071848,SUAVE,True,True
2130,1,658.6808030614231,9607966.0964,22,1.5454545454545454,0.3283602043950422,0.1078204238303539,0.4124141930529855,0.8307517309703014,INTERMITENTE,False,False
2132,1,989.115842385782,69857364.7224472,21,1.619047619047619,0.5755103897714239,0.33121220873485624,0.8375611768542045,0.7573185796420787,INTERMITENTE,True,False
2134,1,1465.740009125312,374681988.44267154,33,1.0303030303030303,0.4022327717703503,0.1617912026860587,0.1948572007783708,0.7529470341423463,SUAVE,True,True
2135,1,709.3315739105024,36892434.46550558,21,1.619047619047619,0.2978347496884634,0.08870553812198965,0.46976812362859593,0.8777372555267319,INTERMITENTE,True,False
2137,1,1559.158952040007,41876966.953567415,20,1.7,0.2599813107814947,0.06759028195566415,0.5191024415034787,0.9579082849867406,INTERMITENTE,False,False
2138,1,1216.998669462506,40319981.30840136,22,1.5454545454545454,0.4748272989822524,0.2254609638587813,0.4443405311726481,0.9441401747794405,INTERMITENTE,False,False
2140,1,1019.7815418298152,74321046.504001,33,1.0303030303030303,0.3280325093255548,0.10760532717442019,0.1989943458261384,0.6147158246976099,SUAVE,True,True
2149,1,1151.063272950103,18859296.9192,31,1.096774193548387,0.4323210756892672,0.1869015124851251,0.31907815758744057,0.6219019388086087,SUAVE,True,True
2150,1,526.2753636097344,20733333.683899995,10,3.4,0.3475770210421842,0.12080978555655895,1.5335086301543017,0.6056350585984385,INTERMITENTE,True,False
2155,1,557.944920206713,9836496.410404723,8,4.25,0.07002761827577236,0.004903867321377288,,0.9027452114628707,INTERMITENTE,False,False
2157,1,1914.08,17095146.1408,0,,,,,0.0,SIN DATOS,False,False
2159,1,1456.41014480658,77672013.33009999,34,1.0,0.4726841133893781,0.22343027105070246,0.4133839202477884,0.7202028299788454,SUAVE,True,True
2163,1,283.5525338850757,3661865.4752,5,6.8,0.8291606555972071,0.6875073927903903,1.7464299993692667,0.6568819688743037,CON PICOS,False,False
2164,1,658.0903722026483,14955472.238913622,24,1.4166666666666667,0.3886556532991883,0.15105321684141884,0.3541280027211174,0.7016212358033621,INTERMITENTE,True,False
2166,1,2537.512236353537,24943796.033599995,6,5.666666666666667,0.9173821894109012,0.8415900814483387,3.3166247903554,0.526221919591467,CON PICOS,False,False
2171,1,1110.3447067582715,21180213.90206139,8,4.25,0.8363707572151192,0.6995160435245918,,0.8186619150575819,CON PICOS,False,False
2173,1,637.486139492825,13591994.976800002,2,17.0,0.0934214346791831,0.008727564457516874,2.247746735454219,0.4588337627593127,INTERMITENTE,False,False
2176,1,2710.9702482884263,28200298.70406821,4,8.5,0.6243959130042814,0.3898702561764502,,0.8801191332501705,INTERMITENTE,False,False
2177,1,1642.5986696160533,15282130.260600002,9,3.7777777777777777,0.6364514151832169,0.40507040388871957,1.5125429708584293,0.7305217941387362,INTERMITENTE,True,False
2179,1,155.21916513338246,585464.9602,3,11.333333333333334,0.7293528573642373,0.5319555905453774,,0.4197542768960249,CON PICOS,False,False
2185,1,3245.9220415523923,7898204.726048189,0,,,,,0.0,SIN DATOS,False,False
2190,1,1742.7484192160896,90078343.7732,18,1.8888888888888888,0.40439001844717726,0.16353128701970837,0.8827039782110948,0.9349759224705448,INTERMITENTE,False,False
2191,1,795.6345896305697,34773313.172300704,32,1.0625,0.6859727845336588,0.47055866112086153,0.4237867444050429,0.9004864572227865,SUAVE,True,True
2192,1,156.57719618905938,5922928.586157528,8,4.25,0.48992005777555114,0.24002166301079936,0.9273793692530576,0.7296699856419491,INTERMITENTE,True,False
2194,1,876.288821607444,40953524.572699994,9,3.7777777777777777,0.9545075414022632,0.9110846465937933,1.877975854374484,0.5354757609909541,CON PICOS,True,False
2200,1,640.1903765729129,134571851.89598197,34,1.0,0.14691383832760083,0.021583675892148435,0.1434047062751455,0.6763546490438915,SUAVE,True,True
2206,1,3015.120808957068,6541183.990200002,1,,,,,0.0,SIN DATOS,False,False
2209,1,654.71,820207.5938000001,0,,,,,0.0,SIN DATOS,False,False
2212,1,909.304468810228,1995732.3551,0,,,,,0.0,SIN DATOS,False,False
2214,1,1334.9622755505366,638338.9113,1,,,,,-0.03124999999999999,SIN DATOS,False,False
2220,1,978.9841709517118,47829691.198893756,34,1.0,0.2875961473377307,0.0827115439635057,0.2762867841264206,0.5525433247994174,SUAVE,True,True
2222,1,488.1267658142628,36601677.882746056,5,6.8,0.45457170542194897,0.20663543537021914,,0.924059511039222,INTERMITENTE,False,False
2223,1,844.2506774989668,5127818.2075,4,8.5,0.7017545944347406,0.49245951081026734,3.122362595800499,0.09898786484781125,CON PICOS,False,False
2228,1,1660.0199603335475,173858438.90042374,34,1.0,0.25977351078014604,0.06748227690304265,0.18744167168678652,0.47230117129526944,SUAVE,True,True
2231,1,395.94322259640165,27171583.853516933,34,1.0,0.19003305571815376,0.036112562265578935,0.08860812880960958,0.229385344639374,SUAVE,True,True
2235,1,1167.507340992195,3061986.478,2,17.0,0.22993755242799888,0.05287127801657873,,0.4161773416419186,INTERMITENTE,False,False
2241,1,356.6236425004399,21865654.693920195,34,1.0,0.3717521035017482,0.1381996264579745,0.2651814985750906,0.6260638752065237,SUAVE,True,True
2242,1,1150.0217451532192,29046329.221683882,25,1.36,0.7169672452996292,0.5140420308325386,0.8705695848527072,0.7249885367984334,CON PICOS,True,False
2246,1,2134.674761415397,59890008.17131808,31,1.096774193548387,0.2746118626153748,0.07541167508908547,0.2529196877323392,0.6518309341803673,SUAVE,True,True
2252,1,689.8755346563702,9125618.382391693,16,2.125,0.475323114016247,0.22593206271810215,1.1378436116120745,0.9623534308924296,INTERMITENTE,False,False
2256,1,1489.3279782134175,74173194.91160001,9,3.7777777777777777,0.8029134502324922,0.6446700085642447,3.2507341086512134,0.7205287409538992,CON PICOS,False,False
2257,1,1816.99,6459890.0373,0,,,,,0.0,SIN DATOS,False,False
2258,1,918.56392819888,94847778.9228212,11,3.090909090909091,0.7180020500400972,0.5155269438617822,1.6583123743071209,0.6403898434179017,CON PICOS,True,False
2270,1,133.84984597419293,26505978.482122146,33,1.0303030303030303,0.4822846902304199,0.2325985224306521,0.20618497061418128,0.885563638803452,SUAVE,True,True
2272,1,379.2212255468837,21315099.788200002,16,2.125,0.4189152295303971,0.17548996953250529,0.8123373138587922,0.8579610401853941,INTERMITENTE,True,False
2274,1,1010.0381260147494,17511697.615880877,18,1.8888888888888888,0.5168453084945743,0.2671290729128517,0.959979998559945,0.8499476270947222,INTERMITENTE,True,False
2277,1,1073.3302967703387,40796179.0500349,6,5.666666666666667,0.7193625786746183,0.5174825195973963,,0.5354822965470162,CON PICOS,False,False
2280,1,581.7228823208534,129917666.33652374,34,1.0,0.4462074625949481,0.199101099675422,0.29125734343430115,0.7008587651441385,SUAVE,True,True
2290,1,1774.1419534697457,56414431.95772401,34,1.0,0.4172303145472174,0.17408113537716996,0.22069846849710667,0.7626070054910767,SUAVE,True,True
2291,1,624.9410896293333,10858632.6558,6,5.666666666666667,0.4555364672397207,0.2075134729852451,,0.7176355719380404,INTERMITENTE,False,False
2292,1,3981.151369733675,3457590.1530999993,2,17.0,0.40717797556678825,0.165793903786668,,0.3225668737674917,INTERMITENTE,False,False
2294,1,349.99741266472574,28798669.10753354,34,1.0,0.23079145312705193,0.05326469483649621,0.11899802662077759,0.5657562199059936,SUAVE,True,True
2297,1,620.4154900801594,31062360.95430805,34,1.0,0.25072596058203217,0.06286350730978275,0.13361071975135536,0.6840488041338059,SUAVE,True,True
2298,1,787.2284599145255,10090584.1872,6,5.666666666666667,0.5967015595997892,0.3560527512288208,,0.6220960365467149,INTERMITENTE,False,False
2300,1,1848.2878990433617,13982353.404900001,4,8.5,1.0672518291020179,1.1390264667216028,2.9658778277323794,0.339641072143157,CON PICOS,False,False
2303,1,279.13735537636813,5370585.969200001,34,1.0,0.23183633278071974,0.05374808519721263,0.211566790021589,0.1534592667844462,SUAVE,True,True
2309,1,485.50314040144,132344709.0011357,31,1.096774193548387,0.38081679233471905,0.14502142932410453,0.20716307584126115,0.8596490050415226,SUAVE,True,True
2317,1,608.95,795069.4780000001,0,,,,,0.0,SIN DATOS,False,False
2320,1,1670.324628311726,93591362.32162209,19,1.7894736842105263,0.2701526808198351,0.07298247095414372,0.6402478231023524,0.8452053780752808,INTERMITENTE,False,False
2323,1,1635.7642510650348,17360856.725828532,0,,,,,0.0,SIN DATOS,False,False
2324,1,553.49,3266393.5605,0,,,,,0.0,SIN DATOS,False,False
2332,1,2192.026433684042,10948404.827,3,11.333333333333334,0.5325819707764345,0.283643555596111,,0.9715504495676526,INTERMITENTE,False,False
2336,1,252.15719001750384,26591776.089682497,28,1.2142857142857142,0.15491028855794867,0.02399719750110692,0.37821296513371977,0.8576127079174221,SUAVE,True,True
2337,1,1371.855395109665,3529550.7161999987,6,5.666666666666667,0.527769125894128,0.278540250247052,,0.6886875886634517,INTERMITENTE,False,False
2340,1,544.8348845511542,32289045.562899984,34,1.0,0.5593368445336852,0.3128577056528999,0.5383808855699704,0.7506873205294231,SUAVE,True,True
2346,1,3217.066148131976,11935540.6042,5,6.8,1.128920765421025,1.2744620945987928,2.4607286976710223,0.11086258171660324,CON PICOS,True,False
2347,1,1263.46,7180369.526,0,,,,,0.0,SIN DATOS,False,False
2350,1,90.35797322417646,108442227.92464021,10,3.4,0.2925633255073813,0.08559329943193794,,0.9032826025169474,INTERMITENTE,False,False
2354,1,656.3260806403484,115300760.23235627,31,1.096774193548387,0.4048101580413255,0.1638712640534429,0.3002295941650514,0.7127341513321176,SUAVE,True,True
2356,1,832.1289502192931,15869348.141263092,31,1.096774193548387,0.24750382390777143,0.061258142848969126,0.266880070083168,0.7332721093323662,SUAVE,True,True
2357,1,402.20643155380367,77925641.9419,15,2.2666666666666666,0.3910648051357228,0.15293168181584083,1.348840505088937,0.9480827629456218,INTERMITENTE,True,False
2367,1,1132.034232422291,19322477.226711925,26,1.3076923076923077,0.38516916374952354,0.14835528470350728,0.6510886729636968,0.6603499779339564,SUAVE,True,True
2370,1,353.87,2719098.1543,0,,,,,0.0,SIN DATOS,False,False
2371,1,717.7473897319198,59621359.2795,12,2.8333333333333335,0.9024318833923635,0.8143833041630882,1.2335592434060865,0.633495207141978,CON PICOS,True,False
2373,1,1464.6970463964567,17077020.0397,6,5.666666666666667,0.4220129731479025,0.17809494950513227,,0.8273386816598335,INTERMITENTE,False,False
2375,1,564.9492275854222,16863338.978965543,34,1.0,0.29269872040948675,0.0856725409293509,0.17853051204062223,0.7372961174930494,SUAVE,True,True
2376,1,261.4137531808811,26060169.7498,10,3.4,0.5540362039860621,0.30695611532728545,0.7538881471363922,0.8787270809745329,INTERMITENTE,False,False
2377,1,595.0598034361283,36270483.82910719,25,1.36,0.3076109850856204,0.09462451814534578,0.4049406234497633,0.6765612490098428,INTERMITENTE,True,False
2378,1,447.85520907931937,13929689.83206707,32,1.0625,0.4519398434854459,0.20424962212964934,0.33121237184960317,0.8011318990529064,SUAVE,True,True
2382,1,366.49699179812905,23318290.473817766,34,1.0,0.23322506291143097,0.05439392997004093,0.14755251089091612,0.1464062611935557,SUAVE,True,True
2387,1,639.9826612239851,47764235.544032864,31,1.096774193548387,0.6676162173673351,0.44571141369186884,0.5573520358650608,0.8672489027329664,SUAVE,True,True
2395,1,3120.665456733274,5990803.8906,2,17.0,0.49794320265649006,0.24794743307180234,2.547093362723639,0.26565251592556577,INTERMITENTE,True,False
2402,1,801.6600000000001,3578826.6882,5,6.8,0.4048265984454995,0.16388457480895371,1.73427002727793,0.7737809134551138,INTERMITENTE,False,False
2406,1,204.8,2586204.16,0,,,,,0.0,SIN DATOS,False,False
2410,1,503.8597486706451,10183474.110199999,18,1.8888888888888888,0.5792324537497329,0.3355102354769364,1.1736670150818034,0.7065889363873167,INTERMITENTE,True,False
2413,1,1096.2060232960646,8208346.8542,9,3.7777777777777777,0.4757031328271182,0.22629347058153484,1.7518755307679164,0.7640747314393248,INTERMITENTE,False,False
2414,1,506.4568378727674,111028172.47798228,28,1.2142857142857142,0.4118784120406443,0.16964382630512276,0.5196015301138679,0.7470393336802522,SUAVE,True,True
2415,1,674.5119910234222,8768993.139300002,12,2.8333333333333335,0.5325397707223153,0.28359860740097614,3.175682297258137,0.7760978775000916,INTERMITENTE,False,False
2419,1,3005.1108098723757,28093308.45720001,9,3.7777777777777777,0.7377980215326252,0.5443459205774561,3.3166247903554,0.8701963186200847,CON PICOS,False,False
2421,1,307.6460263960284,5731900.787877074,22,1.5454545454545454,0.3733769496615768,0.13941034653858367,0.2799259035106765,0.8596488499458157,INTERMITENTE,False,False
2425,1,167.05,10483109.156000001,18,1.8888888888888888,0.2189812411085005,0.04795278395741923,0.3354503575173296,0.9245734295499178,INTERMITENTE,True,False
2431,1,1154.7855852766088,5084278.427,5,6.8,0.7374975518000499,0.5439026389110674,2.9689907551077863,0.0038427507463083942,CON PICOS,True,False
2433,1,231.47538597436872,76433690.95360114,33,1.0303030303030303,0.3004266244813067,0.09025615669723207,0.2225653860713339,0.5916453586493016,SUAVE,True,True
2434,1,622.8284999559808,4739917.9615,2,17.0,0.40610105261392837,0.16491806493414063,,0.32321925826030157,INTERMITENTE,False,False
2435,1,2576.2116181841443,30204793.117399998,8,4.25,0.545502608403204,0.2975730957746993,1.1128985277241563,0.08664267083597725,INTERMITENTE,False,False
2446,1,925.1875212887644,103799434.04969737,29,1.1724137931034482,0.37923230157667,0.14381713855913836,0.6705821091373904,0.7044429677488473,SUAVE,True,True
2448,1,820.7400000000001,2212879.188,2,17.0,0.39606112306208735,0.1568644132012019,,0.3292670308407171,INTERMITENTE,False,False
2450,1,535.5099999999999,614465.5944,0,,,,,0.0,SIN DATOS,False,False
2451,1,1015.7899999999998,946177.9112999999,0,,,,,0.0,SIN DATOS,False,False
2452,1,356.4691123690914,1763167.5236,2,17.0,0.31550536964098497,0.09954363827229455,2.36585329841767,0.37501975925541225,INTERMITENTE,True,False
2456,1,672.4772026396574,9793608.291098598,20,1.7,0.43323380394731,0.18769152888265622,0.7298762127027418,0.9761871681254566,INTERMITENTE,False,False
2458,1,540.4972526275983,29445690.37120114,34,1.0,0.3338000869513618,0.1114224980487367,0.1326820697197651,0.803087439020712,SUAVE,True,True
2459,1,230.94,42160083.084,18,1.8888888888888888,0.2754347797358675,0.07586431788814585,0.327062250061276,0.9324652395919443,INTERMITENTE,True,False
2469,1,1738.5621717025842,50459889.38652207,28,1.2142857142857142,0.35734961250279285,0.1276987455558962,0.2112979949627003,0.8822906968051013,SUAVE,True,True
2470,1,589.68,9787762.202399999,2,17.0,0.6959314826763735,0.4843206285801355,2.811747458695537,0.984146396537861,INTERMITENTE,True,False
2471,1,423.9484828117478,15556556.40511154,34,1.0,0.5437903694858331,0.29570796594553894,0.20149731974362017,0.847168347053885,SUAVE,True,True
2475,1,917.9024123415824,43950149.65849618,4,8.5,0.9008732247102901,0.8115725669999168,3.3166247903554,0.5886400563725003,CON PICOS,False,False
2476,1,623.3368994359948,54055009.21470319,34,1.0,0.32671566590674145,0.1067431263488855,0.1821514426837969,0.8525908202666347,SUAVE,True,True
2477,1,947.4425101470564,2966868.8484,0,,,,,0.0,SIN DATOS,False,False
2479,1,689.2984579584853,21426353.16373436,11,3.090909090909091,0.5276104424751942,0.2783727790088702,1.20297181553403,0.6867426894323021,INTERMITENTE,True,False
2480,1,715.9506574423463,22862559.736705057,34,1.0,0.6019020269455838,0.3622860500412023,0.3118645609746323,0.7305648262129367,SUAVE,True,True
2481,1,498.3505252611098,5516650.611545938,7,4.857142857142857,0.3059792885102983,0.09362332499726837,,0.7751195327379805,INTERMITENTE,False,False
2483,1,481.6097450888033,19972924.428331867,33,1.0303030303030303,0.4949017961041591,0.24492778778712265,0.4074725239787195,0.6156679382980366,SUAVE,True,True
2484,1,819.5704978433482,44810041.5567,9,3.7777777777777777,0.4795043378344216,0.22992441000202712,1.3352164263691353,0.682345039057749,INTERMITENTE,True,False
2485,1,1135.4093602326752,189309868.23686662,34,1.0,0.27513691620760483,0.07570032266023057,0.2629836348491643,0.5849584593640134,SUAVE,True,True
2487,1,668.5939130112212,6578583.005499999,2,17.0,0.9555604338869222,0.9130957428101631,3.237062627886736,0.9997417789622762,CON PICOS,True,False
2489,1,513.9441505568622,54499552.54563765,30,1.1333333333333333,0.44906111584204944,0.20165588576130655,0.569007253478485,0.5976416923900174,SUAVE,True,True
2491,1,2159.612903269526,22148817.166899998,0,,,,,0.0,SIN DATOS,False,False
2496,1,1444.9392928010063,12037023.430499999,20,1.7,0.5023202326209827,0.25232561610039816,0.5546050297487228,0.87923352926992,INTERMITENTE,False,False
2497,1,1421.6420039001523,15305838.52301025,14,2.4285714285714284,0.48330578212484027,0.23358447903530358,1.7750891731000975,0.7974945031535466,INTERMITENTE,False,False
2498,1,437.10637827160406,55347345.024400026,32,1.0625,0.4422528159470824,0.19558755321312393,0.48139232290144934,0.6107883005327908,SUAVE,True,True
2499,1,282.7985846892015,28465922.969730556,28,1.2142857142857142,0.2663127244926194,0.0709224672266818,0.39021319591343784,0.9037955553136215,SUAVE,True,True
2500,1,1347.659139996743,77586690.7953655,33,1.0303030303030303,0.41665271035895934,0.17359948104946687,0.32311381494401803,0.29869003053570653,SUAVE,True,True
2501,1,812.5600000000001,7340504.528,5,6.8,0.5168398170388822,0.2671233964767852,,0.7446637494262075,INTERMITENTE,False,False
2503,1,715.9267717676538,16628508.9608,8,4.25,0.8115824846030814,0.6586661293145107,1.9412366955346019,0.4807582978134783,CON PICOS,True,False
2504,1,759.310808341654,19255552.616438087,32,1.0625,0.3144977656839314,0.09890884462018501,0.3332102773682245,0.7896447425600976,SUAVE,True,True
2505,1,1178.617246525714,59606186.436200015,21,1.619047619047619,0.3357124888895119,0.11270287519639063,0.4907763032233292,0.8488717312824572,INTERMITENTE,False,False
2510,1,728.1167775456482,35385259.4337,14,2.4285714285714284,0.41359197737032194,0.1710583237450929,1.732824679761229,0.9102188080986664,INTERMITENTE,False,False
2511,1,950.70203865148,97044792.98538637,34,1.0,0.30095751697241285,0.09057542702220017,0.17924237935490914,0.7565874423456985,SUAVE,True,True
2512,1,234.1948661525068,22283116.917910837,34,1.0,0.35264115380604616,0.1243557833576595,0.15242791312733878,0.8073361565489434,SUAVE,True,True
2518,1,213.9887744678425,13209090.5108,34,1.0,0.27129424123760076,0.07360056532868552,0.13589369678664626,0.5492094056530041,SUAVE,True,True
2519,1,545.041281625976,48893429.60623727,34,1.0,0.24452449670730889,0.05979222948996271,0.16233745552098555,0.7285794876767561,SUAVE,True,True
2523,1,286.5671570812307,11512526.043208793,13,2.6153846153846154,0.6194531169198481,0.38372216406171494,1.7933318424778766,0.9482519239489328,INTERMITENTE,True,False
2527,1,1499.8699999999997,968811.0290999999,0,,,,,0.0,SIN DATOS,False,False
2529,1,1088.9155583243914,10435665.809824139,5,6.8,0.5740053845438058,0.32948218148528235,,0.9345214875900111,INTERMITENTE,False,False
2530,1,358.9688907786105,26146945.804489933,21,1.619047619047619,0.5274830389109891,0.2782383563387721,0.5985789941039327,0.7094657112087523,INTERMITENTE,True,False
2532,1,320.8166244307178,2229672.3316272446,14,2.4285714285714284,1.0584192069483902,1.1202512176372592,1.3124639196408692,0.8392858644828172,CON PICOS,False,False
2534,1,1544.1092202441698,2451149.8584000003,1,,,,,-0.03125,SIN DATOS,False,False
2535,1,675.7676688688692,23284007.52218497,34,1.0,0.5451385322917892,0.2971760193892461,0.22161881727612218,0.9629105535513076,SUAVE,True,True
2538,1,1368.797753886724,28766338.772200003,17,2.0,0.49228930202969956,0.24234875689288876,0.5584543902372829,0.7237335113973065,INTERMITENTE,False,False
2540,1,655.398654347799,8431939.631700002,2,17.0,0.47513553678069187,0.2257537783118762,,0.2802366131574422,INTERMITENTE,False,False
2542,1,1634.9210560262063,48890483.06888095,34,1.0,0.24527117052136233,0.060157947088919195,0.18857437733278837,0.48683979447199943,SUAVE,True,True
2544,1,2342.981582368337,8647617.0031,1,,,,,-0.031249999999999983,SIN DATOS,False,False
2547,1,1104.432262228119,178447405.80537465,27,1.2592592592592593,0.43498329842090394,0.18921046990512919,0.4829597581627644,0.7329172425859684,SUAVE,True,True
2549,1,1320.1183964302038,101018126.33399999,21,1.619047619047619,0.6069721166296441,0.3684151503658703,0.6182776298185599,0.7243780696646761,INTERMITENTE,True,False
2554,1,90.81737387863856,34288786.99540025,34,1.0,0.33484120683790475,0.11211863379666451,0.11199397705168418,0.777708510731482,SUAVE,True,True
2562,1,981.71103073922,16200185.612148298,34,1.0,0.33212323100835417,0.11030584057542858,0.1963539935819607,-0.04333089344882074,SUAVE,True,True
2564,1,482.2500749741854,36792440.000026524,21,1.619047619047619,0.358577866505113,0.12857808634735862,0.4183246936026679,0.9746048327153896,INTERMITENTE,False,False
2566,1,56.68122062654739,15475283.700868323,10,3.4,0.2727914182890344,0.07441515789214294,,0.9543011400624412,INTERMITENTE,False,False
2568,1,371.4222072351064,39453339.6947,12,2.8333333333333335,0.4269851118000099,0.18231628569886696,0.5093084654817459,0.8383667708618542,INTERMITENTE,True,False
2571,1,3037.32,4582404.683999999,0,,,,,0.0,SIN DATOS,False,False
2576,1,656.155377805513,22930143.625420798,24,1.4166666666666667,0.5534130459849794,0.30626599946637295,0.42132419314901004,0.7817600453038188,INTERMITENTE,True,False
2578,1,697.6846455189938,22702044.402700003,33,1.0303030303030303,0.25385002516920435,0.06443983527840569,0.14926050597451404,0.45319656634587835,SUAVE,True,True
2580,1,1078.807951051068,171668896.85339865,34,1.0,0.2535222651227089,0.06427353891294911,0.22999323423815277,0.6705829367863889,SUAVE,True,True
2585,1,2729.452252598779,106866244.046,34,1.0,0.22776063137164343,0.05187490520280964,0.12490315323468329,0.36211595768932214,SUAVE,True,True
2587,1,3052.367547695825,8945115.7169,6,5.666666666666667,0.6978853006696185,0.48704389289072386,2.120131319212425,0.15480995987834045,INTERMITENTE,True,False
2588,1,861.4379089650924,34247816.52842432,34,1.0,0.2749810601085719,0.07561458341843402,0.14269534066781306,0.6899568216068694,SUAVE,True,True
2594,1,176.51,4151539.9114,0,,,,,0.0,SIN DATOS,False,False
2607,1,307.9827217320363,31568379.889067385,34,1.0,0.22550524664114688,0.05085261626268449,0.1585239556305744,0.6225368224658981,SUAVE,True,True
2608,1,9824.179539136032,215226062.26568896,29,1.1724137931034482,0.8519921307081026,0.7258905907885327,0.9326977810201971,0.4429124037605082,ERRATICO,True,True
2611,1,581.6182634390549,13138884.527106207,25,1.36,0.2764812053132441,0.07644185689146424,0.25377274948761563,0.9058247406338229,INTERMITENTE,True,False
2613,1,2908.4433386605056,60772068.98347822,34,1.0,0.23928781421758544,0.05725865803302968,0.20642128240282157,0.7042120813405494,SUAVE,True,True
2619,1,1127.5889921477262,16334536.037499998,0,,,,,0.0,SIN DATOS,False,False
2621,1,252.48134104375967,11503878.036752315,11,3.090909090909091,0.7931677468433388,0.6291150746325388,2.2782687200031386,0.6081600952230755,CON PICOS,False,False
2622,1,962.2013193368454,2608219.8723000004,0,,,,,0.0,SIN DATOS,False,False
2625,1,454.13431688398833,19428497.322997488,2,17.0,0.25652975151725993,0.06580751341350713,2.3226805808119724,0.8565326025985626,INTERMITENTE,True,False
2626,1,697.1517946237972,5209954.79158256,9,3.7777777777777777,0.8674934141083924,0.7525448235214348,1.894770931780992,0.2815525257536346,CON PICOS,True,False
2636,1,1037.0844962142885,3081903.997400001,2,17.0,0.14157552915839422,0.020043630456479333,,0.4475248183502352,INTERMITENTE,False,False
2638,1,241.29,4647337.0901999995,0,,,,,0.0,SIN DATOS,False,False
2644,1,1943.4675215825475,32933145.495028358,21,1.619047619047619,0.4883296441052435,0.23846584131195375,0.5738815987445283,0.8464932896340076,INTERMITENTE,False,False
2646,1,498.53,2583397.4159,4,8.5,0.7230046822516333,0.5227357705577852,1.88896990756162,0.6134504292058349,CON PICOS,False,False
2649,1,898.1046099026485,6820323.161200001,9,3.7777777777777777,0.7587119051791885,0.5756437550606339,1.8870556706491215,0.5225470524016356,CON PICOS,True,False
2651,1,512.0,3080652.8,1,,,,,-0.031249999999999924,SIN DATOS,True,False
2652,1,886.6180044108069,92810516.60440001,30,1.1333333333333333,0.3670505128355856,0.1347260789728664,0.23376699754180388,0.7243352562378564,SUAVE,True,True
2653,1,1250.4249600423375,3993082.0588999996,4,8.5,0.31275435177530125,0.09781528455438888,3.3166247903554,0.715332027454714,INTERMITENTE,False,False
2657,1,547.033939270045,20591478.893699996,13,2.6153846153846154,0.44936537670829196,0.20192924178418514,0.33883110385562304,0.9168016228060668,INTERMITENTE,True,False
2658,1,1166.67359135517,175355369.139706,33,1.0303030303030303,0.33689053587860257,0.11349523316457201,0.22347983535511443,0.4141117874313102,SUAVE,True,True
2659,1,1008.7678221660128,29193085.074399997,24,1.4166666666666667,0.6543879502082692,0.42822358937778027,0.9052213732278702,0.6338687761975593,INTERMITENTE,True,False
2665,1,216.25577246025807,12016740.7348,11,3.090909090909091,0.5822103081895541,0.33896884296217555,0.8339688534468918,0.6173105732857663,INTERMITENTE,False,False
2667,1,2022.743806751899,27222369.335399996,19,1.7894736842105263,0.3469322197082646,0.12036196507170357,0.779833357701315,0.9099577907384024,INTERMITENTE,False,False
2668,1,400.9742143943567,19182606.41662603,34,1.0,0.35821799686737715,0.12832013327967623,0.12638240173311843,0.8363624643541634,SUAVE,True,True
