product_unique_id,n_almacenes,categoria,2020-08,2020-09,2020-10,2020-11,2020-12,2021-01,2021-02,2021-03,2021-04,2021-05,2021-06,2021-07,2021-08,2021-09,2021-10,2021-11,2021-12,2022-01,2022-02,2022-03,2022-04,2022-05,2022-06,2022-07,2022-08,2022-09,2022-10,2022-11,2022-12,2023-01,2023-02,2023-03,2023-04,2023-05,2023-06,2023-07,2023-08,2023-09,2023-10,2023-11,2023-12,2024-01,2024-02,2024-03,2024-04,2024-05,2024-06
7,4,Pastry_0,1611.13,1767.98,1616.58,2234.81,1897.48,3200.31,3569.27,3503.99,3427.81,3297.17,3102.53,2871.75,2936.93,2881.31,3534.4900000000002,3494.79,2488.11,2809.04,2355.22,2802.16,4732.06,5878.73,6343.07,6139.37,6964.42,8605.61,8502.14,8379.32,7555.57,9047.41,8370.06,8858.48,4854.22,4837.75,3840.34,3590.75,3660.5,4681.01,4742.75,4106.76,3423.46,4221.76,4016.26,3699.88,3962.78,4175.86,245.04
12,4,Baguette_0,3278.35,3299.64,3960.65,4217.49,5551.46,4775.89,4712.74,5503.71,5385.09,4923.23,4559.64,7133.099999999999,4361.41,4552.24,4740.14,4651.13,7271.09,5000.74,1679.3,7699.71,4315.93,4785.9,4329.24,4075.79,3775.98,3791.24,3476.72,3404.4,4935.25,3228.15,3517.6,3736.77,5842.65,5066.95,3888.56,4331.56,3795.43,3592.96,3453.4,3356.06,5241.87,3672.92,3333.22,3941.18,4373.86,5693.51,267.17
13,4,Melon_0,4024.81,4517.06,3012.16,3242.19,3557.92,3870.95,4378.04,5742.65,6122.33,5435.38,4519.45,5719.93,3300.91,3500.4700000000003,2472.58,3597.65,6058.74,5376.39,4568.68,3452.95,1835.62,2618.47,1716.49,1788.25,11458.3,3098.16,1161.41,1757.99,4020.43,4269.77,3198.0,2792.06,7457.7699999999995,6127.04,5501.95,5660.4,8965.12,9680.6,13241.0,3414.25,3331.97,2942.88,2485.47,2229.8,2479.76,4531.03,764.53
18,4,Toust_0,14532.08,17863.87,21673.16,21210.43,21529.48,23688.02,22604.55,24939.82,21614.43,21597.29,19070.28,17711.68,18465.97,21114.19,23078.73,23944.81,21852.73,25889.39,21467.95,21734.49,19304.01,20800.07,18939.58,16857.34,17642.98,15480.66,11095.73,14179.68,13954.72,14549.31,12473.78,13069.87,12609.77,12924.38,11444.26,10242.95,0.0,0.0,0.0,0.0,0.0,0.0,0.0,0.0,0.0,0.0,0.0
22,4,Mushroom_0,6563.5199999999995,7080.54,9221.12,9835.16,8714.86,13311.44,12098.18,13181.62,11835.99,10702.24,8411.7,8258.95,7908.57,8305.56,9968.85,10771.21,9920.65,11576.52,9323.03,9983.49,9255.26,8804.24,7875.07,7253.7300000000005,7396.83,6902.87,6968.53,7603.5,7719.29,9472.8,7682.17,7775.4800000000005,7576.34,7340.96,6095.45,5985.27,5769.19,5565.52,6858.3,6990.51,7678.85,9856.27,8832.44,9332.21,9285.53,8386.89,603.17
23,4,Apple_0,0.0,0.0,0.0,0.0,0.0,0.0,0.0,0.0,0.0,0.0,0.0,3817.06,6487.01,12365.24,8684.56,9322.28,8796.72,12992.23,10714.65,18241.46,9996.56,16589.3,9825.51,7916.74,10880.8,13340.3,7898.96,13715.23,10233.78,12841.13,12591.55,21593.65,12896.95,21234.58,11325.6,9356.0,8635.37,17778.85,12323.63,18557.96,12682.53,22446.49,18459.51,19156.84,19432.6,19382.57,837.4300000000001
24,4,Toust_1,1993.66,3038.16,4524.74,3947.39,3633.64,4132.32,4008.77,4540.32,3837.58,3590.86,3240.36,3183.39,3170.5299999999997,3506.58,3813.4900000000002,4274.54,3325.57,5282.91,3635.35,3188.2599999999998,2961.44,3099.9700000000003,3076.02,2875.52,3542.66,7330.98,6642.38,4934.94,5497.5,5828.11,4017.43,4101.0,3786.36,3771.48,3219.13,2925.65,3318.22,3639.62,4568.24,3684.08,3841.88,3504.38,2848.44,2997.95,3139.11,3106.56,222.33
25,4,Raspberry_0,0.0,0.0,0.0,0.0,0.0,0.0,0.0,0.0,0.0,0.0,0.0,618.03,0.0,0.0,0.0,0.0,0.0,0.0,0.0,0.0,0.0,0.0,0.0,0.0,0.0,0.0,0.0,0.0,0.0,0.0,0.0,0.0,0.0,0.0,22811.46,31427.35,30127.72,34438.43,25514.81,10044.76,0.0,0.0,0.0,0.0,0.0,3094.13,1924.68
26,4,Lettuce_0,1789.4,1248.9,4920.64,2438.69,313.53,359.91,316.88,548.58,642.92,2113.17,6187.05,3179.47,2135.87,2377.53,1555.03,2356.14,2161.07,1933.8799999999999,789.76,0.0,0.0,245.67,893.06,1634.23,1560.72,1361.13,578.26,910.24,442.05,579.24,0.0,0.0,0.0,269.8,2688.49,1123.48,2913.2000000000003,1306.8,760.39,614.4,797.72,683.54,248.73,55.480000000000004,0.0,438.94,55.1
28,4,Chicken_0,0.0,0.0,0.0,0.0,0.0,0.0,0.0,0.0,0.0,0.0,0.0,0.0,0.0,0.0,0.0,0.0,0.0,0.0,0.0,468.21,563.43,542.28,441.48,481.15,1097.14,444.77,485.22,445.76,641.54,838.95,687.66,1031.27,1036.52,792.16,634.36,616.86,470.13,586.02,1887.51,849.61,1012.16,4329.76,1375.21,1345.61,1146.76,1139.02,13.63
31,3,Pastry_1,3166.54,3122.88,3208.94,3058.73,2056.35,3021.56,2776.73,2839.89,2700.98,2579.32,2055.25,1810.31,1809.64,2022.24,2361.99,2393.14,1700.4,1636.24,1642.6200000000001,1604.73,1408.85,1150.32,1093.82,877.38,895.53,1067.96,1206.83,1096.21,896.48,1037.42,1121.97,1207.18,1010.78,1219.22,1062.21,999.7,1138.11,1468.78,2194.34,2325.7400000000002,1564.78,2217.36,2009.61,2169.01,1935.02,2415.82,176.86
33,4,Chicken_2,3067.95,3267.16,4464.83,3854.46,3530.84,4730.63,4329.29,4495.45,3713.77,3398.97,2532.59,2591.7599999999998,2613.13,3203.64,3568.86,3972.48,4139.15,3721.36,3311.43,5339.22,3274.75,3130.23,2727.8,3025.0,2989.54,3309.7,3215.55,3188.59,3704.95,4108.91,3776.29,4187.11,3739.51,4040.18,3055.44,3547.0,3335.57,3417.17,3895.07,3757.09,4794.49,4780.42,4378.97,5327.21,4607.17,4644.97,295.83
34,4,Pork_0,0.0,0.0,0.0,0.0,0.0,0.0,0.0,0.0,166.85,1361.01,1752.89,1742.94,2077.02,2169.75,2505.24,2932.7400000000002,3290.2400000000002,2279.01,2390.65,2563.48,2658.22,2040.52,1932.8999999999999,1774.75,1442.76,1696.03,1765.89,2075.9,2279.53,2660.36,2297.01,2352.99,2126.54,2233.57,1772.46,1802.63,1849.53,2333.01,1937.6,1924.52,2191.55,2160.28,2060.03,2167.45,1963.17,2051.37,132.49
38,4,Celery_0,11465.51,10700.78,18031.6,18426.12,19599.079999999998,27767.85,25270.86,26965.2,22586.37,21507.85,17622.93,18051.27,17690.22,16309.36,19104.52,24882.17,20370.39,34040.2,23657.05,19795.81,16282.68,20775.96,14977.5,19739.82,17254.52,16766.93,18123.920000000002,21977.18,20362.07,30459.16,23871.79,25426.54,23773.670000000002,22892.84,18319.74,20109.98,22498.32,19739.64,28895.14,25886.2,22287.5,26633.55,26279.25,28781.78,26172.55,30537.61,1272.39
40,4,Chicken_3,0.0,0.0,0.0,0.0,0.0,0.0,0.0,0.0,0.0,0.0,0.0,0.0,0.0,0.0,0.0,0.0,0.0,0.0,0.0,0.0,0.0,0.0,0.0,0.0,0.0,0.0,0.0,392.3,649.81,1010.4399999999999,469.09,932.11,1393.14,1420.91,2717.04,1945.82,1484.93,1439.76,1376.99,1441.88,2020.66,2006.39,1258.94,0.0,0.0,0.0,0.0
42,4,Pepper_0,4888.69,5202.35,17710.91,12605.37,12730.13,30429.67,21367.02,17708.51,28491.89,17490.77,17782.77,14804.14,8796.3,11945.2,11973.99,27412.85,30215.34,44082.98,37644.909999999996,34972.43,22943.57,19595.96,16690.41,14058.51,13076.539999999999,21451.420000000002,17328.61,15226.41,17592.53,23144.22,16171.300000000001,1864.8,13091.99,11715.4,9188.23,12883.69,10306.05,6726.81,12247.35,7191.72,15710.33,11652.17,7387.45,18997.65,2890.04,1423.92,471.01
43,1,Bread_0,0.0,0.0,0.0,0.0,2131.5,682.61,542.52,472.2,706.11,522.14,456.72,419.67,403.94,0.0,0.0,0.0,1638.09,419.83,448.90999999999997,475.92,505.68,333.68,332.83,237.62,346.09000000000003,324.21,432.19,482.95,2045.6,590.3199999999999,421.63,464.11,742.03,695.55,330.17,301.96999999999997,333.8,426.19,495.63,614.4,2111.26,676.53,582.36,1014.5999999999999,498.8,492.88,14.5
45,3,Bread_1,9148.34,7369.84,7234.57,9453.76,7551.85,8479.11,8515.15,9859.62,10548.04,13257.9,13854.81,12959.11,10678.26,9649.49,9109.17,9873.81,10044.73,10653.67,9308.04,7684.96,8899.24,10833.6,11183.05,9712.34,9240.59,7320.29,7080.81,6112.62,6492.31,7241.24,6874.88,8534.22,9518.73,12623.63,10262.09,10156.29,8620.89,7953.29,7324.0199999999995,6557.03,6181.0,7954.58,7899.83,9840.2,12038.65,13549.64,1115.52
47,3,Bread_2,0.0,0.0,0.0,0.0,0.0,0.0,0.0,0.0,0.0,0.0,0.0,852.91,1126.04,1247.44,1516.2,1852.95,1805.74,2964.3,2708.46,2851.63,2526.9,2615.9,2349.92,2289.23,2310.75,2496.53,2248.99,2007.23,1768.66,2856.76,2835.32,3136.2,3315.55,3645.31,3397.73,2798.34,3050.05,2828.58,3523.33,3107.43,2749.39,4096.39,3506.74,3980.93,4093.95,3791.75,225.75
48,3,Pastry_3,2383.18,2675.1,2724.28,2802.51,2279.76,3130.61,3436.16,3517.14,2971.75,3370.04,3429.58,2670.2,2680.67,3443.38,3739.64,3787.7400000000002,3081.75,3581.96,3254.54,3691.54,3076.62,3253.46,2550.61,2228.05,2381.9,2968.56,3413.7599999999998,2783.39,2682.89,3255.23,3059.22,3243.14,2800.17,3075.53,3202.84,2282.4,1958.1499999999999,2443.62,2421.98,2344.35,1704.75,2355.09,2184.46,2006.42,2166.24,2362.65,127.37
53,4,Avocado_0,11131.96,8250.14,8185.05,9172.41,18392.66,20443.6,10042.53,9777.89,10149.78,54008.96,24423.71,7630.6,8042.6,8278.14,10538.65,30621.98,20373.91,15845.49,9488.77,10864.1,8049.8,7939.77,5371.63,6074.47,2388.34,683.55,0.0,0.0,0.0,2082.19,3279.36,2473.57,4491.4800000000005,16022.78,2083.77,9969.82,1600.3899999999999,1661.43,2555.09,12956.52,1716.75,0.0,2646.44,4428.58,29428.48,22119.37,143.03
58,4,Chicken_4,0.0,0.0,0.0,0.0,0.0,0.0,0.0,0.0,0.0,0.0,0.0,0.0,0.0,0.0,0.0,0.0,0.0,0.0,0.0,0.0,0.0,0.0,0.0,0.0,0.0,355.99,708.03,739.02,784.39,634.13,1018.74,1032.93,1052.78,1164.89,1316.92,1206.59,919.95,1422.26,1184.36,1101.83,1225.72,1484.17,1590.45,1877.01,1929.01,1629.72,73.79
59,4,Strawberry_1,0.0,0.0,0.0,0.0,0.0,0.0,0.0,0.0,0.0,0.0,0.0,0.0,0.0,0.0,0.0,0.0,0.0,0.0,0.0,0.0,0.0,1298.74,3538.03,0.0,1052.45,2653.97,663.27,0.0,0.0,0.0,0.0,0.0,0.0,922.9,21282.64,2729.42,0.0,0.0,0.0,0.0,0.0,0.0,0.0,0.0,0.0,0.0,0.0
61,4,Cucumber_1,0.0,0.0,0.0,0.0,0.0,0.0,0.0,0.0,0.0,0.0,0.0,0.0,0.0,0.0,0.0,0.0,0.0,0.0,0.0,0.0,0.0,0.0,0.0,0.0,0.0,0.0,0.0,0.0,0.0,0.0,0.0,0.0,0.0,0.0,0.0,0.0,0.0,0.0,0.0,0.0,2273.11,0.0,0.0,0.0,0.0,0.0,0.0
66,4,Kiwi_0,0.0,0.0,0.0,0.0,0.0,0.0,0.0,0.0,0.0,0.0,0.0,0.0,0.0,0.0,0.0,0.0,0.0,0.0,0.0,0.0,0.0,0.0,0.0,0.0,0.0,0.0,672.65,2904.47,6154.08,3523.84,3038.75,2733.47,397.45,0.0,0.0,0.0,0.0,0.0,1102.26,2103.44,0.0,0.0,0.0,0.0,0.0,0.0,0.0
77,3,Potato_2,0.0,0.0,0.0,0.0,0.0,0.0,0.0,0.0,0.0,0.0,0.0,0.0,0.0,0.0,0.0,0.0,0.0,0.0,0.0,0.0,0.0,0.0,21514.45,29143.94,32058.21,30183.55,23212.88,18111.72,20387.94,17349.62,12615.56,13353.37,15612.32,1231.34,0.0,0.0,0.0,0.0,0.0,0.0,0.0,0.0,0.0,0.0,0.0,0.0,0.0
78,3,Bread_6,3897.97,5218.95,6316.15,6361.94,7048.59,6991.63,5939.2,7290.16,6296.38,5269.45,6001.74,6261.57,6081.92,6034.55,6232.71,6297.58,5492.75,5379.31,5180.95,8756.25,7692.64,930.89,0.0,0.0,0.0,0.0,0.0,0.0,0.0,0.0,0.0,0.0,0.0,0.0,0.0,0.0,0.0,0.0,0.0,0.0,0.0,0.0,0.0,0.0,0.0,0.0,0.0
79,3,Pastry_5,4061.48,4367.11,4294.38,4499.97,3249.83,4397.74,3772.61,3936.3,3679.3,3730.38,3291.36,2960.18,2988.04,3682.29,4279.75,4252.32,2932.71,3228.49,3085.55,2946.47,2600.96,2452.22,2255.7400000000002,1948.97,2057.44,2481.15,2693.78,2559.45,2003.31,2245.21,2413.26,2870.96,2447.88,2951.49,2469.39,2047.17,2191.3,2839.36,2893.2400000000002,2761.35,2082.77,2862.33,2563.09,2794.15,2710.37,2984.92,196.06
80,4,Biscuit_0,773.93,922.84,1130.94,951.14,928.96,1261.13,1234.89,1245.66,1144.72,1045.1,969.32,1021.4,1320.67,1192.92,1359.11,1428.81,1302.79,1544.69,1358.29,12.05,216.3,1396.21,1239.8,1372.6,1502.65,1496.25,1640.08,1521.31,1400.69,1680.68,1439.03,1572.18,1353.72,1370.44,1284.06,1157.88,1310.99,1250.44,1286.09,1414.78,1407.54,1831.6,1704.32,1777.79,1571.88,2455.24,209.32
82,4,Watermelon_2,0.0,0.0,0.0,0.0,0.0,0.0,0.0,0.0,0.0,918.99,2318.66,3239.92,1648.38,2876.27,2737.57,0.0,0.0,0.0,0.0,0.0,0.0,612.01,5896.19,10316.41,5706.68,5103.27,26.2,0.0,0.0,0.0,0.0,0.0,0.0,0.0,13247.72,5289.76,2698.67,2392.29,0.0,0.0,0.0,0.0,0.0,0.0,0.0,3184.92,200.73
83,3,Pastry_6,12376.130000000001,16566.01,24202.95,24445.11,17310.16,21177.91,22431.51,25957.17,21165.88,20238.23,19368.73,17265.92,18343.12,22250.57,28880.15,33990.13,25995.21,27175.05,28015.25,28133.05,24627.37,23761.75,22445.0,20484.96,20958.84,25520.88,29424.81,27587.82,27384.26,22662.25,21733.21,27138.09,22120.32,24561.83,20804.31,17784.92,17933.6,22157.85,24911.58,23971.6,19843.66,26557.14,25753.82,26486.06,29823.0,33851.78,2173.72
85,3,Pastry_7,0.0,0.0,0.0,0.0,0.0,0.0,0.0,0.0,0.0,0.0,0.0,0.0,0.0,3338.85,12013.06,16672.88,17443.07,17872.72,17185.8,18518.18,18581.82,18162.76,16467.4,14279.36,13383.92,15441.74,15656.14,16046.51,17188.24,15523.41,14766.41,20510.23,19854.51,20455.81,17247.1,16636.47,18364.68,25003.69,29674.06,27846.06,29228.17,29883.49,28008.59,29439.2,28073.28,28630.510000000002,1837.59
89,3,Apple_3,0.0,0.0,0.0,0.0,0.0,0.0,0.0,0.0,0.0,0.0,0.0,0.0,0.0,0.0,0.0,0.0,1148.31,2003.78,1662.79,807.92,1694.48,1882.76,364.40999999999997,0.0,0.0,1731.73,2958.14,2255.68,2440.66,3771.36,3246.47,2882.22,3748.91,2519.23,2269.92,1067.88,0.0,812.36,4435.84,4931.32,4188.25,4145.69,3785.83,5001.54,4013.51,485.03999999999996,0.0
92,1,Bread_7,0.0,0.0,0.0,0.0,0.0,0.0,0.0,0.0,0.0,0.0,0.0,0.0,0.0,2411.02,11079.7,16462.14,16664.32,17986.92,19422.53,18892.9,17208.86,15819.66,14044.39,12782.38,12793.66,14547.43,16266.52,16141.89,16159.92,16867.64,14018.94,15930.63,16278.61,17075.48,12593.82,11741.74,12380.99,15611.52,16372.24,14926.72,13637.63,16033.95,14657.6,16246.07,12198.91,12776.55,800.88
99,1,Pastry_8,0.0,0.0,0.0,0.0,0.0,0.0,0.0,0.0,0.0,0.0,0.0,0.0,0.0,520.71,2040.57,1944.78,1576.6,1494.12,1936.14,1858.07,1513.1,1522.25,1423.92,1366.8,1357.65,1697.62,1839.03,1760.8400000000001,1489.1399999999999,1475.0,1115.6299999999999,1273.07,1263.91,1577.29,1124.8,1193.83,1302.62,1276.88,1451.15,1616.29,1355.58,1764.3600000000001,655.0,695.76,671.01,670.8,64.06
103,4,Pork_1,0.0,0.0,0.0,0.0,0.0,0.0,0.0,0.0,37.16,1884.93,2040.24,1936.15,2584.02,1924.72,2492.77,2898.21,3971.25,3093.75,3593.1,5418.26,2845.53,2689.74,3174.7,3229.86,2938.8,2856.21,4937.19,3689.77,5171.59,4712.63,3602.67,6185.74,3767.57,3238.01,2886.85,3129.25,3217.83,3151.33,3827.42,3639.54,3472.46,4554.09,3365.79,2973.47,2370.61,3067.64,179.04
106,4,Pear_4,0.0,884.1800000000001,3652.46,3784.44,2380.95,3460.15,2669.5,3554.64,3492.02,3013.13,2544.74,2213.83,79.8,0.0,3127.12,4017.86,2768.0299999999997,3180.62,1684.1,0.0,247.64,1661.16,4351.78,1276.42,960.75,971.76,1579.77,1567.41,1318.82,1874.42,4191.92,2275.37,1989.99,4712.17,1834.47,0.0,0.0,198.67000000000002,1777.97,1614.62,1330.91,1721.25,504.13,122.61,4183.28,1566.09,68.94
112,4,Roll_2,0.0,0.0,0.0,0.0,0.0,0.0,0.0,0.0,0.0,0.0,0.0,0.0,0.0,0.0,0.0,0.0,0.0,0.0,0.0,0.0,0.0,0.0,0.0,0.0,0.0,0.0,0.0,0.0,9803.34,34364.26,31318.99,18253.14,4362.78,28204.62,30342.9,37591.18,37727.75,33255.95,33158.66,37355.35,47830.93,39556.55,35137.73,31841.03,35653.99,41536.79,2495.1800000000003
116,4,Onion_2,1709.85,1820.16,3283.58,4448.92,4155.26,3307.26,3456.7599999999998,4186.47,3853.78,3285.81,2178.09,2685.5299999999997,2824.55,2445.9,2334.59,2536.19,2833.4900000000002,4176.73,3530.51,3285.8,2999.93,2958.81,3700.41,4285.65,5052.24,3302.15,2330.99,2425.79,3088.27,3361.07,3032.16,2887.03,3293.72,2978.62,2462.79,2570.92,2285.29,2460.34,2445.33,2568.66,2779.21,2801.42,2620.9900000000002,3104.85,2600.53,2763.16,186.13
118,1,Pastry_11,0.0,0.0,0.0,0.0,0.0,0.0,0.0,0.0,0.0,0.0,0.0,0.0,0.0,0.0,0.0,0.0,0.0,0.0,0.0,0.0,0.0,0.0,0.0,0.0,0.0,0.0,0.0,0.0,0.0,0.0,0.0,0.0,0.0,0.0,0.0,0.0,0.0,0.0,0.0,0.0,0.0,0.0,1854.1299999999999,2259.68,3661.83,2964.38,0.0
119,4,Baguette_3,0.0,0.0,0.0,0.0,0.0,0.0,0.0,0.0,0.0,0.0,0.0,0.0,0.0,0.0,0.0,0.0,0.0,0.0,0.0,0.0,0.0,986.49,2352.15,2563.11,2102.23,2590.25,2064.78,2051.99,5184.71,1900.82,2235.89,2278.0,2500.13,2215.78,1815.31,1742.68,1635.87,1675.03,1645.9,1740.6399999999999,3107.69,2115.57,1507.6,1854.23,1575.09,1481.46,81.7
124,4,Carrot_1,9208.37,10678.83,13726.43,13542.16,16774.0,20281.07,17272.9,19070.56,19924.79,16384.54,11022.07,2111.97,0.0,0.0,0.0,0.0,0.0,0.0,0.0,0.0,0.0,0.0,0.0,0.0,0.0,0.0,0.0,0.0,0.0,0.0,0.0,0.0,0.0,0.0,0.0,0.0,0.0,0.0,0.0,0.0,0.0,0.0,0.0,0.0,0.0,0.0,0.0
126,3,Pastry_12,0.0,0.0,0.0,0.0,0.0,0.0,0.0,0.0,0.0,0.0,0.0,0.0,0.0,0.0,0.0,0.0,0.0,0.0,0.0,0.0,737.14,0.0,0.0,0.0,0.0,0.0,0.0,0.0,0.0,0.0,0.0,155.1,1994.38,0.0,0.0,0.0,0.0,0.0,0.0,0.0,0.0,0.0,0.0,1675.14,92.75,0.0,0.0
128,1,Pastry_13,654.8100000000001,729.58,890.9,928.4,748.97,910.17,1039.41,1116.8700000000001,1031.66,1008.82,1048.24,981.12,849.61,988.33,1212.35,1414.49,1040.88,1131.14,1160.72,1117.5,785.12,808.96,684.96,585.36,522.05,556.31,598.77,575.56,419.05,609.73,608.57,650.77,621.44,770.84,711.68,502.21000000000004,690.2,633.04,631.49,708.91,505.5,819.14,740.41,753.87,683.26,696.29,38.17
129,4,Cucumber_2,0.0,0.0,0.0,0.0,0.0,0.0,0.0,34253.97,52389.2,31487.01,48976.4,25412.48,24166.38,25311.31,20771.41,23250.38,54997.63,32751.15,25228.28,25550.57,59697.409999999996,24160.93,25557.23,21287.9,20138.84,27728.81,20516.47,18768.75,1466.3799999999999,0.0,0.0,9141.74,9714.61,35606.14,18720.74,16870.34,13654.43,13771.06,18108.99,15582.59,1917.88,537.39,16132.36,23163.64,28665.26,23163.95,227.89
130,4,Grape_3,0.0,0.0,0.0,0.0,0.0,0.0,0.0,0.0,0.0,0.0,0.0,0.0,0.0,0.0,0.0,0.0,0.0,0.0,0.0,0.0,0.0,0.0,0.0,0.0,0.0,2221.74,9559.64,0.0,0.0,0.0,0.0,0.0,0.0,0.0,0.0,0.0,0.0,4427.42,11000.1,0.0,0.0,0.0,0.0,0.0,0.0,0.0,0.0
133,4,Orange_1,0.0,0.0,0.0,0.0,7160.79,24401.63,9687.3,11255.06,2787.6,0.0,0.0,0.0,0.0,0.0,0.0,0.0,1711.11,16601.07,10450.54,4868.74,997.89,0.0,0.0,0.0,0.0,0.0,0.0,0.0,2131.24,28512.670000000002,16875.95,4076.36,0.0,0.0,966.76,2707.33,10237.42,3567.0699999999997,0.0,0.0,0.0,0.0,0.0,0.0,0.0,0.0,0.0
137,4,Mix meat_0,7824.4,9124.41,13759.93,12407.15,10803.69,17404.88,32689.8,27266.02,21988.75,10285.05,8409.36,7973.35,3662.62,0.0,0.0,0.0,0.0,0.0,0.0,0.0,0.0,0.0,0.0,0.0,0.0,0.0,0.0,0.0,0.0,0.0,0.0,0.0,0.0,0.0,0.0,0.0,0.0,0.0,0.0,0.0,0.0,531.08,5421.01,21197.86,9973.82,11373.73,648.98
142,4,Nectarine_0,0.0,0.0,0.0,0.0,0.0,0.0,0.0,0.0,0.0,0.0,0.0,1250.8,356.9,247.23,0.0,0.0,0.0,0.0,0.0,0.0,0.0,0.0,222.5,1827.95,1583.97,106.99000000000001,0.0,0.0,0.0,0.0,0.0,0.0,0.0,0.0,1399.61,3239.99,1395.51,457.22,0.0,0.0,0.0,0.0,0.0,0.0,0.0,1305.81,106.1
144,4,Pastry_15,0.0,0.0,0.0,0.0,1318.09,0.0,477.96999999999997,349.01,0.0,0.0,0.0,0.0,0.0,0.0,0.0,0.0,0.0,0.0,18.17,1948.14,1775.83,1318.07,0.0,0.0,0.0,0.0,0.0,0.0,0.0,0.0,0.0,0.0,0.0,0.0,388.96999999999997,1875.81,1964.79,550.92,2437.48,1572.98,1516.7,2117.04,1829.39,1792.67,1970.03,2344.44,203.98
145,1,Bread_11,0.0,0.0,0.0,0.0,0.0,0.0,0.0,0.0,0.0,0.0,0.0,0.0,0.0,994.65,2326.4,2530.02,2319.16,2104.77,2227.26,1976.51,1857.51,1954.53,1891.35,2111.57,2099.0,2318.69,2455.73,2368.03,2390.29,2537.01,2053.24,2270.88,2241.65,2335.4700000000003,1806.56,2157.68,2359.05,2889.03,3187.19,2580.23,2409.07,2544.44,2165.79,2267.44,2368.52,2599.67,157.76999999999998
147,4,Toust_2,0.0,0.0,0.0,0.0,0.0,0.0,0.0,0.0,0.0,0.0,0.0,0.0,0.0,0.0,0.0,0.0,0.0,0.0,0.0,3036.28,1825.89,1891.33,2182.54,2089.85,2469.11,237.69,3297.49,2621.75,3047.84,2973.55,2207.91,2472.38,2486.73,2506.02,2118.87,2228.06,2521.36,3179.2200000000003,4105.4800000000005,3622.08,4053.47,3887.99,3423.44,3897.01,3693.69,3778.78,218.77
149,4,Donut_0,0.0,0.0,0.0,0.0,0.0,0.0,0.0,0.0,0.0,0.0,0.0,0.0,0.0,0.0,0.0,0.0,0.0,0.0,0.0,0.0,0.0,0.0,0.0,0.0,0.0,0.0,0.0,0.0,0.0,0.0,0.0,0.0,0.0,0.0,58.97,4818.67,3631.02,2612.67,2104.25,750.96,0.0,0.0,0.0,0.0,0.0,0.0,0.0
152,3,Donut_1,2978.07,2962.82,4830.19,5507.54,3753.27,5253.12,6564.28,7280.15,6053.93,7610.27,7707.25,7044.14,7800.43,8116.4,11033.3,12439.91,9159.79,8327.7,10676.4,11335.76,9879.45,10173.85,9471.54,8723.22,8549.51,9036.02,9386.2,9627.41,7925.64,7694.52,8390.26,11193.46,10277.02,11563.45,10056.99,8193.53,8165.32,8191.72,9054.74,9578.24,7348.6,8726.04,8158.64,7987.91,7473.57,10646.83,767.63
163,4,Strawberry_5,7172.9,3539.16,4310.89,5600.07,3768.26,0.0,0.0,0.0,6328.6,11457.25,9036.36,8562.64,3559.46,13083.55,10216.63,4876.26,5106.0,0.0,0.0,2634.6,6221.91,19315.26,12421.45,13943.14,14921.38,8507.52,11035.92,7932.59,7102.29,2438.42,93.19,0.0,11867.44,24761.03,11434.37,16466.45,19061.8,13642.53,11350.07,8290.36,5623.96,4264.18,2322.94,1989.62,6340.99,20246.84,685.44
165,4,Tortilla_0,1171.8,1083.88,1308.57,1465.55,1384.39,1982.85,1580.37,1540.17,1395.2,1136.92,830.68,734.01,737.1,941.0,787.75,1348.21,943.56,1563.0,1084.49,1100.45,986.93,1166.42,1074.18,1041.22,1201.98,1028.47,1018.4399999999999,1065.45,1211.06,1600.29,1358.22,1384.4,1725.31,1448.07,539.54,1570.66,1872.53,1095.28,1141.17,1098.79,1081.45,1385.23,1173.66,6203.76,1377.12,1442.03,993.44
166,4,Sweet Potato_0,12817.06,25558.6,23750.18,22259.75,17169.75,24147.72,20624.62,25666.06,19312.99,18793.06,15550.8,15297.75,22013.88,14948.14,15998.24,15262.97,11938.68,21898.64,20290.95,19136.84,17156.17,16924.43,14429.63,12650.65,13275.53,13881.54,16628.0,10155.03,12688.17,11749.56,12311.66,17087.73,14456.9,15343.57,14344.92,12902.17,12492.01,16652.86,13831.36,12760.46,16947.33,13266.87,10962.19,12103.33,14143.17,14592.44,963.97
174,4,Carrot_2,0.0,0.0,0.0,0.0,0.0,0.0,481.36,12864.76,41652.71,39631.64,46805.77,23637.58,4294.5,0.0,0.0,0.0,0.0,0.0,0.0,16144.9,10134.54,17876.68,22011.86,17971.61,0.0,0.0,0.0,0.0,0.0,0.0,1364.92,17175.79,27894.63,27223.53,26249.15,38512.5,924.3,0.0,0.0,0.0,0.0,3333.74,5322.92,10599.13,8397.08,26396.27,2191.57
177,4,Turkey_0,5832.67,6992.84,8716.86,7635.96,8558.34,10596.89,10083.73,11079.8,10189.37,10374.59,8614.5,8982.57,9529.36,9298.960000000001,9964.33,10498.76,10057.98,10037.78,9017.1,10269.84,10634.48,9548.04,8513.49,8010.07,8183.2,8668.27,8077.6900000000005,7707.44,9348.69,9531.51,6223.92,5982.75,5895.42,5997.25,4543.13,4357.22,3905.9,4134.41,4726.64,3646.87,4566.6,3964.35,3455.07,3937.0,4032.67,3983.04,277.01
179,4,Pastry_19,0.0,0.0,0.0,0.0,0.0,0.0,0.0,0.0,0.0,0.0,0.0,0.0,0.0,0.0,0.0,0.0,0.0,0.0,0.0,0.0,0.0,0.0,0.0,0.0,0.0,0.0,0.0,1617.38,4912.83,8669.48,9577.99,10671.73,9389.42,10864.55,9218.02,7626.09,7907.31,10389.88,11330.86,9991.46,8792.17,10285.56,10591.85,10747.91,10843.07,12112.51,727.1700000000001
180,4,Orange_2,0.0,0.0,0.0,4878.94,14859.59,11208.29,20862.13,14466.67,17844.13,10637.59,4370.06,5854.08,6266.82,6837.98,10241.03,12593.57,11979.87,12579.63,20680.53,19315.3,10936.16,7864.11,5948.32,7287.12,2089.33,0.0,0.0,6680.64,9983.09,12457.57,13129.76,12546.55,10417.7,9132.46,1674.77,4362.04,0.0,0.0,0.0,8795.7,0.0,0.0,0.0,0.0,0.0,0.0,0.0
181,4,Pepper_1,0.0,0.0,0.0,0.0,0.0,0.0,0.0,0.0,0.0,0.0,0.0,0.0,0.0,0.0,0.0,0.0,0.0,0.0,0.0,0.0,0.0,0.0,0.0,0.0,0.0,0.0,0.0,0.0,0.0,0.0,0.0,0.0,0.0,0.0,0.0,0.0,0.0,0.0,0.0,0.0,0.0,0.0,0.0,0.0,12100.99,22664.63,1128.44
186,1,Roll_5,0.0,0.0,0.0,0.0,0.0,0.0,0.0,0.0,0.0,0.0,0.0,0.0,0.0,0.0,0.0,0.0,0.0,0.0,0.0,0.0,0.0,0.0,0.0,0.0,0.0,0.0,0.0,0.0,0.0,0.0,0.0,0.0,0.0,0.0,0.0,0.0,0.0,0.0,0.0,0.0,0.0,0.0,15100.0,22099.62,26036.55,25369.64,0.0
190,4,Salad_4,0.0,0.0,0.0,0.0,0.0,0.0,0.0,0.0,0.0,0.0,0.0,0.0,0.0,0.0,0.0,0.0,0.0,0.0,0.0,0.0,0.0,0.0,0.0,0.0,0.0,0.0,0.0,0.0,0.0,3410.87,4954.15,5566.33,5235.55,5719.75,4622.51,5238.18,5344.24,5199.39,8072.79,6220.32,5623.61,8176.59,7793.89,10292.08,11267.29,10691.58,615.54
191,1,Pastry_20,0.0,0.0,0.0,0.0,0.0,0.0,0.0,340.03,282.28,0.0,0.0,0.0,0.0,0.0,0.0,0.0,0.0,0.0,0.0,0.0,542.73,0.0,0.0,0.0,0.0,0.0,0.0,0.0,0.0,0.0,0.0,6.78,378.71,0.0,0.0,0.0,0.0,0.0,0.0,0.0,0.0,0.0,0.0,635.32,6.86,0.0,0.0
200,4,Avocado_1,20845.71,20837.49,26986.66,34993.21,33758.53,74349.76,50714.159999999996,67947.7,54409.69,41469.29,38838.27,37716.31,51002.27,35235.23,34895.51,39772.49,79925.1,46607.89,34150.48,72303.94,57283.11,91509.71,72502.98,26866.4,35519.56,38444.98,41459.18,52990.05,109133.15,92448.1,51871.09,43315.93,46476.39,103417.97,76734.12,121916.46,74342.9,68742.41,67509.85,104646.12,127677.04,98984.79,120946.7,92569.06,73357.43,155308.76,18210.649999999998
203,4,Parsley_0,5291.68,6067.99,6896.18,8031.08,9811.46,10501.52,8851.369999999999,8861.31,8295.82,5191.24,3640.91,3607.07,3822.24,3983.12,4186.57,4193.66,5464.37,5715.77,4807.92,5042.65,4965.74,3461.02,2881.94,3167.92,3075.32,3872.08,5087.02,6650.8,7906.82,6421.03,4813.28,4836.87,5185.84,3930.75,2915.16,2932.82,3797.27,4231.67,5003.8,5379.24,7615.69,8396.89,7684.37,7863.11,6792.04,5386.83,358.89
206,3,Chicken_11,999.72,997.49,1184.65,1148.34,1270.89,1334.98,806.52,1427.79,1369.0,1388.01,1058.9,1015.68,987.75,785.64,842.17,801.8100000000001,759.57,699.58,662.91,659.45,735.91,834.08,846.02,885.74,856.71,832.74,776.28,810.8000000000001,1019.7,1003.62,875.1,960.13,892.94,1096.3700000000001,1006.1800000000001,1055.64,876.59,937.0699999999999,976.11,857.0,1233.3,1101.7,1063.18,1289.96,1383.4,1472.23,90.99000000000001
210,4,Tomato_7,0.0,0.0,0.0,0.0,0.0,0.0,0.0,0.0,2079.35,19781.72,4104.06,704.88,0.0,0.0,0.0,627.07,1518.94,966.99,2616.28,3716.99,2484.88,1301.04,0.0,0.0,0.0,0.0,0.0,0.0,0.0,0.0,0.0,0.0,763.23,3067.87,2873.91,2735.77,1436.5,2166.14,2729.89,2157.7599999999998,13201.31,6570.0,27413.91,26158.2,24770.11,15459.33,1100.82
213,1,Bread_13,0.0,0.0,0.0,0.0,0.0,0.0,0.0,0.0,0.0,0.0,0.0,0.0,0.0,0.0,0.0,0.0,0.0,0.0,0.0,0.0,0.0,0.0,61.44,282.94,350.37,368.43,410.42,385.01,466.27,510.42,447.23,580.74,644.45,661.1,600.23,683.04,667.46,628.96,674.55,635.65,731.38,818.52,894.74,1025.21,1273.1100000000001,1189.56,56.01
223,4,Potato_5,0.0,0.0,0.0,0.0,0.0,0.0,0.0,0.0,0.0,0.0,0.0,0.0,0.0,0.0,0.0,0.0,0.0,0.0,0.0,0.0,0.0,0.0,0.0,0.0,0.0,0.0,0.0,0.0,0.0,610.39,1034.36,934.92,1119.69,947.72,0.0,288.84,2263.55,2072.9,1306.49,1230.12,1832.0,1657.54,1695.47,1940.91,1945.48,1397.63,0.0
229,1,Baguette_5,3772.4,3321.61,4822.64,5106.51,6035.66,6349.66,5483.76,5692.12,5389.42,5029.18,4724.95,4656.34,4948.3,5232.26,5590.73,6434.1,7619.8099999999995,7121.58,5740.29,4683.25,4601.25,4334.08,3647.06,3149.27,2503.88,2637.72,2758.2999999999997,2686.17,2824.56,2646.69,2117.06,2479.79,2396.7,1359.72,1364.85,1392.51,1364.69,1337.79,1336.19,32.48,0.0,0.0,0.0,0.0,0.0,0.0,0.0
231,4,Cucumber_6,4553.24,5834.76,7117.5,8632.71,11197.25,15081.65,8195.24,10818.19,10935.55,11304.91,9447.76,5992.87,5490.47,7110.78,8589.21,10147.86,10436.41,13021.56,11990.21,13969.38,11724.42,12448.89,9765.16,6370.88,5757.7,7160.58,9229.02,11061.12,13372.95,10624.49,12803.96,14068.82,10970.25,15753.62,10064.17,6235.33,3798.05,0.0,7621.11,9354.15,10820.25,10245.83,7675.16,22335.52,13483.83,18616.73,1079.3
232,4,Pastry_22,0.0,0.0,0.0,0.0,0.0,0.0,0.0,0.0,0.0,0.0,0.0,0.0,0.0,0.0,0.0,0.0,0.0,0.0,0.0,0.0,0.0,0.0,0.0,0.0,0.0,0.0,0.0,0.0,0.0,0.0,0.0,0.0,0.0,0.0,0.0,0.0,0.0,0.0,0.0,0.0,0.0,6450.93,7832.51,2046.18,2913.21,3845.75,167.0
233,4,Donut_3,0.0,0.0,0.0,0.0,0.0,0.0,0.0,0.0,0.0,0.0,0.0,0.0,0.0,0.0,0.0,0.0,0.0,0.0,0.0,0.0,0.0,0.0,0.0,0.0,0.0,0.0,0.0,0.0,0.0,0.0,0.0,0.0,0.0,0.0,94.69,5443.16,2613.64,1722.39,2671.8,1502.25,235.96,0.0,0.0,0.0,0.0,0.0,0.0
235,4,Cabbage_1,3558.46,4079.57,6181.74,6244.07,5905.24,9597.28,7849.96,10016.79,8727.9,5737.37,4075.11,6377.97,4711.05,4973.06,5793.89,7797.96,7104.34,11853.33,11878.59,8167.21,6557.9800000000005,5042.18,4407.96,3607.9,4167.21,5054.57,5844.8,6685.56,6494.47,7959.79,9128.93,8571.5,6247.81,4709.16,5287.44,3857.99,4160.9,4363.36,5110.56,6528.61,5936.75,8471.84,5543.46,6266.65,6314.51,9434.57,278.26
242,1,Bread_14,443.43,533.51,741.55,760.59,2942.13,785.7,781.67,890.88,965.53,756.04,535.28,494.02,500.17,815.5500000000001,952.59,864.0,2482.18,725.28,851.29,778.89,900.34,494.57,609.7,378.36,498.31,495.31,730.73,723.2,2176.1600000000003,725.65,640.04,725.25,1117.41,1365.79,592.6899999999999,487.67,664.25,692.81,902.17,897.11,1955.11,843.74,778.36,1248.96,842.85,773.4,24.08
248,4,Potato_6,0.0,0.0,0.0,0.0,0.0,0.0,0.0,0.0,0.0,0.0,0.0,0.0,0.0,0.0,0.0,0.0,0.0,0.0,0.0,0.0,0.0,0.0,0.0,0.0,0.0,0.0,0.0,0.0,0.0,6058.41,6244.29,8691.48,8590.48,1439.58,0.0,0.0,0.0,0.0,0.0,1149.84,2819.47,2468.86,2306.96,756.63,0.0,0.0,0.0
251,4,Muffin_0,3648.39,4037.29,4481.01,4651.74,4034.83,5957.46,6257.13,6302.57,5631.97,6300.4,6189.99,5218.57,5789.39,6624.2,6643.6,5652.31,2795.26,7402.04,6496.33,6588.7,5436.1,5798.26,5205.48,4559.74,4455.11,5216.09,5510.76,5461.86,4462.61,5731.81,5287.46,3389.68,3025.59,3673.79,3530.58,2850.75,3374.6,4698.53,4921.67,4810.56,3709.89,4756.45,4463.95,4708.31,4473.21,5150.9400000000005,243.29999999999998
258,4,Cactus Fruit_0,2529.56,2271.54,2804.5099999999998,1765.6299999999999,3189.87,2926.15,2445.76,2251.83,2048.9,1996.64,1775.68,1634.98,1872.74,1467.19,1803.38,1179.01,1856.95,3370.25,4165.88,4711.81,4623.55,3016.65,2981.39,4111.51,3383.87,3689.29,4273.71,3581.78,5644.35,6053.7300000000005,4974.55,3895.15,4408.36,3020.03,3029.43,3124.54,2855.49,3475.57,4659.05,4723.29,7364.1,6167.21,6546.91,4496.07,6277.96,6644.95,347.64
260,4,Chicken_13,6973.0199999999995,14494.58,11107.14,18467.8,8020.7699999999995,12279.49,23671.64,22869.989999999998,20485.15,9473.96,16572.4,13506.21,7757.23,6185.38,7045.7,6698.52,7611.04,14573.08,12449.3,8731.8,7038.62,5849.6,4778.49,3568.54,4007.92,3984.46,6493.08,5416.17,5691.11,8536.52,4098.82,6158.84,6556.3,3521.56,3096.63,2857.15,2985.23,3083.1,3288.54,3545.97,3578.69,5251.61,3258.66,3902.91,2890.89,3213.83,144.98
262,1,Roll_7,0.0,0.0,0.0,0.0,0.0,0.0,0.0,0.0,0.0,0.0,0.0,0.0,0.0,0.0,0.0,0.0,0.0,0.0,0.0,0.0,0.0,0.0,171.53,982.64,984.06,1028.04,1268.26,1440.26,1361.6100000000001,1451.96,590.24,895.91,1420.98,1688.12,1223.29,1207.89,1268.23,1365.24,1578.8600000000001,1907.2,2060.02,2729.48,2360.85,2443.54,2478.17,2564.94,131.52
263,4,Tomato_10,1802.98,18.33,1080.0,6384.02,7726.62,19784.94,26401.66,31031.66,23389.12,16850.84,15441.78,12071.45,3389.01,0.0,0.0,0.0,0.0,0.0,0.0,0.0,0.0,0.0,0.0,0.0,0.0,0.0,0.0,0.0,0.0,0.0,0.0,0.0,0.0,0.0,0.0,0.0,0.0,0.0,0.0,0.0,0.0,0.0,0.0,0.0,0.0,0.0,0.0
265,4,Bell pepper_0,1391.24,1462.66,1534.24,1825.64,1902.7,2896.29,3283.9,5113.22,5428.21,4330.04,2913.62,2979.07,2745.05,2250.1,2332.95,2766.44,2695.85,3467.29,4403.88,4084.82,4026.82,3474.52,2858.81,2167.73,1860.39,1979.27,2424.5,1872.51,2330.38,3981.88,5323.01,5646.28,3071.42,2596.66,1865.55,1623.91,1362.27,1598.91,1468.67,1309.46,1567.0,2748.91,3167.52,2946.04,3272.95,3235.54,185.60999999999999
268,4,Tomato_11,13695.87,13756.13,23085.74,18523.72,5110.53,0.0,0.0,0.0,5625.06,27029.23,21213.31,15775.42,17183.38,15781.76,18340.3,18904.64,24393.88,0.0,0.0,0.0,0.0,0.0,0.0,0.0,0.0,0.0,0.0,0.0,0.0,0.0,0.0,0.0,0.0,6034.97,13368.82,23680.97,19105.08,13697.7,19378.8,29552.25,17822.05,200.05,0.0,0.0,2464.88,12562.71,706.16
271,3,Roll_8,103483.87,128951.71,159494.19,156244.28,150454.76,158790.03,147000.7,175314.93,174301.7,147471.81,128446.73,119300.34,124279.08,137095.46,161799.71,181167.03,189656.95,172365.69,153672.41,144939.06,143734.91,142754.76,127654.75,112198.64,111180.28,129655.93,125954.31,116149.01,136295.38,116279.15,96515.51,121013.38,121373.37,111292.51,89508.16,80884.12,83885.39,93949.06,99289.12,151538.72,184156.47,119863.09,112007.9,124419.05,115631.22,118471.66,7016.79
273,4,Beef_1,0.0,0.0,0.0,0.0,0.0,0.0,0.0,0.0,253.99,1523.28,2326.52,2230.92,2980.14,3444.27,3127.37,2994.08,3451.4700000000003,3116.42,2697.53,2170.92,2379.37,2672.35,2352.27,2324.67,2185.82,2506.55,2663.55,2563.61,3333.44,2878.56,2461.6,2403.61,2490.52,2213.91,1974.65,2083.02,2108.03,2213.74,2145.58,2189.8,2076.04,1847.3899999999999,1746.19,1919.6299999999999,1658.29,1898.49,113.73
275,4,Tomato_12,4285.92,5061.8,8584.67,8987.8,31920.69,24192.11,17318.21,12446.86,11394.06,8586.03,7840.77,6326.53,5340.93,7958.55,9715.02,9996.19,6002.99,9592.43,15556.14,12707.18,14291.87,16978.27,0.0,0.0,0.0,0.0,0.0,0.0,0.0,0.0,0.0,0.0,0.0,0.0,0.0,0.0,0.0,0.0,0.0,0.0,0.0,0.0,0.0,0.0,0.0,0.0,0.0
277,1,Bread_16,0.0,0.0,0.0,0.0,0.0,0.0,0.0,0.0,0.0,0.0,0.0,0.0,0.0,1215.78,1980.53,2374.36,2209.17,2643.31,2524.07,2750.51,2597.35,2640.8,2487.93,2834.04,2780.11,2665.3,2661.43,2677.9700000000003,2403.09,2796.84,2565.59,3293.4,3069.43,3091.47,2371.5,2596.2,2621.5,2582.83,2674.65,2792.2,2486.36,3028.4,2796.92,3047.82,2987.7,2974.89,184.03
283,4,Blueberry_4,0.0,0.0,0.0,0.0,0.0,0.0,0.0,0.0,0.0,203.04,46320.82,11489.56,0.0,0.0,7577.900000000001,11439.06,8915.57,11278.01,0.0,0.0,0.0,0.0,0.0,0.0,0.0,0.0,0.0,0.0,0.0,0.0,0.0,0.0,0.0,0.0,0.0,0.0,0.0,0.0,0.0,0.0,0.0,0.0,0.0,0.0,0.0,0.0,0.0
284,3,Bread_18,0.0,0.0,0.0,0.0,0.0,0.0,0.0,0.0,0.0,0.0,0.0,0.0,0.0,0.0,0.0,0.0,0.0,0.0,0.0,0.0,0.0,0.0,0.0,0.0,0.0,0.0,320.8,1131.54,1135.07,1111.78,1335.73,1842.3999999999999,1857.75,2325.8,2167.29,1895.61,2112.53,2841.58,3460.14,3194.22,3247.43,3820.04,3896.57,4263.72,3890.35,4227.59,225.59
286,4,Pumpkin_2,0.0,0.0,0.0,0.0,0.0,0.0,0.0,0.0,0.0,0.0,0.0,0.0,0.0,0.0,0.0,0.0,0.0,0.0,0.0,0.0,0.0,0.0,0.0,0.0,0.0,0.0,165.01,2329.26,76.28,0.0,0.0,0.0,0.0,0.0,0.0,0.0,0.0,0.0,0.0,3561.93,3597.28,4379.9,0.0,0.0,0.0,0.0,0.0
287,4,Radish_2,1848.69,2073.6,3898.93,9987.41,4238.92,6767.17,13749.36,8165.55,6458.69,4776.79,3256.82,2377.81,1889.12,2137.79,7304.53,3817.11,3432.23,11804.22,4904.11,4644.44,4216.19,3134.35,2274.55,1871.3600000000001,1982.54,2471.27,2726.03,8759.95,3007.66,3875.67,3932.73,4284.87,3644.06,3305.39,2243.4,2187.16,1839.98,1957.96,2499.73,7204.6900000000005,3873.5099999999998,10033.56,5283.56,8795.13,3683.78,3162.64,0.0
289,4,Tomato_13,2727.33,6359.01,4704.69,5348.51,5540.98,8902.97,1819.54,0.0,1795.66,5223.54,4548.33,4148.21,3662.15,5592.68,4545.49,0.0,0.0,0.0,0.0,0.0,0.0,3035.29,1844.81,1499.13,1523.23,2316.95,4099.65,2829.87,3856.66,12045.93,12912.71,12867.05,13600.21,16501.68,10951.92,8960.55,6915.03,8154.71,6578.08,8715.74,9115.25,12268.43,7225.74,5422.44,9847.789999999999,8701.68,568.42
290,1,Bread_19,0.0,0.0,0.0,0.0,0.0,0.0,0.0,0.0,0.0,0.0,0.0,0.0,0.0,678.91,1279.19,1454.26,1368.12,1558.74,1278.27,1791.22,1639.12,1255.07,1370.07,1346.13,1290.64,1441.72,1389.88,1044.31,1196.24,1226.56,931.76,939.87,996.84,1119.69,1095.82,1259.3,928.2,888.31,921.48,942.17,1018.94,856.76,947.39,1208.11,1249.95,1291.02,49.05
293,4,Toust_3,0.0,203.44,1885.2,2023.89,2564.48,2744.11,3151.13,3547.98,3740.34,3803.65,3438.84,3228.89,3322.71,3549.6,3646.7,2632.01,4152.01,4675.99,4064.54,4477.8,4113.78,4667.63,4899.33,4429.51,5278.04,6434.22,6936.82,7084.47,8319.3,7478.44,7049.32,7442.6,7208.99,7863.87,6901.34,6772.49,6752.58,7504.0,7988.14,7081.1900000000005,7825.26,6533.67,6336.64,6431.62,6154.0,6890.11,391.41
296,4,Pineapple_1,2321.78,2360.68,3725.06,3680.78,14960.57,4223.81,11562.26,5441.16,3772.14,2876.46,1619.33,1393.58,1435.46,1589.53,1458.24,2062.57,4138.46,3280.46,1363.7,2324.99,2121.3,2237.43,1750.54,1740.29,1217.11,1510.39,1124.96,1525.81,2863.51,2478.14,1414.4,1249.59,1220.9,1164.48,10564.68,1547.29,1074.42,1130.16,2711.62,1228.9,19881.43,5779.28,11004.34,3600.12,3337.08,3690.89,113.00999999999999
298,4,Tortilla_1,3307.37,2607.7,3970.69,3719.84,3209.04,4499.42,4265.54,4442.51,2649.69,3059.33,2154.42,2526.18,2573.07,3159.47,5604.34,4264.63,6624.25,5777.22,7503.67,6259.08,5645.22,6328.08,6438.2,2924.14,3804.25,6864.07,5015.48,4163.01,5145.03,4648.53,5286.95,4301.36,4356.85,7393.82,6713.87,3898.42,3661.62,5648.18,5626.27,3772.24,5347.12,5235.39,6192.87,5808.13,5301.52,7163.76,328.96
300,4,Parsley_2,9691.3,12635.87,19713.18,20709.2,33453.09,29961.96,24895.3,26859.489999999998,17635.41,14600.33,9103.63,8352.95,7476.64,8307.94,11029.67,14828.57,22823.11,20363.22,14148.17,16136.62,21619.94,12370.68,9825.92,8104.51,9722.37,19654.76,24889.899999999998,18978.0,34664.99,21916.33,21192.83,22681.43,19843.79,18918.16,10240.97,7991.33,8490.97,9099.37,10906.92,13791.82,24725.13,16361.58,15338.93,16041.97,13476.81,13198.48,847.17
303,3,Croissant_4,0.0,0.0,0.0,0.0,0.0,0.0,0.0,0.0,0.0,235.66,271.78,0.0,30.32,516.71,0.0,997.3,4202.48,5007.42,3337.18,6206.98,5475.57,9557.46,4506.38,4370.39,4905.07,4633.88,6078.89,4016.95,4485.68,5138.05,3129.23,5887.48,3072.35,5304.06,4387.75,3806.8,436.82,4599.5,722.71,6128.35,382.96999999999997,7417.92,4590.25,1837.57,2436.22,2405.81,0.0
306,4,Celery_4,14866.8,20354.39,31058.53,30915.45,57304.94,42186.14,39487.52,48952.2,35160.85,32160.89,21200.86,17875.34,17613.25,20244.26,22449.15,29241.74,58044.65,43229.25,36669.71,45429.31,33016.2,25485.77,21457.09,19853.91,17511.739999999998,20581.62,21554.78,20376.66,50867.43,33938.4,29663.42,28585.41,27109.7,23474.12,18341.92,15560.32,14427.08,16326.81,17717.43,25691.22,63308.0,26967.42,24837.87,28591.2,24116.44,19954.03,1380.33
308,4,Toust_5,4386.14,5618.13,8498.29,7420.42,8923.41,8874.28,8883.05,9175.87,7703.68,7518.05,6493.67,6091.25,6207.2,7112.89,7905.46,8733.05,9046.71,9117.47,7774.7300000000005,7439.28,6778.35,7009.17,6262.12,5545.54,5639.18,7802.87,3876.75,4893.99,5259.5,5026.32,4383.64,4444.31,4406.8,4381.15,3727.42,3659.62,0.0,0.0,0.0,0.0,0.0,0.0,0.0,0.0,0.0,0.0,0.0
310,4,Apple_14,0.0,0.0,0.0,0.0,0.0,0.0,0.0,0.0,0.0,0.0,0.0,0.0,0.0,0.0,0.0,0.0,0.0,0.0,0.0,0.0,0.0,0.0,0.0,0.0,0.0,2754.83,1175.9,1061.98,1336.31,1662.93,1812.99,2481.63,2155.31,1940.71,689.24,0.0,0.0,0.0,0.0,0.0,0.0,0.0,0.0,0.0,0.0,0.0,0.0
313,1,Pastry_25,5111.23,4376.49,1502.7,2212.19,3718.48,6569.89,6079.64,7438.61,6120.33,6667.15,5957.12,5835.57,169.72,0.0,0.0,0.0,0.0,0.0,0.0,0.0,0.0,0.0,0.0,0.0,0.0,0.0,0.0,0.0,0.0,0.0,0.0,0.0,0.0,0.0,0.0,0.0,0.0,0.0,0.0,0.0,0.0,0.0,0.0,0.0,0.0,0.0,0.0
316,4,Berry_1,39139.66,23044.47,8875.7,21655.55,13318.05,16724.66,28935.77,20288.54,34857.86,50148.81,15693.43,16657.65,25814.329999999998,15614.46,33147.23,70598.84,40403.23,74242.93000000001,58626.06,57896.08,50896.96,83306.73,56112.49,25842.2,21297.420000000002,31686.53,57913.8,50772.36,65084.8,57623.33,47841.12,43121.32,65476.26,44974.47,23467.06,1055.8799999999999,26452.0,18958.93,36709.22,27034.42,13956.6,17224.81,14885.47,7280.77,22532.49,115396.84999999999,3244.98
317,3,Pastry_26,2745.85,2883.21,3108.73,2950.59,2142.19,3001.52,2504.98,2626.96,2398.36,2280.31,1963.27,1749.7,1833.21,1961.69,2379.63,2347.24,1798.76,1672.6,1600.6,1626.42,1492.71,1422.15,1266.46,877.55,1009.04,1184.57,1289.02,1218.65,824.91,1013.42,1215.73,1339.8700000000001,1129.7,1271.75,1143.55,919.93,1161.43,1626.43,2143.48,1906.67,1487.8799999999999,1917.11,1761.27,1754.07,1835.7,1893.7,97.05
318,4,Radish_3,0.0,0.0,0.0,1453.46,3608.07,5440.76,5673.6,25238.25,12373.52,10144.21,6135.51,8100.89,5233.19,5101.67,5436.49,6778.54,5569.67,19935.88,11171.06,17647.33,8555.31,6509.62,12615.01,7020.54,9589.52,13401.91,6702.48,4856.0,4430.37,6342.23,6058.68,6356.49,8057.47,6358.76,4931.83,4036.37,4182.86,3835.92,8162.9400000000005,6884.16,3813.16,4335.63,3814.38,21143.16,8800.81,15546.15,2152.25
320,4,Turkey_2,0.0,0.0,0.0,0.0,1640.79,0.0,0.0,185.65,284.37,0.0,0.0,0.0,0.0,0.0,0.0,0.0,1568.53,0.0,0.0,0.0,403.7,0.0,0.0,0.0,0.0,0.0,0.0,0.0,1433.88,0.0,0.0,0.0,218.2,0.0,0.0,0.0,0.0,0.0,0.0,0.0,1382.28,0.0,0.0,446.21,60.379999999999995,0.0,0.0
322,4,Chicken_17,4646.59,6975.26,7601.15,7775.0,7006.79,9406.66,9186.17,13235.37,11179.38,10560.96,9981.49,10530.19,11226.28,12892.22,15763.32,17556.59,15429.38,26299.57,15597.73,16282.78,12556.539999999999,13397.66,13111.38,13520.81,12846.08,13324.99,12857.17,13605.73,14706.48,15445.46,13496.74,13679.41,24464.46,12751.85,10906.73,10210.29,19190.55,12871.13,14057.7,13265.65,13631.24,15574.82,13208.48,23312.65,13252.99,13921.63,818.4300000000001
328,4,Pastry_27,593.78,673.47,1240.02,1945.11,1433.49,1899.1299999999999,2431.75,2422.06,2218.97,2206.55,1632.65,1551.62,1649.04,1793.03,2239.92,2392.66,1524.71,1470.95,1729.21,1719.44,1846.5,2202.44,2301.62,2158.56,2655.09,3331.5299999999997,3317.97,3406.9,2818.48,3557.49,3185.36,3290.09,2289.8,2608.53,2067.39,1672.04,2056.32,2579.2,2733.33,2178.13,1602.89,2239.1,1977.86,1729.29,1779.07,1928.04,120.2
331,1,Vegetable_2,0.0,0.0,0.0,0.0,0.0,0.0,0.0,0.0,0.0,0.0,0.0,0.0,0.0,0.0,0.0,0.0,0.0,139.65,1190.08,1072.18,0.0,855.78,463.31,632.21,284.76,698.55,656.17,665.47,595.06,671.72,982.3,1155.34,982.27,1095.64,876.75,931.38,636.9200000000001,841.14,1053.26,1043.1,1042.61,1321.99,1063.74,1909.28,1778.43,1937.44,108.7
332,4,Cucumber_10,197895.45,190436.7,268722.2,313520.36,270338.01,249860.45,293316.52,312041.75,273358.99,288522.52,204506.93,157619.23,127986.91,202192.12,173744.17,184838.81,155617.52,183345.61000000002,182984.54,291445.78,213321.74,307215.45,258235.9,165864.1,128017.41,131237.56,192275.02,156778.4,245681.47,283435.48,202265.81,292643.65,384467.44,392361.84,393899.98,202015.72,252372.65,271716.82,285925.29,249579.98,243962.08,332978.58,224131.14,332887.06,347354.09,334941.85,23607.9
333,4,Apricot_0,0.0,0.0,0.0,0.0,0.0,0.0,0.0,0.0,0.0,0.0,0.0,0.0,0.0,0.0,0.0,0.0,0.0,0.0,0.0,0.0,0.0,0.0,5913.22,15280.67,5238.81,0.0,0.0,0.0,0.0,0.0,0.0,0.0,0.0,0.0,858.17,9162.48,2411.15,0.0,0.0,0.0,0.0,0.0,0.0,0.0,0.0,445.97,1045.3
336,4,Mandarin_3,0.0,0.0,0.0,0.0,0.0,0.0,0.0,0.0,0.0,0.0,0.0,0.0,0.0,0.0,255.6,6498.94,9925.11,9657.11,6044.09,4996.5199999999995,3776.6,2938.76,320.96,0.0,0.0,0.0,0.0,12964.59,15066.92,9163.69,1656.68,3111.05,1470.04,963.65,0.0,0.0,0.0,0.0,1135.51,3975.49,5121.06,4142.44,1873.1,1481.23,776.35,0.0,0.0
337,1,Roll_10,2627.37,3265.99,3874.99,4048.38,3854.83,4826.57,4768.18,5637.19,5156.41,5527.25,5379.66,5061.92,5066.1,5105.47,5338.41,4907.35,3263.6400000000003,3705.27,3500.92,3059.92,2718.91,2822.66,2696.77,2200.35,2109.88,2318.62,2507.52,2158.98,2087.42,2134.0,1710.03,2011.15,2017.94,2211.8,1400.74,1413.27,1332.14,1462.95,1555.39,1831.76,1841.99,1929.99,1006.61,1055.32,1037.49,866.6800000000001,71.85
344,1,Breadcrumb_2,748.4,785.25,1593.75,1883.43,4075.69,1603.21,1605.07,1798.0900000000001,1492.68,1371.79,1998.77,3008.78,3393.22,3631.2200000000003,4460.02,4749.43,7132.74,1470.2,1769.37,1815.41,2055.96,1647.17,1552.79,1750.72,1625.3899999999999,1714.84,2047.27,1947.83,4692.42,1709.13,1905.76,1451.6,1695.9,1541.24,1642.8,1750.91,1798.92,1820.04,1858.84,1940.66,4518.59,2250.12,956.33,1251.22,1071.07,1176.64,64.25999999999999
356,4,Toust_6,11819.5,14347.64,16768.42,16110.16,17299.7,17736.83,16938.2,18942.82,16744.69,16929.12,15219.81,13971.41,14489.47,16153.07,17613.7,18379.27,17409.07,18676.06,16425.79,17231.75,16060.56,16794.14,15591.49,14289.72,14897.13,15320.6,11755.06,14545.71,13729.25,13072.869999999999,10531.33,11423.789999999999,10806.28,10981.47,10064.02,9186.56,0.0,0.0,0.0,0.0,0.0,0.0,0.0,0.0,0.0,0.0,0.0
361,4,Cheese_0,3053.47,1301.75,2288.0,3328.56,2422.37,3423.9,3682.33,3925.58,3872.11,4831.88,4341.18,3571.18,2806.75,5136.06,5424.28,4410.31,4040.51,5463.07,5367.12,4513.19,5379.65,6352.79,2741.07,4305.86,3841.74,5579.21,6384.61,5970.11,4496.32,6962.12,3360.08,5647.93,5491.7,5963.07,5703.9800000000005,3555.76,3087.22,4925.92,5143.56,4463.11,3429.94,5491.79,5529.98,4316.85,5968.3,11297.97,995.5799999999999
362,4,Turkey_3,1583.83,1840.44,2084.88,2016.05,1896.73,3029.97,2307.13,2860.7599999999998,2550.52,2062.86,1834.62,1723.85,2150.73,1920.34,2592.29,3022.75,2523.68,4145.3,3491.22,4052.35,3218.35,2650.64,2123.88,2276.0,2125.13,1913.26,2521.96,3552.85,3214.08,3816.34,3804.03,4395.04,3586.76,8895.69,3844.02,3641.14,1734.6100000000001,1412.17,3620.83,2918.37,2266.0,6744.93,2990.5,2847.86,7074.33,2829.53,152.29
364,4,Apple_15,0.0,0.0,0.0,0.0,0.0,0.0,0.0,0.0,0.0,0.0,0.0,0.0,0.0,0.0,0.0,0.0,0.0,0.0,0.0,0.0,0.0,0.0,0.0,0.0,0.0,0.0,0.0,0.0,0.0,0.0,42.06,5240.94,6036.88,1972.98,1764.01,32.83,0.0,0.0,0.0,0.0,114.58,1131.98,813.46,1007.71,1456.38,863.99,0.0
367,3,Bread_26,3822.36,5299.9,8193.31,8797.74,8220.21,9507.87,9079.66,8874.5,7440.32,7109.77,7191.67,6859.64,6611.85,6682.45,7570.71,8489.72,8439.74,7328.03,6924.19,6233.87,5889.6,5916.19,5478.66,5291.12,6098.97,6886.65,7098.03,7068.75,7145.44,6349.09,4932.69,5726.46,5886.82,5998.79,5047.43,5173.04,5422.49,6045.45,6264.85,5908.67,7139.8,6877.56,6191.74,6883.72,6951.76,7208.28,460.86
374,3,Donut_6,0.0,0.0,0.0,0.0,0.0,0.0,3386.74,5498.04,4286.34,4286.92,3346.57,3021.83,2879.65,3533.2599999999998,1079.05,1391.62,2672.24,3565.84,3943.06,3356.79,2373.62,2312.38,1899.74,2062.62,1905.09,2126.52,2346.75,2288.19,1890.22,2923.49,2781.44,2620.68,2463.95,2516.83,2303.04,1905.34,2420.11,2655.53,2541.28,2773.51,2701.93,3373.03,3300.19,3155.92,3290.79,3421.7400000000002,177.13
379,4,Zucchini_1,31413.54,25887.6,22362.52,34645.39,21320.92,33547.31,40162.2,44951.58,46918.53,52367.75,40514.29,39526.82,34455.77,24606.0,31051.36,27599.01,19008.04,25497.21,32245.36,21213.49,32006.25,35313.9,28557.73,35853.89,29936.39,23775.96,17188.19,24601.5,18555.82,38349.75,26023.93,27769.35,28548.76,28676.95,33339.46,37667.8,25258.87,25686.74,25454.98,17958.41,18349.84,24344.73,21232.9,26267.0,28775.45,35841.72,3225.2999999999997
388,3,Pastry_33,2102.82,2106.5,2946.35,3135.97,2288.79,3289.37,3328.2599999999998,3242.86,2579.4,3224.42,3102.2599999999998,2738.97,2719.33,3036.74,3314.41,3504.81,2586.32,2383.93,3001.94,3195.05,2834.33,2655.9,2792.82,2596.44,2628.11,2910.12,2982.16,3111.87,2252.56,2038.18,2267.49,2870.01,3585.81,3016.44,2577.89,2505.87,2767.31,3273.61,3476.97,3307.03,2692.93,3367.08,2909.02,3037.11,6011.91,3868.8,391.3
392,4,Pastry_34,3982.94,4063.91,4856.64,5256.91,3930.86,6084.61,5855.65,6857.9400000000005,5375.4800000000005,5720.34,5536.0199999999995,5068.78,5118.44,1728.09,0.0,0.0,0.0,0.0,0.0,0.0,0.0,0.0,0.0,734.31,2549.5,2838.87,3033.9,3168.0,3081.79,4611.88,5157.78,5839.21,5025.85,6234.15,5428.1,5460.26,5576.61,5999.91,7517.2,7787.97,6413.66,8326.75,7414.9,7325.0,10019.44,11560.18,739.19
398,4,Mushroom_3,3585.2400000000002,4254.07,6641.61,6486.13,5238.11,8671.06,7946.5,8833.35,7154.99,6522.87,4501.8,3916.4,4082.66,4679.89,5954.46,7238.59,6130.84,8114.67,7191.32,7061.01,10479.49,5560.73,4496.03,4001.34,3946.68,4147.13,6618.05,4782.02,4692.44,6572.2,5337.52,5580.48,5115.21,4921.83,3941.91,3357.58,3442.45,3917.13,4840.1,7938.62,5250.05,7764.0,6335.78,6062.64,6091.4800000000005,5684.22,316.78000000000003
399,4,Apricot_1,0.0,0.0,0.0,0.0,0.0,0.0,0.0,0.0,0.0,0.0,0.0,2377.85,0.0,0.0,0.0,0.0,0.0,0.0,0.0,0.0,0.0,0.0,3658.84,1691.93,0.0,0.0,0.0,0.0,0.0,0.0,0.0,0.0,0.0,128.78,1318.67,2693.82,571.3,0.0,0.0,0.0,0.0,0.0,0.0,0.0,0.0,51.72,25.09
400,4,Cherry_3,1517.63,0.0,0.0,0.0,0.0,0.0,0.0,0.0,0.0,1164.39,2172.84,17105.28,42.49,0.0,0.0,0.0,1140.11,574.78,42.599999999999994,0.0,0.0,1540.74,5933.04,12820.39,1051.13,0.0,0.0,108.01,1216.56,24.359999999999996,0.0,0.0,0.0,0.0,5264.11,17755.15,4447.26,0.0,0.0,0.0,1464.36,2218.63,1231.65,631.85,132.69,3225.84,239.76
402,1,Bread_28,0.0,0.0,0.0,0.0,0.0,0.0,0.0,520.98,950.52,0.0,0.0,0.0,0.0,0.0,0.0,0.0,0.0,0.0,0.0,0.0,593.8,0.0,0.0,0.0,0.0,0.0,0.0,0.0,0.0,0.0,0.0,15.46,617.38,0.0,0.0,0.0,0.0,0.0,0.0,0.0,0.0,0.0,0.0,442.65,95.93,0.0,0.0
404,3,Pastry_36,0.0,0.0,0.0,0.0,0.0,0.0,0.0,0.0,0.0,0.0,0.0,0.0,169.77,1093.19,1534.1,2342.85,3465.39,2357.57,1944.96,2146.77,1550.0,1275.41,1044.23,1132.87,1226.16,1439.32,1383.12,1855.2,3299.87,2171.84,2042.7,2371.66,1671.41,1768.23,1581.5,1659.6100000000001,1565.83,1837.75,2215.23,2807.31,4585.59,2432.06,2454.44,2298.34,2091.02,2181.18,104.64999999999999
407,3,Baguette_6,2778.48,2836.36,3663.93,3905.2,3504.08,4008.62,3840.88,3536.28,3229.77,4064.58,4060.47,3852.83,3637.51,3933.9700000000003,4793.32,5021.17,4636.87,4038.89,4325.99,4525.15,4170.43,3940.65,3757.34,3338.6,3136.01,3334.29,2891.41,3625.02,4232.5,4457.69,4450.99,5320.14,5118.43,5602.2,5258.3,4605.4,5131.18,5619.75,6042.41,5594.21,6344.08,6655.29,6341.68,7145.3,6777.01,6931.54,481.72
421,3,Pastry_38,0.0,0.0,0.0,0.0,0.0,0.0,0.0,0.0,0.0,0.0,0.0,0.0,0.0,0.0,0.0,0.0,0.0,0.0,0.0,0.0,0.0,946.17,1557.6,2013.54,2311.72,3220.17,3622.13,4088.6,3265.5,4342.14,4298.64,4736.77,4121.82,4359.05,4300.52,3854.42,3928.66,3956.84,4352.6,4443.12,3797.39,5351.12,4865.31,4878.62,5135.71,5459.2,264.61
423,4,Apple_18,0.0,0.0,1021.81,980.0600000000001,1025.29,1201.96,1325.3,1727.4,720.22,1019.68,1110.48,753.4399999999999,0.0,0.0,0.0,0.0,0.0,0.0,0.0,0.0,440.94,431.23,523.93,364.79,386.08,274.55,412.37,705.1899999999999,665.87,1076.82,1233.46,881.12,1011.23,1027.26,474.11,0.0,0.0,0.0,0.0,571.51,2778.12,2511.22,1509.0,2097.31,1737.6200000000001,2171.02,100.43
426,4,Apple_19,0.0,0.0,0.0,0.0,0.0,0.0,0.0,0.0,0.0,0.0,0.0,0.0,0.0,0.0,0.0,0.0,0.0,0.0,0.0,0.0,0.0,0.0,0.0,0.0,0.0,0.0,0.0,0.0,0.0,0.0,0.0,1006.97,6279.32,2909.14,2040.71,1518.65,1846.99,1581.57,1592.43,2520.29,3149.64,3707.66,3935.67,4364.78,3904.85,3387.36,307.47
428,4,Litchi_0,0.0,0.0,0.0,0.0,843.5,271.38,0.0,0.0,0.0,0.0,0.0,0.0,0.0,0.0,0.0,0.0,407.6,1642.46,474.5,0.0,0.0,0.0,0.0,0.0,0.0,0.0,0.0,0.0,1602.56,2561.14,0.0,0.0,0.0,0.0,0.0,0.0,0.0,0.0,0.0,0.0,3457.19,563.01,0.0,0.0,0.0,0.0,0.0
429,1,Bread_32,0.0,0.0,0.0,0.0,432.35,1051.78,1163.6100000000001,1326.56,1397.15,1547.03,1565.44,1798.15,1764.81,1729.8700000000001,1802.46,2050.11,1885.63,1910.41,1784.61,1641.31,1497.8700000000001,1490.06,1391.57,1482.47,1604.71,1683.05,1811.45,1846.41,1883.95,1948.02,1762.8899999999999,1892.88,1891.37,1937.71,1384.17,1479.15,1414.3,1504.7,1602.3700000000001,2078.23,2327.37,1832.6,1632.51,1757.91,1855.25,1730.54,125.3
433,4,Tomato_16,5832.23,5502.38,5543.55,17369.0,6245.6,6516.07,6957.08,7951.55,5420.31,4518.9,5899.51,4453.56,4330.28,4485.87,4108.95,3435.25,4701.82,6982.75,7374.12,5853.86,5634.81,6706.15,6900.69,12877.28,5432.38,5351.41,6164.4800000000005,5023.18,6060.7,7045.81,7826.16,7526.49,6720.2,12000.2,10918.6,6796.07,5154.06,6119.16,6009.11,4766.87,6754.81,7319.25,5757.95,5416.78,5604.43,6119.86,358.89
434,4,Croissant_7,3011.09,4708.11,4218.38,4659.86,3604.52,4725.8,4711.14,4568.95,4486.05,5653.94,5213.54,4819.72,3521.85,3192.91,5286.5,6145.99,2906.74,3228.55,4488.9400000000005,5373.89,4938.34,4973.57,4807.9,3645.74,4344.2699999999995,2069.58,4295.29,5311.19,3160.76,3578.7,4030.27,8259.539999999999,4070.47,8195.33,8174.4,6053.3,5343.17,4882.42,7900.05,1227.1499999999999,0.0,0.0,1488.66,4328.32,6703.63,4997.87,249.84
435,4,Pak choi_0,3123.59,2511.11,4327.33,5246.62,5121.82,6931.82,6671.44,9184.95,8714.81,7064.14,4698.34,4447.45,4866.91,4725.82,5240.8,6342.56,5680.91,8990.06,6118.3,6246.11,5884.35,5287.32,4394.7,4216.82,3400.09,1663.8400000000001,4563.06,5164.66,4884.74,6372.5199999999995,5442.24,4064.22,4577.16,8351.71,2826.4900000000002,2580.96,22.22,0.0,2069.73,0.0,1336.89,3991.52,3655.12,3474.44,5420.95,2752.28,276.68
440,4,Plum_3,0.0,5391.65,7353.45,0.0,0.0,0.0,0.0,0.0,0.0,0.0,0.0,0.0,460.87,3087.2000000000003,364.1,0.0,0.0,0.0,0.0,0.0,0.0,0.0,0.0,0.0,0.0,0.0,0.0,0.0,0.0,0.0,0.0,0.0,0.0,0.0,0.0,0.0,162.61,2517.46,0.0,0.0,0.0,0.0,0.0,0.0,0.0,0.0,0.0
442,3,Bread_33,0.0,0.0,0.0,0.0,0.0,0.0,0.0,0.0,0.0,0.0,0.0,0.0,0.0,0.0,0.0,0.0,0.0,0.0,0.0,1850.95,2258.93,1488.97,881.53,1027.29,1321.86,1644.05,1768.16,1744.08,1690.45,1842.55,1866.23,2271.11,2179.12,2385.18,2036.71,2208.38,2389.49,2554.33,2745.27,2358.72,2680.59,2844.69,2574.04,2799.7,2872.25,2782.7599999999998,198.68
444,4,Bread_34,0.0,0.0,0.0,0.0,0.0,0.0,0.0,0.0,0.0,0.0,0.0,0.0,0.0,0.0,0.0,0.0,0.0,0.0,0.0,0.0,0.0,0.0,0.0,0.0,0.0,0.0,0.0,314.23,852.64,1160.99,1968.36,2370.45,2302.13,2013.8700000000001,1716.06,2446.84,2268.25,2069.5,950.3199999999999,1467.19,852.04,148.99,0.0,0.0,0.0,0.0,0.0
452,4,Lettuce_7,10445.31,10185.05,15657.2,12813.53,11048.95,26622.15,16555.14,17841.79,8265.04,15074.5,17573.5,22005.52,18219.66,17020.4,16215.55,13953.25,11366.27,7887.27,12391.74,18187.2,16776.66,8287.38,15451.67,13587.67,14548.91,13810.85,13721.21,10410.51,14049.49,16164.69,16858.49,17542.73,10921.5,14489.21,20161.59,13877.81,22835.79,16483.22,15127.03,13156.46,22112.28,25168.15,23880.22,35112.25,21325.88,26019.27,3281.46
453,3,Soup_1,512.94,778.09,1069.21,1013.94,1380.04,1643.48,1681.89,1545.0,1241.65,1214.99,956.04,869.09,1088.23,1270.7,1486.27,1791.65,1959.85,1926.31,1364.52,1459.78,1312.48,1091.33,934.96,885.97,1008.95,1373.27,1359.74,1419.86,1957.66,1958.44,1923.4,2146.84,1874.33,1617.08,1498.12,1167.09,1500.05,1679.96,2052.95,2230.75,2797.7,2715.57,2200.05,2341.07,2097.22,2060.25,146.62
454,4,Chicken_20,4127.19,3894.21,5964.78,5715.52,5527.66,7614.82,6721.07,7460.92,7300.02,4396.85,5629.99,5696.54,5576.3,4333.62,6086.72,6637.18,6002.45,7792.69,4690.17,5626.04,7530.09,4830.18,4122.74,5702.26,4198.85,3196.44,2805.46,2384.77,3273.88,2578.75,2440.29,2633.08,2758.36,2704.85,2657.09,2857.37,2229.6,2113.09,2080.43,1982.15,2576.14,2415.48,2229.24,2765.07,2628.15,2819.25,158.82
456,4,Apple_21,114.39,0.0,2093.12,3612.39,3818.53,4874.78,5491.21,7261.28,8364.76,8452.6,6889.62,1906.8700000000001,0.0,0.0,0.0,267.91,0.0,0.0,0.0,0.0,0.0,0.0,0.0,0.0,0.0,886.41,1481.61,1812.99,2566.89,3493.61,3489.04,3769.12,3599.21,3423.86,3177.85,0.0,0.0,0.0,0.0,0.0,0.0,0.0,0.0,0.0,0.0,0.0,0.0
461,4,Carrot_9,19877.43,26278.1,40488.22,45463.71,48242.07,64825.59,61905.31,66461.36,32035.05,0.0,0.0,1331.68,27910.45,48419.09,46380.82,61347.92,69871.04,79977.26,66703.27,63479.08,59017.21,20698.76,0.0,7512.56,35001.78,38936.55,55369.36,51967.12,63867.62,61907.17,57215.24,28046.96,0.0,0.0,0.0,0.0,39493.07,44835.6,63224.71,71144.6,65447.41,68642.95,56413.07,50765.71,46563.97,24464.66,0.0
465,4,Toust_7,0.0,0.0,0.0,0.0,0.0,0.0,0.0,0.0,0.0,0.0,0.0,0.0,0.0,0.0,0.0,0.0,0.0,0.0,0.0,0.0,0.0,0.0,0.0,0.0,0.0,0.0,0.0,0.0,0.0,1349.79,1444.58,1427.16,1501.61,1798.4,1532.33,1661.37,1871.6,2091.82,2996.38,2849.77,3447.65,3624.47,3159.49,3339.81,3304.21,3354.15,224.71
467,1,Bread_37,0.0,0.0,0.0,0.0,0.0,0.0,0.0,0.0,0.0,0.0,0.0,0.0,0.0,472.6,526.27,511.96,524.89,546.33,584.42,746.37,523.97,519.92,446.44,577.36,459.99,504.17,559.14,586.12,521.02,613.41,528.85,582.0600000000001,580.53,629.08,608.13,626.9399999999999,575.71,688.24,760.01,714.25,760.53,678.05,682.54,663.81,762.98,766.58,28.439999999999998
469,4,Pear_8,10168.82,13536.41,12711.83,14419.75,9486.32,12983.45,11816.34,12617.76,19833.24,10186.869999999999,6996.49,5939.11,6762.1900000000005,9809.89,12405.93,12027.3,11630.460000000001,14155.73,12992.84,19312.33,12021.52,10601.95,7161.42,6500.57,5832.12,7656.06,24788.2,11414.07,21902.09,18747.68,13103.71,12128.47,11287.07,9688.08,2256.4,5443.45,6409.2,26216.87,26696.8,26234.04,12653.65,16779.91,13620.05,13563.64,13300.5,12878.96,581.02
472,4,Leek_1,18100.16,25147.57,38785.65,50966.66,37347.16,52645.75,48615.46,53116.98,45394.96,37190.75,32496.38,23211.74,25086.91,38855.98,32498.94,45413.23,35796.65,69922.79,62126.16,49467.34,55210.49,50372.74,32451.11,27555.82,28401.25,33505.21,45635.42,43437.33,44747.69,51060.45,53978.42,44836.32,44638.03,33314.94,27401.79,33724.34,29426.65,39560.36,42733.98,59798.880000000005,36462.17,51968.53,59748.58,50474.89,32150.2,29261.96,736.67
475,1,Strawberry_11,0.0,0.0,0.0,0.0,0.0,0.0,0.0,0.0,0.0,0.0,0.0,0.0,0.0,0.0,0.0,0.0,0.0,0.0,0.0,0.0,0.0,0.0,0.0,0.0,0.0,0.0,0.0,0.0,0.0,0.0,0.0,0.0,0.0,0.0,535.4,3385.25,3204.0,305.08000000000004,0.0,0.0,0.0,0.0,0.0,0.0,0.0,4325.41,242.82
480,4,Chicken_21,1609.0,1789.8700000000001,2139.17,2325.08,2106.72,2988.3,2786.87,3079.1,3250.7400000000002,2728.48,2278.65,2193.85,2136.13,2022.47,2429.9,2468.0,2228.65,2542.95,2208.69,2281.77,2041.33,2391.17,2373.29,2525.35,2640.68,2791.63,2847.58,2687.28,2854.38,3218.01,2610.19,2669.13,2690.49,2675.13,2040.3799999999999,1893.51,1956.22,1873.49,1952.09,1923.76,1948.1,2477.95,2057.64,2364.48,2707.18,5842.16,186.09
481,4,Potato_16,0.0,0.0,0.0,0.0,0.0,0.0,0.0,0.0,0.0,0.0,0.0,0.0,0.0,0.0,0.0,0.0,0.0,0.0,0.0,0.0,0.0,0.0,0.0,0.0,0.0,0.0,0.0,0.0,0.0,0.0,0.0,0.0,0.0,0.0,0.0,0.0,0.0,0.0,0.0,0.0,0.0,0.0,0.0,1985.98,6136.41,114.55,0.0
482,3,Cake_0,0.0,0.0,0.0,0.0,0.0,0.0,0.0,810.97,89.23,0.0,0.0,0.0,0.0,0.0,0.0,0.0,0.0,0.0,0.0,0.0,1012.27,0.0,0.0,0.0,0.0,0.0,0.0,0.0,0.0,0.0,0.0,110.33,710.71,0.0,0.0,0.0,0.0,0.0,0.0,0.0,0.0,0.0,0.0,753.22,53.99,0.0,0.0
486,4,Pork_9,0.0,0.0,0.0,1064.74,2207.63,1032.04,4969.72,17282.6,3585.79,9924.15,1903.44,2213.11,2062.62,2997.78,2983.59,3613.84,7576.72,17436.17,5649.39,3723.52,3676.5,3372.54,2965.44,2940.65,3074.35,3330.7400000000002,3590.55,2684.96,4219.26,3150.68,2408.05,3056.42,3574.99,3233.5,2344.44,2879.62,3045.2200000000003,2579.86,3643.38,3944.4,6300.05,4621.16,3924.85,4409.51,4042.28,4786.07,259.76
487,4,Onion_7,3706.64,4093.31,5717.19,5754.13,5579.85,7495.62,6285.26,6766.37,5739.24,4457.9800000000005,3432.91,3608.8,4997.8,5093.45,4781.25,4861.57,4963.91,4905.83,3695.52,3741.72,3467.82,3274.16,2326.14,2236.98,4154.13,6558.14,4834.61,4179.96,7117.32,4760.0,4208.91,4643.1,4134.96,3991.52,3661.45,5269.1,3472.88,5459.86,4061.83,6218.04,4020.49,3767.91,3393.88,5130.42,6138.94,4549.58,259.57
488,4,Pomelo_0,0.0,0.0,787.67,716.57,733.81,1120.85,1154.71,237.71,0.0,0.0,0.0,0.0,0.0,0.0,0.0,0.0,1317.25,1945.83,5018.31,1262.98,0.0,0.0,0.0,0.0,0.0,0.0,0.0,537.4,1704.14,2394.93,403.65999999999997,0.0,0.0,0.0,0.0,0.0,0.0,0.0,0.0,233.20000000000002,6325.17,2896.38,2607.63,0.0,241.49,0.0,0.0
495,4,Broccoli_2,1155.16,1144.09,1407.83,1207.6299999999999,1229.79,2680.95,2052.4,2228.18,2367.66,2213.07,1395.52,1509.32,1792.92,1750.83,1685.99,2059.57,1873.98,2680.4900000000002,2208.13,2289.33,2224.01,2210.83,1674.32,1497.45,1817.09,2175.14,2356.21,2374.1,2377.24,3499.7400000000002,2239.68,2480.62,2198.67,1753.03,2526.5,3828.69,2442.24,2059.9,3033.52,4649.25,3422.86,3754.84,2565.96,3112.22,3971.05,4219.24,259.31
496,4,Beef_5,0.0,0.0,0.0,0.0,0.0,0.0,0.0,0.0,320.47,2748.54,2556.14,3174.47,3547.55,4205.95,4877.46,5005.89,5173.43,5255.94,4548.65,4219.09,3535.11,2429.69,2515.34,3353.5,3714.16,4131.47,4143.64,4073.08,4926.62,4532.95,3512.68,4146.43,3799.86,3200.15,2588.67,2641.96,2756.49,3297.46,3432.03,3579.93,4128.98,3785.85,2992.48,3078.95,3004.84,2679.09,167.07999999999998
498,1,Pastry_40,0.0,0.0,0.0,0.0,0.0,0.0,0.0,0.0,0.0,0.0,0.0,0.0,0.0,674.16,853.53,952.88,527.42,652.92,658.22,698.02,598.1999999999999,520.0,546.35,536.2,530.8,633.76,636.0,490.63,485.41999999999996,806.17,792.44,866.65,672.63,670.92,600.96,718.3,760.45,580.49,544.58,744.55,555.79,850.69,768.64,793.23,663.59,587.79,32.1
502,1,Pastry_41,0.0,0.0,0.0,0.0,0.0,0.0,0.0,0.0,0.0,0.0,0.0,0.0,0.0,0.0,0.0,0.0,0.0,0.0,0.0,0.0,0.0,0.0,0.0,0.0,0.0,0.0,0.0,0.0,0.0,0.0,0.0,0.0,0.0,0.0,0.0,0.0,0.0,0.0,0.0,0.0,0.0,0.0,1611.09,1445.26,3275.92,3791.69,0.0
505,3,Baguette_7,0.0,0.0,0.0,0.0,0.0,0.0,0.0,0.0,0.0,0.0,0.0,0.0,0.0,1360.3,3205.57,3027.38,3818.73,3349.21,2373.42,2341.9,1965.09,1869.79,1756.39,1671.29,1606.1299999999999,1633.27,1592.45,1570.49,2010.66,1692.06,1329.18,1548.16,1594.84,1658.71,1405.89,1400.07,1485.79,1917.86,1915.28,1773.54,3588.9,2312.81,2107.97,2306.26,2121.02,2339.81,175.81
506,4,Toust_8,0.0,0.0,0.0,0.0,0.0,0.0,0.0,0.0,0.0,0.0,0.0,0.0,0.0,0.0,0.0,0.0,0.0,0.0,0.0,0.0,0.0,0.0,0.0,0.0,0.0,0.0,0.0,0.0,450.79,1741.12,2122.47,2857.4,2574.66,3453.39,3189.62,3416.08,4019.47,5510.44,7383.39,7525.41,8075.1,8874.27,7899.88,8778.36,6836.2,9392.2,250.13
507,4,Zucchini_4,2242.63,2181.32,2772.71,3694.6,3144.78,2468.31,5069.13,6209.97,6196.52,8029.08,1873.89,4472.78,4894.5,4759.35,3711.43,4198.29,4041.7,6538.19,4544.45,9143.65,5823.78,17702.52,9307.73,3760.33,4084.12,4272.89,4801.86,3089.52,3631.59,7903.96,3551.07,11907.08,8704.02,3516.63,6594.16,3822.14,4891.04,4731.99,5970.81,3816.61,3584.1,6566.96,6265.29,5840.08,7916.58,4763.89,329.15
510,1,Pastry_42,0.0,0.0,0.0,0.0,0.0,0.0,0.0,0.0,0.0,0.0,0.0,0.0,0.0,0.0,0.0,0.0,0.0,0.0,0.0,0.0,0.0,0.0,0.0,0.0,0.0,0.0,0.0,0.0,216.01,438.54,431.58,486.09,476.89,583.2,602.53,603.27,651.09,596.5,584.32,649.8199999999999,571.4,840.15,783.72,769.39,798.59,832.8100000000001,43.46
512,3,Bread_41,2664.26,3496.09,4988.47,4703.55,4011.97,4026.12,3844.81,4532.89,4142.17,4781.86,4217.31,3500.77,3101.97,3657.75,4454.05,4716.9,4476.25,3671.79,3326.66,3480.65,3288.91,2946.57,2448.64,2029.79,1822.94,1817.64,1808.0,1741.32,1730.44,1518.03,1448.15,1842.4,1776.43,2117.62,1570.5,1270.09,1040.11,1098.95,1445.69,1510.1299999999999,1677.44,1660.75,1491.25,1703.49,1802.1,1723.1299999999999,102.49000000000001
513,4,Bread_42,1019.16,184.27,0.0,474.82,1265.73,1434.41,1598.45,1896.31,1864.1100000000001,1674.04,2354.84,2824.01,3063.86,2948.4,3321.02,3038.91,2944.64,2953.85,3175.62,3288.58,2426.55,2428.36,2218.54,1732.97,1726.26,1889.42,1957.3400000000001,2099.62,2798.98,2651.85,1690.03,1884.04,1751.55,1895.67,1472.45,1286.21,1583.39,1453.98,1006.57,1729.49,2912.32,1863.62,1562.05,1712.0,1524.32,1695.86,88.17
516,4,Chicken_23,0.0,0.0,0.0,0.0,0.0,0.0,0.0,0.0,0.0,0.0,0.0,0.0,0.0,0.0,0.0,0.0,0.0,0.0,0.0,0.0,0.0,0.0,0.0,0.0,0.0,929.9399999999999,1556.04,2186.68,2547.57,1652.88,2341.79,2618.19,2373.07,2104.92,1530.61,1361.73,1400.2,1504.65,2314.96,2644.97,2811.25,3025.07,2394.8,2419.03,2118.81,1996.39,131.19
518,4,Avocado_2,1162.45,3064.04,3754.15,4453.0599999999995,3530.41,5308.21,5057.0,4915.73,4210.85,6385.21,2313.02,2703.15,7308.51,4727.71,2507.61,12832.31,9781.59,5711.08,4445.27,4478.33,3581.11,11713.65,4291.08,2342.86,1862.02,2179.96,3877.63,27607.3,6064.46,5959.03,5536.03,35154.63,6422.35,16808.07,6935.29,2402.35,2375.83,2390.85,4341.93,15385.66,12498.03,5865.01,4450.74,6097.1,14150.92,5331.43,196.38
519,4,Beet_0,7132.04,7717.88,12323.02,11641.71,9656.05,20611.83,13594.15,15062.14,11946.11,9832.45,3127.56,4580.23,4380.2,5439.57,7056.83,9202.09,8358.289999999999,11110.9,7975.53,8323.84,8089.79,1054.85,4929.35,3631.15,4211.32,8492.96,5755.24,5751.01,5811.34,12706.86,7551.16,7608.01,6974.4800000000005,6049.42,5105.07,4166.2,3702.05,4447.58,6289.88,7739.2,6671.65,8299.92,6324.72,6475.75,3448.22,5707.03,279.9
520,4,Currant_2,1810.78,1867.79,1978.8,1569.4,1524.34,2157.26,1922.94,2768.08,1601.26,206.82999999999998,992.15,73.56,0.0,174.65,1060.91,1230.51,1429.3799999999999,8666.96,3820.91,212.89,251.17000000000002,58.589999999999996,881.88,3513.08,474.93,1950.26,2159.97,1055.72,2280.05,3722.9,3209.73,2574.2,0.0,0.0,877.73,1047.46,731.77,940.75,840.2,1104.07,1030.53,1297.13,1400.41,1413.22,815.95,0.0,0.0
523,1,Pastry_43,3473.0,4002.26,5202.62,4879.86,3531.37,4423.9,4820.5199999999995,5385.61,4649.74,5120.46,5083.49,4011.65,4954.15,5556.56,5805.84,4672.86,3925.96,3028.08,3972.15,4140.17,3556.44,3935.98,3697.02,2924.17,3192.3,2890.36,3051.07,2881.9900000000002,2854.68,2948.0299999999997,2889.26,3716.62,3925.28,4377.51,3113.11,2998.86,3376.01,3385.23,4766.79,4634.24,3382.49,4319.82,4232.55,4224.64,4210.65,3799.32,191.03
526,4,Fig_1,5236.58,88989.87,11632.61,6875.42,9208.29,6326.55,25364.95,32864.6,4709.23,5061.95,4185.92,3907.68,3260.3,6586.07,4184.7,3484.12,9797.53,15927.45,10167.19,16077.880000000001,10099.41,9065.18,10099.88,7317.75,7535.43,28511.67,18190.19,9963.36,15112.369999999999,20502.43,16334.04,11833.25,13515.55,14471.27,6597.88,4623.47,6552.33,17844.95,25608.88,15154.68,15201.06,22821.07,16623.29,13360.460000000001,11107.65,14175.28,582.22
527,4,Orange_5,0.0,0.0,0.0,0.0,0.0,0.0,0.0,0.0,0.0,0.0,0.0,0.0,0.0,0.0,0.0,0.0,0.0,0.0,0.0,0.0,0.0,0.0,0.0,0.0,0.0,0.0,0.0,0.0,0.0,0.0,0.0,0.0,0.0,0.0,0.0,0.0,0.0,0.0,0.0,0.0,0.0,0.0,479.38,11156.66,8099.65,4840.17,0.0
528,1,Roll_11,32843.12,34383.98,50599.95,53886.04,51957.72,58931.37,55748.53,67229.98,58822.82,52484.19,46470.14,45976.32,50309.2,50876.3,58550.02,62735.99,55301.020000000004,44444.22,49194.35,47398.79,43607.33,37540.55,29131.07,27781.11,28041.99,29575.3,31856.18,30908.940000000002,28747.17,30682.8,26646.920000000002,32714.95,32739.2,29897.48,24107.89,26852.1,26565.89,29767.51,34172.87,38590.340000000004,38826.7,39384.0,33969.69,37040.88,27120.25,29116.42,1801.1599999999999
529,4,Bread_43,4989.26,5010.45,5198.35,5284.81,7708.05,7685.59,7171.82,7309.12,7319.37,7252.37,7164.03,6159.54,5991.62,6781.84,6669.27,4658.43,6309.49,6726.58,5710.56,6069.6,6945.39,6988.17,7139.51,7526.21,7983.14,7800.5,7017.04,6451.88,7495.23,7423.47,6881.48,6669.27,7662.8,7719.72,7735.44,8003.61,7435.02,6915.3,6676.13,6186.83,6876.09,6997.56,5610.53,6428.97,6454.57,6635.44,379.19
534,4,Carrot_10,0.0,0.0,0.0,0.0,0.0,0.0,0.0,0.0,0.0,0.0,0.0,4809.03,12956.22,10641.93,19346.2,16424.0,18826.87,23359.19,18809.25,18376.66,22465.61,24895.58,27587.9,17786.61,18322.28,21632.49,17779.41,17510.39,22818.86,32224.63,23515.23,28155.01,25731.01,22489.82,28818.73,18639.15,12728.039999999999,20921.45,15582.21,19856.89,19613.59,23600.75,25121.94,25798.71,26221.24,22558.61,1479.15
536,3,Pastry_45,0.0,0.0,0.0,0.0,0.0,0.0,240.35,556.81,470.7,460.62,481.23,474.88,433.4,476.73,532.89,827.77,674.38,1008.36,1274.76,1425.09,1148.64,1235.39,1317.13,1150.65,1178.35,1283.29,1234.4,1303.17,1116.76,1643.02,1584.18,1586.94,1288.8700000000001,1479.57,1345.09,1268.72,1212.95,1275.72,1215.74,1223.49,906.14,1379.94,1207.67,1187.82,1345.01,1292.08,77.1
545,3,Pear_10,0.0,0.0,0.0,0.0,0.0,0.0,0.0,0.0,0.0,0.0,0.0,0.0,0.0,0.0,0.0,0.0,0.0,0.0,0.0,0.0,0.0,0.0,0.0,0.0,0.0,0.0,161.26,1525.97,1137.25,1910.66,1722.48,2021.39,0.0,0.0,0.0,0.0,0.0,1252.64,2052.23,1843.59,865.09,57.13,743.06,681.05,355.02,0.0,0.0
552,4,Toust_9,3396.63,3855.0299999999997,5642.17,5294.24,5224.06,5325.34,4061.3,5641.41,5047.95,4652.92,4062.75,3841.84,3897.8,4349.74,5092.75,6001.38,5421.3099999999995,6423.42,5628.07,6076.81,5198.49,5468.3,5059.37,4884.15,5354.4,6483.03,7050.9800000000005,6751.19,6944.65,7375.14,6335.57,7095.37,6781.68,6782.58,6481.59,6529.41,7117.42,8199.61,9482.52,8516.46,10131.51,10563.37,9105.15,9832.44,8493.34,8814.62,533.98
554,4,Berry_2,2367.11,2927.65,3848.49,3149.04,2134.84,2276.7,2828.34,2580.46,3020.77,4141.51,9050.99,2613.37,4352.67,6472.88,6718.1,6037.18,1546.94,6921.17,10301.24,12543.4,7294.51,8382.59,11823.09,3234.2,268.16,3542.17,5394.16,3025.38,3974.2,5143.04,5345.14,5138.01,4710.91,4874.39,12153.34,5010.88,3458.96,5307.93,5845.9,3460.5299999999997,3377.71,1566.71,1135.25,897.0,16362.01,12092.119999999999,186.63
555,4,Onion_10,29.29,0.0,16.759999999999998,4.68,0.0,0.0,0.0,0.0,0.0,0.0,0.0,0.0,53.11,0.0,0.0,0.0,0.0,0.0,0.0,0.0,0.0,198.41,727.43,0.0,0.0,0.0,0.0,0.0,0.0,0.0,0.0,0.0,0.0,6770.46,2955.0,0.0,0.0,2659.03,0.0,0.0,0.0,0.0,0.0,0.0,3034.1,6695.75,0.0
558,4,Chicken_25,1255.84,1526.58,2136.2,1989.92,1560.34,2305.89,2244.79,3131.7,2831.4900000000002,2764.03,2605.89,2506.64,2762.56,2887.82,3800.65,4353.74,3938.58,4238.28,3582.36,4266.02,3680.88,2863.95,2462.33,2878.58,3037.85,3172.25,2699.31,2444.04,2589.57,2806.26,2714.39,2977.62,3053.26,3157.29,2609.98,2686.69,2564.35,2612.68,2913.26,2669.91,2698.84,3079.25,2320.01,2470.2400000000002,2555.7,2693.73,167.04
562,4,Beef_7,0.0,0.0,0.0,0.0,0.0,0.0,0.0,0.0,33.44,2156.65,3075.73,2096.85,1948.54,1874.89,1575.08,1356.8,1243.57,1638.0,1369.91,1415.52,1471.62,1755.71,2235.67,2669.69,1953.33,1409.67,1253.91,1357.52,1518.65,1873.88,1638.99,1880.11,3412.52,2283.53,2287.77,2237.69,2205.79,1955.14,1380.25,1236.1200000000001,1283.93,1562.23,1584.56,2061.17,1915.61,5118.57,147.72
563,4,Pork_11,0.0,0.0,0.0,885.88,602.56,1109.56,1421.81,2769.63,2585.55,1943.22,1303.38,1643.08,1594.59,9971.73,10119.42,12475.37,6808.7,2752.27,5684.97,3148.0,3127.2599999999998,3020.99,2272.17,2188.33,2438.35,2453.54,2414.78,5385.59,3098.3,2548.12,2440.5099999999998,2441.84,2342.27,2487.65,1917.05,1939.95,2352.17,2011.28,2733.06,3181.91,4022.27,3682.22,3881.16,3132.06,3607.66,3581.1,136.27
564,4,Tortilla_2,5301.86,8880.75,13267.14,14817.44,14128.789999999999,19727.86,19498.6,21685.99,19214.64,17904.12,15455.46,13774.3,13736.17,14121.01,15108.46,16507.28,14178.87,19300.69,15511.29,15286.73,13888.52,15258.1,14669.55,13623.82,13645.28,14511.28,13859.85,14838.78,15450.13,20036.92,16851.86,18187.41,17762.45,16900.89,16014.9,15640.23,19371.75,14879.95,16929.56,17087.38,16918.36,22044.8,18387.72,16919.94,19048.45,19956.86,1050.3600000000001
565,3,Pastry_46,1327.2,1273.65,1963.08,2020.37,1613.95,2052.87,2235.06,2514.73,2201.06,2274.01,2122.31,2097.44,1914.23,2061.49,3224.95,3335.67,2430.45,2275.95,2329.77,2321.0099999999998,1873.04,1589.07,1464.98,1259.1200000000001,1314.91,1463.1200000000001,1402.3,1416.51,1233.54,1655.53,1597.73,1950.83,1722.8,1946.25,1439.53,1296.8,1668.44,1816.84,2675.31,2942.94,2157.78,2603.72,2334.78,2253.98,2030.18,2299.95,153.81
572,3,Vegetable_5,683.55,1013.93,1400.02,1367.64,1933.24,1704.13,1244.35,1461.81,1245.98,1111.45,799.06,773.04,820.1,1008.4,1244.82,1308.1,1782.88,1427.96,1306.67,1284.71,1219.35,982.49,867.77,753.07,827.5,1006.61,1014.4399999999999,1040.0,1758.32,1440.23,1228.47,1219.87,1175.15,999.46,964.58,711.17,876.56,1025.42,1131.27,1168.62,1776.24,1281.3,1085.75,1152.57,1066.9,1168.78,62.620000000000005
573,3,Bread_45,5744.94,6370.3,7356.88,7098.9800000000005,7432.06,8061.4,7085.41,7951.71,7446.33,6567.93,5530.83,5585.46,5186.85,5219.59,5575.62,3194.0,1178.2,1625.98,1247.12,1475.28,1380.46,1357.98,1153.77,966.45,1006.64,1166.8,870.93,985.46,1225.71,2051.73,1887.95,2119.1,2492.31,2286.99,2242.54,2360.99,2098.17,2392.32,2360.82,2296.72,2373.56,2617.06,2040.3799999999999,2653.6,2808.2,2844.39,133.62
577,3,Pastry_48,0.0,0.0,0.0,0.0,0.0,0.0,0.0,0.0,0.0,0.0,0.0,0.0,131.59,0.0,127.23,821.3,1370.79,1878.49,2296.75,2697.46,2350.42,2539.85,2113.99,2273.7,2317.24,2643.83,2664.16,3179.91,2289.11,2890.7,3029.88,3278.71,2946.71,3260.63,2956.29,2698.65,2883.04,2539.69,1871.9,2963.06,2542.68,2738.66,2620.09,2596.99,2769.39,3174.22,168.0
578,4,Mango_5,0.0,0.0,0.0,0.0,0.0,0.0,0.0,0.0,0.0,0.0,0.0,0.0,0.0,0.0,0.0,980.21,3300.92,4023.72,4887.99,7091.42,5144.93,5027.57,3378.08,3427.57,3188.95,5883.26,4721.62,6279.6,5887.01,6472.58,13298.72,17568.35,9206.09,9288.57,6522.81,11151.17,13332.63,9377.56,6065.65,5661.8099999999995,5755.37,6015.16,4930.12,4892.73,8131.48,10560.03,417.09
579,4,Apple_25,0.0,274.71,1008.21,1635.48,4663.85,29874.29,10312.24,10292.77,4853.26,4747.38,0.0,0.0,0.0,2504.61,6371.75,5355.03,16712.03,22431.989999999998,6232.19,5462.12,4926.99,1155.58,0.0,0.0,0.0,649.23,3008.07,4469.79,9486.28,4895.71,4949.57,0.0,0.0,0.0,0.0,0.0,0.0,185.44,1895.45,2486.31,1787.58,3059.04,2797.73,3148.25,726.59,0.0,0.0
580,4,Persimmon_1,0.0,0.0,6488.01,26433.55,14217.3,3032.31,0.0,0.0,0.0,0.0,0.0,0.0,0.0,0.0,0.0,0.0,0.0,0.0,0.0,0.0,0.0,0.0,0.0,0.0,0.0,0.0,0.0,0.0,0.0,0.0,0.0,0.0,0.0,0.0,0.0,0.0,0.0,0.0,0.0,0.0,0.0,0.0,0.0,0.0,0.0,0.0,0.0
594,4,Tortilla_3,444.57,448.54,651.22,634.26,668.05,945.55,1021.19,1260.4,1152.85,1095.71,966.36,1024.31,1190.08,1407.15,1572.55,1589.15,1446.48,1990.84,1742.43,1965.99,1720.8,1879.55,1830.54,1887.93,1681.85,1893.39,1783.52,1962.38,1993.5,2680.78,2539.45,2438.15,941.98,2253.14,2499.77,2731.9,2902.5,10463.45,5169.9,5069.85,4877.23,7027.21,6654.38,15468.94,8035.55,8709.3,585.19
600,1,Bread_48,0.0,0.0,0.0,0.0,634.88,1155.72,1119.08,1150.05,1117.17,1121.21,1129.58,1284.41,1143.6000000000001,928.58,892.53,745.25,900.27,755.98,769.55,737.5600000000001,779.05,704.71,696.29,739.31,821.53,887.7,907.7,931.64,1026.04,1071.91,1009.64,1200.85,1203.65,1287.19,1045.92,1193.44,1127.28,1093.24,1104.52,1228.98,1201.32,1073.86,959.33,1238.28,1157.3899999999999,1190.79,70.38
603,4,Donut_8,5648.64,6584.72,8280.25,9600.33,6446.24,10955.01,12936.289999999999,15134.77,12153.26,12502.75,10945.75,9764.93,10039.49,11512.87,10960.96,14800.47,13129.65,9746.52,14294.71,16544.23,14071.87,14771.37,12771.9,10962.67,11467.18,14940.69,16571.66,14832.23,13308.92,17847.37,16262.64,15790.27,13722.89,14799.29,12706.3,10197.9,11720.05,13514.68,14677.18,15343.47,13482.19,18868.53,17909.22,18620.11,18802.65,20572.3,1172.15
604,4,Bell Pepper_5,21036.05,17827.48,30818.39,22409.14,24234.83,34524.88,38626.45,40942.68,23611.53,28274.9,25053.25,20156.25,31147.34,19235.05,30070.37,26615.32,23785.39,31281.88,27531.29,26007.15,23818.65,26847.78,21370.46,14792.25,24269.59,16736.84,19650.8,21487.19,24062.86,31916.7,27157.58,23692.58,25030.57,25811.05,19656.38,16243.82,29419.0,20493.8,28036.8,19167.06,20002.04,31677.97,31083.16,33526.52,35938.98,30785.03,1623.27
605,3,Bread_49,2360.27,2304.95,3099.55,3480.68,3276.32,3840.69,3808.37,3856.06,3545.63,4131.93,4567.42,4462.14,4810.74,4911.04,5678.04,5717.58,5087.83,4893.09,4773.63,4830.51,4480.39,4512.64,4308.43,4174.15,4433.08,4783.0,5080.35,5362.05,5476.67,5158.61,4568.01,5681.63,5256.19,5598.61,5106.55,4849.78,5379.6,5894.2300000000005,6509.2,6576.82,7255.1,7068.05,7029.33,8001.38,7986.85,8336.88,538.76
608,4,Asparagus_4,0.0,0.0,0.0,0.0,0.0,0.0,0.0,0.0,0.0,6635.98,3479.85,1070.68,0.0,0.0,0.0,0.0,0.0,0.0,0.0,0.0,2138.48,2088.41,1728.76,156.83,0.0,0.0,0.0,0.0,0.0,0.0,0.0,260.69,2419.42,4592.38,640.16,0.0,0.0,0.0,0.0,0.0,0.0,0.0,0.0,891.61,2636.43,3531.54,121.56
609,4,Pear_11,0.0,0.0,0.0,0.0,0.0,0.0,0.0,0.0,0.0,0.0,0.0,439.88,707.31,1180.38,1751.9,2323.43,1973.87,2645.5,1794.98,875.38,2020.71,1654.95,1268.85,2124.17,2640.13,1506.31,2001.71,2877.14,2147.92,2455.71,2119.55,2950.53,2266.57,2154.89,2543.34,2150.37,1488.1100000000001,2493.45,2490.22,1904.67,2845.41,4161.13,3090.13,4577.5,6419.54,6963.63,151.01999999999998
610,4,Potato_21,813.53,49570.52,42907.16,39814.2,40486.93,51567.92,63113.5,56724.31,54579.65,42772.76,25386.59,0.0,0.0,28936.6,45136.22,71190.21,43668.33,59739.04,43079.24,57724.159999999996,43674.909999999996,10911.51,0.0,0.0,0.0,35720.18,37195.6,36409.6,49241.57,52922.94,49716.94,44528.14,45966.38,41826.13,15060.73,0.0,0.0,18675.41,34493.6,49318.56,51225.84,39297.1,46212.55,53684.27,53004.590000000004,60368.72,5347.51
612,3,Cookie_0,0.0,0.0,0.0,115.17999999999999,1673.4099999999999,0.0,0.0,0.0,0.0,0.0,0.0,0.0,0.0,0.0,0.0,411.96,1645.51,0.0,0.0,0.0,0.0,0.0,0.0,0.0,0.0,0.0,0.0,446.46000000000004,2729.19,0.0,0.0,0.0,0.0,0.0,0.0,0.0,0.0,0.0,0.0,316.4,2528.07,0.0,0.0,0.0,0.0,0.0,0.0
613,3,Tomato_25,0.0,0.0,0.0,0.0,0.0,0.0,0.0,0.0,0.0,0.0,0.0,0.0,0.0,0.0,0.0,0.0,0.0,0.0,0.0,0.0,0.0,0.0,0.0,0.0,0.0,0.0,0.0,0.0,0.0,0.0,0.0,0.0,0.0,0.0,0.0,0.0,0.0,0.0,0.0,1045.55,0.0,0.0,0.0,0.0,0.0,0.0,0.0
614,3,Bread_50,7719.49,7017.24,7465.39,9607.74,8354.68,9520.34,8624.43,9303.69,8995.63,8325.49,7774.82,6953.54,6392.4,6422.11,6829.09,7355.22,6757.79,6967.82,6725.09,6302.74,6474.04,6666.12,5614.62,4822.41,4971.74,5379.18,6000.44,5976.42,6292.81,5408.31,4557.82,5386.2,5576.38,5766.4,4486.78,4220.04,4597.67,5192.07,5367.88,5025.11,6209.2,5826.65,5357.31,5969.69,6074.3,6161.55,426.4
616,1,Strawberry_12,0.0,0.0,0.0,0.0,0.0,0.0,0.0,0.0,0.0,0.0,0.0,0.0,0.0,0.0,0.0,0.0,0.0,0.0,0.0,0.0,0.0,0.0,0.0,0.0,0.0,0.0,0.0,0.0,0.0,0.0,0.0,0.0,0.0,0.0,0.0,0.0,0.0,0.0,0.0,0.0,0.0,0.0,0.0,0.0,167.07,4011.85,0.0
618,4,Asparagus_5,1001.38,869.66,821.78,934.12,1011.35,1207.37,1119.14,1251.29,1432.69,1339.48,685.01,337.31,709.61,775.41,695.41,718.56,666.7,685.05,715.64,889.14,987.05,926.77,830.74,809.29,779.29,746.88,695.93,727.12,709.59,1108.4,911.81,1049.01,887.8,1387.41,1077.85,1739.6,3511.9700000000003,797.38,235.53,154.96,0.0,0.0,0.0,991.74,1633.4,1159.51,65.31
620,4,Potato_22,0.0,0.0,0.0,0.0,0.0,0.0,0.0,0.0,0.0,0.0,0.0,0.0,0.0,0.0,0.0,0.0,0.0,0.0,0.0,0.0,0.0,0.0,0.0,0.0,0.0,0.0,0.0,570.37,2645.85,3506.58,3096.68,3639.75,5865.05,7253.73,21868.4,34127.73,21056.09,20848.65,53177.74,39287.8,39261.98,45259.77,45272.48,53985.73,45517.01,36379.24,2679.85
621,1,Bread_51,4353.17,4704.36,7152.21,6735.92,6215.18,6157.0,5318.98,6121.13,5644.19,4434.53,3862.5,3637.61,3561.48,3407.19,3426.43,4034.19,4277.4,3711.73,3187.79,3242.9,3390.58,3249.67,2973.32,2993.81,2795.42,3026.1,3381.17,3323.87,3717.42,3536.55,2990.19,4001.07,4238.12,4467.94,3238.2,3504.79,3329.44,3234.77,3415.1,3186.42,3308.02,3163.23,2956.8,3385.9,3388.27,3747.57,199.36
624,1,Cake_1,0.0,0.0,0.0,0.0,0.0,0.0,0.0,283.29,150.04,0.0,0.0,0.0,0.0,0.0,0.0,0.0,0.0,0.0,0.0,0.0,260.12,0.0,0.0,0.0,0.0,0.0,0.0,0.0,0.0,0.0,0.0,5.37,274.96999999999997,0.0,0.0,0.0,0.0,0.0,0.0,0.0,0.0,0.0,0.0,0.0,0.0,0.0,0.0
627,4,Croissant_9,928.3199999999999,843.29,971.24,785.79,671.85,898.07,772.38,874.01,893.27,1062.06,1163.09,1240.45,1116.63,1467.95,1781.15,1291.37,720.14,830.47,1152.1,1210.1000000000001,792.02,814.36,877.05,599.97,767.08,891.04,807.62,1194.35,546.85,738.3,715.68,2175.9900000000002,811.23,2566.06,2794.48,1496.3999999999999,792.79,1041.11,1958.6200000000001,2432.02,829.3,2398.85,2533.51,2149.79,2819.29,1787.63,63.83
630,4,Blueberry_7,0.0,0.0,0.0,0.0,0.0,0.0,0.0,0.0,0.0,0.0,0.0,0.0,0.0,0.0,0.0,0.0,0.0,0.0,24101.35,0.0,0.0,0.0,0.0,0.0,0.0,0.0,0.0,0.0,0.0,0.0,0.0,0.0,0.0,0.0,0.0,0.0,0.0,0.0,0.0,0.0,0.0,0.0,0.0,0.0,0.0,0.0,0.0
641,4,Potato_24,14384.71,15962.58,19826.32,14836.87,15370.14,18717.38,18178.87,20122.38,15750.960000000001,8450.97,14454.5,21389.15,10914.8,15325.01,3590.44,8061.95,13353.03,14151.05,20794.39,14758.32,13337.35,15327.72,25140.39,17349.48,14734.4,11560.95,269.78,0.0,0.0,0.0,0.0,0.0,0.0,0.0,0.0,0.0,0.0,0.0,0.0,0.0,0.0,0.0,0.0,0.0,0.0,0.0,0.0
642,3,Pastry_55,0.0,0.0,0.0,109.1,956.62,0.0,0.0,0.0,0.0,0.0,0.0,0.0,0.0,0.0,0.0,173.92000000000002,1227.84,0.0,0.0,0.0,0.0,0.0,0.0,0.0,0.0,0.0,0.0,257.14,1694.04,44.45,0.0,0.0,0.0,0.0,0.0,0.0,0.0,0.0,0.0,224.83,1297.44,0.0,0.0,0.0,0.0,0.0,0.0
643,4,Pork_13,0.0,0.0,0.0,0.0,0.0,0.0,0.0,0.0,192.42,1330.94,1764.44,1760.85,2020.37,2146.1,2708.0099999999998,2835.45,2951.75,2358.15,2610.33,2753.5,2108.48,2049.28,1910.58,2002.38,1930.39,2056.8,2326.21,1903.87,2526.55,2576.97,2619.89,2820.69,2108.98,1862.17,2123.24,2001.8,1901.63,2237.81,1955.3799999999999,1965.02,2716.72,2414.7599999999998,2695.38,3310.33,2301.39,2224.58,88.67
645,4,Pea_0,0.0,0.0,0.0,0.0,0.0,0.0,636.47,135.93,5226.8,12238.47,11222.63,9550.62,2471.01,0.0,0.0,0.0,0.0,122.09,0.0,3729.57,9313.73,16352.38,31402.93,16945.8,7625.33,0.0,0.0,0.0,0.0,2340.07,1929.73,6782.04,13118.539999999999,13754.68,18068.72,4699.44,2687.01,4531.31,0.0,0.0,0.0,833.2,3973.31,9118.73,7719.7699999999995,7330.91,722.69
647,4,Tomato_27,0.0,0.0,0.0,2332.7,4138.34,13501.52,17393.28,26470.31,23236.38,19903.37,18443.989999999998,15128.32,4115.15,0.0,0.0,0.0,0.0,0.0,0.0,0.0,0.0,0.0,0.0,0.0,0.0,0.0,0.0,0.0,0.0,0.0,0.0,0.0,0.0,0.0,0.0,0.0,0.0,0.0,0.0,0.0,0.0,0.0,0.0,0.0,0.0,0.0,0.0
648,4,Donut_9,23604.35,29799.3,40333.14,42818.19,32725.84,49798.88,51760.33,58745.16,49614.77,51097.13,42509.96,36880.99,39703.45,47768.65,36329.87,46332.92,37819.43,60582.76,58329.63,59644.74,50843.92,51237.23,40786.03,34967.42,42108.08,51726.6,55495.5,52070.14,45745.13,60012.79,53759.08,54390.16,46880.6,52713.69,44792.01,34122.18,36058.74,40821.73,44698.6,45442.51,39349.88,49395.04,46707.06,49908.04,63741.61,54626.38,2947.88
649,4,Onion_12,25525.52,32488.8,51079.89,56961.65,58007.3,55633.87,51930.68,59803.22,47685.04,40539.77,28441.17,37963.5,38785.78,32688.7,39114.72,45888.56,61979.98,48119.02,51801.82,44821.23,39425.49,33126.03,30758.49,30415.77,26524.73,29758.85,31584.2,29512.62,43056.31,42538.89,39597.14,39257.36,37158.8,30992.12,23588.8,25012.65,28124.66,29619.74,33428.71,39039.35,64634.19,45459.95,41129.15,52529.26,39802.81,51050.99,2551.26
651,4,Tomato_28,8379.07,0.0,0.0,11174.62,7906.33,8741.39,7553.92,8258.84,7786.94,17144.98,23793.36,15732.83,13291.79,0.0,0.0,16704.7,10211.93,8185.91,9191.35,10060.99,22524.53,34921.81,22029.26,27775.19,15309.59,27489.86,16752.13,15291.24,8155.61,0.0,0.0,4152.43,7350.9,36050.46,13040.86,9477.7,17078.2,16988.56,12351.96,16387.98,6334.68,0.0,0.0,2154.52,10148.66,10975.0,422.71
652,1,Pasta_0,0.0,0.0,0.0,0.0,0.0,0.0,0.0,0.0,0.0,0.0,0.0,0.0,0.0,575.52,905.5,986.65,663.47,751.97,849.72,802.71,572.44,657.02,467.62,423.46,385.04,413.56,470.66,471.33,469.77,575.27,580.31,701.92,615.96,706.6,630.8199999999999,571.79,523.35,567.78,764.36,551.56,463.28,603.9,592.45,568.26,547.74,610.46,29.97
653,4,Salmon_3,14226.61,12471.14,15467.0,11064.47,14631.38,16587.74,15335.69,18426.57,16071.63,14091.14,12042.72,11534.08,14859.42,16730.77,16545.1,16315.58,18965.43,18157.06,17370.64,10538.42,14885.18,14452.36,9180.67,7922.49,9239.62,10307.69,12426.28,9569.27,9101.76,10259.85,6546.83,5882.01,6240.72,7405.88,6189.07,5413.46,5129.87,5114.27,5164.33,5370.56,7301.94,7032.17,6309.4,9188.36,4772.73,5241.5,360.64
656,3,Bread_54,0.0,0.0,0.0,0.0,0.0,321.09,806.01,910.99,764.24,653.98,878.38,981.17,975.74,908.8,921.78,1196.15,1007.42,1111.8,1076.26,1752.48,1376.5,1233.6,1207.18,1250.92,1302.97,1301.21,1005.93,1108.52,1245.09,1332.33,1130.01,1376.55,1421.96,1556.49,1701.3799999999999,1711.0,2335.33,1671.63,1767.46,1738.06,2405.4,2210.61,1940.46,2242.04,2642.58,2714.7599999999998,113.80000000000001
659,4,Pretzel_2,24708.579999999998,24181.27,29495.28,29404.92,29111.08,34260.61,34744.0,38554.56,32906.91,31689.98,27832.88,24826.33,24974.8,28809.08,30899.45,34113.74,32074.55,36074.98,33499.79,34164.79,30280.66,30061.26,26274.29,22279.31,24218.61,28438.74,30429.04,30496.8,32003.81,34348.42,31362.03,32256.39,31136.49,30919.82,26110.7,22530.41,23499.76,25171.29,26143.17,26038.32,27763.52,28041.65,25292.53,27798.85,25908.41,26585.829999999998,1559.71
660,3,Pastry_56,1058.61,1254.77,1675.3700000000001,1720.06,1155.12,1291.22,1456.87,1465.06,1346.61,1478.68,1630.24,1350.46,1541.82,1993.24,2453.2,2893.66,2210.79,2037.04,2073.87,2208.76,1939.99,1873.8,1825.29,1641.98,1614.16,1975.81,2184.98,2267.57,1725.46,1646.8,1557.1100000000001,2029.0,1874.04,2190.82,2054.24,1788.16,2057.01,2242.93,2726.55,2651.7,2288.45,2771.16,2521.25,2685.49,2542.31,2667.93,173.29
661,4,Pastry_57,0.0,0.0,0.0,0.0,0.0,0.0,0.0,0.0,0.0,0.0,0.0,0.0,0.0,0.0,0.0,0.0,0.0,0.0,0.0,0.0,0.0,0.0,0.0,0.0,0.0,0.0,0.0,0.0,0.0,0.0,0.0,0.0,1193.96,3176.45,3205.8,2577.7,2476.48,3040.79,2865.83,3003.28,2720.33,3500.25,3771.01,5173.03,4646.88,5377.73,261.49
662,2,Bread_55,0.0,0.0,154.69,619.43,622.93,667.57,672.8100000000001,886.89,809.76,669.26,674.75,689.89,616.83,598.83,536.42,643.41,614.61,641.34,513.38,701.37,690.39,790.14,914.03,1021.04,955.97,1079.19,1182.5,1017.35,1160.61,1062.42,804.48,849.1,921.56,1049.29,1180.09,1310.1299999999999,1421.55,1237.85,1233.1200000000001,1192.56,1585.07,1325.09,1075.86,1187.08,1286.93,1262.73,53.15
664,4,Vegetable_6,0.0,0.0,0.0,0.0,0.0,0.0,0.0,0.0,0.0,0.0,0.0,1373.54,2047.59,1564.62,2368.64,1659.12,1478.23,2128.19,1519.6,2596.67,1313.3,1210.59,983.42,741.29,663.77,1736.83,2956.51,2520.85,1327.63,4756.11,2370.96,3466.67,1655.1,1141.87,2583.92,1737.87,1203.8,1223.18,4869.78,2907.7799999999997,2398.39,5516.24,4744.28,2179.66,1964.02,4666.45,116.36
672,4,Pastry_58,2843.91,3463.97,3279.27,3046.07,2527.97,3205.64,3447.77,3717.8,3653.2,4461.77,2846.02,1825.21,3504.28,4075.78,5695.2,4747.4,2437.49,3310.85,4379.56,5391.85,4438.66,4881.98,4694.61,3322.31,2230.04,4523.43,4212.54,5286.15,3395.52,4519.96,3810.1,9862.09,3974.2,9148.81,8079.88,5698.32,5119.46,4600.29,7945.69,8073.13,1543.1,4307.45,5346.46,4671.6,5492.62,4109.18,195.58
674,4,Carp_0,0.0,0.0,0.0,0.0,0.0,0.0,0.0,0.0,0.0,0.0,0.0,0.0,0.0,0.0,0.0,0.0,27.849999999999998,8.45,14.629999999999999,0.0,1.72,4.46,0.0,34.25,0.0,0.0,0.0,0.0,1934.8400000000001,0.0,0.0,0.0,0.0,0.0,0.0,0.0,0.0,0.0,0.0,225.2,2059.0299999999997,0.0,0.0,0.0,0.0,0.0,0.0
676,4,Banana_4,0.0,0.0,0.0,0.0,0.0,0.0,0.0,0.0,0.0,0.0,0.0,0.0,0.0,572.2,1830.71,2259.31,2153.44,2780.09,2780.18,2802.29,2392.77,2179.11,1749.0,1487.91,1544.13,1815.89,1671.55,1932.98,1751.23,1695.88,3123.58,1130.31,0.0,0.0,0.0,0.0,0.0,0.0,0.0,0.0,0.0,0.0,0.0,0.0,0.0,0.0,0.0
682,4,Herb_2,658.06,852.97,1046.52,1144.1,1323.28,1684.82,1645.56,1872.09,1495.83,1000.73,578.37,638.96,787.69,1087.15,1486.58,1921.06,2344.08,2195.55,1882.82,2010.1,1881.56,1062.79,871.22,871.49,946.3199999999999,1447.35,1832.33,2157.22,3479.55,2841.34,2278.71,2299.15,2007.65,1305.57,993.44,958.67,1142.42,1284.32,1671.43,1798.91,2725.03,2814.67,2382.77,2768.94,1913.82,1089.94,54.97
684,3,Pastry_59,0.0,0.0,0.0,0.0,0.0,0.0,0.0,0.0,0.0,0.0,0.0,0.0,0.0,0.0,0.0,0.0,0.0,0.0,0.0,0.0,0.0,0.0,0.0,0.0,0.0,0.0,0.0,0.0,0.0,0.0,0.0,0.0,0.0,0.0,0.0,0.0,0.0,0.0,0.0,0.0,0.0,0.0,0.0,0.0,6843.36,13771.22,849.47
685,4,Lime_3,2394.47,1757.87,1800.65,1690.3,2657.44,2342.68,1907.87,2607.42,2494.76,2461.78,4576.25,3374.49,5529.9,2155.67,1808.57,1903.02,2526.92,1845.31,1625.59,1711.08,2170.89,3192.62,3629.88,3447.13,3075.94,1868.18,2017.83,1723.06,2394.31,1549.21,1490.88,1740.51,1997.05,5624.24,2800.58,2835.66,2846.54,1974.21,1402.98,1647.04,2083.0,1340.65,1373.16,1693.34,2559.35,3444.98,138.31
686,1,Turkey_5,0.0,0.0,0.0,0.0,0.0,0.0,0.0,0.0,0.0,0.0,0.0,0.0,0.0,0.0,0.0,0.0,0.0,0.0,0.0,0.0,0.0,0.0,0.0,0.0,0.0,0.0,0.0,0.0,0.0,0.0,0.0,0.0,0.0,0.0,0.0,0.0,0.0,0.0,0.0,0.0,454.35,2640.85,958.56,1046.73,2879.38,1277.8600000000001,81.03
690,4,Pork_15,0.0,0.0,0.0,0.0,0.0,0.0,0.0,0.0,0.0,0.0,0.0,0.0,0.0,0.0,0.0,0.0,0.0,0.0,0.0,0.0,0.0,0.0,0.0,0.0,0.0,1051.73,2317.64,8348.21,2932.55,6793.06,5382.16,4577.59,2870.25,3436.87,6745.89,3221.68,3068.58,2654.04,3624.14,5473.59,4002.01,2638.35,5570.62,3124.18,8350.11,4029.14,239.48000000000002
695,3,Bread_56,5100.78,5667.12,7580.25,7324.95,6623.2300000000005,6621.52,6147.41,6449.17,5873.07,6203.67,6005.1,6477.88,6933.18,7237.24,8613.4,10794.35,10677.23,9790.59,8685.38,8259.27,7384.72,6587.38,5521.33,5054.52,5030.51,5554.86,5485.38,5171.47,5634.65,4806.41,4094.87,5137.39,5074.47,5307.2,4342.93,4218.87,4686.09,5226.21,5555.23,9794.51,10751.32,6969.88,6036.86,6580.18,6786.67,7465.39,492.84
697,4,Melon_5,2085.25,1017.63,884.39,1030.41,526.87,624.67,12.2,0.0,0.0,0.0,623.49,691.16,808.27,1219.45,762.13,806.3,595.84,599.08,547.6,713.01,618.13,699.53,1079.92,2057.75,989.36,1281.84,874.89,685.8199999999999,656.85,932.46,612.92,471.19,513.88,427.21,1566.47,433.06,11824.1,2996.21,2850.87,515.95,664.68,730.52,602.79,662.74,595.78,578.43,22.59
698,4,Pork_16,0.0,0.0,0.0,0.0,0.0,0.0,0.0,0.0,197.66,1705.81,906.56,853.43,875.63,943.27,1039.81,1127.95,1306.67,1269.68,1472.46,1172.86,1348.41,1636.58,1649.8600000000001,2067.23,1794.72,2126.63,1518.56,1795.74,2533.91,2246.35,2190.72,3367.38,1887.19,2245.56,1775.66,1801.05,2738.08,1964.48,1907.16,1896.55,2438.45,2181.56,2754.74,3381.37,1975.67,1776.29,106.21
702,3,Cream_0,0.0,0.0,0.0,0.0,0.0,288.84,1270.58,1483.63,1283.87,1188.15,1264.28,1096.13,941.59,982.47,1087.65,1115.98,952.29,1189.14,1425.73,1588.89,1284.8,1020.4499999999999,911.04,894.14,793.26,794.81,774.75,742.82,794.71,895.89,932.59,965.08,743.84,786.67,787.87,840.61,812.71,871.57,987.39,926.2,735.8199999999999,1033.69,1004.22,1207.18,1160.54,1220.41,69.55000000000001
704,2,Croissant_11,1488.3700000000001,1433.73,1630.25,1408.98,1286.68,1379.84,1245.77,1541.84,1404.72,1530.86,1493.0,1501.82,1582.24,1510.76,1459.93,1430.12,1240.49,1331.26,1306.8,1437.64,1383.47,1384.25,1407.86,1283.16,1424.56,1428.95,1418.93,1423.07,1217.4,1577.5,1537.23,1982.19,1866.88,2138.36,1622.44,1511.86,1792.0900000000001,1817.24,1878.3799999999999,1902.81,1784.56,1808.3700000000001,1503.71,1580.54,1598.1699999999998,1527.74,46.62
708,3,Roll_12,38200.76,44296.15,47939.96,58985.01,55426.43,55678.17,49565.62,51085.6,43399.96,34478.6,28912.4,24184.68,23666.92,25582.12,29533.85,27160.39,26431.71,28758.15,26938.77,27270.43,29531.86,28114.2,26161.79,23497.88,27627.91,35850.0,40196.38,39911.23,46645.3,42231.83,37216.05,46680.39,45092.58,40791.68,30459.39,32010.89,36878.53,43653.57,43000.35,43806.08,57664.58,51793.55,47953.03,52535.11,47989.74,50003.67,3402.87
710,3,Pastry_61,2147.37,2050.04,3400.77,3808.09,3138.66,3522.6,3543.92,3396.6,2847.6,2895.24,3045.16,2714.91,2635.18,3119.86,4162.3,4697.92,4707.09,3827.1,3769.7,3821.31,3507.36,3171.8,2939.97,2776.12,2811.81,3573.73,4287.96,4654.21,5359.74,4220.15,3698.99,4794.6,4138.23,4553.15,3890.06,3516.21,3950.64,4681.29,5474.63,5725.28,5726.93,5588.03,5108.46,5303.58,4325.49,4680.39,293.43
716,4,Lime_4,47562.69,34949.22,62559.52,40733.29,52570.71,51556.68,47577.69,51476.67,52504.71,73662.67,61186.74,59640.94,47150.73,45054.17,43876.55,47133.45,59082.72,53957.62,49434.68,46975.27,55681.95,68823.35,91191.16,85515.2,64072.05,54914.89,39650.92,40052.21,92492.66,64170.92,56709.17,47711.53,47199.15,51558.52,115988.92,116003.61,56257.75,61638.8,56928.46,38790.67,82955.6,52302.08,65419.94,51315.02,53160.93,56520.2,3232.0299999999997
717,3,Pastry_62,720.0,759.04,979.92,961.13,647.88,1089.19,936.75,848.04,852.85,938.52,897.86,821.49,868.73,623.14,641.62,682.89,477.09000000000003,561.3,567.6,610.68,470.66,512.63,623.4,408.87,397.18,367.89,402.69,440.75,363.47,370.22,380.66,475.24,1455.01,782.35,839.95,763.59,890.72,1149.97,1823.5,1945.92,1270.9,1942.09,1484.42,1442.56,5086.28,1793.88,113.59
725,3,Pastry_63,0.0,0.0,0.0,51.79,1059.51,6.59,0.0,0.0,0.0,0.0,0.0,0.0,0.0,0.0,0.0,241.24,1085.96,0.0,0.0,0.0,0.0,0.0,0.0,0.0,0.0,0.0,0.0,405.09000000000003,1843.52,0.0,0.0,0.0,0.0,0.0,0.0,0.0,0.0,0.0,0.0,313.77,1730.27,0.0,0.0,0.0,0.0,0.0,0.0
731,3,Chicken_29,576.33,824.84,536.63,496.71,351.85,274.16,215.72,356.36,299.83,400.88,536.43,826.17,920.69,1050.4,904.48,664.8,890.36,687.23,1089.46,1140.09,1279.46,964.59,665.1,934.13,892.07,1267.41,1276.27,987.45,1364.74,1300.3,1151.21,1368.18,993.51,1295.03,998.03,733.85,1188.58,1125.45,1187.62,1565.06,1906.59,1340.6100000000001,1723.07,1498.03,1563.7,1411.03,128.44
733,4,Orange_8,0.0,0.0,0.0,0.0,0.0,0.0,0.0,0.0,0.0,0.0,0.0,0.0,0.0,0.0,0.0,0.0,0.0,0.0,0.0,0.0,0.0,0.0,0.0,0.0,0.0,0.0,0.0,0.0,0.0,0.0,0.0,0.0,0.0,0.0,0.0,0.0,0.0,0.0,0.0,2254.69,22890.47,20202.44,17552.91,13637.78,11328.62,12469.37,638.3
736,4,Pineapple_3,2859.26,4428.6,3110.75,3953.37,4467.08,5616.18,4960.82,7137.03,6639.85,11190.35,6749.25,4899.17,4540.13,3947.26,6608.84,9940.51,10716.43,9574.14,8925.82,6579.46,5909.93,4991.13,4312.8,3256.66,4463.94,3410.23,15824.66,11777.69,22289.94,8057.36,23857.39,37160.49,38140.77,39018.340000000004,6503.92,5696.96,12178.41,22013.31,25215.14,15349.77,12205.37,19617.19,12208.69,11768.26,14783.93,9274.460000000001,2283.65
739,4,Snack_1,1545.25,1404.82,1281.04,1822.57,1381.07,1916.87,2216.92,2449.74,2075.88,2531.72,2049.2,1556.65,1733.26,1998.25,2345.02,2479.48,1447.9,2236.98,2314.61,2428.55,2176.17,2479.11,2108.94,1952.95,1953.02,2380.75,2587.94,2551.79,1916.1,3006.97,3184.15,3264.85,1943.95,2671.29,2466.83,1942.64,1900.1399999999999,2393.69,2529.02,2329.72,1475.91,2436.23,2593.79,2550.84,2282.04,4280.03,384.26
741,4,Chicken_31,18510.510000000002,17112.49,21425.82,22012.28,22056.44,24753.04,25261.64,28510.13,25820.77,25747.18,18530.6,18723.46,19710.68,20854.97,22264.15,22468.25,19772.91,18632.45,16804.36,17025.7,18732.46,20519.03,19279.17,19309.06,19462.54,25128.44,20205.15,19871.29,23053.68,23927.989999999998,21794.21,21315.35,21026.54,21885.579999999998,19222.77,17187.65,17478.26,18768.1,18861.63,18428.63,23718.87,22828.94,19839.88,22928.43,27971.31,24283.56,1434.1100000000001
743,4,Salad_13,0.0,0.0,0.0,0.0,0.0,0.0,0.0,0.0,0.0,0.0,0.0,0.0,0.0,301.27,2131.73,2662.53,2953.63,4453.24,3717.88,4045.42,4153.36,3347.04,2626.62,2723.9,2518.39,2038.01,2186.92,2990.54,3471.0299999999997,4637.85,6749.07,12176.89,12939.22,5313.32,4513.69,4314.11,3982.54,3704.96,3604.87,3677.57,3593.13,4696.99,4435.49,5355.2699999999995,5126.93,3463.86,116.93
744,4,Tomato_30,0.0,0.0,0.0,0.0,0.0,0.0,0.0,0.0,0.0,0.0,417.06,1382.65,865.31,829.83,1065.43,1157.8799999999999,1133.94,2258.11,2172.69,963.44,585.5,703.25,729.8100000000001,712.81,669.63,981.05,1179.21,810.63,1196.27,1600.16,1723.01,1628.43,1189.65,1067.67,965.03,2485.5,604.65,581.57,1624.15,1867.23,1144.49,1404.05,1546.45,4148.51,1402.48,1030.05,117.15
745,4,Berry_3,372.05,0.0,0.0,0.0,0.0,0.0,0.0,0.0,0.0,0.0,0.0,1168.99,1961.42,0.0,0.0,0.0,0.0,0.0,0.0,0.0,0.0,0.0,0.0,1058.7,156.83,0.0,0.0,0.0,0.0,0.0,0.0,0.0,0.0,0.0,0.0,1275.3,846.49,0.0,0.0,0.0,0.0,0.0,0.0,0.0,0.0,0.0,0.0
749,4,Watermelon_7,8843.86,10385.23,637.1600000000001,0.0,0.0,0.0,0.0,0.0,2338.57,14677.92,9086.62,18353.75,19457.61,298.74,0.0,0.0,0.0,0.0,0.0,0.0,940.04,16467.24,22686.29,34722.64,13406.92,4886.79,1973.38,0.0,0.0,0.0,0.0,0.0,3526.64,23628.42,8600.22,58408.78,15091.75,8451.210000000001,0.0,0.0,0.0,0.0,0.0,0.0,3469.65,22179.19,373.25
750,4,Apricot_4,0.0,0.0,0.0,0.0,0.0,0.0,0.0,0.0,0.0,1136.2,4844.35,1564.95,0.0,0.0,0.0,0.0,0.0,0.0,0.0,0.0,0.0,1468.77,5425.43,8393.75,8422.4,782.12,0.0,0.0,0.0,0.0,0.0,0.0,0.0,0.0,0.0,0.0,0.0,0.0,0.0,0.0,0.0,0.0,0.0,0.0,0.0,0.0,0.0
752,4,Apple_37,6874.9,9735.11,14790.27,13297.54,10034.81,13066.16,13076.51,15070.87,11924.47,10558.55,7098.88,6140.2300000000005,6066.58,5152.3,4680.04,5401.18,4045.1,5862.5,4424.68,5482.87,4754.44,4541.56,9553.6,5241.62,4232.76,7867.18,6717.18,5596.09,5962.01,20862.03,10744.96,16285.54,16115.73,9883.44,7955.34,8063.96,10927.67,10042.32,9995.78,10623.46,14342.86,9138.62,8106.59,8153.15,7097.5,6787.93,356.07
753,1,Donut_10,0.0,0.0,0.0,0.0,0.0,0.0,100.12,1412.71,1338.1,1131.47,1054.55,1133.27,1323.53,1537.12,2337.52,2540.87,1856.85,1562.72,2003.65,1945.36,1305.15,1333.76,1148.06,976.8199999999999,1152.85,1129.74,1152.06,1199.3,1141.36,1273.67,1388.4,1568.58,1553.25,2634.21,2141.04,1977.96,2043.68,2058.66,1975.22,2072.62,1881.3,2075.58,1796.16,1511.58,1793.95,2260.0,88.91
754,4,Croissant_12,9730.12,9958.27,13388.26,10520.93,15419.43,21490.7,12105.57,9379.18,10247.79,11180.52,6199.17,5758.75,2611.88,3526.13,6275.6900000000005,1812.48,0.0,0.0,3905.08,5062.45,4038.84,4295.46,684.55,1025.35,1470.78,3053.7400000000002,3836.49,2058.38,1743.37,3456.79,2712.36,4077.06,1474.02,2701.2799999999997,2336.5099999999998,2948.63,438.56,3159.98,4129.89,3566.18,712.05,4127.24,3003.74,3098.59,2287.75,4559.65,0.0
756,4,Apple_38,0.0,0.0,0.0,0.0,0.0,0.0,0.0,0.0,0.0,0.0,0.0,0.0,0.0,0.0,3305.49,27808.92,6923.96,9083.82,5704.07,7894.66,6778.84,8247.75,7636.7,3623.13,886.97,422.44,3112.07,1197.98,0.0,0.0,0.0,0.0,0.0,0.0,0.0,0.0,0.0,0.0,0.0,0.0,3017.91,4249.61,43.08,0.0,0.0,0.0,0.0
758,4,Coriander_3,6522.21,6225.85,8787.09,10562.18,10168.23,13858.5,12334.55,12749.14,11661.28,10316.26,5906.23,6715.25,7623.7699999999995,7584.12,6828.07,10410.87,10682.79,16202.64,11728.04,11222.57,11066.34,9051.8,6352.55,6384.33,6972.67,7339.22,11338.58,12601.75,11369.47,15316.35,13811.81,14046.02,13023.18,12949.61,7810.07,12203.07,13944.960000000001,14389.57,16499.72,16551.77,18713.39,22679.89,18665.22,18848.86,17424.82,16870.18,685.41
760,1,Bread_61,0.0,0.0,0.0,0.0,0.0,0.0,0.0,0.0,0.0,0.0,0.0,0.0,810.04,904.4,690.28,923.97,804.52,905.79,848.36,923.19,897.78,960.13,865.8199999999999,1012.9399999999999,1015.21,983.09,979.52,965.8199999999999,896.28,955.44,897.64,1302.09,1342.08,1361.2,1144.55,1347.01,1286.02,1277.98,1534.27,1621.93,1884.52,1934.04,1708.07,1897.55,2026.7,2060.79,134.67000000000002
766,4,Bread_62,1433.29,1591.79,1714.81,1379.6599999999999,1292.03,1446.78,1201.89,1502.22,1516.56,1619.37,1454.78,1158.13,1362.57,1270.41,1304.26,1494.88,1197.77,1336.3,1095.97,1083.67,1031.38,1082.21,988.35,611.69,1050.21,1025.61,869.98,1052.77,959.82,1175.9,971.93,1253.6,1306.45,1630.45,1490.41,1252.64,1523.15,1527.0,1587.49,1650.01,1142.03,1661.34,1626.6200000000001,1713.05,1941.02,1948.03,31.29
771,4,Pepper_8,1312.46,1167.07,1473.33,1913.71,1733.84,2434.0,2357.46,2404.82,2463.87,2281.06,1998.89,1982.03,1937.24,1641.19,1754.15,1815.41,2034.07,2026.6200000000001,1851.58,2426.39,2257.85,1931.2,1542.04,1444.48,1407.39,1454.68,1436.29,1646.14,1752.06,1944.56,1850.15,2090.65,1137.91,1810.43,1544.1,831.11,1484.99,1273.15,1385.04,1455.3,1459.18,1625.68,1505.83,2178.11,1967.85,1916.08,121.75999999999999
777,4,Vegetable_9,11083.16,11496.42,13329.06,14362.23,13932.17,20447.07,16313.36,19712.920000000002,28739.34,19017.43,17051.55,13762.52,9939.51,10261.92,15632.04,19336.08,12099.2,17643.11,20813.57,16597.38,24872.74,21466.88,12745.84,11406.06,10776.13,15130.67,12247.26,10161.46,10732.18,13567.57,12758.19,12233.67,18882.17,13518.96,11407.18,11587.73,10770.83,10597.5,9861.86,10718.6,10238.19,18914.57,12779.77,13534.289999999999,21135.7,14159.39,862.65
778,3,Roll_13,1416.02,1690.9,2071.57,2052.74,1757.0,1795.14,1614.01,2054.94,2086.63,2211.57,1987.89,1556.55,1456.53,2057.82,2782.21,3325.72,3373.06,3549.86,3406.05,3264.98,2897.18,2613.69,2654.86,2191.94,1840.24,1837.31,2101.38,1974.22,1763.78,1693.29,1669.45,2132.37,1985.71,2078.85,1704.56,1367.2,1249.44,1349.04,1731.1299999999999,1842.1100000000001,1750.11,2136.73,1806.57,2075.89,1966.57,2033.44,134.35
781,1,Roll_14,0.0,0.0,0.0,0.0,0.0,0.0,0.0,0.0,0.0,0.0,0.0,0.0,0.0,0.0,0.0,0.0,0.0,0.0,0.0,0.0,0.0,0.0,0.0,0.0,0.0,0.0,0.0,0.0,0.0,0.0,0.0,0.0,0.0,0.0,0.0,0.0,0.0,0.0,0.0,0.0,0.0,0.0,2297.31,2469.19,3282.2400000000002,3563.48,0.0
788,4,Pomegranate_0,0.0,0.0,0.0,0.0,0.0,0.0,0.0,0.0,0.0,0.0,0.0,247.91,867.6899999999999,729.77,994.5699999999999,1209.08,1182.58,2217.66,1536.16,1340.1299999999999,1114.26,977.49,750.76,699.37,595.66,762.22,734.52,713.62,722.34,1218.88,930.49,917.57,922.24,1311.82,1006.45,903.78,994.87,831.6,922.21,1146.74,1545.87,2216.85,2554.1,2667.6,2858.29,2507.76,157.26999999999998
791,4,Arugula_1,0.0,0.0,0.0,0.0,0.0,0.0,0.0,0.0,0.0,0.0,0.0,0.0,0.0,1039.61,2590.55,3099.83,3359.71,4555.75,3039.25,3871.11,3153.34,3296.7799999999997,3029.35,2951.3,2959.88,2915.49,3022.93,3162.56,3892.23,4784.88,4187.85,4155.72,4672.9,4506.29,4128.0,4682.15,5131.81,7258.2,7191.33,7511.04,8257.09,6672.7,3714.65,5088.32,6098.67,6792.57,226.51
792,4,Vegetable_10,9085.73,12213.34,16783.72,15520.38,15108.43,16507.1,15745.79,17186.32,13489.28,12792.98,9239.13,9177.1,10736.27,13044.68,17062.38,20280.78,21151.19,23393.73,18701.74,19181.48,17869.18,14065.74,12027.7,13807.86,14412.72,21483.29,21019.11,22486.01,30618.48,26495.76,23463.51,25216.79,21683.22,21419.88,15642.7,16207.23,15025.24,18120.25,24878.25,26994.13,32941.95,32813.9,28263.31,27621.04,24044.239999999998,25584.96,1527.43
793,4,Toust_10,5702.78,5789.48,8168.79,8126.95,7739.57,9696.63,9222.73,10573.87,9064.8,9567.76,7814.17,6802.1,7075.27,7843.99,9204.11,9617.36,9259.12,6457.38,9511.63,9552.36,8690.48,8964.96,8072.17,7942.35,6215.85,6153.14,10895.460000000001,8815.97,9757.460000000001,10863.63,9580.05,10374.52,10066.51,10631.42,8617.41,7540.67,9438.55,10417.73,12608.05,10557.04,10986.15,11172.61,9179.72,9921.95,9494.72,9726.12,669.06
794,4,Lettuce_16,1023.62,1206.56,1106.34,3288.55,941.14,1086.42,928.78,1170.51,2215.26,2295.05,1743.27,1822.89,2306.03,1675.54,1638.67,1300.72,826.7,2171.2,1165.04,1925.76,289.94,1942.3,1022.83,1312.47,1137.11,1032.59,1107.69,1292.91,898.03,1282.38,1435.67,1339.12,670.41,1218.34,4653.11,1537.11,1457.24,1139.78,1365.87,1300.91,1090.69,1462.96,713.29,679.66,466.58,1206.99,80.53
796,4,Pepper_9,2541.0,2430.16,3251.03,5451.099999999999,7947.17,6115.65,6507.89,5529.88,2321.79,3765.86,3485.44,582.71,2463.38,1524.7,1882.02,3058.35,4010.41,4304.79,3987.76,6556.55,6187.71,5213.45,4659.02,2800.39,2104.91,1886.75,0.0,0.0,0.0,0.0,9380.19,12784.26,6711.45,4256.72,10287.81,3293.31,3966.17,3742.64,0.0,3406.28,13921.33,18906.33,21380.49,10875.27,1224.92,0.0,0.0
798,4,Mandarin_6,0.0,0.0,0.0,0.0,0.0,0.0,0.0,0.0,0.0,0.0,0.0,0.0,0.0,0.0,0.0,0.0,0.0,0.0,0.0,0.0,0.0,0.0,0.0,0.0,0.0,0.0,0.0,0.0,0.0,1085.19,6187.37,7431.11,510.92,0.0,0.0,0.0,0.0,0.0,0.0,13412.59,25724.72,7737.96,4340.53,3180.78,4303.24,0.0,0.0
799,4,Blueberry_10,2773.03,2076.21,0.0,0.0,0.0,0.0,0.0,0.0,0.0,0.0,0.0,1343.79,2507.45,0.0,0.0,0.0,0.0,0.0,0.0,0.0,0.0,0.0,0.0,0.0,0.0,0.0,0.0,0.0,0.0,0.0,0.0,0.0,0.0,0.0,0.0,2501.34,2342.68,0.0,0.0,0.0,0.0,0.0,0.0,0.0,0.0,0.0,0.0
805,4,Berry_4,0.0,0.0,0.0,0.0,0.0,0.0,0.0,0.0,0.0,0.0,0.0,0.0,0.0,0.0,0.0,0.0,0.0,0.0,0.0,0.0,0.0,299.74,1750.03,3939.58,4530.1,3606.36,0.0,0.0,0.0,0.0,0.0,0.0,0.0,0.0,0.0,3463.17,2327.5099999999998,2887.65,2572.56,2799.58,2037.06,1957.03,2323.07,2771.27,3383.2799999999997,3446.19,94.58000000000001
806,3,Roll_15,0.0,0.0,0.0,0.0,0.0,0.0,0.0,0.0,0.0,0.0,0.0,0.0,0.0,0.0,0.0,0.0,0.0,0.0,0.0,0.0,0.0,0.0,0.0,0.0,0.0,0.0,0.0,0.0,0.0,0.0,0.0,0.0,66.85,1804.3,2893.65,3081.96,3753.34,4549.01,4745.5,4712.41,5170.45,5440.36,5488.9,6476.89,6670.29,7750.61,576.47
812,4,Carrot_13,0.0,0.0,0.0,0.0,0.0,0.0,0.0,0.0,0.0,0.0,0.0,0.0,0.0,0.0,0.0,0.0,0.0,0.0,0.0,0.0,0.0,0.0,0.0,0.0,0.0,1330.35,142.08,0.0,0.0,0.0,0.0,0.0,0.0,0.0,32.370000000000005,942.96,0.0,0.0,0.0,0.0,0.0,0.0,0.0,0.0,0.0,0.0,0.0
815,1,Bread_66,0.0,0.0,0.0,0.0,0.0,0.0,0.0,0.0,0.0,0.0,0.0,0.0,0.0,873.34,1386.3899999999999,1860.19,1797.02,2261.04,2243.5299999999997,2620.24,2363.68,2309.07,2260.89,2818.94,2809.88,2659.09,2733.6,2748.41,2534.63,2763.01,2529.84,3088.5,3046.14,3074.18,2583.85,2856.62,2958.9900000000002,2706.96,2573.9,2744.79,2656.18,2769.62,2590.53,3005.62,2739.74,2824.59,211.91000000000003
816,4,Grape_10,5082.79,4807.33,8872.51,10298.26,9726.38,12034.98,6275.42,2479.15,0.0,0.0,0.0,264.58,8330.29,16429.42,10437.45,7138.32,1645.65,1459.82,0.0,613.17,4014.23,2379.11,2632.82,16809.37,6313.78,6963.07,7061.22,0.0,2321.7,988.89,0.0,4705.76,2204.32,4449.66,2092.42,22584.64,6092.68,19927.39,11559.25,12844.15,5247.03,4465.1,10519.51,51452.93,30947.27,1434.24,1939.48
817,4,Mandarin_7,0.0,0.0,0.0,28553.55,16733.35,19601.07,10760.9,6823.0199999999995,3691.25,0.0,0.0,0.0,0.0,0.0,127.47,5810.4800000000005,8916.19,6871.24,3470.09,2889.59,1769.93,206.28,0.0,0.0,0.0,0.0,0.0,815.49,7735.4400000000005,4020.23,4793.81,4420.19,0.0,0.0,0.0,0.0,0.0,0.0,0.0,27933.54,13885.44,26216.16,14879.22,4678.61,93.67999999999999,0.0,0.0
818,4,Blueberry_11,0.0,0.0,0.0,0.0,0.0,0.0,0.0,978.78,5338.08,5155.16,1047.02,0.0,0.0,0.0,0.0,0.0,1442.17,3946.68,3622.9,4491.17,8903.0,7503.34,6552.98,1215.23,0.0,0.0,847.4,5136.27,4723.51,5232.3,4101.64,4595.69,5830.12,11784.95,4785.84,692.56,0.0,0.0,0.0,1798.65,3023.72,4407.07,4267.46,4204.8,8512.86,14790.880000000001,438.52
819,4,Apple_43,0.0,954.33,30561.3,10910.86,10101.58,12799.44,24783.15,6679.92,12468.39,9694.16,2698.43,1872.3,160.3,0.0,1127.83,4576.62,4144.42,22982.77,31987.18,24868.35,21590.94,11595.22,102.04,0.0,0.0,0.0,75.23,769.73,857.9,1294.68,1468.95,2442.89,3720.62,183.02,0.0,0.0,0.0,0.0,0.0,0.0,0.0,0.0,0.0,7389.67,276.56,0.0,0.0
823,4,Orange_9,0.0,0.0,0.0,0.0,0.0,0.0,0.0,0.0,0.0,0.0,0.0,0.0,0.0,0.0,0.0,0.0,0.0,0.0,0.0,0.0,0.0,0.0,0.0,0.0,0.0,0.0,0.0,0.0,0.0,0.0,1811.08,2852.03,0.0,0.0,0.0,0.0,0.0,0.0,0.0,0.0,178.94,5365.42,6027.11,3930.95,4386.48,0.0,0.0
824,4,Brussels sprout_2,809.99,7633.16,10686.57,6656.55,6666.09,10521.86,8554.26,8821.24,6191.89,5305.95,3149.36,2141.49,1807.76,4226.13,13306.68,8036.6,7861.49,30068.07,17052.03,7381.25,7041.07,5232.09,4018.94,3151.84,2489.06,10295.78,7151.67,7526.8,13869.86,18716.39,8549.76,4976.63,0.0,0.0,0.0,0.0,0.0,2906.24,9790.28,9403.02,6441.92,15471.8,6098.5,2135.04,0.0,0.0,0.0
828,4,Banana_7,26334.07,29199.89,31208.14,30085.03,30823.87,36801.81,56937.55,55472.94,45197.38,43683.99,31887.66,25472.61,22255.079999999998,25486.54,29071.68,70282.38,75776.08,43570.63,34857.69,45457.32,35065.92,36568.0,28215.57,26044.170000000002,26565.51,45584.21,32842.98,32044.4,32337.98,49604.78,50999.73,42292.41,52610.62,35035.66,30758.11,25937.66,23965.59,55384.07,34102.92,34251.3,28570.94,30264.33,31497.52,29589.61,30444.87,28250.05,1293.58
829,4,Cracker_0,2529.85,2163.51,2823.79,3309.64,2919.69,4104.37,3966.09,4584.09,4021.82,4444.79,4107.2,3503.21,3644.32,3631.6,3689.57,3737.64,2850.59,4071.48,3576.64,4478.07,3513.59,4105.42,3894.02,3205.27,3312.9,3317.84,3159.28,3301.19,2930.07,3490.58,3232.73,3410.86,3291.05,3399.39,3058.87,2848.65,2855.63,2749.02,2710.81,2604.42,2238.69,2511.7,2312.28,2406.76,2485.12,4082.48,235.16
833,4,Bag_0,0.0,0.0,0.0,0.0,0.0,0.0,0.0,0.0,0.0,0.0,0.0,0.0,0.0,0.0,0.0,0.0,0.0,0.0,0.0,0.0,0.0,0.0,0.0,0.0,0.0,752.84,578.39,535.02,390.93,518.0600000000001,1844.72,1379.95,1040.19,2734.19,2594.02,2927.7400000000002,3245.93,3483.07,3273.54,3350.2,2642.0,3573.78,3145.47,2637.28,2277.39,3293.53,195.21
837,3,Pastry_68,0.0,0.0,0.0,0.0,0.0,0.0,0.0,0.0,0.0,0.0,0.0,0.0,0.0,0.0,0.0,0.0,0.0,0.0,0.0,0.0,0.0,0.0,0.0,0.0,0.0,587.51,3371.89,4168.15,3452.2599999999998,4946.97,5082.87,6200.16,5658.93,6649.73,4979.71,5655.21,6256.26,8193.61,8311.38,8248.15,7011.76,9142.01,8242.6,8407.89,8553.75,7996.56,526.92
839,4,Garlic_4,11126.99,13069.56,16988.85,16032.89,18540.93,22493.88,21757.8,27557.26,20155.39,17435.81,13711.95,12327.88,12047.35,19630.079999999998,17085.579999999998,22665.23,19468.78,18927.22,15093.78,22326.22,15416.48,13161.85,10623.58,8279.64,10409.52,11159.7,10899.81,10473.91,21879.88,18500.5,12980.89,13109.78,10780.7,17121.54,8816.21,8679.26,9644.57,14882.15,11559.35,18906.69,16461.99,17003.8,22106.73,16186.63,15251.89,15900.6,973.0699999999999
840,4,Lettuce_17,53695.67,59413.09,55962.71,53718.32,46295.19,57626.53,61950.95,61599.39,52856.14,75357.77,57580.75,61071.06,43995.98,48716.55,51214.0,55414.55,50407.39,54765.35,61001.24,38927.22,56511.36,71128.92,69793.04,58477.92,57570.01,52697.12,48713.36,49471.79,57112.22,55236.82,39631.81,43279.47,68756.87,53005.82,54364.54,62550.75,47229.49,55836.38,53943.46,49742.09,46053.56,53103.25,54525.01,50312.42,47292.63,47948.54,2517.74
843,3,Pumpkin_6,1296.29,1637.93,2847.28,2441.17,1900.61,2840.32,2566.06,3029.97,2478.07,2078.31,1362.46,1088.94,1162.46,1550.17,2220.49,2264.69,1454.26,1838.97,1613.85,1626.66,1471.68,1210.16,959.4,811.6899999999999,900.4,1640.66,2287.33,1757.81,1455.32,1906.23,1675.73,2136.77,1752.55,1619.12,1311.98,1118.2,1305.6,1670.71,2843.29,2137.71,1570.06,2199.04,1950.79,1902.47,1485.4,1428.61,95.28
844,4,Chive_1,5250.04,5616.09,6875.81,7690.68,9977.49,12025.04,11901.53,16187.23,13901.85,10644.55,7934.6,6360.95,7420.46,8060.74,8930.03,10932.59,12641.27,13401.16,11415.39,12508.07,12391.81,8862.29,7331.62,5986.03,6383.31,7496.44,8507.49,8886.85,10963.63,12119.7,11387.46,12156.28,16211.46,9867.44,8238.33,8212.94,8406.63,8636.4,10099.15,11236.63,14720.95,14771.06,13674.86,16920.71,12625.57,11348.22,812.62
846,4,Kiwi_8,4441.83,7183.88,8465.33,6573.77,9146.91,5974.56,9757.67,11504.56,10074.9,8643.71,6590.7,5120.72,5347.88,6736.67,8321.98,11170.97,18990.69,14992.72,20323.32,15727.28,22000.49,14064.86,15412.34,16532.46,18450.57,16356.61,12146.41,29892.1,15807.13,35376.84,14494.21,15191.79,24965.93,12757.23,9301.38,16624.15,8617.9,11732.78,13820.31,14786.34,15626.58,17946.36,16523.9,17583.82,18313.97,16891.45,1033.53
847,1,Turkey_6,0.0,0.0,0.0,0.0,0.0,0.0,0.0,0.0,0.0,0.0,0.0,0.0,0.0,0.0,0.0,0.0,0.0,0.0,0.0,0.0,0.0,0.0,0.0,0.0,0.0,0.0,0.0,0.0,0.0,0.0,0.0,0.0,0.0,0.0,0.0,0.0,0.0,0.0,18.16,718.46,1242.34,1144.3700000000001,1147.22,1228.28,1272.54,1518.23,94.23
852,4,Bread_68,0.0,0.0,0.0,0.0,0.0,0.0,0.0,0.0,0.0,0.0,0.0,0.0,0.0,0.0,0.0,0.0,0.0,0.0,0.0,0.0,0.0,0.0,0.0,0.0,0.0,0.0,0.0,523.83,907.66,1447.43,1271.35,1318.89,1559.92,1577.72,1490.94,1655.83,1588.94,1533.49,1716.94,1579.16,1792.22,2047.81,1463.55,1919.5,2067.63,2164.1,138.23
865,4,Bread_69,3438.88,4447.01,6252.93,6382.7,6689.89,5411.52,5133.52,5940.85,4732.33,4572.59,1512.8,0.0,0.0,0.0,0.0,0.0,0.0,0.0,0.0,0.0,0.0,0.0,0.0,0.0,0.0,0.0,0.0,0.0,0.0,0.0,0.0,1027.38,892.23,425.12,1621.99,2118.06,1776.38,2200.81,3305.71,3800.98,8031.87,5769.65,4210.58,4520.85,3920.4900000000002,4421.95,276.89
872,4,Peach_7,0.0,0.0,0.0,0.0,0.0,0.0,0.0,0.0,0.0,0.0,0.0,0.0,0.0,0.0,0.0,0.0,0.0,0.0,0.0,0.0,0.0,0.0,0.0,124.66,2232.69,0.0,0.0,0.0,0.0,0.0,0.0,0.0,0.0,0.0,0.0,573.8199999999999,1092.54,0.0,0.0,0.0,0.0,0.0,0.0,0.0,0.0,0.0,0.0
873,1,Pastry_70,1664.97,1827.08,2469.64,2601.81,1877.9,2300.42,2432.91,2832.79,2432.17,2375.19,2180.56,1930.8899999999999,2294.09,2512.91,3150.19,2877.7,2297.51,2045.98,2371.2,2457.04,1853.25,1807.56,1729.52,1525.59,1625.58,1782.71,1840.1399999999999,1752.58,1550.97,1727.43,1716.57,2129.76,1983.1299999999999,2192.84,1879.04,1798.91,2137.47,2198.49,3032.83,2745.92,2469.18,2693.32,2653.84,2565.59,2462.72,2515.9,187.21
883,3,Bread_70,0.0,0.0,0.0,0.0,0.0,0.0,0.0,0.0,0.0,0.0,0.0,0.0,0.0,2645.51,5572.09,6210.42,7562.77,10078.68,10191.25,12063.29,11366.58,11381.59,10636.9,11967.97,11580.22,11555.01,11973.5,12399.3,12440.96,13771.25,14352.21,18747.09,16877.56,17888.63,18803.1,20161.19,20208.0,19122.86,19990.7,19469.739999999998,19261.38,20620.96,20563.31,22279.68,21356.15,22021.14,1378.64
889,1,Bread_72,0.0,0.0,0.0,0.0,0.0,0.0,0.0,0.0,0.0,0.0,0.0,0.0,0.0,0.0,0.0,0.0,0.0,0.0,0.0,0.0,0.0,0.0,0.0,0.0,0.0,0.0,0.0,0.0,0.0,0.0,0.0,0.0,0.0,0.0,868.54,807.74,884.98,990.6800000000001,1151.15,1230.36,5566.39,1265.72,1084.8,2077.08,949.74,1112.86,58.65
890,1,Blueberry_13,0.0,0.0,0.0,0.0,0.0,0.0,0.0,0.0,0.0,0.0,0.0,0.0,0.0,0.0,0.0,0.0,0.0,0.0,0.0,0.0,0.0,0.0,0.0,5044.41,2681.29,0.0,0.0,0.0,0.0,0.0,0.0,0.0,0.0,0.0,0.0,3771.17,0.0,0.0,0.0,0.0,0.0,0.0,0.0,0.0,0.0,0.0,0.0
891,3,Apple_49,0.0,0.0,0.0,0.0,0.0,0.0,0.0,0.0,0.0,0.0,0.0,0.0,0.0,0.0,0.0,1981.2,1636.69,1805.63,2474.8,8375.7,2050.99,1985.6200000000001,1694.13,0.0,0.0,0.0,235.39,1427.23,1572.15,1935.72,2259.26,1683.54,0.0,0.0,0.0,0.0,0.0,0.0,1566.55,3221.94,556.28,0.0,0.0,0.0,0.0,0.0,0.0
892,4,Cabbage_4,0.0,0.0,0.0,0.0,0.0,0.0,0.0,0.0,0.0,1991.23,2199.9,2349.94,2042.85,3577.5,5557.81,7388.61,8300.34,7141.8,6018.32,5594.78,4920.38,4066.11,3414.26,3324.37,3517.42,4863.62,6183.72,6562.16,8538.97,7367.21,8897.039999999999,6833.16,5516.41,7158.19,5490.76,3769.55,3763.14,4384.45,8814.43,12917.18,10884.92,7308.38,6334.81,10571.12,7194.19,5060.38,215.32999999999998
893,1,Pastry_73,1225.73,1516.57,1868.2,1856.14,1514.58,1861.05,1999.52,2317.37,1823.45,1721.95,1502.8799999999999,1315.8,1549.07,1859.16,2179.26,2138.18,1463.01,1595.57,1782.51,1735.99,1360.0,1320.65,1274.55,1317.37,1397.73,1523.45,1445.34,1509.47,1324.47,1532.29,1368.27,1564.2,1646.02,1691.25,1606.98,1418.53,1642.79,1589.26,1879.1299999999999,1746.78,1531.9,1832.6299999999999,1664.31,1741.51,1706.54,1545.17,65.67
897,4,Mandarin_8,8004.45,18483.32,28016.46,62304.39,58278.2,62603.89,38087.07,24074.02,16383.44,18653.53,12542.38,14542.37,13526.22,15650.8,78242.03,55409.63,64651.62,53731.55,30409.72,28761.09,22642.96,17143.43,11616.4,4874.99,1509.3,1938.43,25854.55,63117.53,57203.23,42621.84,32556.65,23728.43,17244.71,17142.74,13066.84,16339.97,13194.46,10411.71,50384.08,53594.59,63231.67,57864.35,33352.91,28092.91,25667.84,9502.39,0.0
901,4,Pastry_74,0.0,0.0,0.0,0.0,0.0,0.0,0.0,0.0,0.0,0.0,0.0,0.0,0.0,0.0,0.0,0.0,0.0,0.0,0.0,0.0,0.0,0.0,0.0,0.0,0.0,0.0,0.0,0.0,0.0,0.0,0.0,0.0,0.0,0.0,0.0,0.0,0.0,0.0,0.0,0.0,0.0,222.20999999999998,2888.37,2840.8,3455.68,4791.65,249.09
904,4,Apple_51,4280.2,1153.37,0.0,2546.16,1119.09,1011.4399999999999,2892.81,3892.21,4418.22,4881.9,3979.6,3796.19,8950.65,9413.86,5846.3,11169.94,15240.67,10922.46,8710.48,9471.83,8757.19,9677.87,2322.47,7062.64,6809.26,6751.26,9565.81,7055.42,10578.44,9623.07,8946.5,10174.95,9101.62,14282.2,14106.14,14708.789999999999,12083.51,1339.05,0.0,3144.26,13048.05,12876.06,12069.69,15207.48,13424.94,18349.71,931.68
910,4,Pear_16,2959.26,4561.2,5989.46,4481.38,7997.98,5413.34,5190.03,3288.97,4562.77,5465.35,3592.82,2308.61,0.0,1546.3700000000001,4310.64,4968.48,3141.58,4094.93,3080.92,4156.76,8090.42,3141.03,1225.74,4206.36,1307.9,4643.57,2566.28,2585.9,2178.01,5777.2300000000005,2671.23,5595.08,3951.96,2642.7,3520.63,6967.65,3480.84,2249.91,2702.61,2588.81,2343.56,2324.07,2473.21,9711.64,8515.55,5688.08,256.19
911,4,Donut_13,4373.83,4642.16,7031.84,8039.5599999999995,5775.87,7949.36,9267.95,13252.37,13027.56,12339.28,11133.26,9864.18,11013.48,12488.210000000001,16965.54,19876.5,15281.93,16176.9,18541.29,19311.03,17854.89,17010.08,15322.97,14274.35,16429.8,20799.63,23681.21,23731.01,19025.22,17729.57,19447.29,22102.61,18886.1,6369.15,0.0,0.0,0.0,1148.2,12394.82,8530.22,3763.42,14192.91,17423.86,19930.28,3833.0699999999997,0.0,0.0
912,4,Tomato_37,0.0,0.0,0.0,0.0,0.0,0.0,0.0,0.0,0.0,0.0,0.0,0.0,0.0,0.0,0.0,0.0,0.0,0.0,0.0,0.0,0.0,0.0,0.0,0.0,0.0,0.0,0.0,0.0,0.0,0.0,0.0,0.0,0.0,0.0,0.0,0.0,0.0,0.0,0.0,0.0,0.0,1022.13,5857.65,6633.68,3988.38,1554.01,0.0
918,4,Blueberry_14,4063.31,5182.72,5312.4400000000005,6266.64,6685.23,5141.87,905.88,839.0,0.0,990.27,1338.69,3619.41,3804.5099999999998,3527.69,6092.25,7318.39,6323.23,5644.57,5182.24,7559.79,8028.25,17104.34,9887.3,8440.84,5575.29,12188.78,13547.58,20373.45,12207.04,12974.55,11647.64,15369.66,15731.2,14465.91,12112.55,10888.61,9462.92,10003.11,11376.07,11349.53,9465.91,11427.289999999999,21137.11,10873.83,11508.0,12937.5,741.77
919,3,Radish_8,0.0,0.0,0.0,0.0,0.0,0.0,642.54,907.5500000000001,878.48,997.8,662.74,665.62,792.05,958.6,1323.5,1521.3799999999999,1530.04,2292.37,1835.49,1771.34,1643.64,1358.05,995.14,879.78,804.8000000000001,843.8199999999999,817.4,753.69,882.63,1279.52,1133.3799999999999,1232.02,1244.5,925.67,758.3,813.03,746.05,700.2,750.54,900.51,957.6899999999999,1316.06,1258.97,1424.42,1466.03,1391.59,93.99000000000001
928,3,Pastry_76,1208.6,1348.17,2181.09,2081.53,1594.59,1659.69,1592.73,1893.64,1951.15,2228.26,2074.99,1824.74,1880.64,2177.09,2702.55,3095.66,2730.91,2307.8,2161.95,2102.37,1992.87,1814.02,1674.93,1541.82,1452.31,1559.6,1540.27,1505.55,1464.1399999999999,1224.95,1347.35,1644.46,1425.61,1602.62,1304.6,1228.23,1336.92,1489.51,1750.81,1780.94,1668.3,1860.9,2074.38,2262.75,2060.22,2165.63,146.11
929,1,Bread_74,2497.9700000000003,3497.42,5962.79,5190.58,5627.61,5319.03,5198.22,4756.19,4248.01,4097.47,5703.49,6105.2,5261.69,5384.96,6244.15,6334.89,5941.81,4919.02,5089.32,6568.2,5901.349999999999,5780.25,4309.41,4673.12,4497.13,4786.26,4103.51,3246.6,3823.53,3381.04,3023.44,3114.21,3236.43,0.0,0.0,0.0,0.0,0.0,0.0,0.0,0.0,0.0,0.0,0.0,0.0,0.0,0.0
930,3,Sprout_2,735.27,603.85,708.49,679.14,647.9,1235.18,997.7,1029.61,1022.0600000000001,933.25,746.5600000000001,917.39,752.98,793.36,959.97,1061.8700000000001,932.98,1175.7,1147.78,1263.41,1184.07,1346.45,1234.1499999999999,1216.53,1295.5,1317.78,1477.5,1425.04,1255.08,1540.08,1443.15,1577.85,1610.03,1524.48,1417.66,1409.96,1567.37,1452.7,1659.38,1581.69,1641.34,1910.94,1774.76,2221.93,2482.7,2371.79,155.94
933,4,Melon_6,0.0,0.0,0.0,0.0,0.0,0.0,0.0,0.0,0.0,0.0,0.0,414.31,2505.15,3287.43,4096.68,4188.86,3620.78,6948.2300000000005,4546.72,4584.77,3684.8,3289.25,2583.81,2397.98,2113.37,1924.4,2118.19,1926.79,2010.51,2587.08,2337.06,1802.43,1702.19,1789.34,1387.55,1350.3700000000001,1185.31,1309.16,1453.54,1433.15,1329.52,1727.84,1830.09,2002.6,2109.49,1960.2,123.85000000000001
935,4,Tomato_38,6891.39,8834.04,14323.08,11466.97,13674.88,15689.71,15872.3,16685.78,14341.77,10568.02,11010.2,10129.34,8985.82,10514.08,13275.51,12633.88,15551.56,20749.07,21152.75,21453.34,18832.48,17945.22,15524.17,10224.47,7913.23,10746.42,16635.03,13358.57,17491.66,19256.329999999998,17276.68,15222.53,15661.84,13157.47,12689.03,9732.13,7449.25,9158.06,11630.84,10716.52,15894.61,12810.27,10974.06,11746.45,10785.9,9790.28,597.13
936,3,Pastry_77,1710.68,1969.6,2134.0,2251.51,1359.0,1825.53,1885.83,2186.99,1951.22,1986.6,1901.36,1696.63,1538.21,1582.72,1847.86,1781.33,1117.63,1255.89,1398.97,1534.31,1372.06,1274.1,1428.8,1285.1,1325.86,1344.1,1256.83,1286.6,1024.71,1049.96,1243.5,1616.84,2242.02,1781.63,1690.3,1692.5,1887.75,1936.37,1837.47,1751.59,1359.73,1841.81,1539.11,1761.01,4071.42,2395.62,196.08
937,3,Pastry_78,2760.5,2785.4,3482.15,3468.77,2318.33,3170.91,3357.8,3211.75,2691.94,3105.09,3164.52,3030.42,2967.35,3139.43,3647.86,3693.5,2758.74,2620.37,3062.9,3266.78,2936.16,2904.77,2849.47,2589.37,2520.37,2687.1,2677.73,2743.15,2111.41,1964.54,2116.26,2862.68,3634.27,3342.4900000000002,2956.3,2866.62,2988.25,3441.56,3761.61,3451.15,2736.81,3547.32,3056.95,3015.57,6335.76,4591.08,323.62
938,3,Pastry_79,1145.45,1202.05,1392.94,1506.7,1306.18,2097.41,2181.45,1934.67,1561.8700000000001,1634.17,1630.92,1624.7,1473.85,1576.61,1727.5,1688.51,1434.17,1690.28,1541.47,1608.82,1228.02,1278.98,1213.48,1085.0,1147.38,1190.46,1266.75,1182.65,1065.85,1405.03,1250.15,1358.72,1112.24,1300.32,1170.15,1013.17,1057.59,1106.76,1118.05,1167.59,814.06,1225.66,1106.36,1069.27,1110.76,1183.16,46.13
939,4,Spinach_4,0.0,0.0,0.0,0.0,0.0,0.0,0.0,1597.75,4007.86,3539.71,3331.62,2062.77,0.0,0.0,1201.38,4276.16,4098.44,6773.39,5724.04,5911.26,6038.89,11834.64,5421.26,4566.24,5530.82,5408.7300000000005,15971.02,6083.8099999999995,6087.7,8434.53,8163.33,7765.39,7959.6,15009.93,7046.37,5778.48,4653.55,6948.29,7356.78,8351.32,5935.0,9143.44,8194.54,9831.36,9089.74,7853.19,479.77
940,4,Blueberry_15,0.0,0.0,0.0,0.0,0.0,0.0,0.0,0.0,0.0,0.0,0.0,4311.33,18625.18,10969.92,1999.09,0.0,0.0,0.0,0.0,0.0,0.0,0.0,0.0,13816.71,29156.12,23239.86,1139.63,0.0,0.0,0.0,0.0,0.0,0.0,0.0,0.0,10762.81,33813.38,22886.0,4735.23,0.0,0.0,0.0,0.0,0.0,0.0,0.0,0.0
941,2,Baguette_11,0.0,0.0,0.0,0.0,0.0,0.0,1539.69,3043.65,2648.12,2500.19,2663.35,2770.29,2492.17,1014.43,0.0,0.0,0.0,0.0,0.0,0.0,0.0,0.0,0.0,392.78,1603.61,1605.23,1622.21,1962.73,2006.9,2358.3,2159.19,2292.85,1993.93,2316.89,2451.52,2093.38,2080.56,2205.95,2129.66,2236.72,1923.76,2223.9,1850.32,2046.71,1992.26,2199.91,123.3
943,4,Lettuce_20,0.0,126.09,498.19,888.68,1134.43,1892.29,2235.9900000000002,1351.87,0.0,0.0,0.0,0.0,0.0,0.0,0.0,0.0,0.0,0.0,0.0,0.0,0.0,0.0,0.0,0.0,0.0,0.0,0.0,324.12,0.0,3307.14,4505.03,3457.34,2752.21,1347.16,1159.55,233.52,0.0,0.0,602.1,2842.65,1687.97,2650.62,2338.85,4082.11,4259.2300000000005,3529.77,199.51
944,4,Grape_14,9775.01,16571.57,23837.16,19331.5,15677.14,14957.3,17296.85,34817.5,21812.11,14016.92,14369.82,14255.22,12778.63,16082.96,19342.84,26930.12,20643.35,28920.64,23126.53,41992.71,21862.09,20483.25,18292.81,12459.13,33447.66,29278.7,25997.760000000002,21625.82,12172.66,39459.29,58148.07,46873.1,38710.16,19470.9,17953.4,22672.93,39639.9,34741.44,43462.590000000004,22222.53,31021.3,23630.65,50041.57,17472.18,19515.45,747.46,0.0
945,4,Passion fruit_1,0.0,0.0,0.0,0.0,327.17,338.44,343.08,325.06,467.81,475.33,319.58,352.2,368.28,239.95,249.88,169.60999999999999,508.27,1862.79,820.94,923.34,689.06,1146.39,841.81,1546.58,1178.25,1540.89,2416.35,1808.3,2801.56,3356.15,2005.75,2394.94,1378.39,1238.21,1000.5699999999999,1398.59,964.72,1714.66,1386.51,3640.86,3959.99,2944.66,2286.71,1678.44,1659.5,1578.35,81.00999999999999
947,4,Pastry_80,0.0,0.0,0.0,0.0,0.0,0.0,626.38,1764.86,2118.95,2391.58,2112.19,2528.97,2731.3,1110.76,1724.45,103.91,0.0,0.0,0.0,0.0,0.0,0.0,223.71,1162.96,1932.56,2246.61,2433.31,2268.9900000000002,1577.3,2787.65,2758.39,3218.58,2905.42,2949.53,2701.42,2541.83,2764.04,2844.0,2805.88,2586.09,2251.02,2549.11,2176.35,2510.32,2500.42,1576.01,0.0
948,4,Nectarine_7,14545.32,7852.5,0.0,0.0,0.0,0.0,0.0,0.0,550.5,4805.94,8665.78,11737.380000000001,14238.17,12565.1,0.0,0.0,0.0,0.0,0.0,0.0,0.0,7256.46,7021.84,7611.93,12916.67,7162.15,0.0,0.0,0.0,0.0,0.0,0.0,0.0,9137.460000000001,6604.57,9730.27,14701.86,11265.47,0.0,0.0,0.0,0.0,0.0,0.0,7509.82,29316.57,924.34
951,1,Roll_17,2620.81,2432.47,3748.68,3664.85,3243.02,3956.46,4349.43,5695.78,5415.29,4859.73,4216.34,3904.18,4478.38,4904.7699999999995,5318.07,6617.72,6359.73,4882.57,4600.46,4220.54,3254.79,3599.87,2362.43,2178.56,1994.04,1968.01,2226.76,2137.28,1879.05,1846.67,1830.3,2421.7200000000003,2148.94,1440.1,1421.83,1447.15,1448.15,1360.56,1400.39,53.55,0.0,0.0,0.0,0.0,0.0,0.0,0.0
953,4,Tomato_39,0.0,0.0,0.0,0.0,0.0,0.0,0.0,0.0,0.0,0.0,0.0,0.0,610.38,5644.16,9783.71,4693.64,5062.43,7842.53,0.0,0.0,0.0,0.0,0.0,0.0,0.0,0.0,0.0,0.0,0.0,0.0,0.0,0.0,0.0,0.0,0.0,0.0,0.0,0.0,0.0,0.0,0.0,0.0,0.0,0.0,0.0,0.0,0.0
956,4,Turkey_7,0.0,0.0,0.0,0.0,0.0,227.58,996.5,1068.74,1294.91,1329.37,1261.54,1382.52,1458.36,1533.83,1635.58,1694.76,2035.5,1694.09,1517.39,1659.3,1691.69,1651.07,1509.87,1504.37,1505.95,1568.41,1585.59,1712.87,2944.3,2412.18,2100.88,2202.14,2501.63,2591.53,2232.3,2290.61,2262.47,2430.09,2804.8,2657.2400000000002,3150.5299999999997,2743.5,2535.15,3006.07,2851.51,3131.58,187.36
959,3,Bread_76,0.0,0.0,0.0,0.0,0.0,0.0,0.0,0.0,0.0,0.0,0.0,0.0,0.0,0.0,0.0,0.0,0.0,0.0,0.0,0.0,0.0,0.0,0.0,0.0,0.0,0.0,0.0,0.0,0.0,0.0,0.0,651.08,1722.48,1981.31,1838.15,2208.87,2299.08,2529.63,3430.54,3386.46,3729.86,3764.04,3678.11,4297.28,4454.77,4761.72,364.46
961,4,Salmon_5,0.0,0.0,0.0,0.0,0.0,0.0,0.0,0.0,0.0,0.0,0.0,0.0,0.0,0.0,0.0,0.0,0.0,0.0,0.0,0.0,0.0,0.0,0.0,0.0,0.0,0.0,0.0,0.0,0.0,4226.89,10555.72,18730.5,3639.93,13121.03,19008.850000000002,11524.619999999999,11705.47,9156.33,10499.36,10042.86,27928.17,9245.43,14575.22,11384.69,11548.26,10822.85,2135.1
965,4,Beef_9,6031.89,6830.2699999999995,8651.16,7811.54,12838.1,8305.31,8222.88,9516.75,7279.04,9459.96,4571.21,7408.36,4545.32,5437.7,5897.18,5511.16,11931.59,7390.88,5003.19,5163.5,8166.06,7324.01,6047.42,5251.7,5325.93,5930.56,5898.79,5749.33,5492.93,5666.46,4397.51,4451.12,9131.44,5401.46,8853.1,4522.11,4806.85,3927.05,4054.7,7221.01,3697.32,4153.64,6596.86,3769.89,9340.77,3740.17,237.62
967,4,Chicken_38,0.0,0.0,0.0,0.0,0.0,0.0,0.0,0.0,0.0,0.0,0.0,0.0,0.0,0.0,0.0,0.0,0.0,0.0,0.0,0.0,0.0,0.0,0.0,0.0,0.0,366.48,634.79,723.14,2104.85,849.1899999999999,1145.94,1274.3799999999999,1293.34,1674.16,1735.39,2065.15,1726.58,1956.18,2024.45,1700.14,2650.35,5297.68,2165.01,2209.5,2039.49,2298.29,132.03
968,4,Carp_1,0.0,0.0,0.0,0.0,80.47,0.0,0.0,0.0,0.0,0.0,0.0,0.0,0.0,0.0,0.0,0.0,0.0,0.0,0.0,0.0,0.0,0.0,0.0,0.0,0.0,0.0,0.0,227.63,3367.66,0.0,0.0,0.0,0.0,0.0,0.0,0.0,0.0,0.0,0.0,382.15,2468.41,0.0,0.0,0.0,0.0,0.0,0.0
972,1,Pastry_81,7150.02,9019.15,13242.27,13498.7,12250.380000000001,17355.67,18435.59,23023.29,20007.69,21861.73,20851.54,20124.81,23192.43,25671.66,29263.09,32116.58,24733.44,22699.09,23675.42,23351.7,20088.01,19541.45,18117.5,14904.65,15309.86,18300.79,20244.18,19833.08,17404.39,14777.33,13202.2,16270.05,13512.21,15225.61,12453.74,12520.9,11857.29,13240.34,15174.75,14468.93,12245.92,15121.46,14965.84,15626.69,17479.11,17406.21,519.79
980,4,Potato_36,0.0,0.0,0.0,0.0,0.0,0.0,0.0,0.0,0.0,0.0,0.0,0.0,0.0,0.0,0.0,0.0,0.0,0.0,0.0,0.0,0.0,0.0,0.0,0.0,0.0,0.0,0.0,0.0,0.0,766.36,1938.27,2440.53,2863.94,2598.75,0.0,250.24,3883.12,4366.17,3270.56,3310.04,7349.58,4757.89,5703.16,7703.34,7873.28,4998.9,0.0
982,4,Beef_10,0.0,0.0,0.0,0.0,0.0,0.0,0.0,0.0,39.68,3028.28,3675.62,5247.16,3729.5099999999998,3219.35,3987.79,3878.87,5267.76,4693.06,3388.15,3589.04,2905.71,2815.52,2884.68,3662.44,4006.61,4054.07,4354.9,4302.35,3929.25,4986.72,4030.58,4279.69,4456.61,4590.41,4199.81,4194.54,4790.13,4968.55,5847.8,5242.39,5115.86,6107.4,4894.42,5213.81,4527.94,4968.22,308.46999999999997
983,3,Chicken_41,699.6,902.07,790.44,1054.79,959.97,1244.68,1184.23,1359.62,1065.79,1078.65,548.63,651.04,680.37,726.26,798.66,973.06,666.57,1052.69,953.86,803.93,659.5600000000001,827.55,786.07,802.71,926.01,843.11,985.3,974.34,976.34,1243.21,1070.44,1024.23,989.79,926.26,839.14,816.22,833.6899999999999,928.13,932.07,928.76,961.68,1153.28,920.58,1092.52,972.16,945.32,62.07
984,3,Bread_78,0.0,0.0,0.0,0.0,3687.52,1615.34,1701.52,1793.57,1959.57,1683.76,1423.33,1248.3799999999999,1393.74,1683.42,2071.99,2109.68,8055.42,2525.21,2087.05,2045.92,2542.64,1540.85,1366.24,1276.23,1284.23,1348.45,1520.12,1430.71,7684.51,1614.17,1590.62,1697.15,1687.28,1222.47,1051.46,931.77,993.12,1148.59,1233.32,1471.82,10479.49,1566.8,1371.76,2004.36,1116.19,1236.03,44.78
985,4,Chicken_42,3708.23,2997.31,4153.37,3739.79,5579.31,5620.43,5637.4,5713.39,4833.91,5351.85,4039.19,5269.8,4496.4800000000005,4945.5,5303.25,6528.67,5856.650000000001,5073.28,5120.03,6976.26,5777.8,8683.66,11113.81,9361.13,15602.49,19260.31,9394.34,8711.68,10877.57,9877.01,8896.59,10693.34,10674.57,11236.84,10770.7,11578.39,15090.63,10640.21,10121.85,10326.38,14191.039999999999,12712.07,12276.44,14696.94,14397.19,20395.43,992.04
988,4,Turkey_8,901.52,1441.2,1877.77,1826.12,2163.2200000000003,2050.65,1895.05,2399.92,1590.76,1764.77,1227.15,1317.2,1397.88,1736.35,1922.52,2359.51,2818.37,2357.24,1986.16,2236.65,1904.25,1406.61,1056.92,1072.77,943.41,1301.07,2095.69,1478.07,2214.83,1825.53,1389.6399999999999,7097.61,1724.28,1434.28,1109.05,1180.28,1208.94,1256.83,1449.39,1288.19,1319.5,1247.66,1144.77,1168.24,1061.01,1083.63,76.65
989,4,Apple_55,0.0,0.0,0.0,0.0,0.0,0.0,13691.46,1530.52,0.0,0.0,0.0,0.0,0.0,0.0,0.0,0.0,0.0,0.0,0.0,0.0,0.0,0.0,0.0,0.0,0.0,0.0,0.0,10899.61,5503.14,5958.18,16726.1,4111.1,3695.58,4795.01,5751.38,3845.19,0.0,0.0,0.0,0.0,0.0,0.0,0.0,0.0,0.0,0.0,0.0
993,4,Squash_1,30.49,1150.81,5399.84,953.26,0.0,0.0,0.0,0.0,0.0,0.0,0.0,0.0,2914.77,2502.17,1981.3,1041.75,0.0,0.0,0.0,0.0,0.0,0.0,0.0,0.0,1952.16,2157.4,2240.26,217.65,0.0,0.0,0.0,0.0,0.0,0.0,0.0,54.019999999999996,1453.22,2675.93,1551.9,185.71,0.0,0.0,0.0,0.0,0.0,0.0,0.0
1000,4,Donut_15,0.0,0.0,0.0,0.0,0.0,0.0,0.0,0.0,0.0,0.0,0.0,0.0,0.0,0.0,0.0,0.0,0.0,0.0,0.0,0.0,0.0,0.0,0.0,0.0,0.0,0.0,0.0,0.0,0.0,0.0,0.0,0.0,0.0,0.0,49.68,4886.99,2280.67,2056.18,3128.74,1454.01,260.9,0.0,0.0,0.0,0.0,0.0,0.0
1008,3,Chicken_43,1111.11,1241.49,1107.27,1196.04,1014.05,1613.43,1486.19,1603.6299999999999,1607.64,1009.2,1127.06,1118.41,1123.61,1253.21,1528.27,1569.17,1334.21,1333.73,1291.83,1663.74,1393.7,1373.74,1149.72,1060.48,1145.67,1275.27,1327.22,1230.75,1205.36,1484.72,1260.3799999999999,1323.92,1354.8799999999999,1203.75,1108.28,970.12,1082.6,1182.79,1279.41,1329.29,1276.31,1500.05,1387.05,1387.73,1124.61,1283.03,66.02
1009,4,Toust_13,2644.68,2508.7400000000002,2278.09,2095.44,1804.33,2624.98,2424.52,2468.66,2173.05,2211.23,1989.8,2031.98,2187.12,2309.06,2699.94,2794.14,2493.15,3215.03,2762.11,2927.45,2727.72,2996.61,2662.85,2711.34,2616.74,2338.92,2425.12,2305.04,1998.68,2998.06,2664.03,2842.53,2707.81,2962.42,2850.14,2754.98,2731.95,2588.28,3142.21,3086.52,2633.74,3606.35,2972.64,3284.34,3175.39,3118.36,162.59
1013,4,Kiwi_11,507.21,832.16,1671.45,2224.03,2905.73,12909.45,6200.1,7102.06,5099.2,3039.69,1658.76,1254.89,1147.79,1369.29,1853.73,2667.99,2888.9,11439.35,4578.01,10655.39,3675.31,7192.92,2514.82,2059.6,1898.14,2561.53,3208.65,2772.62,3282.92,15075.39,6873.75,12071.77,4764.52,4666.86,2088.57,0.0,0.0,0.0,0.0,1155.47,3523.8,3019.02,1498.05,1075.42,1425.75,1592.67,26.53
1014,4,Radish_9,0.0,0.0,0.0,0.0,0.0,0.0,0.0,0.0,0.0,0.0,0.0,0.0,0.0,0.0,0.0,0.0,0.0,0.0,1332.99,4037.77,3046.11,2152.55,1718.54,1559.28,1523.2,1338.45,1305.01,1188.98,1202.57,1307.28,1376.9,1853.56,2752.46,2053.41,1884.34,1607.31,1927.85,1768.96,1912.87,2305.86,1772.68,1973.71,1800.35,3100.29,3700.1,3394.78,150.12
1015,1,Baguette_12,0.0,0.0,0.0,0.0,0.0,0.0,0.0,372.69,1215.77,1456.31,1327.66,1552.36,1547.83,1571.29,1672.27,1628.99,1569.16,1429.45,1347.79,1208.44,1165.74,1121.55,1060.43,1029.12,1036.83,1157.72,1112.7,999.6,1185.48,1189.35,906.01,950.28,1007.94,1052.47,805.37,820.6,810.98,995.7,932.78,978.44,1166.33,1102.76,958.86,1094.58,991.09,1126.53,67.3
1017,4,Chicken_44,0.0,0.0,0.0,0.0,0.0,0.0,0.0,0.0,0.0,0.0,0.0,0.0,0.0,0.0,0.0,0.0,0.0,0.0,0.0,0.0,0.0,0.0,0.0,0.0,0.0,0.0,0.0,0.0,0.0,11355.15,10927.26,2377.36,2198.58,1297.23,0.0,0.0,0.0,0.0,0.0,0.0,0.0,0.0,0.0,0.0,0.0,0.0,0.0
1019,4,Baguette_13,3972.71,4317.9,5271.69,5194.73,6748.81,6472.27,5635.44,6618.41,6483.14,6676.29,5872.26,9089.46,5795.85,5985.93,6117.08,5928.93,8868.04,6276.86,214.26,10145.33,4781.93,5233.52,4529.51,4433.3,4240.66,4274.31,3614.91,3568.54,5336.18,3038.91,3452.66,3643.09,6154.81,5402.78,4205.09,4399.92,4024.95,3910.36,3563.0,3542.43,5575.95,4168.54,3554.05,4269.79,4790.57,6016.06,252.24
1027,3,Pastry_86,2025.2,2584.28,3493.96,3534.64,2276.82,3621.56,3496.63,4000.65,3500.46,3699.19,3364.36,3154.9,3246.52,3897.38,5216.85,6070.8,4795.92,4625.42,4803.61,4972.21,4246.22,3871.81,3437.43,2677.79,2219.41,2567.2,2701.2599999999998,2532.62,2152.75,1798.0,1835.03,2230.6,2048.31,2577.7,1666.43,1410.13,1295.79,1230.15,1943.22,1307.66,1028.52,1214.03,1117.44,1075.42,1139.98,1224.8,118.45
1032,4,Chicken_45,0.0,0.0,0.0,0.0,0.0,0.0,0.0,0.0,0.0,0.0,0.0,0.0,0.0,0.0,3336.38,4256.39,3711.27,3882.25,3403.84,3401.63,2404.72,1921.72,1650.34,1813.96,1985.92,9721.62,2229.77,3852.89,4280.21,2416.9,1989.96,2259.46,2164.67,3268.2400000000002,1619.78,2523.15,3639.56,2082.41,2361.66,6903.82,3135.66,3338.24,4070.19,7088.43,2978.23,3162.2,206.07
1035,4,Bagel_5,0.0,0.0,0.0,0.0,0.0,0.0,0.0,0.0,0.0,0.0,0.0,0.0,0.0,0.0,0.0,0.0,0.0,0.0,0.0,0.0,0.0,0.0,0.0,0.0,0.0,0.0,145.69,530.52,660.67,486.32,552.15,1675.27,1632.8500000000001,2065.94,1690.78,1295.43,1516.94,1712.69,1904.09,2137.58,1225.79,1199.1299999999999,1638.76,2060.04,1514.3700000000001,1129.88,111.03999999999999
1036,4,Apple_59,0.0,0.0,0.0,0.0,0.0,0.0,0.0,0.0,0.0,0.0,0.0,0.0,0.0,0.0,0.0,0.0,0.0,0.0,0.0,0.0,0.0,0.0,0.0,0.0,0.0,0.0,0.0,0.0,0.0,0.0,0.0,0.0,0.0,0.0,0.0,0.0,0.0,0.0,243.87,4209.02,7958.08,4226.9,947.22,0.0,0.0,0.0,0.0
1039,4,Cabbage_5,963.34,1617.75,4816.4,4027.71,2572.39,5587.82,3276.83,3621.59,3452.46,2843.96,2233.14,2830.11,2392.6,3775.48,3905.29,3844.24,2434.31,4112.49,3030.88,6173.72,2138.61,2116.87,1913.85,1992.76,1646.06,1700.17,2781.29,2752.7,2187.41,3474.57,3086.7400000000002,2463.88,1839.7,1913.7,1347.3,1426.72,1296.22,1421.23,2242.4,2166.86,1938.7,2874.0,2309.89,2142.01,5277.58,2068.99,106.2
1042,4,Donut_18,0.0,0.0,0.0,37.33,5846.63,3247.02,0.0,0.0,0.0,0.0,0.0,0.0,0.0,0.0,0.0,0.0,0.0,0.0,32.41,2157.63,1550.15,1222.6,955.36,1317.11,1413.9,1234.15,48.06,0.0,0.0,0.0,46.96,0.0,0.0,0.0,478.95,4624.14,0.0,0.0,0.0,0.0,0.0,0.0,0.0,0.0,0.0,0.0,0.0
1044,4,Bagel_6,0.0,0.0,0.0,0.0,0.0,0.0,0.0,0.0,0.0,0.0,0.0,0.0,0.0,0.0,0.0,0.0,0.0,0.0,0.0,0.0,0.0,0.0,0.0,0.0,0.0,0.0,345.71000000000004,954.1,1465.71,905.29,1059.19,3128.0,2932.59,2777.75,2396.04,2510.09,2371.34,2454.58,2837.96,2985.06,2560.17,2820.36,2759.69,1935.3600000000001,987.89,421.5,160.57999999999998
1046,1,Tomato_43,0.0,0.0,0.0,0.0,0.0,0.0,0.0,0.0,0.0,0.0,0.0,0.0,0.0,0.0,0.0,0.0,0.0,0.0,0.0,0.0,0.0,0.0,0.0,0.0,433.29,116.83,0.0,0.0,0.0,0.0,0.0,0.0,0.0,0.0,0.0,0.0,147.5,179.01999999999998,0.0,0.0,0.0,0.0,0.0,0.0,0.0,0.0,0.0
1048,4,Orange_11,4555.38,8585.67,11155.01,7122.1900000000005,4755.86,4476.73,5657.67,5259.34,2466.86,2795.93,5066.87,3559.8,3024.65,4596.34,5478.99,5213.53,3515.96,1492.72,0.0,0.0,93.21,752.5699999999999,0.0,0.0,3653.15,7514.8,8494.63,5542.04,6783.38,6288.19,3720.22,10741.84,2456.17,2175.8,2999.14,2585.78,41.980000000000004,0.0,2482.3,3079.68,0.0,0.0,0.0,0.0,0.0,0.0,0.0
1049,4,Kohlrabi_0,0.0,0.0,0.0,0.0,0.0,0.0,0.0,3172.18,6057.45,40.17,0.0,0.0,0.0,0.0,0.0,2195.84,5773.06,6520.51,7920.46,12218.23,11161.75,0.0,0.0,0.0,0.0,0.0,0.0,3272.76,8321.01,5743.92,5407.47,6848.2,4219.61,0.0,653.63,0.0,0.0,0.0,2455.84,4199.63,2734.23,7983.75,7903.11,9740.52,10228.15,3644.04,0.0
1050,4,Baguette_14,770.21,683.4,877.53,774.45,711.77,769.75,780.03,848.38,795.15,833.63,879.82,780.9,679.48,853.96,769.91,811.12,711.77,756.39,744.82,836.53,788.52,838.62,824.6,744.78,868.86,809.21,812.83,794.48,1091.18,1091.0,1305.14,1496.33,1406.24,1569.86,1529.84,1620.99,1705.33,1640.78,1574.33,1745.59,1876.91,1951.82,1674.22,1840.27,1928.4,2162.02,91.56
1051,4,Pomegranate_1,0.0,0.0,0.0,0.0,0.0,0.0,0.0,0.0,0.0,0.0,0.0,0.0,0.0,0.0,0.0,0.0,0.0,0.0,1347.7,2205.91,2158.57,2409.35,1811.73,1534.72,1684.35,2076.96,2281.24,2480.85,3109.43,3505.85,3228.44,4060.71,5557.67,3831.2400000000002,3140.37,2610.4900000000002,2603.23,3052.13,4346.73,3788.55,3783.64,4734.54,4355.05,4544.89,4595.78,4431.76,229.61
1052,4,Cabbage_6,0.0,0.0,0.0,0.0,0.0,0.0,0.0,0.0,0.0,0.0,0.0,0.0,0.0,0.0,0.0,0.0,0.0,82.86,811.92,879.17,907.68,993.2,790.58,757.18,979.75,1163.71,1309.58,1444.92,1485.36,2123.04,2345.02,2917.51,2673.54,2711.95,2481.5,2234.66,2306.5,2418.16,2682.18,2740.55,2615.94,3552.09,2153.92,3053.0099999999998,3127.71,3287.76,196.89000000000001
1053,1,Vegetable_12,0.0,0.0,0.0,0.0,0.0,0.0,0.0,0.0,0.0,0.0,0.0,0.0,0.0,0.0,0.0,0.0,0.0,0.0,0.0,0.0,0.0,0.0,0.0,0.0,0.0,606.53,1045.69,662.34,693.5,685.53,366.38,564.75,417.03,478.48,245.92,228.81,232.78,264.93,293.45,377.35,142.01,201.28,530.58,315.1,284.59,412.52,32.94
1054,4,Tomato_44,4481.96,6373.14,8007.93,5784.28,4882.7699999999995,8518.87,5793.82,8451.09,5849.66,3918.37,2904.61,1756.77,3840.18,9512.69,12130.13,7699.9800000000005,8389.87,11103.85,6211.3,5297.47,3554.6,4289.67,677.79,866.42,609.67,2278.02,4223.22,3875.46,8390.72,11602.63,12905.02,10873.11,8340.7,6035.87,5464.83,3853.78,3095.33,2587.51,3641.54,10007.26,10005.32,11445.17,11674.57,7924.67,13909.51,18643.920000000002,670.1
1064,4,Bell Pepper_6,0.0,0.0,0.0,0.0,0.0,0.0,0.0,0.0,0.0,0.0,0.0,0.0,0.0,0.0,0.0,0.0,0.0,0.0,0.0,0.0,0.0,0.0,0.0,0.0,0.0,0.0,0.0,0.0,0.0,0.0,0.0,0.0,2399.49,3882.92,3637.3,7166.74,3331.84,3452.39,4043.06,3910.41,0.0,0.0,0.0,0.0,0.0,0.0,0.0
1072,4,Sweet Potato_5,0.0,0.0,0.0,0.0,0.0,0.0,0.0,0.0,0.0,0.0,0.0,0.0,0.0,0.0,1691.94,1515.96,1221.53,1886.78,1737.67,2602.53,1478.79,1360.5,1098.82,917.69,927.61,1684.48,2051.28,1828.6299999999999,1117.71,3177.32,1738.26,2535.41,1196.07,989.88,1034.24,823.24,849.51,943.6899999999999,2480.96,1603.7,1259.8799999999999,2936.03,2530.91,1301.82,1298.26,2965.39,69.99
1073,4,Thyme_1,1418.1,1535.97,2195.59,2807.43,3431.1,3717.14,3273.52,3334.92,2827.71,2372.1,1243.09,1227.4,1550.96,2054.31,2757.84,3048.08,3750.28,3417.95,2656.48,2387.69,2530.83,1735.21,1532.2,1628.42,1596.97,1714.84,2303.99,2746.88,3594.89,3105.43,2797.78,2788.21,2609.81,2099.48,1767.68,1815.58,1902.18,2140.98,2821.76,3253.16,3909.73,3689.27,3127.56,3247.48,2547.81,2541.85,157.91
1074,4,Grape_15,41194.1,44366.84,37565.12,34459.26,63416.11,44557.29,39714.38,72937.83,75178.52,53586.79,52026.04,44440.73,54401.73,43827.6,66982.74,39160.97,37601.659999999996,45025.04,31550.86,60075.12,85406.02,80900.42,44696.4,54546.33,67406.5,106313.58,92087.64,46739.54,51898.08,87077.97,52764.090000000004,79687.66,116391.29,63440.99,80747.2,66492.74,70918.53,49273.59,43275.04,44175.77,67410.67,73961.42,48625.16,109879.01,129772.36,67025.22,4283.29
1075,4,Croissant_15,5709.95,5529.4800000000005,5639.29,5169.28,4165.25,6035.32,6513.96,6184.17,5972.05,7874.96,8494.36,8123.59,7719.99,9640.26,11136.1,9384.31,4214.88,5188.84,7691.79,8621.94,6791.34,7236.97,7394.64,5983.11,5557.09,2070.87,5297.44,7752.83,4363.84,4157.89,5578.47,11861.48,5802.5599999999995,10238.02,5967.86,981.78,4791.09,5125.67,9365.39,9217.12,3664.17,6341.47,8556.93,7448.27,10577.93,7795.56,432.28
1076,4,Apple_61,0.0,0.0,944.54,2057.2,2990.26,14383.66,5213.33,21620.76,7736.73,6376.31,6091.29,6207.21,4250.09,2471.52,15698.5,6493.83,4543.24,6627.69,18550.13,7708.32,16087.17,14733.210000000001,5389.92,3543.49,1944.46,3812.88,11928.81,5521.2300000000005,3903.73,5399.2,4466.83,5551.18,5478.19,16106.41,5013.44,2160.21,0.0,16923.6,7697.08,7044.92,6689.41,18341.57,22456.93,11617.01,22725.65,12240.84,480.53
1078,4,Avocado_3,6843.09,5636.21,7158.25,8036.03,7020.29,8579.05,8669.41,10792.17,9529.32,5158.88,4411.63,4055.51,5713.96,5747.17,7427.74,9294.93,7834.3,11018.13,12081.6,9950.0,8601.72,8652.210000000001,7064.82,6525.93,6557.59,7930.95,6847.27,8010.44,7334.59,9876.74,9076.94,8199.27,7539.74,6661.84,12041.67,5185.2300000000005,21187.4,5738.4800000000005,6944.03,6125.41,6914.77,14222.1,14781.78,10641.94,19715.239999999998,8851.6,462.9
1079,4,Beet_2,1456.5,1873.3899999999999,2827.35,3355.14,3342.6,4333.1,4123.89,4398.57,3448.06,1355.58,3046.96,1947.22,2271.81,2669.14,2807.1,3688.46,3530.08,4695.17,3855.12,3892.57,3278.65,3861.43,2509.63,2197.29,2065.88,2488.42,3196.62,3378.77,3627.07,4120.37,4034.17,4118.08,3444.14,3201.36,2028.86,1855.79,1862.7,2373.62,2914.68,2825.42,2877.94,3581.04,3423.84,3904.8,3872.09,4014.09,569.8000000000001
1081,3,Cabbage_7,653.8199999999999,956.67,1188.08,1498.14,1169.93,1641.81,1493.5,1424.0,1108.76,955.81,773.78,714.95,658.32,853.45,827.99,1086.18,965.8000000000001,1061.2,1068.13,1056.22,981.41,928.37,977.9,813.97,889.6,1038.8,1235.43,1247.38,1158.87,1512.46,1636.13,1735.77,1514.55,1392.47,1288.7,1311.99,1292.0,1490.93,1636.49,1761.95,1557.92,1894.59,1695.39,1821.2,1614.04,1764.29,99.85
1084,4,Roll_19,10288.18,11430.47,13065.8,12397.039999999999,12680.37,15678.08,9567.34,9075.03,7859.42,7887.68,7991.83,7008.54,6921.66,2513.63,0.0,0.0,0.0,0.0,0.0,0.0,0.0,0.0,0.0,0.0,0.0,0.0,0.0,0.0,0.0,0.0,0.0,0.0,0.0,0.0,0.0,0.0,0.0,0.0,0.0,0.0,0.0,0.0,0.0,0.0,0.0,0.0,0.0
1086,3,Roll_20,70659.05,79859.65,111792.61,118312.48,107318.27,109921.65,102903.48,128476.13,124471.96,109159.05,94395.95,86711.35,85545.47,94757.55,110656.16,120963.31,112433.84999999999,105676.65,102149.57,98857.58,90442.94,82006.34,70325.45,63348.66,58758.11,66621.72,66094.96,60143.64,66066.82,56695.26,47389.57,57850.22,54760.909999999996,50732.1,40732.96,39165.17,39373.88,45829.65,49001.04,46901.38,49054.83,54944.33,51914.23,59920.5,56023.01,58286.47,3851.93
1091,4,Baguette_15,10164.0,10412.03,9673.33,9222.63,22180.54,14930.38,12695.53,12704.29,13088.71,13012.09,12138.45,11991.95,11623.19,11898.75,12857.19,11623.04,22026.38,8853.97,8447.789999999999,8476.49,11644.13,9748.79,9974.78,9908.710000000001,9468.6,10991.0,10333.52,9808.93,24158.38,10939.92,9065.59,9598.47,9459.0,10752.7,10664.81,10355.54,9810.62,9399.4,8717.85,9116.6,19797.55,6664.7,7090.56,8967.27,7630.29,8882.88,454.49
1099,4,Toust_14,0.0,0.0,0.0,0.0,0.0,0.0,0.0,0.0,852.85,951.68,865.82,891.67,1054.81,1307.69,1410.02,1548.48,1562.33,1620.4,1283.1,1287.92,1191.88,1130.98,1091.34,1076.67,1141.19,1512.3,1506.71,1474.13,1708.65,1860.46,1512.48,1503.4,1462.39,1534.84,1316.12,1224.48,1095.76,1420.01,1519.2,1451.4,1569.16,1822.24,1406.35,1490.28,1591.61,1559.35,93.08
1101,3,Pastry_91,0.0,0.0,0.0,0.0,0.0,0.0,0.0,0.0,0.0,0.0,0.0,452.04,419.62,407.88,547.72,486.93,470.6,648.53,832.28,1197.21,953.92,942.79,780.6,772.0,753.36,927.76,941.97,1060.93,742.08,1055.78,1128.25,1347.96,1071.62,1149.71,968.4300000000001,988.59,1359.83,1331.4,1469.14,1602.86,1330.35,1898.21,1856.7,1862.03,1926.95,1743.01,92.24
1102,4,Mint_0,1735.97,1153.18,1194.98,1789.33,1337.98,1382.4,1270.19,2005.82,2174.65,1771.29,2243.81,1313.79,1154.22,825.28,763.73,799.14,899.44,909.7,738.73,935.88,1112.83,2572.13,1443.64,2092.78,2619.87,1823.42,1244.41,712.64,809.73,1050.66,1821.02,1217.6,1878.54,3547.61,3614.31,3521.34,2189.52,1661.82,1415.56,1282.33,1052.85,1786.12,1570.66,2227.93,3733.62,4678.54,192.93
1103,4,Mango_6,0.0,0.0,0.0,0.0,0.0,0.0,0.0,0.0,0.0,0.0,0.0,242.65,762.91,661.18,856.73,1341.86,1065.65,1727.35,1328.6,1209.41,1145.92,1300.66,1076.12,844.88,576.44,695.09,978.83,975.99,940.5,1289.49,1022.1,1213.01,1264.46,1313.9,955.16,827.57,815.53,971.27,1128.23,955.8100000000001,908.08,1280.19,1274.33,1695.19,1674.63,1455.7,62.94
1105,4,Ginger_4,2100.17,3784.46,5588.02,4334.82,4162.71,5039.11,3573.23,3878.22,2877.1,3511.28,2736.33,2450.26,3049.39,4738.24,7482.75,8455.77,6629.17,8825.62,7990.85,6932.7300000000005,5377.39,3554.44,2494.79,3231.73,3252.79,6395.79,6755.9800000000005,8007.93,8260.64,7182.83,5803.87,5510.73,4319.43,3369.98,2562.58,2341.68,2758.07,4374.71,7374.44,7382.49,8315.11,6874.85,5983.41,5134.22,4057.75,3509.44,230.0
1107,3,Bread_85,0.0,0.0,0.0,0.0,0.0,0.0,0.0,0.0,0.0,0.0,0.0,0.0,0.0,2564.68,6167.06,6508.4800000000005,6053.36,6615.0,5926.84,5769.64,5545.73,5201.7,4388.42,4270.8,4622.02,5432.06,5444.45,5158.06,5560.51,5048.47,4734.95,6656.45,6559.67,6129.46,5187.11,4886.33,5372.41,6615.49,7063.47,6418.68,7532.94,7037.15,6528.18,7401.85,6519.75,6328.82,370.91999999999996
1108,4,Carrot_17,0.0,0.0,0.0,0.0,0.0,0.0,0.0,0.0,0.0,0.0,0.0,0.0,0.0,0.0,0.0,0.0,0.0,0.0,71.53,3000.82,9094.07,9396.23,5512.36,825.0600000000001,856.96,2919.7,2819.4,2459.89,3042.18,3028.77,2571.41,3982.25,8221.7,7232.29,7689.74,2815.96,2460.16,2382.04,2181.76,2460.68,3504.14,3561.87,2433.18,2346.24,3146.95,3740.7599999999998,263.9
1110,3,Strawberry_16,0.0,0.0,0.0,0.0,0.0,0.0,0.0,0.0,0.0,0.0,2492.67,0.0,0.0,0.0,0.0,0.0,0.0,0.0,0.0,0.0,0.0,2246.0,2578.02,0.0,0.0,0.0,0.0,0.0,0.0,0.0,0.0,0.0,0.0,0.0,2170.02,329.55,0.0,314.43,36.26,0.0,0.0,0.0,0.0,0.0,0.0,424.8,86.89
1111,4,Mandarin_9,0.0,524.39,24540.29,27453.65,27033.37,22848.6,16160.43,8941.51,3650.81,0.0,0.0,0.0,0.0,0.0,3104.72,11885.0,23727.61,18215.53,20848.23,7719.29,4837.76,2147.66,0.0,0.0,0.0,0.0,1368.48,3338.7200000000003,3858.23,0.0,0.0,0.0,0.0,0.0,0.0,0.0,0.0,0.0,0.0,0.0,0.0,0.0,0.0,0.0,0.0,0.0,0.0
1112,4,Croissant_16,44716.06,51132.93,57175.56,57280.53,49266.93,67236.51,71324.94,82664.29,69869.44,72984.58,68528.3,65719.65,73584.02,93771.7,117512.22,124877.86,99818.38,114239.65,105534.23,105897.74,95032.76,101363.23,89343.20999999999,84274.39,87590.61,74181.03,87023.16,92829.36,89177.01,93879.59,86610.64,93250.04,86748.36,95424.1,82638.77,73834.49,75099.89,81816.19,90903.4,88485.42,79999.8,99537.75,86812.85,90448.12,89709.25,94273.84,5634.33
1118,4,Corn_3,0.0,0.0,0.0,0.0,0.0,0.0,0.0,0.0,0.0,0.0,0.0,0.0,0.0,0.0,0.0,0.0,0.0,0.0,0.0,0.0,0.0,0.0,0.0,0.0,0.0,0.0,0.0,0.0,0.0,0.0,617.4,1605.53,1233.72,1308.79,1299.63,1026.57,2106.9,2788.5,3659.15,1289.61,1476.03,1899.12,1570.37,1664.75,1633.59,1944.2,117.43
1121,4,Mushroom_8,3141.44,3433.91,4270.78,4476.8,4148.7300000000005,5557.32,4628.0,4827.34,4105.2,3976.92,3343.5,3065.68,3287.5,3313.38,3933.61,4238.84,3968.49,4772.21,4304.58,4394.65,4045.03,3949.39,3652.37,3443.81,3682.01,3424.08,3517.93,3574.7400000000002,3480.33,4904.87,4132.5199999999995,4517.99,4495.06,4685.7,3876.09,3567.2,3677.88,3543.87,4393.63,4466.51,4467.9,6298.15,5855.05,6611.43,6753.47,6109.19,410.14
1124,3,Pastry_92,0.0,0.0,0.0,0.0,0.0,213.13,1427.96,1389.65,1394.35,1526.48,1424.73,1161.06,1054.87,1146.6,1342.42,1465.19,1121.57,1219.57,1285.06,1291.55,1280.8,1293.25,1178.27,1134.79,1122.41,1245.87,1302.81,1234.92,1094.46,1082.25,1591.3,2078.9,1712.93,1901.63,1846.4,1743.1,1837.34,2266.4,2777.69,2784.89,2303.87,3003.43,3154.9,3250.1,2926.46,3213.3,210.64
1126,4,Pastry_93,0.0,0.0,0.0,0.0,0.0,0.0,0.0,0.0,0.0,0.0,0.0,0.0,0.0,0.0,0.0,0.0,0.0,0.0,0.0,0.0,0.0,0.0,0.0,0.0,0.0,0.0,0.0,0.0,0.0,0.0,0.0,0.0,1999.38,13529.25,13012.59,14471.67,13040.449999999999,13594.38,12331.14,12361.14,14653.880000000001,17097.71,13631.73,16402.76,13911.64,0.0,0.0
1127,4,Asparagus_11,976.51,0.0,0.0,0.0,0.0,0.0,0.0,0.0,0.0,10393.28,22576.45,1538.0,0.0,0.0,0.0,0.0,0.0,0.0,0.0,0.0,0.0,18268.57,5878.14,871.38,0.0,0.0,0.0,0.0,0.0,0.0,0.0,0.0,0.0,11369.23,17033.94,0.0,0.0,0.0,0.0,0.0,0.0,0.0,0.0,0.0,3825.46,14587.35,1431.23
1130,4,Cauliflower_2,0.0,0.0,0.0,0.0,0.0,0.0,0.0,0.0,0.0,0.0,0.0,0.0,789.28,2180.05,2214.71,3373.7599999999998,3280.96,5939.06,7721.78,3704.2400000000002,7250.58,2181.13,0.0,0.0,155.45,1253.58,0.0,2265.26,3047.58,6334.94,4623.46,3729.71,3506.12,2398.26,1467.35,5127.18,3081.2599999999998,1657.08,2316.72,2686.05,4253.29,4377.1,11427.289999999999,10750.13,3160.97,1758.22,229.76999999999998
1131,4,Toust_16,15045.89,19595.3,25361.24,24600.170000000002,26319.66,28779.15,28261.23,31224.73,27203.28,27738.17,25123.44,23393.24,23328.87,25351.77,27373.6,28667.29,27518.52,30594.77,24295.01,27645.77,24909.43,25212.03,22346.19,21630.49,18333.92,15504.2,25908.63,25250.69,26924.34,25998.2,21493.49,25684.9,24695.16,23884.39,21969.76,20639.29,20593.98,23237.04,22449.92,23379.47,24620.23,24819.73,20865.3,23492.84,22711.9,23209.67,1458.85
1134,1,Baguette_16,1278.29,1235.3799999999999,1431.72,1380.07,2636.29,2275.8,2170.2,2270.33,2287.73,2226.27,1989.24,2203.51,2219.16,2147.59,3088.02,2964.61,3341.23,2595.9500000000003,2536.21,2184.44,1994.26,1956.36,1760.81,1736.7,1596.37,1436.77,1447.75,1349.92,1995.84,1639.96,1358.55,1524.99,1733.68,1622.77,1368.6,1767.45,1846.8,1842.14,2206.45,2254.54,3013.07,2724.76,2513.71,2784.15,2128.15,2141.91,175.37
1135,4,Pumpkin_8,0.0,1419.18,32026.92,328.94000000000005,0.0,0.0,0.0,0.0,0.0,0.0,0.0,0.0,0.0,2228.54,57184.68,2168.5299999999997,0.0,0.0,0.0,0.0,0.0,0.0,0.0,0.0,225.26000000000002,2623.65,76174.12,1555.02,29.26,0.0,0.0,0.0,0.0,0.0,0.0,0.0,0.0,7857.67,96471.54,8604.32,19.81,0.0,0.0,0.0,0.0,0.0,0.0
1140,4,Tomato_47,21355.75,24338.61,43492.17,47103.93,51539.340000000004,75181.53,56092.82,62046.68,39898.57,34272.82,37034.98,28708.29,22563.63,31838.37,49051.38,73553.1,68939.97,93157.02,63420.3,53932.75,43145.77,42489.17,38785.68,32003.66,36217.01,49073.44,58668.65,68735.88,58082.64,62322.55,35684.54,58714.96,54151.24,52810.97,31819.42,40553.11,26546.14,16830.97,15160.32,29546.93,46485.4,55043.22,62913.07,73806.27,58389.6,52790.75,3687.98
1141,1,Baguette_17,1111.2,1028.45,978.17,1046.19,1655.82,1562.2,1496.33,1657.3600000000001,1714.2,1618.97,1511.6100000000001,1630.41,1531.76,1589.8799999999999,2149.38,2078.38,1981.99,1478.54,1426.82,1406.3700000000001,1302.81,1135.62,1074.37,1174.62,1143.0,1096.44,1181.18,1173.06,1356.08,1260.49,957.79,1084.58,1173.48,1305.09,1005.1,1065.0,1042.43,1396.17,1511.15,1277.29,1468.5,1202.64,1013.77,1202.6,889.92,1000.08,71.86
1146,4,Celery_10,5700.33,8590.21,9187.49,5018.68,0.0,0.0,0.0,0.0,0.0,0.0,0.0,6092.7,10106.44,12630.2,12903.69,10265.45,0.0,0.0,0.0,0.0,0.0,0.0,0.0,4048.65,8721.63,11227.17,10017.92,8728.25,633.27,0.0,0.0,0.0,0.0,0.0,0.0,3138.18,8506.41,7561.65,7885.12,3526.24,0.0,0.0,0.0,0.0,0.0,0.0,0.0
1152,3,Pastry_96,1154.08,1186.09,1633.62,1648.65,1010.34,1615.47,1330.85,1261.19,1055.82,1303.12,1342.66,1189.21,1198.17,933.94,847.33,915.01,784.82,891.76,893.16,843.0699999999999,730.89,751.41,729.9300000000001,671.85,575.38,657.86,748.34,657.48,545.65,530.07,619.69,780.92,1574.8799999999999,1026.84,1213.09,1026.37,1190.02,1431.35,2168.01,2250.12,1616.24,2270.59,1948.06,1982.65,5606.08,2333.18,188.42
1154,4,Croissant_17,923.32,805.81,1176.87,1063.83,954.68,995.58,994.15,1101.33,1022.32,1092.54,1117.24,1095.23,1054.47,1073.34,1053.1,1011.05,877.13,952.29,930.98,991.15,1003.23,1045.51,1061.09,952.7,1083.72,1061.9,1035.85,1063.6100000000001,1014.21,1323.38,1396.07,1677.26,1810.96,2003.14,1555.02,1620.54,1913.57,1767.8,1994.22,1853.99,1708.02,1981.76,2066.61,2288.8,2413.64,2618.21,100.03000000000002
1156,4,Pepper_15,1536.53,1548.5,1705.96,1765.89,1567.65,2537.4,2473.67,3199.14,3496.96,2689.27,2978.0,2296.48,2655.49,2344.17,2607.58,2725.35,2479.23,3357.43,3306.65,5439.57,4145.34,4516.8,2819.94,2219.3,2285.52,2431.33,3195.71,2731.2,3381.79,5208.86,4763.2300000000005,6428.41,4590.39,3798.86,4806.73,3313.62,4125.9,2021.04,2628.24,5282.08,3816.28,4399.62,5563.42,5991.25,6501.52,9817.44,314.2
1157,3,Potato_40,643.86,642.13,591.03,768.96,724.7,1004.15,779.59,889.13,946.82,912.28,840.16,849.34,1123.7,974.37,913.73,1087.8,1096.6,1017.55,1053.3,1279.57,1085.06,1275.22,1210.03,1146.17,1109.9,1163.79,1115.45,1139.19,1034.26,1487.66,1387.07,1427.93,1433.79,1503.94,1528.78,1424.29,1410.8700000000001,1399.33,1410.32,1229.2,1375.62,1574.16,1531.38,1616.3,1524.34,1744.13,139.17
1158,4,Snack_2,1854.85,1773.97,1834.93,2537.42,1845.12,2583.73,2870.2,3114.44,3033.52,3689.81,2935.05,2037.8600000000001,2209.75,2820.67,3379.42,3797.26,2336.82,3606.18,3591.19,4261.36,3370.88,3735.68,3202.25,2507.88,2652.96,3543.38,4029.68,4212.21,3009.21,4429.91,4761.18,4901.28,2589.15,3635.46,3422.77,2679.05,2756.1,3268.33,3622.93,3678.42,2283.21,3412.0,3534.33,3812.37,3313.86,1769.77,0.0
1161,4,Eggplant_4,7992.2,6992.32,9484.53,8372.38,7774.91,9435.41,7875.8,16697.97,14631.94,12919.789999999999,11089.19,7988.1,9681.52,7226.37,11764.1,8241.61,6010.65,8111.81,6149.94,9641.5,6956.46,8431.48,8735.56,7585.63,7004.79,5439.3,8171.88,5404.73,5185.38,6937.65,5278.59,5981.03,6490.68,9864.02,7274.13,7164.14,6581.52,3876.21,7258.15,5127.42,4058.25,5446.87,6918.0199999999995,6202.61,7066.87,8992.35,1077.34
1162,4,Pastry_97,1502.09,1692.0,2324.95,2407.08,1645.98,1786.65,2647.07,2773.07,2466.97,2649.39,2963.99,2676.47,2972.56,2829.66,2833.56,2275.53,1041.75,1161.85,2086.25,2416.36,2002.72,2345.25,2192.9,2084.98,1945.81,1157.04,1121.52,1178.69,1671.83,1447.03,1987.22,1959.8,2106.64,2692.85,2147.24,2400.44,2441.23,2450.01,2775.65,2649.35,2065.28,2787.53,2713.97,2936.83,2862.29,3070.43,177.36
1164,4,Physalis_1,0.0,0.0,0.0,0.0,417.69,453.14,534.23,723.87,608.23,556.74,446.19,393.62,555.16,595.13,498.37,582.05,2391.4700000000003,2618.94,1926.41,2376.03,2249.35,2186.1,1580.33,2496.31,1405.49,1616.1,1697.29,2490.82,3841.68,2577.16,2234.91,2282.11,2254.1,2197.35,1680.24,1189.66,1181.56,1255.86,2061.69,2100.46,2870.8,2759.04,2685.14,2561.11,3152.23,2606.15,118.64
1169,4,Pastry_98,2015.0,1929.99,2439.14,2172.17,1774.79,2642.36,2515.88,2694.34,2419.59,2524.7,2455.0,2436.8,2432.05,2787.58,2750.58,2937.62,2022.09,2860.63,2746.75,3142.14,2589.84,3034.7200000000003,3202.6,2836.32,2768.44,2730.14,2627.96,2674.57,2065.83,3307.08,3255.56,3609.27,3096.77,3290.41,3107.82,3061.24,3008.51,3096.83,3423.43,3165.15,2230.33,2845.48,2460.95,2392.33,2501.69,2736.44,166.63
1171,4,Donut_20,5073.27,5406.57,7224.08,6605.0599999999995,4974.71,7728.6,9478.81,10241.93,9480.35,9778.98,7453.6,1544.56,0.0,0.0,0.0,0.0,0.0,0.0,0.0,0.0,0.0,0.0,1221.23,8868.63,11127.67,14572.62,18599.5,20142.01,16698.77,26357.79,26827.28,26253.8,23748.64,27201.43,23954.65,21981.99,26312.33,28407.93,33410.91,34653.91,30750.7,40421.39,38188.03,41697.9,42183.17,46223.229999999996,2498.04
1172,3,Pastry_100,2859.94,3061.91,3896.75,3894.35,2590.61,3854.25,4314.95,5268.44,4457.79,4922.51,4448.82,4416.5,4899.2,5461.05,6822.07,7542.08,5650.37,5533.24,5753.59,5559.84,4892.94,4250.86,4149.92,3388.66,3130.44,3649.76,3614.81,3271.3,2664.47,2473.04,2647.71,3193.44,2814.71,3137.62,2568.36,2300.94,2736.09,3330.77,4411.47,3327.23,2568.59,3171.63,3326.4,3741.2599999999998,3132.45,3976.72,356.21
1173,3,Pastry_101,0.0,0.0,0.0,0.0,0.0,205.6,946.51,859.5,950.45,1030.82,832.48,675.25,687.19,553.54,830.18,976.75,629.48,725.2,740.4,721.88,784.84,824.2,803.76,718.3,725.38,851.27,874.51,871.9,721.84,714.49,947.99,1370.8700000000001,1331.61,1449.49,1276.89,1161.15,1205.73,1545.77,1897.41,1860.38,1535.45,2014.8799999999999,2081.75,1984.32,1949.76,2076.91,117.17
1176,4,Lime_6,0.0,0.0,0.0,0.0,0.0,0.0,0.0,0.0,0.0,0.0,0.0,0.0,0.0,0.0,0.0,0.0,0.0,0.0,0.0,0.0,0.0,0.0,0.0,0.0,0.0,0.0,0.0,0.0,0.0,0.0,0.0,0.0,314.64,1528.86,6774.6,9146.46,12615.43,5078.93,5075.3,6313.53,8791.44,5612.83,5539.54,7452.14,4568.65,3821.05,453.77
1180,4,Muffin_3,4764.2,5590.33,6399.56,7085.91,5266.38,7948.2,3097.63,8090.67,7307.63,8265.73,8143.77,6597.01,6478.18,8213.85,8578.11,9487.85,6417.0,10346.26,9438.66,8294.71,7984.27,8542.78,7817.73,5880.72,6580.17,8134.28,8586.72,8796.87,6728.94,9245.6,8154.31,9467.03,8702.56,9912.94,8878.95,6745.06,7616.9,8826.1,9216.14,8605.6,6783.25,8820.08,7430.2,7651.17,7660.33,8219.28,439.43
1184,4,Pork_20,0.0,0.0,0.0,0.0,0.0,0.0,0.0,0.0,105.99,821.41,1000.06,1103.49,1354.03,1222.21,1189.6,1230.6,1520.96,1481.1200000000001,1349.43,1099.19,1244.13,2433.11,1962.8700000000001,1455.8799999999999,1763.85,2135.39,1674.18,1863.85,2727.5099999999998,2809.85,2200.17,2084.09,1996.64,1662.44,1247.15,1506.88,1985.46,2035.61,2175.4,2035.04,2981.62,1926.8400000000001,1532.61,1649.69,1672.7,1691.47,60.72
1185,4,Chicken_51,2608.13,3865.26,5263.16,3446.6,2930.67,4133.37,4023.95,5221.04,3834.06,3479.2,2342.04,2244.85,2825.2,2866.02,2997.36,2457.76,2479.64,2927.97,2118.4,2219.93,1748.02,1497.87,1155.42,1416.52,1271.75,1587.82,1598.6,1301.65,1901.42,2272.44,1885.33,1698.21,2035.73,1737.14,1126.73,1181.8,1158.1399999999999,1536.05,1644.68,1494.55,2078.87,2130.51,1828.25,2171.21,2117.92,1941.91,138.79
1186,4,Watermelon_11,3219.12,712.02,80.91,0.0,0.0,0.0,0.0,0.0,0.0,0.0,71.49,1173.48,1422.98,0.0,0.0,0.0,0.0,0.0,0.0,0.0,0.0,0.0,0.0,0.0,0.0,0.0,0.0,0.0,0.0,0.0,0.0,0.0,0.0,919.99,1862.25,2150.55,0.0,0.0,0.0,0.0,0.0,0.0,0.0,0.0,0.0,1037.77,134.49
1188,4,Tomato_48,0.0,0.0,0.0,0.0,0.0,0.0,0.0,0.0,0.0,0.0,0.0,0.0,0.0,0.0,0.0,0.0,0.0,0.0,0.0,0.0,0.0,1832.6200000000001,6733.86,6224.84,4256.04,4995.79,4727.87,2153.58,2952.72,14818.31,5742.79,7660.8,8613.98,10110.0,25180.59,11560.15,9294.3,9947.0,11900.56,24835.17,16560.69,31721.04,22070.55,8071.37,22080.27,19718.010000000002,417.78
1190,4,Apple_67,362.89,0.0,0.0,0.0,0.0,0.0,0.0,0.0,0.0,0.0,0.0,0.0,0.0,0.0,0.0,0.0,0.0,0.0,0.0,0.0,0.0,0.0,0.0,0.0,0.0,0.0,0.0,0.0,0.0,0.0,0.0,0.0,0.0,0.0,0.0,0.0,780.46,1151.37,0.0,0.0,0.0,0.0,0.0,0.0,0.0,0.0,0.0
1194,4,Snack_3,8793.41,9792.04,12646.35,11232.64,10693.4,12108.22,11120.45,14252.77,12721.81,12540.49,11730.91,11402.29,11148.34,14010.73,15449.19,17057.03,15456.33,16731.88,14086.64,16740.38,13900.19,13531.41,12105.96,12018.74,12283.2,14177.41,12641.41,12662.26,11737.73,13623.14,11938.16,12526.56,12390.26,12840.28,11713.68,11077.3,9992.74,10851.66,10512.48,10459.96,9799.16,11690.73,9792.98,10796.4,11687.09,11030.33,518.17
1196,4,Pumpkin_9,979.27,1353.7,2567.67,2746.53,2036.79,1444.58,1810.1200000000001,2662.11,1935.32,1294.85,363.95,904.13,1046.24,1968.81,2821.14,2944.34,3400.46,3451.08,3047.11,2900.77,1688.3799999999999,1544.34,914.08,669.23,619.88,2599.02,5670.3,7777.37,2228.6,5445.85,3901.86,27.69,0.0,15.05,0.0,316.38,794.71,1271.02,3370.83,2127.65,1921.95,1993.61,275.97,129.66,1125.1200000000001,1558.44,78.06
1201,4,Pumpkin_10,2063.46,9940.84,11982.49,9984.08,6007.62,14408.61,10552.11,4381.34,6159.34,6684.5599999999995,3813.57,3233.4,2886.04,3767.61,5416.93,6469.81,4331.51,11417.63,6422.46,7126.36,5707.9,4653.25,3646.44,2656.35,2282.44,4411.37,5921.82,4621.88,3890.15,5782.39,2877.0099999999998,4056.01,4984.89,4720.5199999999995,750.6899999999999,3663.44,1348.95,2910.56,4878.7300000000005,3458.57,3035.52,5245.4,5555.39,4682.82,4163.32,3767.78,197.14
1202,1,Bread_89,0.0,0.0,0.0,0.0,0.0,0.0,0.0,598.25,877.61,950.3,1267.8,1301.72,1134.99,1099.88,1288.05,1681.12,1616.6599999999999,1181.8,1147.44,1273.1,1161.41,1025.52,902.41,856.53,999.8199999999999,923.75,885.26,871.6,975.78,882.9,905.36,1080.44,1049.25,1126.37,1013.49,1048.79,1122.24,1087.23,1085.99,897.62,1144.66,1094.2,1045.53,1103.71,1165.06,1176.52,48.68
1204,4,Salmon_7,42.47,0.0,0.0,0.0,0.0,0.0,0.0,0.0,0.0,0.0,0.0,0.0,0.0,0.0,0.0,0.0,0.0,0.0,0.0,0.0,0.0,0.0,0.0,0.0,0.0,0.0,0.0,499.52,4435.31,4756.71,4098.59,7484.22,2753.58,0.0,0.0,1089.57,2863.3,3514.67,8899.06,4288.78,7288.26,5569.86,565.69,0.0,0.0,0.0,0.0
1214,4,Apple_69,10430.81,11039.41,7966.34,6420.57,5135.1,6216.4,5779.63,7336.16,7781.06,7729.97,6787.49,6455.27,8042.4,8745.37,6878.12,6942.92,5707.32,6417.09,5166.94,5016.93,4160.23,4779.62,5623.91,4619.87,5334.68,36218.2,8874.789999999999,14799.78,22969.27,20937.43,14093.04,16758.74,15637.03,15026.36,12751.95,12661.37,13777.35,14698.18,13614.97,16553.43,18220.07,20476.86,17386.26,16642.31,15929.05,29359.78,3203.5099999999998
1219,4,Turkey_10,1510.05,2155.7,1947.96,1904.39,4972.57,1585.78,313.61,2418.14,2206.7000000000003,1986.6399999999999,1311.93,1093.8,1133.75,1150.15,1793.34,2283.92,2778.82,2877.65,2710.63,2670.64,2368.01,9142.41,3759.46,5907.42,4316.66,4447.24,4447.77,4480.54,5688.84,4858.61,4633.79,4925.89,4518.96,5119.16,4479.91,4487.06,4210.36,3962.0,4294.11,4220.16,5165.17,4830.29,4527.51,5332.56,4785.74,5748.59,405.29
1220,4,Parsnip_0,0.0,0.0,0.0,0.0,0.0,0.0,0.0,0.0,0.0,0.0,0.0,0.0,0.0,0.0,0.0,0.0,0.0,85.47,1122.97,1273.92,1679.98,1774.35,1753.41,1224.67,1366.7,1164.24,1628.63,1987.33,2204.06,2447.4,2111.04,2792.14,2459.41,2402.86,1451.59,373.26,0.0,0.0,0.0,0.0,0.0,0.0,277.41,1144.54,0.0,0.0,0.0
1223,4,Toust_17,0.0,148.0,1208.55,1353.16,1273.99,1622.71,1673.84,2063.96,2117.89,2029.15,1857.85,1742.6,1745.18,2009.56,2109.72,1491.32,2160.55,2222.65,2153.15,2313.24,2140.37,2545.02,1760.39,1578.51,1873.59,2783.2,3206.88,3153.29,3100.09,3351.0,3246.09,3619.23,3631.48,3806.96,3444.9,3252.88,3168.55,3302.43,3472.02,2744.96,3095.48,2915.09,2582.7,2769.68,2676.14,3020.55,187.74
1227,3,Pastry_105,820.07,976.24,805.53,880.8,630.61,1088.66,1451.95,1604.76,1417.26,1507.22,1592.96,1627.68,1484.59,1633.72,1688.27,2239.2,1513.73,1974.6399999999999,2298.03,2644.1,2147.53,2790.44,2521.88,1875.79,2075.96,2475.79,2668.19,2946.61,1979.04,2821.21,2708.21,2690.17,2176.04,2565.91,2600.23,2244.13,2387.93,2506.13,2654.44,2559.91,1717.15,2649.28,2580.28,2856.9,2687.58,2987.82,160.52
1228,1,Strawberry_18,0.0,0.0,0.0,0.0,0.0,0.0,0.0,0.0,0.0,0.0,0.0,0.0,0.0,0.0,0.0,0.0,0.0,0.0,0.0,0.0,0.0,0.0,0.0,0.0,0.0,0.0,0.0,0.0,0.0,0.0,0.0,0.0,0.0,4450.87,22894.170000000002,7979.69,6038.26,4236.58,446.40999999999997,0.0,0.0,0.0,0.0,0.0,0.0,2332.5699999999997,0.0
1232,4,Blueberry_17,0.0,19607.78,63734.04,85441.08,75581.9,63167.02,67257.31,81439.88,83612.74,108541.42,46146.43,5034.89,0.0,2742.88,75728.53,63260.65,73954.25,77498.41,66973.06,99475.78,81188.65,123253.9,55362.04,589.86,0.0,0.0,102162.58,95102.37,47528.16,71379.57,67090.84,71497.94,69435.74,79069.34,70017.92,16426.21,0.0,4279.389999999999,48142.61,113449.0,61646.93,122063.08,91027.67,137254.2,75315.25,88339.99,5369.26
1240,4,Tortilla_7,923.35,1360.24,1657.21,2132.23,1955.89,2721.33,2528.2400000000002,3067.99,2779.6,2506.36,1880.84,1771.21,1824.04,1792.56,1543.24,1579.72,1336.92,1639.62,1334.71,1355.28,1292.16,1104.33,1432.27,1581.7,1946.22,1931.39,1962.48,2132.08,2133.43,2875.65,2431.77,2694.67,2603.75,2489.58,2667.7,2481.44,4010.06,2449.18,2520.33,2416.6,2213.53,3286.8,2740.4900000000002,2580.94,2429.33,1911.81,159.0
1248,1,Pastry_108,0.0,0.0,0.0,0.0,0.0,0.0,0.0,0.0,0.0,0.0,0.0,0.0,0.0,2321.14,7604.82,10326.75,11569.61,12312.93,13172.45,13710.18,12653.68,11660.8,10096.869999999999,10100.97,10910.97,11963.8,13918.07,13836.32,13999.64,14137.14,13076.3,17804.48,17144.76,18477.86,15192.53,16672.64,16733.49,21236.97,24347.51,23791.18,22936.42,25234.82,21937.16,24284.260000000002,22548.91,26182.04,1678.63
1250,4,Salad_26,13681.22,14172.81,21698.19,18000.69,15540.93,24841.45,22150.34,36089.42,33222.21,29430.6,26329.75,20096.44,21441.23,19664.98,26409.07,19333.1,17951.53,27766.98,21932.14,25974.31,26381.87,31693.46,18439.670000000002,19777.33,18970.06,15116.25,20735.54,15861.08,15946.98,16322.99,14747.79,13431.06,21572.31,14421.48,12051.88,12171.29,10286.39,15737.94,9809.04,10908.18,9701.8,13330.17,11438.11,13748.48,23074.87,20408.91,874.0600000000001
1253,4,Banana_9,6597.82,7287.62,8511.28,4309.35,346.09,0.0,9422.91,18515.82,21527.95,17079.8,12329.02,13314.5,12280.35,12355.119999999999,15272.24,18094.28,20080.95,23590.1,23362.28,24104.98,22504.07,21571.92,16953.96,14694.99,14204.02,17853.74,21481.79,21806.3,20734.91,24368.670000000002,33148.35,25899.12,27462.56,26004.44,21092.78,24203.18,17245.81,18671.93,20891.02,28524.39,24983.24,23439.98,20306.67,24163.06,27598.9,24195.4,1094.41
1256,3,Plum_15,0.0,0.0,0.0,0.0,0.0,0.0,0.0,0.0,0.0,0.0,0.0,0.0,0.0,0.0,0.0,0.0,0.0,0.0,0.0,0.0,0.0,0.0,0.0,0.0,0.0,0.0,1335.07,161.79,0.0,0.0,0.0,0.0,0.0,0.0,0.0,0.0,0.0,0.0,0.0,6087.94,324.46000000000004,0.0,0.0,0.0,0.0,0.0,0.0
1257,4,Beef_12,0.0,0.0,0.0,0.0,0.0,0.0,0.0,0.0,0.0,0.0,0.0,0.0,0.0,0.0,0.0,0.0,0.0,0.0,0.0,0.0,0.0,0.0,0.0,0.0,0.0,0.0,0.0,0.0,1341.1,2587.1,2106.84,2877.66,1306.66,878.0699999999999,731.48,931.53,1322.57,2234.59,958.77,1757.65,1045.15,1249.58,2621.43,1434.96,1078.8700000000001,984.36,71.22
1259,3,Mushroom_11,0.0,0.0,0.0,0.0,0.0,0.0,0.0,0.0,469.51,1036.31,758.66,745.55,757.83,826.64,1193.42,1407.23,1126.79,1657.5,1334.16,1309.37,1072.26,971.85,872.6899999999999,782.65,786.16,738.05,703.04,857.43,876.93,1247.18,945.49,1151.66,1249.58,1193.73,896.12,943.3,1009.13,1054.24,1370.47,1168.04,1507.23,2099.56,1700.77,1402.49,1565.88,1467.67,56.72
1260,4,Roll_23,0.0,0.0,0.0,0.0,0.0,0.0,0.0,0.0,0.0,0.0,0.0,0.0,0.0,0.0,0.0,0.0,0.0,0.0,0.0,0.0,0.0,0.0,0.0,0.0,0.0,0.0,0.0,0.0,0.0,0.0,0.0,0.0,0.0,0.0,0.0,0.0,0.0,0.0,0.0,0.0,0.0,0.0,0.0,444.03,23478.24,16362.9,1785.1200000000001
1261,1,Pastry_109,0.0,0.0,0.0,0.0,0.0,0.0,0.0,0.0,0.0,0.0,0.0,0.0,0.0,0.0,0.0,0.0,0.0,0.0,0.0,0.0,0.0,0.0,0.0,0.0,0.0,0.0,0.0,0.0,471.06,0.0,0.0,0.0,0.0,0.0,0.0,0.0,0.0,0.0,0.0,0.0,423.25,0.0,0.0,0.0,0.0,0.0,0.0
1262,3,Pastry_110,1603.21,1427.41,2323.33,2032.44,1592.96,2125.47,2193.29,2389.02,2344.2599999999998,2406.2599999999998,2236.5,2111.03,2088.44,2302.07,2313.59,2375.55,1850.02,2049.71,2139.0,2270.61,1957.9,2036.36,2007.01,1761.85,1815.33,1775.09,1708.18,1608.64,1488.33,2404.49,2283.89,2688.5,2421.9,2670.07,2657.55,2319.7400000000002,2812.67,2686.2,2734.44,3036.38,2439.23,2567.92,2367.95,2253.51,2481.04,2350.77,69.68
1270,3,Baguette_19,4599.44,4573.7,5663.1,6535.99,7576.69,6915.37,6228.42,5736.49,5094.61,6200.97,6818.2,6295.31,6389.89,6641.26,7026.61,7142.54,7942.63,7119.61,6921.5,7123.04,6805.37,6966.83,6824.71,6359.13,6538.36,7325.95,7940.72,7496.2699999999995,8683.3,7581.5,6320.9,8226.37,7580.68,7934.6,7737.24,7333.09,7530.31,7796.23,8479.11,8307.72,11227.66,9575.86,8988.76,10432.74,9959.68,9964.73,585.4
1271,3,Apple_75,0.0,0.0,0.0,0.0,0.0,0.0,0.0,0.0,0.0,0.0,0.0,0.0,0.0,0.0,0.0,0.0,0.0,0.0,0.0,0.0,0.0,0.0,0.0,0.0,0.0,0.0,0.0,0.0,0.0,0.0,0.0,0.0,2728.21,3653.95,0.0,0.0,0.0,0.0,0.0,0.0,0.0,0.0,0.0,0.0,0.0,0.0,0.0
1272,3,Mushroom_12,0.0,0.0,0.0,0.0,0.0,0.0,0.0,0.0,590.02,1511.89,1177.98,1108.14,963.6800000000001,927.65,1047.66,1444.52,1298.25,1973.68,1519.54,1322.66,1125.61,1077.46,827.71,802.99,837.92,688.31,743.97,962.42,764.06,1407.84,1106.48,1173.49,1398.97,1092.98,789.23,856.67,878.63,791.25,1179.22,960.83,1087.6,1547.85,1538.81,1285.16,1424.41,1182.92,49.81
1273,4,Sweet Potato_8,0.0,0.0,0.0,0.0,0.0,0.0,0.0,0.0,0.0,0.0,0.0,0.0,0.0,0.0,0.0,0.0,0.0,0.0,0.0,0.0,0.0,0.0,0.0,0.0,0.0,12812.47,23237.88,29125.99,16214.15,43041.34,8068.64,19878.17,4654.22,0.0,0.0,0.0,0.0,11.28,13068.6,8390.48,6605.18,32274.4,28559.33,12593.95,0.0,0.0,0.0
1275,4,Cone_0,931.0,359.77,144.56,52.74,49.95,31.53,0.0,0.0,588.22,1219.16,2055.76,1276.01,1012.09,480.92,280.39,278.75,340.53,405.43,421.51,643.64,815.98,2090.18,2580.79,2024.33,1467.28,589.74,349.93,290.71,318.61,414.8,376.25,532.79,625.47,1515.76,2647.34,1976.55,0.0,0.0,0.0,0.0,0.0,0.0,0.0,0.0,0.0,0.0,0.0
1276,4,Baguette_20,865.61,658.31,785.65,733.37,706.62,764.79,743.21,806.6,785.6899999999999,840.38,852.35,715.07,663.29,820.42,753.53,817.43,714.89,797.46,743.31,815.57,762.62,830.12,813.97,752.78,842.04,806.09,788.35,804.29,969.5500000000001,1128.93,1224.32,1768.33,1609.43,1781.1,1512.06,1544.86,1834.19,1874.13,1613.54,1756.27,1911.3,2005.82,1845.59,1908.6,2039.02,2191.34,79.16
1278,4,Cucumber_18,0.0,0.0,0.0,0.0,0.0,0.0,0.0,0.0,0.0,0.0,3666.09,13970.05,12365.96,5521.1,38647.51,21377.41,15094.48,24562.52,17212.9,8300.14,7925.61,24431.16,17801.49,14778.32,20500.74,27297.63,34725.57,26694.63,2914.64,0.0,0.0,9420.26,16050.97,19548.74,11466.44,36672.78,13098.98,13950.87,12069.24,8139.11,3993.58,6192.45,22808.87,21800.43,20484.58,26373.14,1324.31
1279,4,Banana_10,87160.14,105087.82,155658.02,138826.95,119259.97,167157.92,139571.2,159442.75,122725.55,136061.5,121327.02,101683.36,114550.16,123784.81,139402.14,143010.34,114077.35,163263.61,152652.55,149413.22,138951.49,142038.45,137407.15,112927.88,110583.67,110963.15,136334.64,145694.9,149145.92,157762.03,136612.7,186583.7,141220.04,195802.94,154853.17,118063.88,150213.37,122951.65,177133.46,164242.94,176543.49,191371.92,168718.83,181843.87,178915.9,182579.07,16825.76
1280,4,Orange_14,21059.78,27578.38,45905.98,37509.03,65460.43,88451.33,60499.229999999996,51185.479999999996,30429.86,28858.54,24454.47,16414.25,17749.94,23727.29,31555.8,73989.0,78924.37,65821.31999999999,51437.73,47492.86,41518.63,54753.15,26413.14,22168.8,20830.48,29412.46,33533.8,59196.62,58478.39,55452.27,49415.65,33559.97,47761.56,22353.37,19438.27,19362.02,25878.24,30351.8,37520.95,36913.3,58692.3,84237.9,76116.75,50333.4,46834.81,56757.29,2520.98
1281,4,Potato_42,674.56,1762.6,3930.07,2510.48,2184.26,2746.25,2868.26,3128.18,9449.46,7704.98,4285.91,3340.86,0.0,487.97,3018.86,2730.77,2811.7,2465.92,2013.1299999999999,2261.42,2714.83,2753.86,2685.43,1921.58,1851.34,1966.31,1670.55,1561.49,2061.64,1859.32,1683.18,1844.87,2382.81,2481.29,2573.05,3003.35,2882.66,601.6,0.0,0.0,0.0,0.0,0.0,0.0,0.0,0.0,0.0
1286,4,Toust_18,0.0,0.0,0.0,0.0,0.0,0.0,0.0,0.0,0.0,0.0,0.0,0.0,0.0,0.0,0.0,0.0,0.0,0.0,0.0,0.0,0.0,0.0,0.0,0.0,0.0,0.0,0.0,0.0,387.28999999999996,2142.91,1801.3799999999999,2025.05,1843.49,2094.09,1974.44,2170.1,2422.65,2858.21,3414.19,3071.47,2921.54,3278.17,2810.7400000000002,3026.61,2764.65,3095.7,215.53
1288,1,Radish_10,0.0,0.0,0.0,0.0,0.0,0.0,0.0,0.0,0.0,0.0,0.0,0.0,0.0,0.0,0.0,0.0,0.0,85.73,653.92,522.89,736.72,584.28,385.16,437.03000000000003,405.45,439.29,1246.07,652.51,724.75,865.67,872.5,1047.15,935.32,736.62,519.89,569.29,559.19,513.34,648.79,601.32,610.95,736.94,884.4300000000001,1156.6299999999999,665.79,532.35,36.14
1291,4,Tomato_53,4602.28,6147.09,2793.1,12640.1,10962.07,1659.21,0.0,0.0,0.0,0.0,0.0,0.0,12117.17,21863.12,46871.12,50185.69,31820.64,0.0,0.0,0.0,7168.36,25555.33,53837.3,52105.28,22215.77,15654.98,7313.02,29551.94,24830.59,0.0,0.0,4871.94,0.0,0.0,0.0,2932.05,10576.01,4643.55,12107.19,4889.66,3916.3,624.8199999999999,523.3199999999999,4194.17,0.0,0.0,0.0
1292,4,Tomato_54,1773.4,1665.64,966.65,107.07,2858.4,11050.54,37045.86,18864.36,13665.53,6883.29,5710.59,5904.75,4425.92,2902.0,1214.31,0.0,3827.27,7928.92,7595.2,5450.31,3681.81,3905.66,1923.04,216.27,1700.32,352.21,0.0,204.88,2094.35,5813.3,8758.05,9728.98,9211.43,6530.65,84.24,0.0,0.0,0.0,434.55,1719.16,2527.01,33639.05,7088.04,6931.97,6581.7300000000005,3416.48,60.239999999999995
1301,3,Bread_97,2295.68,2120.13,3389.24,4216.15,4533.53,5509.23,5129.36,6060.58,6607.56,7164.4,6637.07,6923.58,6747.48,7142.64,8463.45,10442.24,11620.56,11568.09,10567.53,10971.83,10973.48,10420.51,9785.47,9632.65,9893.3,10721.02,10792.76,9910.61,11005.65,9552.4,7917.91,9727.14,10291.6,11178.31,8940.05,8310.28,8257.43,8712.43,8447.39,6836.02,8182.09,7550.71,6906.38,7798.44,7883.36,8270.95,503.83
1302,3,Bread_98,5631.46,7315.84,8573.43,7875.44,7407.55,7492.2300000000005,6815.19,7750.29,7326.97,6748.94,6915.62,6386.13,6291.83,6984.64,6383.44,3117.07,2433.19,3757.1,2805.73,3271.69,2834.32,2737.74,2597.38,2353.45,2110.52,2801.44,2240.61,2444.41,2261.2,3149.4,2967.81,3090.67,3124.04,3306.14,2788.69,2402.83,2280.22,2837.43,2466.93,2421.91,2575.82,3141.95,2464.47,2742.54,2972.93,2922.83,221.07999999999998
1308,4,Pretzel_9,0.0,0.0,0.0,0.0,0.0,0.0,0.0,0.0,0.0,0.0,0.0,0.0,0.0,1137.21,914.96,0.0,0.0,0.0,0.0,0.0,0.0,0.0,0.0,0.0,0.0,1391.6,335.43,0.0,0.0,0.0,0.0,0.0,0.0,0.0,0.0,0.0,0.0,2726.56,2152.21,243.2,0.0,0.0,0.0,0.0,0.0,0.0,0.0
1309,4,Donut_23,0.0,0.0,0.0,0.0,0.0,0.0,4028.95,6991.67,5507.38,5597.56,4326.9,4072.87,4227.34,4517.79,1785.05,4559.13,4861.39,6982.5,6795.82,6548.5199999999995,4699.68,4672.84,3856.71,3822.92,3989.64,4493.62,5054.81,4850.22,4012.07,5393.75,5242.8,5392.96,4760.7,5169.5,4769.06,3844.59,4441.72,4611.99,4820.17,5210.01,5454.0,6648.13,5919.48,6740.9800000000005,6762.42,7394.84,469.43
1311,4,Lettuce_24,2506.42,2669.25,3255.81,3941.26,3497.9,5138.16,3791.86,3649.09,6066.55,6773.19,4578.08,4943.24,6313.79,4195.43,3518.13,3440.46,2909.44,5644.73,3996.31,3765.96,2933.43,4319.32,6554.34,3825.49,3222.44,2731.05,2710.94,2387.31,2507.97,2358.41,3142.22,2766.51,1321.53,2259.38,2709.2200000000003,2787.1,2917.11,2836.23,2660.9,2318.4,2422.05,2741.66,1852.67,1643.41,1522.26,2235.42,166.59
1312,4,Vegetable_14,0.0,0.0,0.0,0.0,0.0,0.0,0.0,0.0,0.0,0.0,0.0,0.0,0.0,0.0,0.0,0.0,0.0,0.0,0.0,0.0,0.0,0.0,0.0,0.0,0.0,0.0,0.0,0.0,0.0,1728.17,1759.34,1733.66,1404.92,1248.15,1062.23,1181.59,1070.98,1132.1,1293.81,1580.15,1413.31,2460.54,1924.18,1810.0,1822.35,1743.13,89.58
1314,4,Turkey_11,0.0,0.0,0.0,0.0,0.0,0.0,0.0,0.0,0.0,0.0,0.0,0.0,0.0,0.0,0.0,0.0,0.0,0.0,0.0,0.0,0.0,0.0,0.0,0.0,0.0,0.0,0.0,0.0,0.0,0.0,5291.1900000000005,5133.68,4021.2000000000003,3689.12,10252.17,3440.57,3803.54,12469.5,3263.73,3494.6,3271.11,2887.64,4632.94,5420.78,5746.1,7312.43,131.71
1317,3,Strawberry_20,0.0,0.0,0.0,0.0,0.0,0.0,0.0,0.0,0.0,0.0,0.0,0.0,0.0,0.0,3962.44,1183.21,0.0,0.0,0.0,0.0,0.0,0.0,0.0,0.0,0.0,0.0,0.0,0.0,0.0,0.0,0.0,0.0,0.0,0.0,0.0,0.0,782.19,20631.88,0.0,0.0,0.0,0.0,0.0,0.0,0.0,0.0,0.0
1318,4,Pomelo_2,0.0,0.0,5535.9,28845.8,12550.56,16597.06,8276.24,0.0,0.0,0.0,0.0,0.0,0.0,0.0,48.67,5961.24,5110.67,5662.21,7807.84,221.19,0.0,0.0,0.0,0.0,0.0,0.0,1503.56,19971.05,9033.54,9868.35,39444.57,0.0,0.0,0.0,2813.13,0.0,0.0,3296.35,13860.43,29012.05,38442.83,18198.91,29167.73,5396.49,0.0,2601.64,318.34000000000003
1321,3,Croissant_18,0.0,0.0,0.0,0.0,0.0,0.0,0.0,0.0,0.0,0.0,0.0,0.0,0.0,0.0,0.0,0.0,0.0,0.0,0.0,0.0,0.0,0.0,0.0,0.0,0.0,0.0,0.0,0.0,0.0,0.0,0.0,0.0,0.0,0.0,0.0,570.76,1090.56,1007.93,1942.36,1978.09,1687.78,2199.77,2176.08,2385.87,2100.37,2286.39,157.09
1322,4,Apple_77,9634.39,0.0,0.0,0.0,0.0,0.0,0.0,0.0,0.0,0.0,0.0,0.0,0.0,0.0,0.0,1124.86,1060.09,1822.54,1721.17,2040.26,2051.78,2288.52,2653.75,2092.4900000000002,56.84,0.0,0.0,0.0,301.55,14688.17,4147.22,3306.41,3521.9,4826.55,1680.17,0.0,0.0,0.0,0.0,4245.81,4079.87,2614.3,4680.11,1691.01,4611.5,5954.15,368.48
1328,4,Potato_43,308.22,19629.87,31844.420000000002,29886.16,38505.54,46655.12,46760.16,61892.55,53567.65,50773.1,29120.4,0.0,0.0,27403.35,52341.22,49786.64,47265.85,50796.48,45805.52,46128.87,46044.23,45319.06,8289.66,0.0,0.0,28944.65,31597.41,31157.85,40659.43,39723.22,33586.39,47332.12,44144.35,46833.03,14633.88,0.0,0.0,16599.82,26783.9,25975.170000000002,33168.36,36555.62,36439.99,41699.98,37063.13,43838.37,2575.31
1330,3,Baguette_21,0.0,0.0,0.0,0.0,0.0,0.0,0.0,0.0,0.0,0.0,0.0,0.0,0.0,1596.08,5047.02,5750.83,6983.85,6468.21,5001.12,4537.21,4563.6,4339.79,4104.38,3671.55,3625.31,4051.57,4325.63,4375.99,6058.4,5007.46,3846.08,4653.0199999999995,4830.6,4644.16,3857.92,3956.5,4035.44,5303.62,5559.3,4933.02,9255.92,5948.0,4961.02,5503.63,5333.68,5596.87,387.03
1332,4,Chicken_54,0.0,0.0,0.0,0.0,0.0,0.0,311.88,2015.37,2416.57,2594.7,2169.11,2272.63,3149.11,3738.56,3809.16,4706.17,4510.06,4430.65,3706.89,4181.7,5018.96,5493.31,5182.35,5131.9800000000005,5659.21,6192.92,5445.42,5216.11,5938.64,6593.67,5683.08,6289.0199999999995,5845.76,5249.62,4762.02,4665.79,15486.5,5461.85,6515.64,6199.51,6161.32,7402.28,5822.21,6493.87,6041.9,5794.4400000000005,377.33
1334,4,Apricot_8,0.0,0.0,0.0,0.0,0.0,0.0,0.0,0.0,0.0,3426.11,380.46999999999997,0.0,0.0,0.0,0.0,0.0,0.0,0.0,0.0,0.0,0.0,0.0,0.0,0.0,236.96999999999997,796.9399999999999,0.0,0.0,0.0,0.0,0.0,0.0,0.0,6057.75,10190.8,16617.5,17304.76,3640.02,0.0,0.0,0.0,0.0,0.0,0.0,0.0,20149.84,133.37
1335,4,Salad_29,0.0,0.0,0.0,0.0,0.0,0.0,0.0,0.0,0.0,0.0,0.0,2493.92,3856.24,3369.72,3447.62,5029.94,3624.37,3742.6,2890.58,3568.67,3537.51,3546.35,2751.29,2665.83,2587.43,2246.12,2180.94,2274.18,2287.41,3253.85,2786.68,2729.28,2911.94,8738.38,2929.94,2969.6,2833.91,2721.23,2737.54,2627.1,2221.57,2217.04,2595.57,2978.64,3417.65,3673.01,243.31
1336,3,Onion_25,2242.34,2745.27,3954.02,4090.98,5103.32,6186.25,5329.55,5493.08,4894.16,4786.85,3526.33,4013.22,3823.18,3588.07,3967.3,4829.3,4895.31,5363.17,4204.19,4735.76,4470.59,4524.62,4365.42,4629.57,5908.05,6340.75,5778.24,6079.67,8232.539999999999,7882.72,7167.62,8066.5599999999995,8367.83,7861.46,7220.88,6546.2300000000005,7346.08,7616.89,8429.03,7779.7300000000005,9464.130000000001,8762.98,7836.88,8158.67,6820.23,6896.04,371.13
1337,4,Croissant_19,563.83,593.21,574.97,712.81,511.97,832.77,941.36,1099.13,1079.14,1024.1,1017.14,799.06,1371.16,2045.54,2431.7,5147.69,4396.21,8016.99,6365.51,6379.26,4802.04,4665.03,4065.4900000000002,2857.21,2907.4,3530.69,3188.33,4303.84,2469.37,3718.57,3176.35,3171.93,2948.75,2999.9,2741.77,2266.23,2079.3,2381.28,2159.78,0.0,0.0,0.0,0.0,0.0,0.0,0.0,0.0
1338,1,Roll_24,13432.85,15867.13,15562.630000000001,16024.46,16605.88,21317.4,19598.29,21622.96,17476.09,16817.49,13546.7,13182.78,15875.03,16908.54,19272.72,21186.56,22107.27,21358.74,23218.35,23613.15,23788.62,23206.420000000002,21405.82,21367.5,20382.38,22986.48,25622.29,23715.52,25864.66,26181.33,23502.72,29249.95,28285.46,26893.85,18678.65,18648.05,18866.09,19794.37,21811.1,23036.0,24897.85,25795.41,25095.2,26053.36,24691.16,25092.86,1642.94
1341,1,Bread_100,0.0,0.0,0.0,0.0,0.0,0.0,0.0,0.0,0.0,0.0,0.0,0.0,0.0,0.0,0.0,1781.11,2832.44,3016.78,2677.0,3302.69,3219.38,2005.58,2025.58,2447.41,2330.72,2501.7,2241.18,1949.06,2196.19,2276.2200000000003,1517.77,1495.96,1843.4099999999999,2267.99,2259.36,2762.69,2279.23,1745.07,1647.44,1652.44,2170.46,1443.19,1212.08,1624.95,1790.66,1665.8,83.84
1346,4,Potato_44,6203.21,7961.03,11176.9,10621.77,49356.6,23790.51,16206.82,21484.61,18925.91,17474.93,18761.96,11098.33,0.0,11102.62,15161.47,13825.66,43164.49,15600.21,13424.32,14149.31,15608.31,12622.19,3275.27,0.0,0.0,8480.77,8763.42,8522.64,37582.8,10172.64,8623.04,9399.46,12181.23,10632.83,3093.33,0.0,0.0,4039.9500000000003,6264.0,6277.89,36558.21,9430.35,9445.49,12254.12,10367.92,12843.55,737.61
1347,4,Duck_2,28.16,90.49,343.69,5339.08,447.4,189.63,107.21,158.56,181.16,60.21,64.28,34.88,56.94,111.26,610.57,9284.46,457.26,236.94,74.01,222.13,169.85999999999999,48.71,25.22,43.01,67.48,177.94,345.37,6365.5,2283.46,87.68,343.16,287.0,125.97,76.7,63.980000000000004,52.239999999999995,70.03999999999999,194.23,643.2,8352.67,762.09,276.3,682.89,138.79,105.25,68.17,0.0
1348,4,Tomato_56,0.0,0.0,0.0,0.0,0.0,0.0,0.0,0.0,0.0,0.0,0.0,0.0,0.0,0.0,0.0,0.0,0.0,0.0,0.0,0.0,0.0,0.0,161.78,1672.59,1174.67,694.76,66.03999999999999,2702.95,1764.6,3351.81,7620.4,2262.6,5431.71,2991.89,1907.52,1421.02,676.72,638.09,0.0,1321.53,3106.93,3111.65,2367.01,1805.79,1523.84,1152.17,0.0
1350,4,Peach_9,0.0,0.0,0.0,0.0,0.0,0.0,0.0,0.0,0.0,0.0,0.0,1857.05,2082.91,320.34000000000003,0.0,0.0,0.0,0.0,0.0,0.0,0.0,0.0,227.51,4038.4,2002.09,108.2,0.0,0.0,0.0,0.0,0.0,0.0,0.0,0.0,940.0,1081.96,1869.08,395.37,0.0,0.0,0.0,0.0,0.0,0.0,0.0,953.05,65.03
1351,4,Tortilla_8,3796.47,2465.33,4180.12,3422.38,2770.68,4378.98,4039.3,3194.67,3390.53,3446.44,2797.02,2350.65,1888.95,2449.77,4022.44,2594.09,3310.99,3359.96,3707.67,3563.71,3343.74,3745.98,3725.84,2523.09,2432.45,4029.97,2649.91,2181.59,2510.77,2917.41,2885.04,2064.46,2139.57,3202.53,3006.9900000000002,1726.45,1645.41,1955.43,2411.73,1427.74,1911.53,1926.17,2672.14,2173.47,1697.94,2516.3,160.03
1352,4,Grape_20,0.0,0.0,0.0,0.0,0.0,0.0,0.0,0.0,0.0,816.97,7044.93,18701.9,17262.03,17367.54,7217.26,7313.5,0.0,0.0,0.0,0.0,0.0,109.41,6504.36,5483.0199999999995,4181.3,2538.58,1972.54,3715.69,0.0,0.0,0.0,0.0,0.0,292.01,4616.81,3940.16,12745.89,5107.37,6931.35,812.58,0.0,0.0,0.0,0.0,0.0,0.0,0.0
1353,4,Beef_13,0.0,0.0,0.0,0.0,0.0,0.0,0.0,0.0,0.0,0.0,0.0,0.0,0.0,2.09,643.48,5359.12,904.72,393.05,608.59,345.99,305.56,151.83,0.0,0.0,277.66,4101.62,1951.81,622.03,5043.42,1210.55,2420.0,2981.34,1823.05,1871.45,2095.6,758.27,849.4,4249.4,1139.93,1151.64,4715.71,1477.2,1138.95,1437.93,4330.5,1004.73,62.559999999999995
1355,4,Rice Cake_2,2382.23,1747.19,2418.36,3006.08,2496.13,3976.42,3593.41,4182.33,4005.84,3932.78,3623.16,3324.93,3312.14,3143.03,3672.04,4149.83,3440.04,4488.71,4574.25,5382.95,4135.6,4594.51,4335.12,3948.32,4085.99,4346.14,4681.03,4534.03,3762.29,5037.99,3834.8,4225.91,1636.51,3944.48,3590.69,3419.37,2304.16,2985.5,3294.81,3559.15,2314.59,4350.5,3523.06,3622.73,3715.82,5319.09,431.7
1356,3,Dessert_0,0.0,0.0,0.0,0.0,0.0,0.0,568.93,3436.6,3113.05,3518.68,2735.35,2663.67,2871.5,3274.68,3628.42,3842.02,2463.81,2958.36,4000.95,4150.0199999999995,3456.68,3084.77,2547.5,2322.37,2225.75,2849.39,2656.69,2396.85,1992.42,2414.84,2424.27,2668.36,2377.43,2235.37,1831.88,1411.24,1651.37,1775.8600000000001,1948.38,2074.37,1436.64,1821.19,1943.63,1999.96,1801.19,2004.55,125.72
1357,4,Pastry_114,0.0,0.0,0.0,0.0,0.0,0.0,0.0,0.0,0.0,0.0,0.0,0.0,0.0,0.0,0.0,0.0,0.0,0.0,0.0,0.0,0.0,0.0,0.0,0.0,0.0,0.0,0.0,33.82,5933.62,3142.3,907.03,0.0,0.0,0.0,0.0,0.0,0.0,0.0,0.0,0.0,0.0,0.0,0.0,0.0,0.0,0.0,0.0
1358,3,Bread_102,2395.15,2876.53,3770.59,3836.12,3270.84,4917.55,5144.75,5572.0,5784.79,5775.58,5129.55,5113.68,5138.33,5414.7699999999995,5589.36,5568.47,5718.05,5341.5599999999995,4497.03,4195.43,4857.23,3914.5,4000.0,3922.5,4087.54,4220.16,3826.93,3742.91,4053.41,3847.59,3253.69,3754.45,3677.08,3634.27,3319.64,3438.45,3302.48,3333.2799999999997,3755.55,3963.1,4991.83,4499.44,4189.79,4812.63,5018.13,5633.79,364.63
1361,3,Grape_21,0.0,0.0,0.0,0.0,0.0,0.0,0.0,0.0,0.0,0.0,0.0,0.0,0.0,0.0,0.0,0.0,0.0,0.0,0.0,0.0,0.0,0.0,0.0,0.0,0.0,0.0,0.0,0.0,0.0,0.0,0.0,0.0,0.0,0.0,0.0,0.0,0.0,1165.8,0.0,0.0,0.0,0.0,0.0,0.0,0.0,0.0,0.0
1363,3,Roll_25,10288.03,10868.37,13625.25,14704.31,13867.039999999999,16110.0,16297.61,19056.26,17036.44,15595.96,14007.28,12635.33,13005.89,13691.34,15450.93,17304.44,16483.51,15675.12,13190.84,12629.89,11789.69,10822.61,9911.42,8207.07,8400.89,9725.02,9959.46,9018.67,9151.460000000001,7828.64,6866.01,8245.22,7466.36,7623.0199999999995,6161.08,5426.5,5513.16,6319.76,6842.84,6239.21,7120.28,7477.7300000000005,6672.16,7328.58,6821.57,6823.76,516.59
1365,3,Bread_103,0.0,0.0,0.0,0.0,0.0,0.0,0.0,0.0,0.0,0.0,0.0,0.0,0.0,0.0,1742.6299999999999,2589.14,3960.21,7014.98,7215.93,8211.79,7838.63,9349.23,9147.97,9819.53,9816.11,9303.4,9665.39,9759.75,9088.69,9762.6,9087.0,12263.61,12243.37,12891.04,11497.46,12472.0,12342.18,12021.35,11844.82,11474.0,10810.3,12188.97,12127.02,12501.41,12129.86,12228.28,856.91
1371,4,Bread_104,2117.14,2361.46,2488.8,2171.11,2042.51,2228.14,2518.17,2686.15,2669.4,2619.7599999999998,2385.64,1924.52,2306.03,2022.98,2246.92,2440.96,1953.16,2289.84,2044.69,2068.01,1534.05,1755.72,1553.65,1008.48,1711.63,1641.3600000000001,1454.34,1597.84,1694.5,1909.54,1825.93,2536.96,2911.11,3474.95,3149.5,2587.53,3151.72,3081.63,3395.13,3225.21,2364.64,3454.0099999999998,3098.59,3275.02,3671.33,3408.68,58.730000000000004
1374,4,Peach_10,11824.14,7098.22,0.0,0.0,0.0,0.0,0.0,0.0,479.38,18469.52,9030.83,11097.01,11208.68,9112.7,0.0,0.0,0.0,0.0,0.0,0.0,0.0,11540.76,5086.87,8603.18,5764.01,5156.37,0.0,0.0,0.0,0.0,0.0,0.0,0.0,2460.97,12215.26,7943.87,5438.46,3628.66,0.0,0.0,0.0,0.0,0.0,0.0,2481.85,3333.41,153.79
1376,4,Bell Pepper_9,195.6,37.61,0.0,0.0,0.0,0.0,0.0,0.0,672.39,1591.54,1127.81,3832.89,856.68,837.93,723.47,0.0,0.0,168.37,44.6,0.0,101.63,931.62,875.95,787.82,1028.6200000000001,1117.8,1112.74,0.0,0.0,0.0,0.0,0.0,969.47,2092.07,6537.37,626.93,547.92,703.99,657.3,334.87,0.0,0.0,698.2,2242.86,537.75,3834.8,60.1
1381,3,Bread_105,0.0,0.0,0.0,0.0,0.0,0.0,0.0,0.0,0.0,0.0,0.0,0.0,0.0,2890.19,6301.44,7575.72,6051.06,6397.9400000000005,5991.35,6192.63,5918.6,5443.96,5295.91,4725.21,4608.8,4737.15,4314.01,3846.55,3745.88,3220.76,2802.12,3297.08,3161.77,3451.38,2569.76,2431.29,2559.09,3299.75,3632.85,3343.64,3127.46,3692.02,3506.6,3698.31,3851.48,4023.16,244.81
1384,4,Strawberry_23,0.0,0.0,0.0,0.0,0.0,0.0,0.0,0.0,0.0,0.0,0.0,0.0,0.0,0.0,0.0,0.0,0.0,0.0,0.0,0.0,0.0,0.0,0.0,0.0,0.0,0.0,0.0,0.0,0.0,0.0,0.0,0.0,0.0,0.0,0.0,0.0,0.0,0.0,0.0,0.0,0.0,0.0,0.0,23583.88,2638.59,0.0,0.0
1387,3,Breadcrumb_3,0.0,0.0,870.26,245.83,3374.96,1109.02,0.0,0.0,0.0,0.0,0.0,0.0,0.0,0.0,0.0,0.0,1419.84,1186.05,0.0,0.0,41.93,0.0,0.0,0.0,0.0,0.0,0.0,0.0,494.37,0.0,0.0,0.0,0.0,0.0,0.0,0.0,0.0,0.0,0.0,0.0,680.53,0.0,0.0,0.0,0.0,0.0,0.0
1394,3,Potato_46,928.08,1151.3700000000001,998.5,1195.21,1229.72,1609.66,1503.55,1805.56,1773.61,1898.05,1783.2,2155.2,2064.8,1727.88,1798.94,1886.8799999999999,1955.02,1777.14,1774.7,1852.95,2023.3600000000001,2081.65,2399.67,2003.2,2056.67,2002.75,1946.03,2689.54,5491.22,2983.08,2690.46,3066.86,2992.54,3154.46,3732.56,3201.87,3153.36,3154.0,3272.4,4491.65,3807.88,3541.4900000000002,3588.41,4179.51,3791.78,4446.96,278.22
1400,4,Donut_25,13456.51,15668.52,21171.22,21777.79,14800.66,11342.81,0.0,0.0,184.60999999999999,0.0,0.0,0.0,0.0,0.0,0.0,0.0,0.0,0.0,0.0,0.0,0.0,0.0,0.0,0.0,0.0,0.0,0.0,0.0,0.0,0.0,0.0,0.0,0.0,0.0,0.0,0.0,0.0,0.0,0.0,0.0,0.0,0.0,0.0,0.0,0.0,0.0,0.0
1407,4,Asparagus_13,1667.6299999999999,1502.13,1467.18,1506.83,1003.29,2002.79,2005.83,3805.27,19539.53,6712.79,223.9,1502.84,3387.88,2558.17,2581.53,2346.67,4040.64,3770.5,2501.4,9604.74,4783.72,1470.39,0.0,2732.28,2446.67,2182.92,1981.26,4496.45,2101.75,4708.95,4005.51,6455.51,4947.18,1335.29,0.0,1950.11,2762.59,967.94,1280.08,1969.38,1881.07,1386.42,6300.19,6554.79,9196.98,0.0,0.0
1409,4,Tomato_60,0.0,0.0,0.0,0.0,0.0,0.0,0.0,0.0,0.0,0.0,0.0,0.0,2066.44,6471.32,9389.81,1471.79,0.0,0.0,0.0,0.0,0.0,0.0,0.0,0.0,0.0,0.0,0.0,0.0,0.0,0.0,0.0,0.0,0.0,0.0,0.0,0.0,0.0,0.0,0.0,0.0,0.0,0.0,0.0,0.0,0.0,0.0,0.0
1411,4,Bell Pepper_10,8201.78,15073.39,12024.86,14953.52,10905.22,17075.07,8477.19,1389.52,10249.2,13487.64,13140.76,10196.18,9374.45,21431.63,21804.94,14675.89,14931.01,23669.48,22924.72,9422.09,13670.89,17063.59,14587.03,25501.69,12358.380000000001,12027.59,15536.83,10196.93,0.0,0.0,2441.91,30281.11,15176.02,10907.82,9953.15,27555.420000000002,9379.65,10706.53,8217.24,30359.67,22694.31,23007.16,21787.43,21416.76,26731.15,17774.17,1045.51
1412,4,Tomato_61,24364.55,36106.04,30579.239999999998,29278.2,21133.69,44715.44,41768.18,50609.41,61816.3,67800.78,43940.49,32294.97,13540.38,17958.07,32121.05,29511.11,36621.18,45374.38,32146.76,34745.15,33691.25,50723.07,28181.05,19492.98,14416.0,17477.02,23236.53,21498.46,49988.38,55454.75,48975.7,61237.57,56482.02,38676.42,66597.82,28842.32,18810.12,25487.97,28878.71,21238.71,23259.44,24531.22,44816.66,42553.55,28235.84,54330.07,1240.66
1413,4,Bell Pepper_11,2555.16,1942.28,2852.75,2996.69,3823.8,7136.93,7666.99,10117.01,8508.27,7962.54,6031.03,5898.87,2903.82,434.14,1665.95,3946.41,7714.1,5340.05,6340.44,5007.92,6481.45,4889.74,3794.43,2709.63,2363.39,1912.01,2246.12,4377.8,8946.48,6691.6,5525.88,5248.41,4480.97,5830.94,4455.67,1826.19,205.20000000000002,1706.4,2155.18,2808.24,4151.36,3347.15,3813.64,4147.87,2304.95,3423.29,144.04999999999998
1419,1,Bread_108,0.0,0.0,0.0,0.0,494.95,1462.5900000000001,2075.39,2424.03,2413.37,2410.32,2332.14,2558.07,2543.71,2285.87,2213.36,2354.61,2240.98,1900.12,1879.45,1902.55,1957.27,1905.75,1735.15,1810.55,2088.2599999999998,2460.13,2548.58,2511.17,2880.47,2771.1,2487.67,2897.4,3001.94,3184.19,2412.68,2647.32,2563.51,2880.87,2872.77,2991.75,3330.96,2886.46,2245.57,2370.47,2635.68,2576.76,166.26
1420,1,Breadcrumb_4,0.0,0.0,0.0,0.0,0.0,0.0,0.0,0.0,0.0,0.0,0.0,0.0,0.0,0.0,0.0,0.0,610.52,288.32,0.0,0.0,0.0,0.0,0.0,0.0,0.0,0.0,0.0,59.160000000000004,4828.5,3051.89,386.51,0.0,0.0,0.0,0.0,0.0,0.0,0.0,0.0,0.0,3131.33,721.99,967.6,1229.67,949.94,955.68,64.21000000000001
1421,1,Vegetable_15,0.0,0.0,0.0,0.0,0.0,0.0,0.0,0.0,0.0,0.0,0.0,0.0,0.0,0.0,0.0,0.0,0.0,0.0,0.0,0.0,0.0,0.0,0.0,0.0,0.0,446.34000000000003,724.9,528.11,300.48,513.45,599.17,809.76,806.79,667.4,445.25,201.87,314.85,294.53,988.6,463.63,301.5,237.38,432.44,439.98,541.41,569.33,25.09
1424,4,Apple_80,0.0,0.0,0.0,0.0,0.0,0.0,0.0,0.0,0.0,0.0,0.0,0.0,0.0,0.0,0.0,0.0,0.0,0.0,0.0,0.0,0.0,0.0,0.0,0.0,0.0,0.0,0.0,0.0,0.0,0.0,0.0,0.0,0.0,0.0,0.0,0.0,0.0,1343.76,4899.01,258.1,0.0,0.0,0.0,0.0,0.0,0.0,0.0
1428,4,Grape_22,22311.76,27705.04,17271.29,17927.31,10194.4,13534.42,29013.19,21585.8,16332.9,15166.35,3679.81,0.0,0.0,0.0,0.0,2905.07,15702.57,16046.89,12264.52,17414.91,10966.9,5424.43,0.0,0.0,0.0,0.0,0.0,883.81,13539.81,28769.68,9463.39,10162.86,7232.17,9058.2,80.28,0.0,0.0,0.0,0.0,3018.43,6171.67,13753.65,8974.46,5828.31,4857.82,19509.94,289.77
1429,4,Herb_10,2059.71,1644.96,1796.25,2281.12,3056.35,4062.69,3978.47,4135.5,4054.17,3836.64,2805.7,1940.6,1838.75,1955.65,1960.79,3562.54,3716.66,4570.04,4075.9900000000002,4425.81,4596.82,4327.42,3743.92,3378.57,3617.77,3426.95,3470.9,3631.41,4363.21,5707.58,4697.84,4799.55,5044.53,4493.9,3008.73,4915.75,6347.2,6078.51,6054.22,6159.12,7486.87,8035.69,7259.59,6942.96,6639.4800000000005,6979.54,340.68
1432,4,Salad_32,0.0,0.0,0.0,0.0,0.0,0.0,0.0,0.0,0.0,0.0,0.0,0.0,0.0,0.0,0.0,0.0,0.0,0.0,0.0,0.0,0.0,0.0,0.0,0.0,0.0,0.0,0.0,0.0,0.0,1499.94,1862.2,1693.43,1615.65,1610.34,1384.77,1506.28,1261.09,1259.66,1135.63,1302.64,1230.44,1967.66,1641.58,1930.89,2149.62,2102.16,145.69
1433,4,Easter decoration_0,0.0,0.0,0.0,0.0,0.0,0.0,0.0,2616.55,229.97,0.0,0.0,0.0,0.0,0.0,0.0,0.0,0.0,0.0,0.0,276.03,3471.98,0.0,0.0,0.0,0.0,0.0,0.0,0.0,0.0,0.0,0.0,1901.46,2877.22,0.0,0.0,0.0,0.0,0.0,0.0,0.0,0.0,0.0,23.73,6843.71,121.71,2.64,0.0
1436,4,Chicken_60,8283.07,13938.56,23419.36,20594.64,14329.24,25370.84,16752.47,22679.31,23275.85,12098.29,27224.78,8349.81,16494.5,6765.54,7049.85,7341.18,26304.55,30610.61,18634.98,13829.13,11120.49,9490.92,8799.58,6511.16,6529.11,6125.86,11776.57,7801.6,13259.45,14268.4,7120.8099999999995,9751.58,11124.71,7596.900000000001,6033.63,5940.44,5193.91,5935.47,5473.61,5182.39,7524.66,7631.75,4529.83,5289.38,4779.57,5310.22,214.18
1437,1,Bread_110,317.07,364.87,561.59,699.24,630.98,639.52,610.3199999999999,707.92,652.98,684.86,715.01,1027.27,899.37,1132.57,1069.3,1149.58,914.28,1118.42,1087.02,1175.81,1203.36,1106.48,988.26,1105.98,1054.5,1416.35,1279.58,1261.05,1222.8,1538.72,1332.56,1527.6100000000001,1440.0,1740.19,1209.41,1295.5,1409.45,922.48,1138.84,1285.09,1254.03,1649.55,1381.98,1663.85,1803.87,1785.04,50.25
1440,4,Apple_83,0.0,0.0,0.0,0.0,0.0,0.0,0.0,0.0,0.0,0.0,14698.31,8590.99,6741.77,1502.18,0.0,0.0,0.0,0.0,0.0,0.0,0.0,1916.53,5495.42,18258.75,6499.49,734.95,0.0,0.0,0.0,0.0,0.0,0.0,1026.0,3669.71,0.0,0.0,0.0,0.0,0.0,0.0,0.0,0.0,0.0,0.0,3062.35,4433.2,296.71000000000004
1441,4,Grape_24,260.92,12847.8,0.0,0.0,0.0,0.0,0.0,0.0,0.0,0.0,0.0,0.0,736.49,4291.46,892.3,0.0,0.0,0.0,0.0,0.0,0.0,0.0,0.0,0.0,265.89,1911.36,798.61,0.0,0.0,0.0,0.0,0.0,0.0,0.0,0.0,0.0,287.01,1807.83,0.0,0.0,0.0,0.0,0.0,0.0,0.0,0.0,0.0
1443,4,Mango_8,2357.57,2458.82,3049.67,2402.19,3917.86,6950.0,28425.07,8680.83,8517.42,22447.97,9020.58,8574.23,17238.41,7679.42,6167.12,5854.23,4679.42,8353.47,9797.19,10506.02,7224.35,6623.35,3900.64,5551.6,4555.15,5710.53,5492.97,5042.31,7075.45,14675.85,10785.82,9681.67,10939.19,10029.36,6533.66,6165.95,5383.91,5769.05,6719.36,4533.08,17086.84,9335.289999999999,5610.55,5218.65,19991.07,19739.3,460.96
1448,4,Lettuce_25,3306.05,1737.79,2790.57,0.0,0.0,0.0,0.0,0.0,0.0,396.19,4046.12,3619.35,1020.18,4273.9,1151.37,181.17000000000002,0.0,0.0,0.0,0.0,0.0,743.84,1877.12,2605.57,2092.28,1164.04,1904.76,0.0,0.0,0.0,0.0,0.0,0.0,395.78,7735.02,14192.85,9984.15,3748.75,8081.88,2234.82,2928.68,3223.66,3678.32,5253.12,4467.92,9339.01,293.61
1449,4,Croissant_21,1488.56,1908.41,1954.93,1531.0,1360.6299999999999,1753.23,1761.91,1405.99,1450.49,1771.08,2165.91,1353.92,1610.94,2456.62,1700.33,2374.1,1165.06,1446.6100000000001,1949.34,2260.2,1801.17,2247.89,1542.13,1378.86,504.6,1290.34,1696.06,1724.16,1081.7,1592.41,1704.59,4569.35,1821.14,3323.56,3773.01,1931.23,953.73,1943.52,3401.96,3465.92,1662.86,2492.61,1838.49,1510.02,1755.62,1352.68,73.22999999999999
1450,4,Pea_2,1418.5,1461.32,1444.1,1611.36,1392.8,2114.98,2082.39,2329.9,2127.3,1735.8700000000001,1221.0,1120.7,1144.61,1271.39,1106.8,1416.6,1477.26,2161.14,1544.7,1531.76,1433.05,1175.65,926.95,895.5699999999999,1155.31,1257.68,1252.64,1257.48,1378.73,1952.55,1473.68,1644.16,1676.17,1609.21,1242.05,1224.1200000000001,1216.1200000000001,1449.63,1561.48,1433.94,1422.94,1883.05,1612.8,1752.31,1794.76,274.04,0.0
1453,4,Salmon_9,0.0,0.0,0.0,0.0,0.0,0.0,0.0,188.76,1329.21,1316.69,1918.72,1478.3,1101.25,1030.71,965.99,966.6,2367.2599999999998,1939.05,1188.02,916.47,569.45,1722.33,1633.44,1100.85,808.13,637.04,632.24,798.15,1767.55,1813.6000000000001,1029.19,2306.84,1751.84,1447.25,2089.84,2156.89,1761.8,1217.99,1149.97,1073.57,1945.84,3463.85,1487.14,1127.06,919.85,1139.92,74.62
1455,4,Bread_113,46571.15,59980.01,67600.99,66426.99,76328.24,80019.18,77655.1,99183.25,85717.24,80636.14,77371.92,78824.18,80155.43,96990.9,111410.56,108117.14,92323.88,102277.22,84714.06,98205.64,105357.68000000001,102200.71,95992.78,97134.96,100711.21,127664.26,107014.54,104188.7,102382.17,115355.09,104195.52,115520.1,111558.39,107114.85,95487.92,93349.74,86467.26,81767.35,80984.75,92291.53,107046.14,96234.31999999999,73878.74,83466.09,86578.47,94615.55,5971.82
1456,4,Chicken_61,3173.56,3461.45,4456.73,3754.23,3618.68,4723.41,4469.72,5011.42,4796.64,4080.41,3345.84,3153.17,3775.07,3878.02,4234.37,4225.32,3988.04,3931.94,3237.61,3803.49,3243.41,3377.23,3078.67,3078.67,3460.89,3564.24,3614.34,3359.02,3534.33,4225.6,3568.66,3820.22,3722.62,3492.16,3120.05,2941.53,3168.75,3303.17,4124.43,3857.53,4071.09,4835.47,4307.17,5067.29,4364.15,4178.24,211.44
1459,4,Mushroom_14,1392.47,1622.48,2677.66,2683.34,2734.41,4053.77,3526.86,3858.0299999999997,3133.19,3085.15,2046.16,2007.2,2074.09,2381.04,2840.3,3293.67,2923.31,3892.12,3075.07,3033.79,2544.44,2309.98,2133.03,2863.66,1979.0,2111.95,2199.35,2599.38,2593.59,3283.44,2814.28,2734.28,2578.5,2490.34,2165.47,2035.1,1957.95,1969.47,2517.1,2504.59,2667.47,3916.07,3250.73,3397.35,3233.72,2975.9,199.39
1460,4,Chicken_62,1928.99,2299.57,3089.59,2828.15,2242.24,3568.16,3296.98,3189.11,3075.41,2771.16,1927.6,2038.99,2341.82,2410.81,2439.24,3584.46,3082.4900000000002,3868.84,3421.15,4191.34,3628.95,4029.78,3818.37,4169.91,5397.2,5894.48,13928.78,6814.91,10124.81,7965.22,15047.45,8189.02,17234.14,8110.57,6622.56,6329.1,5746.2,5874.36,6998.55,15037.039999999999,10690.99,8227.34,22023.32,9461.92,8933.75,23813.74,493.02
1463,3,Potato_49,706.59,556.5,567.73,677.0600000000001,712.91,1000.85,1008.4,876.98,919.27,825.97,954.03,1488.3700000000001,1495.22,1182.43,1083.18,1039.54,1053.64,968.47,882.6,1027.59,977.92,1064.24,1216.08,984.26,948.49,911.59,887.23,851.65,888.53,1200.53,1073.21,1165.56,1186.33,1183.83,1518.29,1371.04,1461.05,1380.54,1246.64,1106.7,1375.82,1419.49,1627.02,1766.0,1729.25,2145.29,145.44
1464,1,Cake_4,1732.37,2023.53,3848.03,3540.96,3693.49,2936.14,2935.37,3646.16,2653.85,2601.9700000000003,2913.27,3064.19,3000.87,3453.16,4560.91,5091.66,4636.13,3399.13,3089.44,3076.67,2265.31,2305.83,2231.45,2177.6,2014.66,2503.83,2536.9700000000003,2608.59,3029.35,2185.43,2249.67,2567.48,2046.25,2260.39,1970.6,2219.58,2232.19,2390.46,3148.82,3071.14,3934.81,2724.51,2304.58,1965.37,1978.88,1856.8,93.84
1467,4,Apple_86,10181.06,7136.72,6038.94,6379.92,6637.86,9283.32,8597.63,10222.0,9769.07,13721.52,10550.98,8409.76,12463.85,9282.33,8276.04,14104.14,6750.06,7667.38,7385.69,8002.94,7238.55,8384.42,7017.93,5160.45,5479.11,5790.42,4661.65,5242.06,6018.36,8318.82,7755.79,8444.38,7896.18,8264.6,7676.12,3872.25,7173.52,6297.66,5930.61,5255.66,4870.97,6395.68,6111.58,6089.47,6444.48,6397.65,382.61
1468,4,Carrot_20,22798.98,23787.94,34330.63,35852.26,48595.89,47989.27,37790.28,39977.59,32449.59,34831.65,23228.39,25815.19,22014.42,20654.96,23683.69,24158.2,25567.7,29283.59,28533.42,23300.98,18672.9,22412.88,22760.31,23493.52,19798.62,23093.57,20936.68,21671.01,28069.69,30033.95,28872.81,43068.14,47673.4,33881.95,24516.69,22445.44,19429.22,18683.56,19379.95,20572.29,32288.02,33050.56,27890.96,29534.95,35043.51,33548.27,1560.96
1469,4,Pomegranate_3,2478.54,25461.989999999998,13258.3,8880.99,17403.920000000002,11503.68,4474.49,7525.2,5531.85,4555.13,3859.16,3129.4,3068.43,4383.41,5456.1,8723.36,10218.41,14615.02,6840.1,4986.64,3427.81,2866.57,1803.36,1508.06,2180.2599999999998,3532.0099999999998,3568.23,3694.84,5871.75,6610.05,4993.66,5545.29,3243.17,3313.91,5685.96,2979.77,3014.1,3725.27,3896.31,4233.11,6903.61,7809.44,5096.56,4285.44,3083.73,2813.8,168.46
1474,4,Mushroom_15,2297.68,2842.65,4288.72,3960.17,3157.25,5647.65,5034.5,5174.7300000000005,4535.51,3873.92,2800.07,2441.77,2509.07,2887.91,3279.34,3935.4,3153.16,4103.69,3516.11,3487.9,2750.11,2671.77,2295.05,2155.61,2302.0,2350.76,2375.28,2647.65,2447.41,3808.25,3257.4,3419.4,3088.23,2965.9,2345.62,1981.59,2097.24,2292.02,2653.29,2741.07,2717.95,4069.29,3575.32,3595.89,3539.19,3232.0,212.79
1477,3,Bread_116,14206.89,14477.92,20128.36,20333.72,19231.62,19034.32,17335.19,16516.27,14187.26,14251.47,10429.21,12574.35,13499.55,13760.2,18739.56,21725.23,20417.62,18774.81,16281.86,14879.01,12433.78,10517.39,8441.47,6758.23,6799.46,7841.32,8050.23,7387.16,8830.64,7380.41,6003.33,6763.28,7140.05,7519.29,6392.89,6192.66,7274.15,9066.49,10410.63,13728.26,15428.68,11860.51,10581.45,10909.76,11142.34,12186.11,836.38
1478,4,Garlic_8,2387.41,2804.0,3670.2,3144.48,3715.23,4086.34,3874.49,3677.45,2464.73,3505.98,2476.73,2976.18,3087.01,2794.58,3664.63,3884.89,4279.08,4521.36,4636.08,3739.03,4210.08,3838.3,3071.64,3840.71,3818.92,4135.98,3835.22,3741.33,4410.44,4282.87,3567.25,3940.78,4027.74,3571.09,3213.54,3152.93,3689.5,3444.36,4140.84,4231.88,5611.24,4715.8,4185.97,4305.93,4185.37,5032.82,223.71
1479,4,Cracker_2,3095.18,3241.35,3673.0,3382.19,2803.7400000000002,4423.1,4386.82,3658.02,3375.03,3401.27,3003.86,2634.05,2570.11,2805.21,2934.12,3066.02,2349.4900000000002,3638.79,3346.44,3802.15,3053.71,3576.98,3164.08,2794.88,2927.46,3105.79,2954.88,2472.95,2263.57,3140.04,2489.21,2684.24,2518.9,2746.27,2619.09,2530.04,2047.9,2405.74,2131.66,2435.84,1854.33,2491.27,2155.57,2252.53,2230.1,3902.05,222.12
1481,4,Cake_5,1899.33,2158.12,2575.26,2545.97,1649.43,2404.57,2446.1,2381.33,2033.77,1861.6299999999999,1349.27,1151.1,1301.73,1375.98,1631.57,2025.6399999999999,1570.11,1734.32,1218.33,1039.76,828.13,802.65,683.52,667.03,792.57,1695.16,1823.1,1878.92,1592.23,2099.32,1936.85,1484.29,1172.06,1375.86,1088.11,931.74,963.02,1113.09,1272.18,1119.19,930.39,1870.11,1967.71,1762.61,1635.14,1828.45,147.61999999999998
1486,4,Watermelon_16,0.0,0.0,0.0,0.0,0.0,0.0,0.0,0.0,0.0,0.0,0.0,395.37,1233.67,1407.78,1891.05,2645.38,2454.46,4520.21,4190.94,6431.56,6209.69,5623.86,4429.85,4215.39,4262.12,3323.0,3439.48,3175.05,3290.11,4805.31,3208.05,5784.6,5199.46,4450.05,3789.35,3613.38,3012.61,3166.69,3401.31,3222.53,3442.25,4636.9,5816.9,7046.73,7148.849999999999,5860.61,267.07
1487,4,Salmon_10,0.0,0.0,0.0,0.0,0.0,0.0,0.0,0.0,0.0,0.0,0.0,0.0,0.0,0.0,0.0,0.0,0.0,0.0,0.0,0.0,0.0,0.0,0.0,0.0,0.0,0.0,0.0,0.0,0.0,1484.31,8791.94,7808.43,2605.92,3138.85,9899.210000000001,3746.96,4709.69,3522.65,3895.39,4012.08,4409.32,5713.58,4899.53,4473.67,4313.22,4588.29,353.2
1497,4,Onion_28,0.0,0.0,0.0,0.0,0.0,0.0,0.0,0.0,0.0,0.0,0.0,0.0,0.0,0.0,0.0,0.0,0.0,0.0,0.0,0.0,0.0,0.0,0.0,0.0,0.0,0.0,0.0,0.0,0.0,0.0,0.0,0.0,0.0,0.0,0.0,0.0,0.0,156.92,1969.33,5995.82,6195.62,6017.82,5384.54,5809.79,5227.14,4685.2,261.40999999999997
1499,4,Chicken_63,0.0,0.0,0.0,0.0,0.0,0.0,0.0,0.0,0.0,0.0,0.0,0.0,0.0,0.0,0.0,0.0,0.0,0.0,226.06,6987.52,15261.27,3824.09,3673.48,4252.23,4292.62,4295.68,5273.78,5618.28,5453.55,4879.24,5434.76,5621.16,5588.58,5647.12,4141.92,4558.84,4302.61,3066.42,0.0,0.0,0.0,0.0,0.0,0.0,0.0,0.0,0.0
1501,4,Garlic_9,2069.87,2728.98,3314.75,3073.86,2629.59,3182.31,3683.97,3956.65,4071.58,2392.1,2093.58,1910.35,1840.64,1551.02,1555.83,1708.65,2070.87,2217.16,1976.71,2416.82,1858.55,1413.21,1549.02,1694.8,1947.2,1904.79,1640.25,1488.3,1781.23,1688.67,1813.01,1888.08,1486.07,1236.28,1284.26,1342.41,1775.36,1479.83,1917.11,1888.78,3063.0099999999998,2916.3,2457.09,2017.3,1475.45,1267.84,100.34
1504,3,Pastry_120,286.96,404.35,336.73,367.69,369.52,519.81,625.0,644.53,651.68,650.04,687.44,678.08,618.42,630.43,638.97,812.4399999999999,612.02,851.59,890.8100000000001,1025.44,831.61,1017.41,1062.72,994.06,1232.46,1223.99,1268.8,1077.87,988.8,1465.59,1306.69,1361.74,1017.71,1216.58,1098.08,946.03,1075.89,1131.14,1243.94,965.04,762.8199999999999,932.02,842.37,947.08,902.1,1085.59,58.53
1505,4,Bell Pepper_12,0.0,0.0,0.0,0.0,0.0,0.0,0.0,0.0,0.0,0.0,478.5,726.1899999999999,566.35,535.31,1010.08,1209.92,1160.14,1974.26,1527.56,1427.0,891.78,1032.95,893.74,696.3100000000001,723.6,637.08,818.41,934.86,1022.48,1411.39,1671.27,1489.35,1446.58,1312.72,995.18,3578.1,865.47,903.94,2045.5,1144.44,3123.55,2430.5,4017.1,2340.46,2479.01,4001.9900000000002,138.96
1509,3,Bread_118,0.0,0.0,0.0,0.0,0.0,0.0,0.0,0.0,0.0,0.0,0.0,0.0,0.0,1189.82,3154.81,3544.22,3088.31,3154.57,2656.32,2430.28,2280.12,2317.26,2343.28,2248.08,2397.02,2584.97,2603.49,2463.88,2528.19,2071.32,1746.26,2265.11,2067.26,2212.49,1998.32,1926.08,2002.63,2453.02,2522.45,2189.22,2548.14,2259.1,2058.13,2233.61,2424.63,2726.68,175.56
1510,4,Pepper_17,0.0,0.0,0.0,0.0,0.0,0.0,0.0,0.0,0.0,0.0,0.0,0.0,0.0,0.0,0.0,0.0,0.0,0.0,0.0,0.0,0.0,0.0,0.0,8.09,205.68,170.69,227.85999999999999,616.44,722.78,264.45,0.0,950.94,1126.79,1608.09,1957.33,1922.66,1901.34,1637.5,1550.73,1442.33,1817.15,2169.0099999999998,1703.62,2195.89,2914.65,2758.84,125.17
1512,4,Cauliflower_4,32263.21,24336.98,24910.64,53370.72,36971.5,31311.56,43461.02,30681.22,25096.37,24046.97,25604.18,38408.01,30343.66,35820.42,45045.07,50684.83,18014.26,19996.77,18701.56,38918.73,31122.01,38667.09,46041.97,38932.28,30572.01,18304.18,17884.25,54452.95,15681.77,16437.95,13978.27,16362.13,17861.0,15909.87,23708.670000000002,17528.75,25857.52,39002.83,19390.02,20012.32,8497.16,14921.48,11835.62,10099.44,11861.89,10991.88,826.3399999999999
1513,4,Salad_33,0.0,0.0,0.0,0.0,0.0,0.0,0.0,0.0,0.0,0.0,0.0,0.0,0.0,0.0,0.0,0.0,0.0,0.0,0.0,0.0,0.0,0.0,0.0,0.0,0.0,0.0,0.0,0.0,0.0,4947.58,4256.17,4814.03,4659.5,4639.27,3854.28,4035.81,3193.64,3323.7599999999998,3162.23,3313.95,3211.52,8186.25,6607.11,6122.13,6551.69,6462.57,345.71
1515,4,Potato_51,0.0,900.98,2868.3,2608.09,2998.53,4974.38,5454.1,6399.2300000000005,5659.41,5309.23,2187.12,0.0,0.0,3356.48,4402.58,5660.85,5173.2,5008.11,4387.5199999999995,4046.71,4190.63,2039.79,493.90999999999997,0.0,0.0,2313.17,3073.93,3715.06,4211.17,4317.05,4139.75,4201.69,4968.25,4503.6,1711.67,0.0,0.0,2324.3,6057.81,4778.44,6376.83,5364.91,5594.04,6316.63,5552.95,6955.18,443.0
1517,4,Shallot_1,2208.79,2606.38,3094.78,3748.77,4706.32,5831.13,4561.07,5250.4,4472.51,4251.96,3548.07,4037.25,4537.84,4282.0,4767.7300000000005,5616.0,6395.0,5624.65,4265.03,4242.28,4226.25,1444.8600000000001,0.0,0.0,782.57,3723.36,3485.81,3312.22,5172.79,4784.86,4706.03,5030.78,4736.93,4695.75,4096.46,4065.24,4586.81,4965.76,4207.93,3107.68,3352.18,3118.2,2288.74,2427.89,2334.76,3123.63,246.44
1518,3,Sandwich_0,0.0,0.0,0.0,0.0,0.0,0.0,0.0,0.0,0.0,0.0,0.0,0.0,0.0,0.0,0.0,0.0,0.0,0.0,0.0,0.0,0.0,0.0,0.0,0.0,0.0,0.0,0.0,0.0,0.0,0.0,0.0,0.0,0.0,0.0,0.0,0.0,0.0,0.0,2685.27,3600.57,231.95000000000002,0.0,0.0,0.0,0.0,0.0,0.0
1519,4,Cucumber_21,17830.43,24862.39,27563.74,22848.8,11317.43,20337.26,17591.75,13969.42,18459.0,18013.1,16580.83,17374.15,14926.57,37305.18,20127.5,24290.329999999998,18882.22,25863.45,28303.65,27802.84,22422.73,22216.98,17019.53,12039.36,7387.9,11134.33,13901.84,11678.68,26271.75,33206.090000000004,19112.16,12314.63,14925.41,18025.420000000002,17866.14,18567.46,12763.62,14584.61,15217.78,24218.87,23030.89,34823.7,17944.86,18044.42,28098.59,19045.37,1458.34
1523,4,Watermelon_17,84466.4,38891.07,3348.62,0.0,0.0,0.0,0.0,0.0,4215.6,28580.96,201832.21,142631.63,57951.69,4103.29,0.0,0.0,0.0,0.0,0.0,0.0,136.65,42906.590000000004,187838.27,90890.15,102753.14,24761.75,0.0,0.0,0.0,0.0,0.0,0.0,4077.54,59526.62,137161.6,108719.48,129747.74,17980.53,0.0,0.0,0.0,0.0,0.0,0.0,1897.21,89346.71,2711.27
1526,4,Pastry_121,0.0,0.0,0.0,0.0,0.0,0.0,0.0,0.0,0.0,0.0,0.0,0.0,0.0,0.0,0.0,0.0,0.0,0.0,14.719999999999999,826.02,795.16,1148.6200000000001,1244.46,1323.89,1565.28,1800.23,2006.17,2203.33,1779.35,2393.92,2180.07,2184.21,1651.22,1978.03,1567.12,1498.83,1648.52,2115.93,1953.49,1611.54,1359.7,1737.72,1617.8600000000001,1565.09,1679.07,1801.36,116.35
1533,3,Breadcrumb_5,0.0,0.0,0.0,0.0,0.0,0.0,0.0,0.0,0.0,0.0,0.0,0.0,0.0,0.0,0.0,0.0,192.84,366.52,19.15,0.0,0.0,0.0,0.0,0.0,0.0,0.0,0.0,0.0,5256.19,1416.98,2892.02,1955.45,1029.94,1163.74,841.36,979.62,794.27,262.66,433.47,546.15,4275.2300000000005,1080.77,826.69,1373.48,1126.85,1063.18,88.83
1536,3,Roll_28,0.0,0.0,0.0,0.0,0.0,0.0,0.0,0.0,0.0,0.0,0.0,0.0,0.0,0.0,0.0,0.0,0.0,0.0,0.0,0.0,0.0,0.0,0.0,0.0,0.0,0.0,0.0,0.0,0.0,1530.52,1229.06,1503.72,1349.9,1196.8600000000001,901.1,1029.54,1358.58,1281.61,1420.1299999999999,1410.65,1162.06,1285.11,1262.57,1529.1,1626.1,1505.33,89.57000000000001
1538,3,Mushroom_16,697.62,738.69,870.7,1324.93,1198.94,1725.02,1657.16,1930.6200000000001,1728.25,1409.18,1041.96,1210.39,1134.95,1166.93,1273.2,1385.41,1443.06,1755.2,1258.03,1359.95,1226.67,1106.09,1133.78,1074.34,1137.68,1014.62,1123.05,1115.93,1138.54,1537.73,1185.98,1227.71,1280.83,1270.86,1089.18,1131.68,1271.6299999999999,1170.26,1369.63,1205.04,1394.64,1716.79,1615.91,1874.97,1760.94,1536.26,98.53
1540,3,Cake_6,0.0,26.18,463.64,515.06,373.23,763.5,787.39,717.58,527.45,514.61,506.78,393.37,547.28,514.74,773.56,985.5,818.39,1176.78,1248.58,1246.32,1188.64,1174.85,1046.03,904.77,829.74,950.13,920.84,986.93,695.87,984.1,939.97,972.03,793.19,747.0600000000001,724.18,750.07,847.69,963.8100000000001,973.26,1016.26,780.3,955.62,980.29,1057.19,1021.53,1103.49,56.5
1543,3,Carrot_21,712.82,591.39,745.2,994.19,814.29,1225.51,894.12,944.96,860.97,897.7,811.97,761.26,778.82,820.26,883.91,802.25,855.97,1127.61,965.16,953.9,814.59,944.63,845.21,973.13,939.55,1215.89,1180.57,1183.99,1240.71,1600.74,1714.13,1924.1299999999999,1571.99,1436.1200000000001,1274.78,1220.32,1240.81,1196.99,1350.39,1313.96,1228.97,1569.64,1410.59,1663.18,1665.54,1924.7,100.63
1544,3,Focaccia_0,0.0,0.0,0.0,0.0,0.0,0.0,0.0,0.0,0.0,0.0,0.0,0.0,0.0,661.6,1680.95,1349.68,1157.0,1232.57,1121.46,1021.2,938.5,947.33,958.58,926.24,876.1,945.53,965.21,924.62,1052.59,938.57,860.32,1095.49,1170.61,1361.79,1204.31,1185.65,1215.06,1573.1,2019.12,1786.43,1997.59,1940.95,1803.82,1996.95,2036.51,2429.31,174.1
1548,4,Bread_122,112636.57,138984.38999999998,156417.76,159654.4,174665.37,197129.88,190936.82,229462.3,190368.02,189625.46,176485.36,165483.52,167783.98,200601.06,229040.6,233682.38999999998,196915.28,215465.1,184827.78,162108.91,118591.59,123063.99,112393.93,105386.8,110449.58,128112.86,120730.93,92291.72,85369.17,96468.91,94596.08,126939.17,119395.55,131509.46,117600.16,111569.71,114340.16,118234.21,120454.63,117286.34,121605.18000000001,133870.38999999998,115252.04000000001,124926.32,130156.58,135006.69,7861.57
1549,3,Pineapple_4,1452.53,1566.03,1811.74,2137.17,1928.42,3035.92,2969.01,2967.89,2888.91,2675.91,2192.91,1823.0,1708.02,2002.61,2159.72,2268.13,2172.96,2277.82,2338.7400000000002,2872.67,2678.96,2726.41,2120.56,1790.73,1926.91,2169.84,2234.71,2302.68,2394.93,3450.83,3164.16,3227.8,2900.83,3156.73,2514.91,2466.49,2477.25,2822.69,3022.54,2860.7,3255.61,4123.19,4024.22,4194.85,3929.77,4207.42,221.85
1551,4,Broccoli_8,31023.57,32140.03,53707.82,56342.62,47872.06,75935.66,68905.12,82438.0,49550.82,49665.21,33172.95,25474.73,48293.89,46896.85,38342.4,38631.59,36498.31,64721.74,41879.65,40512.22,33737.51,31207.04,28706.31,36859.0,37135.51,30908.23,32285.4,27050.21,17813.46,40443.31,54796.74,53042.46,31104.82,44856.05,38776.89,37204.84,34923.22,43058.1,24868.92,24182.3,28660.71,64888.18,65351.34,30709.13,37244.38,32889.27,2261.46
1562,1,Asparagus_15,0.0,0.0,0.0,0.0,0.0,0.0,0.0,0.0,0.0,0.0,0.0,0.0,0.0,0.0,0.0,0.0,0.0,0.0,0.0,0.0,0.0,4286.38,0.0,0.0,0.0,0.0,0.0,0.0,0.0,0.0,0.0,0.0,773.6,7206.9800000000005,2177.62,0.0,0.0,0.0,0.0,0.0,0.0,0.0,0.0,16.38,4645.97,3743.69,189.32
1572,1,Roll_30,33866.36,35841.64,54023.27,56109.23,51734.75,61083.66,57044.68,71234.2,61741.93,59392.24,56425.13,56340.08,56282.76,54574.6,63506.74,77173.68,77541.86,63697.25,63368.0,54723.29,47017.25,40609.08,32470.1,28691.73,27675.23,33008.12,29283.9,28419.78,29550.61,26685.77,22055.1,26169.94,25940.8,23729.19,18416.39,17243.55,17403.72,22047.69,25682.02,26245.89,28711.25,29772.32,25399.77,29870.07,27992.67,28603.97,1941.47
1575,4,Peach_13,0.0,0.0,0.0,0.0,0.0,0.0,0.0,0.0,0.0,0.0,0.0,0.0,0.0,0.0,0.0,0.0,0.0,0.0,0.0,0.0,0.0,0.0,0.0,0.0,0.0,0.0,0.0,0.0,0.0,0.0,0.0,0.0,0.0,0.0,0.0,0.0,0.0,0.0,0.0,0.0,0.0,0.0,0.0,0.0,681.21,15483.92,177.62
1576,4,Plum_17,9772.93,5765.51,8418.97,6557.18,3035.2,3492.54,7016.49,4787.0,7026.41,6852.18,4484.98,8261.91,4337.16,4812.32,7561.5,9548.19,5541.7,5410.45,12957.08,5503.03,5894.49,5835.7,4409.95,8829.28,5695.34,8341.29,11220.12,9213.1,6192.9800000000005,7268.95,4692.5,5227.71,6013.92,7036.25,4295.28,8862.45,4605.05,12494.99,16644.52,8469.05,3264.56,5771.74,5013.8,5444.0,6787.79,5316.28,255.3
1577,4,Coriander_6,4093.54,5549.18,6780.75,7444.98,7800.06,10993.7,10113.89,10838.64,9554.82,8838.41,4705.88,4418.36,5617.33,5430.58,3011.25,7345.53,7776.83,7759.59,7478.01,7133.49,6262.08,6061.57,2940.23,2308.83,1972.76,4023.68,5643.92,5906.57,7940.14,10988.84,7580.7,8439.06,6800.45,6786.2,3354.61,1762.94,1325.27,1961.92,2575.44,3174.29,2095.49,3733.17,4049.93,4153.7,4487.02,3914.05,0.0
1579,4,Mushroom_17,18375.21,18914.26,26736.46,27855.75,24698.98,37085.95,33878.26,38725.11,35082.58,33998.47,27163.49,24997.31,24131.98,26578.58,32704.86,35950.89,28963.15,37323.9,33032.88,32286.46,30665.3,30692.69,25965.52,24558.37,24626.82,23140.73,21956.01,23748.74,23829.53,30287.21,21383.62,26562.89,27489.59,26316.56,22330.21,19661.82,19247.43,16773.36,20760.05,22827.59,22480.47,29330.89,17865.83,18161.85,23689.21,26259.07,1584.8899999999999
1580,4,Beef_17,0.0,0.0,0.0,749.32,579.4,699.04,1032.02,1335.55,990.78,749.14,533.37,763.07,613.67,1068.98,1405.83,1515.17,1544.5,1681.8799999999999,1411.25,1172.44,1142.45,13.49,0.0,0.0,703.73,3356.85,902.3,889.84,1176.68,4595.74,1250.46,1262.6,4113.34,1255.01,998.72,1471.41,2893.34,1286.5,1763.56,1866.85,2186.34,2031.82,1704.65,1785.92,1677.91,5028.87,88.86
1581,4,Lettuce_26,14026.1,13594.24,14108.4,16341.76,20347.59,35611.71,25459.2,26770.82,3267.78,24379.73,32906.7,24193.88,27478.56,23921.32,23723.56,21796.75,25151.04,32630.51,29201.1,26351.63,19157.43,25688.31,23658.03,22510.6,22444.95,21938.09,21203.46,21689.32,20254.02,41247.49,21896.6,35023.68,22991.94,39022.26,26498.89,21581.55,18259.72,21359.22,27254.98,17982.79,21568.46,28439.06,36755.9,32645.86,31825.96,32106.92,1316.05
1587,4,Toust_20,0.0,241.7,2403.17,2735.98,2894.83,4067.92,4420.91,5394.92,5299.86,6155.54,5789.32,5741.88,6119.13,6424.9800000000005,6947.42,4863.53,7204.09,8994.45,7889.74,9246.03,8338.96,8508.93,8229.72,8289.01,8584.49,9227.94,9560.65,8665.05,9652.82,10342.95,10278.960000000001,13289.81,12888.17,12881.92,11893.81,10189.56,10980.01,12753.09,13383.18,11713.56,12424.91,12033.72,11462.65,13058.07,12809.97,13530.88,834.8100000000001
1588,4,Watermelon_18,160543.32,57426.54,18476.54,9499.35,9681.68,8355.75,7936.14,11412.04,31764.67,75342.75,115135.63,147997.66,138857.47,90229.82,30975.85,13589.710000000001,3574.74,7388.03,5092.099999999999,10082.12,11024.13,35694.27,64166.479999999996,79698.74,63993.96,38029.69,8128.28,6938.83,5122.45,7368.23,1012.84,23640.79,14285.25,90409.29,101167.73,136150.61000000002,110402.66,67203.86,12841.44,8697.7,17941.77,13713.82,5412.74,24336.0,44164.85,42690.85,2051.35
1589,4,Blueberry_22,0.0,0.0,0.0,0.0,0.0,0.0,0.0,0.0,0.0,0.0,0.0,0.0,0.0,0.0,0.0,0.0,0.0,0.0,0.0,0.0,0.0,0.0,505.05,4258.24,4451.48,853.9,0.0,0.0,0.0,0.0,0.0,0.0,0.0,0.0,0.0,0.0,0.0,0.0,0.0,0.0,0.0,0.0,0.0,0.0,0.0,0.0,0.0
1591,4,Strawberry_24,4682.38,10468.92,4992.1,0.0,0.0,0.0,0.0,0.0,0.0,0.0,14903.03,3180.39,15538.12,12583.26,453.84,0.0,0.0,0.0,0.0,0.0,0.0,0.0,85.97,0.0,0.0,0.0,0.0,0.0,0.0,0.0,0.0,0.0,0.0,0.0,0.0,2654.37,5812.12,51.05,0.0,0.0,0.0,0.0,0.0,0.0,0.0,0.0,0.0
1592,4,Tomato_66,11241.27,17628.88,15663.619999999999,15509.72,14774.119999999999,5617.11,0.0,0.0,9573.78,7324.17,10461.92,20588.21,16422.24,10789.05,3565.2400000000002,9719.2,9864.37,11096.87,7987.45,9933.09,8415.49,9223.95,12802.88,4578.87,7613.55,3882.51,6036.07,3701.98,7174.78,0.0,0.0,0.0,3445.75,8304.62,18296.52,16557.35,106.78999999999999,0.0,2482.1,2147.03,8974.43,8535.67,6221.18,6625.46,10022.2,11883.85,364.55
1596,3,Roll_31,0.0,0.0,0.0,0.0,0.0,0.0,0.0,0.0,0.0,0.0,0.0,0.0,0.0,3451.92,11473.24,17891.77,19876.71,24089.45,24610.85,27860.62,26602.77,26657.31,24494.16,21399.59,20371.45,24138.73,26386.01,25993.920000000002,28325.88,26061.49,24247.73,31009.91,31021.79,32504.22,26823.66,26456.0,28722.57,34846.99,38273.22,46072.37,46886.63,42028.25,40067.39,43944.57,41551.93,42489.28,2687.2
1599,4,Baguette_24,7602.68,9634.59,10260.58,10064.41,12626.66,13966.72,12390.22,13397.81,11976.44,13251.34,13489.06,12731.26,13424.59,5902.58,4039.98,10330.95,15063.49,14785.99,17840.89,19129.53,15233.47,14364.92,12701.29,12685.17,12725.43,15788.13,15972.86,16748.72,13621.58,15088.8,12602.86,12734.84,11788.71,11563.4,10277.5,8193.36,8614.2,11005.01,12230.86,10868.16,9200.37,9352.49,8480.66,9615.32,9242.6,9322.07,496.65
1603,3,Pastry_123,0.0,0.0,0.0,0.0,0.0,0.0,0.0,0.0,0.0,0.0,0.0,0.0,0.0,0.0,0.0,0.0,0.0,0.0,0.0,0.0,0.0,0.0,0.0,0.0,0.0,0.0,0.0,0.0,0.0,0.0,0.0,0.0,504.34,1192.93,878.3,696.33,1047.09,1124.62,1961.24,2795.35,2545.2799999999997,3028.52,2626.88,3073.15,2448.65,3282.65,334.73
1612,4,Tomato_68,0.0,0.0,0.0,0.0,0.0,676.12,7594.26,10891.39,7060.97,3672.32,0.0,0.0,0.0,4093.21,6362.96,4064.22,4831.71,9652.44,12698.16,8799.58,6245.14,3847.46,3004.62,1619.98,973.57,1252.64,3792.7,1773.4,2219.57,5923.53,6371.05,3749.82,3600.93,1724.02,1634.15,1191.02,796.16,1165.07,1922.38,1443.44,2514.29,5094.37,4974.83,4865.02,17369.8,17461.79,340.25
1613,4,Arugula_4,0.0,0.0,0.0,0.0,0.0,0.0,0.0,0.0,0.0,8014.67,1785.64,0.0,0.0,0.0,0.0,0.0,0.0,0.0,0.0,0.0,0.0,0.0,0.0,0.0,0.0,0.0,0.0,0.0,0.0,0.0,0.0,0.0,0.0,0.0,0.0,0.0,0.0,0.0,0.0,0.0,0.0,0.0,0.0,0.0,0.0,0.0,0.0
1614,4,Blueberry_24,18118.6,16327.35,0.0,0.0,0.0,0.0,0.0,0.0,0.0,0.0,0.0,33538.659999999996,26936.63,29963.760000000002,11683.119999999999,0.0,0.0,0.0,0.0,0.0,0.0,0.0,6651.75,17854.27,4301.72,7610.49,10789.36,0.0,0.0,0.0,0.0,0.0,0.0,0.0,0.0,0.0,0.0,0.0,0.0,0.0,0.0,0.0,0.0,0.0,0.0,0.0,0.0
1615,4,Pear_27,3807.01,4458.11,5007.9800000000005,5393.53,4612.03,5099.78,4232.1900000000005,4883.27,4186.22,3580.87,2277.65,1794.69,2380.76,3372.01,3019.69,3375.69,3524.89,3686.45,4202.9,4880.93,4092.32,3151.64,2562.07,1648.54,1440.42,2495.99,3517.38,12309.66,11352.54,7667.63,15423.44,5774.6,2672.29,0.0,0.0,0.0,0.0,1686.74,10660.87,6214.01,6544.82,6554.6,6348.1,6551.1,7104.07,6355.26,297.88
1621,4,Persimmon_2,0.0,0.0,0.0,0.0,0.0,0.0,0.0,0.0,0.0,0.0,0.0,0.0,0.0,0.0,0.0,0.0,0.0,0.0,0.0,0.0,0.0,0.0,0.0,0.0,0.0,0.0,0.0,0.0,0.0,0.0,0.0,0.0,0.0,0.0,0.0,0.0,0.0,0.0,1025.14,9929.14,4682.72,0.0,0.0,0.0,0.0,0.0,0.0
1622,4,Chicken_66,2879.62,3286.84,5074.69,5318.77,5372.12,6317.3,5932.28,7185.8,5417.11,4028.52,3628.24,3910.84,3973.29,5145.66,6427.14,7474.65,7504.15,6287.59,5310.38,5765.48,4961.15,4010.63,3804.7400000000002,3823.22,3823.91,4855.91,4808.78,5021.71,6202.01,6202.58,5171.65,5524.81,5130.29,4452.39,4056.88,3589.93,3600.98,3620.16,4197.92,4694.63,5725.01,5660.04,4747.97,4928.8,4209.08,4191.7,275.98
1625,4,Bread_129,4267.79,4938.18,5742.9400000000005,5432.05,5373.34,6078.59,5308.84,6641.34,7730.8,6307.71,6085.73,5470.6,4491.11,4204.15,4260.65,4415.14,4468.31,5004.51,3684.96,5150.04,4316.12,4058.4900000000002,3639.67,3519.54,3221.12,3151.57,2955.35,2642.84,3382.41,3152.69,2700.02,2842.85,2707.29,2680.38,2260.77,2334.47,2403.97,1813.25,1987.16,1868.53,2180.79,2034.6,1771.2,1912.68,2075.11,2199.09,122.28
1626,3,Pastry_124,5005.78,7073.41,9827.68,10032.33,7190.15,7789.31,8356.76,10096.19,8651.37,8395.0,7652.74,7232.37,7264.33,7868.1,10599.95,12304.18,8967.33,8263.24,7763.72,7751.12,6526.5,5788.2,5214.5,4523.61,4245.13,4875.76,5408.9,5205.22,4554.24,3577.18,3681.88,5272.94,4317.66,4493.98,3771.26,3218.54,3280.89,4261.63,4801.47,4679.53,3984.16,4285.47,4215.24,4357.03,3681.06,4176.67,235.21
1629,4,Garlic_10,58.419999999999995,0.0,0.0,0.0,0.0,0.0,0.0,3360.03,7103.92,2503.31,7721.04,5342.13,365.92,0.0,0.0,0.0,0.0,0.0,0.0,110.77,1463.3799999999999,3411.46,8595.08,4487.82,2711.77,0.0,0.0,0.0,0.0,0.0,0.0,683.95,7811.58,3356.3,6656.53,6498.44,0.0,0.0,0.0,0.0,0.0,0.0,0.0,0.0,1830.75,3152.96,246.54999999999998
1631,4,Apple_90,2078.05,5653.16,589.06,0.0,0.0,0.0,0.0,0.0,0.0,0.0,0.0,0.0,9221.86,25314.96,0.0,0.0,0.0,0.0,0.0,0.0,0.0,0.0,0.0,518.68,14190.21,5853.46,0.0,0.0,0.0,0.0,0.0,0.0,0.0,0.0,0.0,0.0,2658.81,4618.75,0.0,0.0,0.0,0.0,0.0,0.0,0.0,0.0,0.0
1632,4,Cucumber_24,13959.27,7113.72,4034.03,5519.65,3947.88,21185.36,11012.01,9874.64,5179.89,8192.34,3998.11,2857.83,902.55,434.63,1275.32,1542.03,990.98,2979.77,4846.77,2080.22,1304.33,8396.43,2028.1100000000001,5033.5199999999995,5846.91,500.86,1728.0,1972.2,2701.03,2144.51,11262.09,6380.16,3219.77,2570.35,2018.69,2124.84,0.0,163.29,2188.42,957.79,2379.89,3627.89,5748.47,2430.44,2583.35,2556.02,119.61
1635,4,Blueberry_25,0.0,0.0,0.0,0.0,0.0,0.0,0.0,0.0,0.0,0.0,5135.28,5770.04,3523.97,5034.34,4892.29,1663.71,2221.11,0.0,0.0,0.0,0.0,3395.94,4726.8,3710.04,4696.14,739.4,0.0,0.0,0.0,0.0,0.0,0.0,0.0,3977.36,5295.0199999999995,6688.17,5920.84,5212.07,6140.62,5023.58,3504.08,4823.4,5174.12,5421.82,7697.72,6522.74,384.32000000000005
1637,2,Roll_32,0.0,0.0,0.0,0.0,0.0,0.0,0.0,0.0,0.0,0.0,0.0,0.0,0.0,0.0,0.0,0.0,0.0,0.0,0.0,4136.18,28167.42,50971.92,54730.87,48179.25,53241.16,50418.409999999996,58794.39,66874.04,85542.55,92706.66,66308.6,69087.69,62705.64,69410.11,61374.17,65400.04,55289.31,54438.65,59744.06,64839.29,68302.77,69125.73,57601.51,63563.82,62016.63,65423.91,3488.41
1639,3,Sprout_3,387.96,635.1,1010.11,1248.64,1040.1,1892.31,1919.46,2079.22,1903.69,1655.98,1225.85,1045.34,1137.24,1398.24,1474.15,1569.8,1429.02,1961.52,1587.44,1496.14,1409.49,1184.87,942.9,974.86,1128.2,1046.55,1115.04,1132.86,1185.97,1757.9,1521.3,1749.6299999999999,1660.76,1555.73,1264.81,1077.03,1183.39,1313.67,1449.96,1528.05,1526.87,2236.34,1963.84,2288.89,2242.6,2060.31,132.19
1643,1,Pastry_126,3194.59,2791.52,4894.17,5184.19,3657.97,5513.84,8465.07,10462.94,9208.4,8441.28,7156.3099999999995,6466.41,7058.860000000001,8492.31,12078.03,13854.95,10649.39,9151.91,10402.09,10205.27,8944.98,8880.97,7455.33,7312.22,7586.76,8443.64,9190.289999999999,9124.78,7403.13,7519.63,8220.23,10896.9,8715.51,5973.34,5829.64,6030.4,5958.98,5684.11,5831.82,202.54,0.0,0.0,0.0,0.0,0.0,0.0,0.0
1644,3,Pastry_127,0.0,0.0,0.0,0.0,0.0,0.0,0.0,0.0,0.0,0.0,0.0,0.0,0.0,0.0,0.0,0.0,0.0,0.0,0.0,0.0,0.0,0.0,0.0,0.0,0.0,0.0,0.0,0.0,0.0,0.0,0.0,0.0,606.6800000000001,1925.68,1696.69,1860.86,2078.95,2467.05,3019.47,3593.24,2902.16,3649.36,3761.03,4398.39,3798.01,4382.5,234.19
1647,3,Cabbage_12,2434.33,2941.83,5215.21,5721.22,6551.48,6131.11,6576.48,7347.65,4085.87,3749.58,2935.92,2813.44,2732.37,3931.06,5618.62,6149.48,7332.04,7072.71,6435.2,6434.24,5358.06,4339.02,3837.5,3728.24,4189.83,5386.51,6392.44,6180.7,7622.7300000000005,7137.53,6476.9,6980.69,5465.67,4379.35,3675.73,3723.89,4939.15,5437.37,6194.17,6205.53,7115.04,6506.93,6164.33,5117.74,4391.15,4828.68,268.33
1649,4,Donut_28,12690.96,15038.62,19592.489999999998,21756.07,16953.42,24363.77,24948.96,29593.88,25800.47,26789.19,22563.99,19633.99,21181.77,24136.92,20624.44,37102.88,28456.13,38406.43,35580.31,35419.94,29932.34,31052.59,26783.329999999998,24571.48,26494.62,32179.35,33756.94,31133.65,27405.5,37463.16,32737.47,33045.42,29546.96,33005.28,27460.81,21617.81,22302.97,23603.19,26126.79,26384.85,23021.12,31162.93,29869.31,31004.11,30584.32,33625.77,1958.78
1650,4,Persimmon_3,1725.57,0.0,43206.2,19917.170000000002,17558.47,6200.73,0.0,0.0,0.0,0.0,0.0,0.0,0.0,0.0,11483.67,38633.8,26914.61,11005.13,0.0,0.0,0.0,0.0,0.0,0.0,0.0,0.0,3706.73,17162.82,8280.04,0.0,0.0,0.0,0.0,0.0,0.0,0.0,0.0,53.55,16552.41,18781.22,27774.26,6629.88,0.0,5902.75,3690.45,0.0,0.0
1651,3,Apricot_10,0.0,0.0,0.0,0.0,0.0,0.0,0.0,0.0,0.0,0.0,0.0,0.0,0.0,0.0,0.0,0.0,0.0,0.0,0.0,0.0,0.0,0.0,4554.05,12453.23,3404.81,0.0,0.0,0.0,0.0,0.0,0.0,0.0,0.0,0.0,0.0,0.0,0.0,0.0,0.0,0.0,0.0,0.0,0.0,0.0,0.0,0.0,0.0
1654,4,Basil_2,6786.45,5587.46,7229.52,11121.78,8113.62,10438.2,10356.75,12480.64,10913.93,10440.29,8170.24,7875.54,9286.72,9075.03,8651.43,10332.14,9702.03,12183.33,9748.1,10600.7,9674.88,10414.65,8331.03,9370.13,9803.87,7191.4,7484.55,7453.32,10501.93,12281.18,12638.210000000001,10708.14,11619.22,15248.12,11629.36,11192.29,11459.63,11601.76,9897.75,9924.69,12913.78,16662.27,14315.13,15193.7,16386.29,18861.14,1039.7
1656,4,Snack_5,1906.23,1520.86,2258.29,2222.57,2060.15,2854.27,2753.62,3267.49,2934.52,2915.17,2609.17,2566.09,2467.83,2535.23,2626.08,2630.53,2162.4,2948.58,2532.29,2834.8,2233.23,2556.45,2308.35,1954.86,1994.06,2133.29,2156.38,2176.39,1904.71,2239.8,2035.59,2049.05,2158.13,2062.56,2074.37,1742.27,1706.74,1616.52,1672.53,1566.49,1385.66,1817.6200000000001,1423.28,1548.1,1627.96,2830.55,268.13
1657,3,Bread_133,0.0,1355.73,1760.85,1893.74,2295.68,2812.89,2316.0,2792.02,2503.7,2047.59,2484.11,2385.53,2229.09,2211.42,2355.73,2580.82,2606.95,2532.55,1984.39,3032.29,2310.66,2684.31,2616.0,2593.51,2119.92,2571.25,2129.74,1633.06,1913.41,1658.62,1518.42,1705.94,1714.98,1712.5,1480.2,1491.63,1752.57,1707.13,1653.53,1654.14,2002.73,1897.93,1698.62,1888.27,2397.26,2501.2,158.82
1661,4,Pork_23,0.0,0.0,0.0,0.0,0.0,0.0,0.0,0.0,225.64,1688.14,1641.97,2231.69,2774.99,2705.15,3045.82,3675.87,3745.53,3518.36,3033.81,3261.28,2989.6,2490.55,2413.2200000000003,2540.2,2655.95,3277.88,3512.88,2785.38,3121.52,3275.61,2781.3,2791.14,2802.9,2444.91,2559.26,2112.26,2356.44,2531.48,3051.15,2942.5,3558.15,3448.14,3007.82,3237.2,2820.7599999999998,3043.78,179.12
1662,4,Beef_19,4746.62,7791.91,11521.61,9890.77,10369.77,14121.32,11976.95,12956.56,10237.53,7337.93,4520.25,4344.71,4990.9,5414.78,6979.89,8746.5,8305.68,8695.73,5870.32,5907.54,5254.53,3541.38,2692.31,3024.75,3264.58,5611.41,11314.77,8936.85,12947.53,10385.27,11282.05,9875.38,6672.67,5497.9,3663.21,3403.2,3870.4,4721.83,13438.41,8230.99,12288.09,15406.52,7628.22,7790.42,6867.2,6072.85,343.69
1666,4,Strawberry_26,0.0,0.0,0.0,0.0,4789.94,9196.04,9595.47,28499.73,40273.64,38162.01,8875.45,0.0,0.0,0.0,0.0,0.0,1894.8200000000002,15106.03,40072.11,48227.53,41898.89,16180.16,0.0,0.0,0.0,0.0,0.0,0.0,0.0,16536.37,12038.08,18003.98,11892.84,0.0,0.0,0.0,0.0,0.0,0.0,0.0,0.0,8002.01,14447.42,32848.92,43461.17,3084.83,0.0
1673,3,Bun_0,4098.66,3668.02,3421.76,4370.54,3502.53,3940.09,3710.64,4212.44,4931.47,7368.22,6559.85,6316.8,5624.14,5651.97,5102.7699999999995,4806.62,5147.52,5910.18,5179.47,4999.16,5149.79,6534.59,7061.14,5547.9,5730.7300000000005,5027.55,4248.15,3576.66,211.88,0.0,0.0,1663.24,4752.42,6603.42,6286.86,5627.03,5118.99,6339.4,6445.35,4738.52,4757.84,5348.97,4996.17,6350.25,6861.69,7818.52,529.75
1674,4,Corn_4,6497.05,5731.28,5253.47,5435.78,4784.14,6539.77,5921.3,7544.55,8552.03,9327.61,9688.84,15041.14,13626.22,5021.6,5072.29,4808.18,4445.84,5963.08,4792.72,5315.64,5960.87,9191.04,9626.41,9281.78,6793.0,4958.3,4116.04,3417.64,3736.4,4561.3,4254.05,4872.15,5742.19,8829.59,10782.94,7821.17,7469.74,6207.03,3791.92,3440.54,3117.88,4166.86,3399.49,4672.96,7873.74,7283.99,0.0
1675,1,Bread_134,0.0,0.0,0.0,0.0,0.0,0.0,0.0,0.0,0.0,0.0,0.0,0.0,0.0,1935.44,5499.43,6534.81,5581.08,5918.79,6487.11,6475.89,6290.31,6053.13,5301.77,5269.24,4696.39,4654.1900000000005,5111.34,4657.38,3923.76,3992.07,3317.37,3662.22,3545.81,3641.2200000000003,2447.36,2351.59,2452.59,3782.21,4466.55,3737.89,3027.12,3857.91,3450.39,4028.33,3747.29,4153.59,220.61
1687,3,Pastry_129,0.0,0.0,0.0,0.0,0.0,0.0,0.0,0.0,0.0,0.0,0.0,0.0,0.0,0.0,0.0,0.0,0.0,0.0,0.0,0.0,3046.2,9275.56,4021.93,5135.46,4277.72,5453.51,5541.15,4355.05,3480.02,4679.15,2318.49,6589.34,2718.27,4077.86,5458.79,3955.07,3216.5099999999998,5146.8,4247.8,4659.33,774.35,5296.92,2871.7599999999998,1754.26,2465.82,1125.07,0.0
1691,4,Apple_93,14910.07,17953.55,17850.25,13482.92,14342.63,17271.69,16101.43,23476.37,20011.02,25798.36,15276.06,13314.09,11557.02,9182.15,13698.56,20836.85,15127.94,20081.58,16840.34,18752.09,37036.01,23807.18,21047.65,16045.22,12290.22,13897.34,12704.22,11235.44,12721.51,28607.36,20764.61,39376.47,25077.96,23770.96,12064.33,17292.62,20816.38,21279.62,16164.66,18982.21,15922.3,20000.5,18478.75,19259.26,19320.93,22781.85,1327.71
1695,4,Asparagus_18,258.63,0.0,0.0,0.0,50.22,0.0,0.0,0.0,949.54,20806.3,4177.14,530.1,0.0,0.0,0.0,0.0,0.0,0.0,0.0,0.0,3988.82,11211.8,8396.43,900.46,0.0,0.0,0.0,0.0,0.0,0.0,0.0,0.0,863.15,13398.54,2771.6,0.0,0.0,0.0,0.0,0.0,0.0,0.0,0.0,0.0,7041.32,9379.7,1274.85
1696,3,Roll_33,1.97,2540.43,3381.9700000000003,4142.76,3601.59,4383.97,4045.28,4618.69,4399.83,4437.63,4039.35,3170.18,3261.84,3354.14,4004.47,4167.88,3782.7,3417.75,3196.01,2703.83,2699.12,2276.5099999999998,2058.35,1781.13,1921.75,1824.83,1714.88,1649.75,1576.3700000000001,1405.49,1312.32,1591.71,1343.05,1275.39,1077.31,924.97,1017.9,1050.98,1168.27,1136.06,1237.3700000000001,1213.48,954.49,1046.03,968.27,1011.07,80.95
1697,3,Roll_34,25743.89,27047.14,31855.43,36817.91,32262.69,35115.34,34929.53,33755.74,29130.22,33484.91,35729.83,32200.07,32842.5,34971.8,39580.0,41521.06,36617.1,36452.8,39311.19,39268.39,35973.22,35609.52,34976.62,31728.4,33073.86,35119.09,38050.08,41642.01,42067.49,42700.74,42414.51,54962.3,52794.55,56383.06,52020.83,47194.75,44872.55,54095.26,62521.409999999996,61724.24,60488.98,63061.38,64153.13,72283.96,68038.11,71950.03,4478.33
1698,1,Roll_35,0.0,0.0,0.0,0.0,0.0,0.0,0.0,0.0,0.0,0.0,0.0,0.0,0.0,0.0,0.0,1611.28,2509.02,2996.68,3542.34,4506.58,3835.71,3663.83,3906.92,3948.34,3832.07,4499.17,4903.8,4500.43,4802.87,5005.81,4170.62,5421.76,5380.13,5531.05,4131.0599999999995,4484.43,4832.49,5647.59,6264.14,7296.63,8142.9400000000005,8107.13,7819.48,8874.69,9473.32,10179.76,642.56
1701,4,Arugula_5,10086.24,11842.03,15900.59,18567.22,17114.49,24449.83,21870.09,31352.66,27159.96,22336.66,19653.8,17400.72,19184.12,21545.8,19464.33,20224.06,16944.8,23589.06,26350.91,19650.0,28010.44,18170.47,22056.65,15310.98,15396.88,21670.56,14940.39,15465.77,11995.55,17215.87,16380.97,23825.77,15029.99,16009.39,21220.14,15100.93,13571.039999999999,13526.07,13375.37,11079.0,17030.52,18400.94,17516.9,24242.19,17620.52,23412.63,1078.82
1702,4,Snack_6,3863.98,4352.61,4599.12,4523.0,5341.29,6026.73,4997.77,5064.13,4630.88,4830.58,4382.41,3866.42,3827.77,5969.21,1670.06,0.0,0.0,0.0,0.0,0.0,0.0,0.0,353.78000000000003,2222.21,3538.68,3825.32,4610.55,5013.78,4121.67,4488.1,4253.09,4751.81,4311.55,4204.19,4583.92,4178.84,4663.8,4905.93,5452.97,5674.38,4045.3,4879.83,4717.8,5404.58,5456.99,9136.9,731.6
1707,4,Nectarine_10,10909.18,5826.91,0.0,0.0,0.0,0.0,829.86,6041.34,939.61,4315.46,6296.57,9841.18,12427.39,13249.23,2195.39,0.0,842.41,2647.81,749.45,612.05,2057.01,3168.18,5111.78,14811.24,10866.48,13254.83,5014.3,0.0,2169.41,2766.67,2170.58,4764.44,210.47,3098.66,5787.95,16447.82,10177.34,8928.6,0.0,0.0,1526.95,3494.06,3097.13,5700.79,1161.0,4420.76,367.06
1708,3,Breadcrumb_7,2582.55,3163.91,4585.65,5430.16,9729.210000000001,3299.41,4348.26,5073.21,4035.13,3341.53,4352.63,4160.28,4123.44,5585.94,6062.59,6027.08,9445.16,0.0,0.0,0.0,0.0,2289.14,2390.09,2763.32,2605.03,3490.57,4797.95,5723.03,10509.77,3081.74,2178.46,2441.43,2944.89,2249.06,2218.01,2480.29,3213.35,3780.32,3410.06,2945.34,9848.46,3027.72,1721.68,2875.12,2013.43,2291.5,176.55
1709,1,Bread_135,7988.0199999999995,8515.27,12059.36,11866.14,10650.48,11536.04,10371.58,11754.9,10267.26,10322.94,9468.56,9328.3,9643.32,9076.7,10359.75,11468.82,10861.35,9677.79,9286.26,9029.83,7929.93,7413.05,6821.42,7107.87,6772.42,6784.78,6615.34,6345.78,6775.89,6644.31,5313.96,5534.34,5819.0,5489.8,4935.61,5098.53,4967.13,4994.76,5219.98,4814.21,4793.09,5128.55,4419.0199999999995,5107.66,5147.53,5023.01,306.22
1712,3,Toust_22,0.0,0.0,0.0,0.0,0.0,0.0,0.0,0.0,0.0,0.0,0.0,0.0,0.0,0.0,0.0,0.0,0.0,0.0,0.0,1533.71,1095.86,1060.27,898.41,800.46,831.02,874.89,910.29,942.07,844.44,1027.45,1111.3,1281.38,1393.32,1566.81,1354.43,1469.16,1634.95,1538.72,1686.32,1629.83,1603.59,1751.24,1598.57,1729.8899999999999,1847.18,1847.74,131.41
1713,4,Baguette_25,10431.53,11583.29,12279.33,13641.99,15466.1,16809.06,15124.68,17496.49,17557.11,16958.06,15385.15,15052.61,15787.83,18500.79,18232.35,18017.25,28400.5,19402.71,16909.99,19072.04,19474.13,19098.38,18742.67,19430.16,20556.41,17513.38,18256.57,21772.69,33126.36,27376.97,23367.98,24690.59,26525.97,26700.95,24063.37,23865.5,20739.37,20454.54,20657.35,20390.1,39923.5,25399.54,22938.26,28191.46,25909.88,26434.18,1437.88
1716,4,Spinach_9,1573.48,990.13,1568.4,8232.78,4263.54,5385.1,4282.17,9677.07,5869.41,4401.03,1770.94,1074.79,0.0,0.0,2694.98,3051.22,2595.0099999999998,4017.07,5301.22,5277.88,3977.93,2281.09,0.0,0.0,0.0,321.14,1774.21,1225.02,1589.35,7155.83,2010.35,5582.41,3196.95,2812.73,1440.03,1790.18,3940.68,472.7,1667.67,1898.92,1785.09,2222.37,2856.02,4853.23,2567.89,1938.8700000000001,138.52
1719,4,Pastry_131,0.0,0.0,0.0,0.0,0.0,0.0,0.0,0.0,0.0,0.0,0.0,0.0,0.0,0.0,0.0,0.0,0.0,0.0,0.0,0.0,0.0,0.0,0.0,0.0,0.0,0.0,0.0,0.0,0.0,0.0,0.0,704.17,1462.11,1577.57,1600.63,1658.4,1491.2,1789.26,1906.89,1986.28,1443.0,1619.03,1924.29,2200.6,2019.7,2040.6100000000001,154.98
1721,3,Roll_36,28.75,5221.3,9271.17,11522.28,10980.27,11390.38,11052.039999999999,13355.61,12442.64,13488.8,13545.8,12280.05,13254.63,14685.83,16627.75,18347.71,18202.15,16160.73,13742.03,12828.92,12663.51,12328.2,11156.08,9461.65,9163.75,10300.13,11154.26,11378.15,12149.39,10740.2,10433.22,13738.35,13330.960000000001,13647.47,11688.28,10443.26,10656.86,13251.35,13482.62,12977.11,14813.44,14174.89,13430.02,16000.32,14767.04,15624.2,1092.88
1722,4,Bagel_8,0.0,0.0,0.0,0.0,0.0,0.0,0.0,0.0,0.0,0.0,0.0,0.0,0.0,0.0,0.0,0.0,0.0,0.0,0.0,0.0,0.0,0.0,0.0,0.0,0.0,0.0,126.12,795.78,1056.34,839.3100000000001,953.7,2725.57,2583.16,3012.3,2405.04,2828.41,2364.98,2715.44,3514.0,3412.85,3434.96,2699.34,3842.98,4455.19,2952.06,2597.68,253.54999999999998
1724,3,Bread_137,0.0,0.0,0.0,0.0,0.0,0.0,0.0,0.0,0.0,0.0,0.0,19.61,1132.03,1247.39,1325.96,1576.9,1504.5,1734.17,1587.96,1539.3,1586.91,1751.08,1716.04,1577.77,1867.2,2005.83,1702.47,1424.24,1373.17,1603.8700000000001,1480.3,1856.85,1827.33,1825.76,1694.29,1712.24,1721.13,1779.44,1821.47,1744.92,1628.0,1912.45,1863.44,2107.38,2182.32,2260.08,143.99
1726,4,Lemon_9,5986.75,8201.98,6411.23,6777.74,8312.46,7002.78,15600.32,8640.75,6828.7300000000005,7600.22,7681.35,5498.86,2918.53,5178.92,6603.07,8081.99,21678.0,22946.07,8318.58,6997.62,8725.87,10420.71,7371.76,5803.25,5059.31,5064.12,4823.51,5654.8,19796.36,13551.48,10125.16,5598.48,17417.18,6661.0,7197.36,5091.68,4330.35,3364.99,3724.23,10969.42,13590.46,5607.19,12369.19,6419.55,15098.68,15139.83,433.59000000000003
1741,4,Onion_35,0.0,0.0,0.0,0.0,0.0,0.0,0.0,0.0,0.0,0.0,0.0,0.0,0.0,0.0,0.0,0.0,0.0,0.0,0.0,0.0,0.0,0.0,0.0,0.0,0.0,0.0,0.0,0.0,0.0,0.0,0.0,0.0,0.0,0.0,0.0,2054.18,4604.13,0.0,0.0,0.0,0.0,0.0,3293.12,9329.52,0.0,0.0,0.0
1742,4,Apple_96,19252.51,22214.74,16833.98,18649.25,17633.56,25061.77,27765.48,31717.4,23543.04,21954.13,17204.32,14935.0,17339.12,37093.02,45981.92,33265.43,26306.51,35619.93,29080.31,29255.03,25379.39,30719.52,26528.1,19412.87,18113.18,26048.57,23478.67,38632.01,24837.4,30485.55,28736.95,28038.829999999998,25447.24,26684.29,26594.09,17037.56,31082.19,25105.25,30841.18,32851.21,28266.11,43317.8,43934.83,55957.37,56281.89,40167.0,2117.76
1743,3,Pastry_132,0.0,0.0,0.0,0.0,0.0,0.0,0.0,0.0,0.0,0.0,0.0,0.0,0.0,0.0,0.0,0.0,0.0,0.0,0.0,0.0,0.0,0.0,0.0,0.0,0.0,0.0,0.0,0.0,0.0,0.0,0.0,0.0,533.3,1231.57,1028.59,876.81,1127.3799999999999,1317.16,1418.04,1459.32,1232.92,1565.7,1935.75,1999.56,1752.53,2585.52,282.49
1746,4,Grapefruit_4,6446.57,8104.19,9977.06,17308.46,13158.95,10220.75,11903.43,13035.36,11005.24,6442.05,6121.78,5118.27,5964.63,7007.53,9025.89,8750.76,7503.66,14960.63,8588.6,8935.44,7495.24,7666.22,6535.7699999999995,6968.54,6441.86,8538.43,9825.03,8586.87,9406.8,10423.95,8774.24,9900.52,7445.7,8368.91,6139.94,5687.12,5842.55,7594.79,8697.77,6530.31,9212.18,11297.95,7871.09,8206.76,9719.95,10112.93,514.03
1754,4,Grape_30,3970.28,3568.82,6939.78,8116.17,5178.81,5632.24,4489.91,14904.89,5108.14,7375.97,3266.05,7645.07,7871.42,8459.53,9282.1,6536.96,5633.02,12349.43,7171.34,5353.57,3351.73,3147.34,3341.67,2380.8,1100.8899999999999,1181.39,2682.95,3938.78,5145.56,2579.46,8284.36,2352.63,2401.31,2782.87,2051.48,1577.29,1331.24,1240.11,2652.36,308.78,0.0,2449.5299999999997,3273.76,2348.82,1802.78,558.29,0.0
1757,1,Roll_37,0.0,0.0,0.0,0.0,0.0,0.0,0.0,0.0,0.0,0.0,0.0,0.0,0.0,0.0,0.0,0.0,0.0,0.0,0.0,0.0,0.0,0.0,181.38,990.22,1107.87,1116.9,1029.69,919.38,1134.73,983.09,422.03,715.45,1140.05,948.2,718.91,799.32,869.42,772.63,812.35,932.0500000000001,1281.6,1237.2,597.15,638.88,611.74,635.05,40.22
1758,1,Pastry_133,0.0,0.0,0.0,0.0,0.0,0.0,0.0,0.0,0.0,0.0,0.0,0.0,0.0,536.26,2003.22,1811.18,1424.1,1345.39,1686.64,1634.0,1323.0,1226.18,1136.34,1212.25,1242.44,1468.83,1477.99,1398.33,1137.03,1169.68,1025.29,1057.53,1008.78,1407.08,801.17,911.83,1145.53,1055.21,1167.45,1284.34,1023.48,1481.94,572.4300000000001,605.39,579.25,611.27,63.05
1763,4,Salmon_13,0.0,0.0,0.0,0.0,0.0,0.0,0.0,0.0,0.0,0.0,19.18,16.3,20.75,31.419999999999998,11.040000000000001,0.0,0.0,0.0,0.0,0.0,0.0,0.0,0.0,0.0,0.0,0.0,0.0,0.0,9822.88,3195.48,247.51000000000002,836.7,3657.28,3490.23,939.98,925.62,902.31,988.37,1101.46,1114.26,3600.56,2758.79,1101.15,1433.15,1144.05,1776.12,86.49000000000001
1764,4,Vegetable_17,2417.08,3623.6,5397.79,4910.66,6190.44,5560.79,5907.72,6418.52,4682.34,4552.97,3734.51,4327.59,4573.94,4427.86,5305.37,6867.76,10019.11,7140.19,6482.25,5586.66,6654.58,5575.16,5104.79,3564.35,3579.7799999999997,4317.9800000000005,3664.32,4131.84,6548.35,4959.86,4895.48,5291.16,5130.91,4147.66,3701.13,3272.05,3794.94,3832.6,4525.31,4832.89,6714.0199999999995,5945.87,4869.68,5112.11,4619.26,4997.54,262.95
1767,3,Croissant_25,0.0,0.0,0.0,0.0,0.0,0.0,0.0,0.0,0.0,0.0,0.0,0.0,0.0,0.0,0.0,0.0,0.0,0.0,0.0,0.0,0.0,0.0,0.0,0.0,0.0,0.0,0.0,0.0,0.0,0.0,0.0,0.0,76.39,1690.43,3682.34,3194.74,3571.32,4246.48,4695.89,4411.16,4606.94,5584.63,4658.95,4725.67,4466.74,4328.2699999999995,293.29
1769,4,Bread_141,1630.43,1711.8700000000001,1835.99,2043.57,1433.8,1963.0,1706.42,1971.19,1520.7,2017.9,2015.52,2281.99,2406.49,2273.58,2657.89,2281.42,1474.75,2414.96,1765.99,2664.83,2132.57,2215.09,2102.71,1940.56,1532.0,2228.53,1512.63,1977.44,1653.1,1201.51,1213.32,1494.2,1324.03,1922.88,1717.91,1793.9,1548.62,1707.04,1389.55,1530.76,1330.39,1640.23,1294.1,1636.66,1537.34,1704.81,76.81
1773,3,Pita_1,3656.12,3238.5099999999998,3489.79,3318.77,3549.81,4547.64,4184.59,4796.72,4490.32,4526.85,4955.97,4055.7599999999998,3730.18,4094.89,4014.7999999999997,4383.0,3535.62,4131.8,3711.88,3814.27,3155.48,3614.43,3625.03,3150.94,3181.76,3239.17,3368.03,3325.41,3258.9,3617.79,2772.69,2992.06,2603.28,2938.64,3023.07,2588.22,2824.06,3022.78,2951.7,3986.62,2539.62,2924.42,2630.04,2758.91,2963.87,3380.87,164.9
1774,1,Strawberry_28,0.0,0.0,0.0,0.0,0.0,0.0,0.0,0.0,0.0,0.0,0.0,0.0,0.0,0.0,0.0,0.0,0.0,0.0,0.0,0.0,0.0,0.0,0.0,0.0,0.0,0.0,0.0,0.0,0.0,0.0,0.0,0.0,0.0,0.0,0.0,0.0,0.0,0.0,0.0,0.0,0.0,0.0,0.0,0.0,423.95,7995.92,0.0
1775,3,Onion_36,0.0,0.0,0.0,0.0,0.0,0.0,0.0,0.0,0.0,0.0,0.0,0.0,0.0,0.0,0.0,0.0,0.0,0.0,0.0,0.0,0.0,0.0,0.0,0.0,0.0,0.0,0.0,0.0,0.0,0.0,0.0,0.0,0.0,0.0,0.0,1753.8500000000001,760.17,0.0,0.0,0.0,0.0,0.0,0.0,0.0,0.0,0.0,0.0
1782,3,Bread_142,1666.59,1666.23,993.84,0.0,0.0,0.0,0.0,0.0,0.0,226.94,906.0699999999999,917.06,859.6700000000001,47.519999999999996,0.0,0.0,0.0,0.0,0.0,0.0,0.0,0.0,0.0,0.0,0.0,0.0,0.0,0.0,0.0,0.0,0.0,0.0,277.39,1519.03,1105.59,1143.99,981.83,1328.64,1545.74,933.51,888.09,1000.03,817.62,949.4399999999999,1396.21,2406.77,135.94
1783,3,Bread_143,19025.22,18465.45,27953.53,34405.74,35722.87,40596.55,40127.65,39522.48,37485.14,41119.84,37888.71,36029.27,36042.06,40198.2,51807.59,62561.61,66975.18,70020.06,65011.020000000004,66481.81,64734.49,60825.73,57396.67,54909.53,55940.03,65036.4,75266.38,64365.54,66075.55,59361.54,59764.37,76594.74,77374.32,79704.3,64565.1,60741.47,63916.72,70532.24,70747.32,69509.54,73655.79,71951.24,68626.5,76858.83,71330.56999999999,70656.4,3930.98
1785,4,Toust_23,0.0,0.0,0.0,0.0,0.0,0.0,0.0,0.0,0.0,0.0,0.0,0.0,0.0,0.0,0.0,0.0,0.0,0.0,0.0,0.0,0.0,0.0,0.0,0.0,0.0,0.0,0.0,0.0,0.0,0.0,0.0,0.0,0.0,0.0,0.0,0.0,4811.91,589.34,1490.22,975.11,1022.99,5089.55,3571.55,2621.95,4705.26,5256.37,81.0
1786,4,Baguette_26,0.0,0.0,0.0,0.0,0.0,0.0,0.0,0.0,0.0,0.0,0.0,0.0,0.0,0.0,0.0,0.0,0.0,0.0,0.0,0.0,0.0,1508.41,3744.52,3398.38,3669.97,2784.12,5105.62,4570.59,838.4,886.22,4487.08,4614.94,4978.01,4734.35,4164.75,4609.46,4716.95,4623.37,4831.6,5169.84,9258.01,5302.89,4993.65,6078.79,5254.7,5574.22,307.40000000000003
1790,4,Croissant_26,798.78,912.36,917.0,840.42,768.71,1142.3,1187.34,1289.26,1188.39,1536.65,1727.39,450.71,1238.54,1729.93,2107.68,2146.79,960.04,981.26,2049.24,1298.1,1848.44,1870.23,2182.08,1839.22,2065.98,1701.92,1875.41,2728.07,1610.96,2120.47,2121.2,4210.74,2500.71,4895.32,4397.73,2857.13,2856.16,2698.11,4224.17,635.36,1193.11,3414.23,3500.23,3476.21,4346.08,3473.63,171.47
1792,3,Bread_144,0.0,0.0,0.0,0.0,0.0,0.0,0.0,0.0,0.0,0.0,0.0,0.0,0.0,0.0,0.0,0.0,0.0,0.0,0.0,0.0,0.0,0.0,0.0,0.0,0.0,0.0,0.0,0.0,0.0,0.0,0.0,0.0,571.07,2336.24,1677.51,1386.83,1233.43,1392.45,1835.62,1897.59,1942.8700000000001,1990.18,2097.6,2310.85,2355.61,2676.79,158.52
1796,4,Tomato_79,11790.19,16614.8,25806.44,20705.76,15963.94,8565.55,0.0,0.0,4804.0199999999995,7005.4,6917.5199999999995,5999.33,6526.59,8708.39,2460.72,11174.69,16217.66,20484.9,10879.28,15559.92,13755.73,12094.73,9896.82,17894.44,15403.14,6221.72,10478.03,6423.2,3611.89,0.0,0.0,0.0,0.0,3265.59,4483.91,3340.37,0.0,0.0,2936.27,2289.44,3432.09,5837.37,6792.01,6808.18,5586.91,3856.45,244.27
1797,4,Cake_7,433.57,410.7,483.84000000000003,491.35,412.77,613.5699999999999,600.26,857.07,687.96,754.4,698.5699999999999,391.76,587.59,927.38,907.88,988.1800000000001,900.39,1075.11,1182.78,1001.87,892.99,1205.46,1253.97,1139.02,1093.3600000000001,1024.34,1430.86,1476.84,1131.65,1477.35,1729.9,2053.7,1747.69,2303.73,1141.25,687.75,1733.75,1588.07,1169.75,998.12,0.0,0.0,0.0,0.0,0.0,0.0,0.0
1799,3,Potato_58,0.0,0.0,0.0,0.0,0.0,0.0,0.0,0.0,0.0,0.0,0.0,0.0,0.0,0.0,0.0,0.0,2666.7400000000002,2875.69,3086.93,3640.71,5014.45,5467.55,513.17,0.0,0.0,8263.94,6496.29,5843.78,7404.87,7495.4800000000005,6985.84,8015.72,8938.43,10603.4,5970.4,7765.09,9345.48,9521.4,7560.43,7491.95,8752.24,7932.01,7725.33,10865.03,11496.27,6482.54,0.0
1800,4,Pastry_136,8753.59,9549.84,12030.37,11383.04,9691.04,13572.12,11862.09,16148.73,15004.74,14624.35,13068.13,13391.83,13578.99,16778.59,19180.37,19724.2,12605.63,17615.52,18699.6,19587.56,15833.78,16528.03,15902.369999999999,14099.33,13927.28,15923.14,16341.74,16344.99,13976.02,16238.13,14088.039999999999,14750.11,14096.02,14803.9,13898.76,12540.26,12560.89,13311.34,14758.41,15098.36,13630.7,17496.23,16229.58,17075.37,18913.25,25843.69,2110.21
1806,4,Parsley_7,4489.89,5463.71,7861.62,10474.56,14454.12,16215.03,16301.91,19835.64,17399.46,12834.73,9574.42,9752.35,10589.01,12071.56,14077.89,17817.42,22282.2,21278.81,16363.96,16802.04,18422.58,11962.84,11058.23,13377.75,11434.13,13196.25,11025.01,11357.1,16852.73,19341.64,17793.29,18614.71,17981.4,13620.42,11449.74,11407.3,11064.47,10588.94,12567.44,15169.87,18932.49,16017.210000000001,16327.2,20691.0,14653.75,13418.43,857.96
1811,4,Fennel_2,1451.7,1722.58,2598.13,4068.58,2719.76,5878.5199999999995,3222.29,4867.2,4166.79,2786.16,1829.76,1733.46,1630.3600000000001,1965.64,2193.02,2302.5,2277.56,2848.18,2273.9,2397.21,2326.72,3831.34,1456.7,1308.1,1581.45,1879.6399999999999,1881.14,3120.58,2556.93,2427.63,2993.11,2090.86,1990.93,1726.79,1393.73,1108.62,1155.33,1367.25,3260.81,2050.12,2053.21,2568.19,3410.7,3484.61,2308.03,2011.28,121.86
1814,4,Leek_4,0.0,0.0,0.0,0.0,0.0,202.95,0.0,0.0,0.0,0.0,0.0,0.0,0.0,2209.68,7492.53,24331.98,8625.75,0.0,0.0,0.0,0.0,379.81,0.0,0.0,0.0,0.0,261.45,4987.03,2205.4,0.0,0.0,0.0,0.0,0.0,0.0,1753.64,5890.79,3218.21,4166.17,3558.05,312.28000000000003,0.0,0.0,0.0,9325.6,1906.04,0.0
1815,4,Kiwi_17,37253.840000000004,38777.09,78408.51,63758.59,78476.12,76111.73,65568.37,112247.95,60528.04,59277.99,40308.49,39813.03,32102.65,44322.1,64133.54,71665.89,93944.65,88528.6,75386.91,85543.06,80562.48,55302.94,36920.8,33742.03,31539.13,41844.97,48458.52,47066.83,79007.83,58579.47,49089.94,49500.15,70465.95,51465.55,31237.7,28752.37,27588.63,30879.7,38823.82,39804.55,44025.13,49012.81,54120.15,49545.29,45554.4,39764.78,1933.8899999999999
1818,3,Pastry_137,0.0,0.0,0.0,0.0,0.0,0.0,0.0,0.0,0.0,0.0,0.0,0.0,0.0,4073.8,13364.52,18149.18,17518.81,17613.17,18214.9,18429.45,19338.51,18161.31,16109.73,14019.01,14903.83,16871.34,17562.41,17408.86,18143.36,15645.73,14173.17,18167.02,17246.61,17276.99,14941.91,14180.8,15351.49,19961.29,21854.18,19986.52,19857.45,19614.72,17919.53,19488.95,17826.2,17979.82,1112.43
1821,4,Pastry_139,548.6,963.5,212.42000000000002,0.0,0.0,0.0,0.0,0.0,0.0,0.0,0.0,0.0,0.0,0.0,0.0,0.0,0.0,0.0,0.0,0.0,0.0,0.0,0.0,553.73,1411.02,2261.98,1420.36,965.29,2161.85,2793.97,2062.88,2318.86,2012.19,2097.21,2041.12,1753.7,1661.35,2091.36,2068.6,2311.93,1743.22,2060.84,1943.25,2076.89,2676.59,2770.96,155.13
1822,4,Orange_22,0.0,0.0,0.0,0.0,0.0,0.0,0.0,0.0,0.0,0.0,0.0,0.0,0.0,0.0,0.0,0.0,5251.63,15999.33,7182.71,6374.45,5197.6900000000005,2860.28,1460.04,1528.92,1818.54,2213.4,2073.29,1539.03,2229.24,11892.12,3953.5099999999998,11813.96,6164.4,10008.78,3574.6,3457.82,2800.05,2032.27,1955.79,2045.93,6933.92,2881.78,2521.97,2005.55,1635.78,1842.18,80.4
1824,4,Chicory_0,1545.8,1710.93,2183.56,2374.74,2273.84,5435.5599999999995,3496.0299999999997,3819.68,4020.07,2988.59,2042.6299999999999,1748.69,2015.11,1799.39,2095.93,2901.69,3047.88,5890.95,4494.11,3494.81,3451.64,2608.85,1912.54,1681.33,2810.74,1842.4,1889.54,1866.88,2372.89,2637.33,3282.67,4345.36,2351.6,2178.3,1725.03,2475.9,1419.1,1753.83,1882.91,2086.45,2028.84,2598.42,2225.47,2490.7,2379.69,2275.14,148.75
1825,3,Croissant_27,0.0,0.0,0.0,0.0,0.0,0.0,0.0,0.0,0.0,0.0,0.0,0.0,0.0,0.0,0.0,0.0,0.0,0.0,0.0,0.0,0.0,0.0,42.1,1232.78,1649.96,1760.49,2083.39,2044.75,1923.31,2609.57,2613.35,2660.88,2564.73,2960.61,2538.63,2747.23,3050.39,3418.45,3250.31,3163.9700000000003,2646.11,3413.96,3603.03,3710.07,4045.06,4280.31,315.85
1826,3,Pea_3,0.0,0.0,0.0,0.0,0.0,0.0,0.0,0.0,0.0,0.0,3052.76,67.26,0.0,0.0,0.0,0.0,0.0,0.0,0.0,0.0,0.0,0.0,959.35,0.0,0.0,0.0,0.0,0.0,0.0,0.0,0.0,0.0,0.0,0.0,1228.4,0.0,0.0,0.0,0.0,0.0,0.0,0.0,0.0,0.0,0.0,0.0,0.0
1827,4,Milling_0,0.0,0.0,0.0,0.0,0.0,0.0,0.0,0.0,0.0,0.0,0.0,0.0,0.0,0.0,0.0,0.0,0.0,0.0,0.0,0.0,0.0,0.0,0.0,0.0,0.0,0.0,0.0,0.0,905.99,0.0,0.0,0.0,0.0,0.0,0.0,0.0,0.0,0.0,0.0,0.0,1191.69,0.0,0.0,0.0,0.0,0.0,0.0
1828,4,Cake_8,0.0,0.0,0.0,0.0,0.0,0.0,0.0,0.0,0.0,0.0,0.0,0.0,0.0,0.0,0.0,0.0,0.0,0.0,0.0,2398.54,2691.34,2342.32,2163.12,1674.32,1495.89,1814.6,1890.04,1703.62,1429.61,1856.08,1957.09,2043.73,1553.79,1496.4,1322.53,1270.94,1100.48,1099.3700000000001,1238.38,1243.27,965.15,1193.71,1251.34,1348.88,1239.93,1282.74,61.120000000000005
1831,3,Banana_13,8417.39,8974.14,14574.14,18532.51,18278.5,32419.739999999998,33014.66,21896.23,23643.29,25126.41,20425.64,19821.44,20864.03,21769.3,25615.16,26957.37,24865.36,38875.53,37619.08,34176.21,31273.89,29684.96,23779.11,21166.35,23562.35,25728.01,30491.22,30214.01,28837.75,31874.72,21853.02,22158.95,19618.47,18149.92,13709.33,11761.91,11486.75,12959.62,13776.86,13909.17,15536.5,27216.72,26795.08,28269.44,24358.38,25118.66,1084.47
1832,4,Pork_25,0.0,0.0,0.0,0.0,0.0,0.0,0.0,0.0,138.17000000000002,741.15,698.03,558.11,727.52,861.5,1072.77,1125.7,1145.9,1267.84,1131.79,1013.47,898.89,1103.98,891.85,1068.48,1237.83,1335.8,1102.39,1173.3,1618.67,1789.11,1550.93,1614.56,1506.26,1429.93,1056.41,975.78,951.25,1129.76,1355.23,1502.87,1641.63,1688.05,1294.92,1151.04,885.35,872.63,46.14
1833,4,Kiwi_18,0.0,0.0,0.0,0.0,0.0,0.0,27036.05,10866.91,6613.78,0.0,0.0,2859.3,3315.23,4513.64,7306.42,10544.2,8151.01,10490.21,8039.39,29412.18,14595.37,9388.75,12194.4,3946.88,4246.66,5163.82,6541.49,6916.71,9395.81,28814.46,20974.2,19800.4,9124.75,10374.92,6521.84,5254.46,5797.83,6169.51,16173.45,13473.54,14545.86,17856.01,20346.78,16331.24,16747.27,14221.2,799.09
1838,3,Plum_19,0.0,0.0,0.0,0.0,0.0,0.0,0.0,0.0,0.0,0.0,0.0,0.0,0.0,0.0,0.0,0.0,0.0,0.0,0.0,0.0,0.0,0.0,0.0,0.0,1936.4,7525.7,0.0,0.0,0.0,0.0,0.0,0.0,0.0,0.0,0.0,0.0,0.0,0.0,0.0,0.0,0.0,0.0,0.0,0.0,0.0,0.0,0.0
1840,4,Mushroom_21,3380.98,2733.98,2875.73,3235.54,2968.8,3907.75,3427.74,3697.61,3941.76,3889.47,3062.19,2132.75,2040.7,1803.65,1839.1,1697.32,1519.48,1932.58,1759.23,1478.06,1976.96,3680.98,4730.55,4197.36,2524.67,3099.65,1661.17,1651.25,1875.1200000000001,2207.54,1669.55,1876.79,2004.64,2563.14,4837.67,4956.18,2231.33,1945.11,1796.95,1889.51,1804.95,2643.68,2266.46,2514.84,2979.33,5730.92,189.19
1842,4,Pappudia_0,0.0,0.0,0.0,0.0,0.0,0.0,0.0,0.0,0.0,0.0,0.0,237.71,1124.18,1294.19,1429.35,1572.02,1292.21,3052.5,1982.62,2066.35,1915.84,2089.15,1680.7,1334.76,1366.3799999999999,1419.36,1443.82,1470.3600000000001,1328.85,2021.91,1633.06,1835.21,1513.54,1684.72,1133.98,853.92,929.36,1074.68,1180.99,1098.77,1064.77,1630.42,1642.53,1872.76,2059.99,1829.32,85.97
1843,3,Tomato_83,540.23,756.78,1058.7,1106.12,1344.04,1750.79,1671.68,1702.27,1415.5,1232.91,1090.51,908.34,876.33,1049.33,1289.24,1290.82,1489.39,2281.07,1860.7,2010.96,1576.02,1002.75,1000.29,836.83,786.15,1009.42,1294.33,1342.02,1425.93,2053.58,1910.62,2415.2,2894.46,2744.97,2449.8,2070.72,1654.61,2152.11,2617.25,2815.08,2198.84,2595.45,3124.55,3492.11,2770.42,2404.89,146.16
1844,4,Chicken_68,11228.07,10842.62,17947.82,15887.29,13430.88,19994.99,17065.36,19583.67,17553.09,10188.61,12118.39,14466.38,12510.57,11778.6,13661.39,13064.87,15726.25,15772.57,12828.66,16352.83,22741.57,13596.54,10186.08,9906.82,9042.16,7415.27,8053.36,8176.76,11422.71,9132.48,7555.8,8194.35,9109.79,8178.88,7041.38,7217.3,5164.75,5529.48,5286.86,5148.42,8210.45,7116.82,5205.93,5804.55,5022.25,4775.83,282.58
1846,4,Pork_26,0.0,0.0,0.0,0.0,0.0,0.0,0.0,0.0,0.0,0.0,249.85999999999999,461.37,992.39,1405.46,1677.77,1453.71,2784.73,2139.27,1368.73,1840.1,1926.12,2477.27,2451.32,1818.25,1887.15,2060.09,1961.16,2253.66,2637.46,2825.62,2432.32,2232.58,2679.2,2511.11,2322.57,1873.73,1970.97,1796.29,1638.39,1586.63,2125.16,2034.14,2209.59,2180.86,2034.59,2029.35,139.07999999999998
1847,4,Pastry_141,0.0,0.0,0.0,0.0,0.0,0.0,0.0,0.0,0.0,0.0,0.0,0.0,0.0,0.0,0.0,415.49,2163.11,236.32999999999998,0.0,0.0,0.0,0.0,0.0,0.0,0.0,0.0,0.0,516.36,1857.58,557.34,0.0,0.0,0.0,0.0,0.0,0.0,0.0,0.0,0.0,524.86,2033.56,32.56,0.0,0.0,0.0,0.0,0.0
1850,1,Pastry_142,0.0,0.0,0.0,0.0,0.0,0.0,0.0,0.0,0.0,0.0,0.0,0.0,0.0,0.0,0.0,0.0,0.0,0.0,0.0,0.0,0.0,0.0,180.1,634.83,590.09,843.34,861.35,823.75,698.41,1094.08,929.84,858.19,805.8,801.45,701.76,749.9,720.6,842.8,891.93,1008.1700000000001,724.11,1041.19,913.42,1057.57,1094.64,937.25,46.14
1858,4,Sweet Potato_12,0.0,0.0,0.0,0.0,0.0,0.0,0.0,0.0,0.0,1085.43,2374.69,1786.02,2777.2,2983.71,3337.87,3426.06,3290.59,4965.87,4248.33,3759.44,3583.67,3275.37,2812.74,2397.81,2543.82,2831.71,2824.93,2945.5,3506.51,4222.74,3369.63,3731.58,4373.8,6258.85,6195.0599999999995,3247.64,4930.01,4393.89,4065.92,4379.78,3942.56,8090.16,5311.83,5261.14,8403.85,6126.73,330.96
1862,4,Peach_15,3675.7,431.12,0.0,0.0,0.0,0.0,0.0,0.0,0.0,1541.33,9148.88,4753.23,5822.51,2661.08,0.0,0.0,0.0,0.0,0.0,0.0,0.0,0.0,2264.47,3897.48,4401.86,754.27,0.0,0.0,0.0,0.0,0.0,0.0,0.0,117.26,3672.67,3858.39,3843.18,0.0,0.0,0.0,0.0,0.0,0.0,0.0,0.0,0.0,0.0
1869,3,Bread_151,0.0,0.0,0.0,0.0,0.0,0.0,0.0,0.0,0.0,0.0,0.0,129.68,2969.78,3247.04,5219.52,9187.26,11153.03,12093.25,11135.51,10980.02,11501.96,12836.23,12868.27,12287.23,12779.79,15147.89,15251.06,14656.289999999999,15521.12,16141.42,15124.25,17295.96,16439.29,15792.83,14428.22,13999.33,13821.58,14851.29,16454.6,15573.67,15771.73,16421.82,15054.57,16835.89,16400.02,17248.15,1171.71
1876,4,Toust_25,0.0,0.0,0.0,0.0,0.0,0.0,0.0,0.0,0.0,0.0,0.0,0.0,0.0,0.0,0.0,0.0,0.0,0.0,0.0,0.0,0.0,0.0,0.0,0.0,0.0,0.0,0.0,0.0,0.0,0.0,0.0,0.0,0.0,0.0,0.0,0.0,0.0,0.0,0.0,3493.38,745.76,1914.49,447.9,1972.52,7012.75,4883.61,0.0
1878,4,Celery_13,341.13,1090.72,1293.95,1620.29,1806.6,2409.4700000000003,2789.47,2738.42,0.0,0.0,0.0,0.0,0.0,902.44,1857.14,2323.58,3320.42,3648.2,2865.0299999999997,2420.93,2450.2200000000003,1243.24,346.2,0.0,0.0,0.0,439.72,2421.08,2712.57,1335.45,2014.47,3988.76,2533.03,58.260000000000005,1986.67,173.04,0.0,807.37,4028.44,2884.07,5973.2,7422.15,5387.44,4717.4800000000005,4593.96,5937.36,199.89
1880,3,Lettuce_34,0.0,0.0,0.0,0.0,0.0,0.0,0.0,0.0,0.0,0.0,0.0,0.0,0.0,0.0,0.0,0.0,0.0,0.0,0.0,0.0,0.0,29.759999999999998,814.88,1466.94,1604.9,1476.22,488.33,0.0,0.0,0.0,0.0,0.0,0.0,32.93,749.21,2953.28,785.39,0.0,0.0,0.0,0.0,0.0,0.0,0.0,0.0,0.0,0.0
1883,4,Bell Pepper_16,16085.41,11342.46,10569.03,11453.48,10398.09,11178.07,11516.12,15150.63,13631.92,18538.329999999998,12537.09,18380.82,15504.24,12233.65,12125.64,11802.59,10076.44,8629.92,3315.72,7370.95,6506.36,6981.39,6824.71,20092.58,14844.710000000001,15531.16,14385.58,13532.35,8500.54,10629.11,7184.83,7974.17,6734.03,7351.83,7566.72,17923.2,12399.99,12469.460000000001,16165.64,8945.68,7469.15,11126.76,7383.04,7955.91,7119.62,7613.04,242.47
1884,3,Bread_153,2178.16,2430.72,3526.39,3358.75,3735.55,4302.86,3967.25,4367.53,3744.56,2954.17,2711.86,2128.36,1867.87,1773.15,2134.76,2363.97,2073.85,2073.69,1570.79,1917.61,1846.27,1829.04,1710.2,2047.92,2153.88,2347.22,2300.22,2229.1,2565.29,2440.56,1941.66,1813.94,1784.51,1643.42,1352.44,1404.49,1442.92,1219.84,1131.09,1117.1,1216.16,1214.1,890.78,991.6,1015.31,938.18,47.38
1888,4,Coriander_8,3617.5,3406.96,4314.6,4588.86,3895.66,10519.32,5254.71,6345.76,5799.38,5625.74,4328.14,3544.67,3771.39,3299.76,2841.24,3239.25,2759.32,4335.65,2378.4,2496.47,2873.0,3235.8,2657.41,2426.39,2474.95,2463.68,2612.74,3546.61,2369.21,3016.18,2367.79,2975.42,2946.77,4735.28,3427.84,3773.13,3392.74,4066.67,2700.42,2209.46,2429.37,3351.22,3242.04,3123.65,3563.4,5857.47,743.59
1892,1,Pastry_146,1887.43,2093.22,2579.56,2453.88,2014.1299999999999,2635.67,2795.9,3576.09,3131.1,2840.04,2888.6,2334.26,2600.2599999999998,2929.3,3127.96,3325.85,2758.18,2568.38,2938.7799999999997,3188.04,2428.57,2295.36,2188.84,2044.8700000000001,2254.29,2369.0,2505.31,2513.0,2078.85,2151.52,2233.68,2805.42,2911.35,3142.66,2379.06,2494.8,2562.02,2819.09,3857.83,3599.28,2944.54,3499.51,3547.52,3480.04,3303.33,3482.13,209.52
1894,4,Orange_24,0.0,0.0,0.0,0.0,0.0,0.0,0.0,0.0,0.0,0.0,0.0,0.0,0.0,0.0,0.0,0.0,0.0,0.0,0.0,0.0,0.0,0.0,0.0,0.0,0.0,0.0,0.0,0.0,0.0,0.0,0.0,0.0,0.0,0.0,0.0,0.0,0.0,0.0,0.0,0.0,6300.72,14621.72,14145.52,9796.86,7653.16,0.0,0.0
1897,4,Grapefruit_5,2903.1,4377.09,6392.07,3063.37,3148.81,11242.48,4155.99,4528.02,2902.34,4024.94,2886.69,2163.46,1984.59,2440.95,3278.09,9521.4,2696.67,2770.33,2275.84,2155.81,5911.92,2469.66,7385.68,1727.22,1673.45,2102.07,2474.35,2084.64,2397.14,1917.41,1936.39,1713.28,963.95,1711.93,1324.8,1065.78,1134.99,1033.19,399.04,2114.79,2105.79,1938.81,1927.26,2115.7400000000002,2202.15,902.1,143.41
1898,3,Roll_39,3.94,2289.93,4938.87,5263.84,4755.75,5533.07,5504.27,7053.05,7537.42,7940.67,6062.71,5113.09,5574.26,6696.07,8046.3,8657.02,8605.91,6610.7699999999995,5760.97,5118.46,5249.75,4783.32,4354.65,3875.02,3208.09,3869.02,3796.54,3461.67,3552.66,3259.49,3109.02,3949.8199999999997,3565.62,3762.37,3076.08,2695.04,3163.58,4356.93,9425.27,5894.58,5537.7,5371.87,4641.72,4665.88,4345.23,4481.83,302.8
1903,4,Avocado_7,36279.91,40730.88,49137.05,49795.25,47835.94,56301.61,50249.47,83914.81999999999,49421.42,43391.92,53982.659999999996,47480.4,44749.15,60238.89,73926.67,59778.45,45469.32,60926.33,58307.79,54677.53,76031.93,49318.77,49651.6,89106.22,81631.58,77955.24,61009.29,49557.21,42947.53,58891.75,50524.67,48436.71,48758.01,35578.58,28173.26,33827.77,70769.06,70795.2,48060.77,31446.829999999998,29341.67,39656.71,30734.68,38358.17,35828.2,29488.48,1398.02
1909,3,Chicken_71,659.85,546.44,365.04,415.56,319.99,226.14000000000001,402.5,455.06,336.43,302.69,568.06,717.14,875.07,734.19,940.08,739.25,550.3199999999999,497.27,681.1800000000001,822.33,936.76,948.13,653.92,796.78,823.54,810.45,1003.24,787.47,952.1,1133.2,613.06,861.83,709.21,996.26,816.63,742.11,896.63,854.54,865.54,1108.24,1080.1,1098.9,1185.93,1261.1,980.75,1050.39,37.86
1914,4,Potato_61,4396.44,10852.21,12055.38,8154.18,14774.39,11210.49,10263.78,12620.39,11783.01,12502.45,12393.83,11391.54,12602.82,10554.38,10900.17,11088.3,11521.43,11496.23,9768.75,10024.23,10320.61,10441.62,10603.77,8711.41,9401.44,9279.4,8489.85,8388.13,9816.47,9993.42,8468.2,9141.01,10610.15,11040.08,13360.7,1307.88,0.0,3132.11,6191.86,5935.05,8114.74,7555.35,10219.08,10875.28,10934.98,11954.3,760.3000000000001
1916,4,Peach_16,0.0,0.0,0.0,0.0,0.0,0.0,0.0,0.0,0.0,0.0,0.0,0.0,0.0,0.0,0.0,0.0,0.0,0.0,0.0,0.0,0.0,0.0,0.0,406.65,3940.93,2917.5,821.59,0.0,0.0,0.0,0.0,0.0,0.0,0.0,0.0,4053.28,20021.09,1498.67,0.0,0.0,0.0,0.0,0.0,0.0,0.0,0.0,0.0
1917,4,Melon_11,7791.860000000001,5803.62,3334.82,2532.2,2505.88,2662.71,2604.16,3536.35,3139.85,9227.39,7695.88,13254.57,10450.78,9420.2,5222.52,4763.5,4713.8,4818.87,4189.27,3569.89,2600.26,2900.96,8475.01,17463.58,7319.1,4712.3,3362.29,3649.49,2981.56,3262.91,2824.56,18952.65,6564.12,29346.920000000002,6865.47,8630.74,229.71,11103.25,908.3100000000001,2274.69,3433.49,3946.41,8404.87,4915.92,6260.1,7421.09,342.2
1918,4,Tomato_87,0.0,0.0,0.0,0.0,0.0,0.0,0.0,0.0,0.0,0.0,0.0,0.0,0.0,0.0,0.0,0.0,0.0,0.0,0.0,0.0,0.0,0.0,0.0,0.0,0.0,0.0,0.0,0.0,0.0,0.0,0.0,0.0,0.0,0.0,0.0,0.0,0.0,0.0,0.0,0.0,0.0,0.0,0.0,0.0,3962.35,9573.1,476.84
1921,4,Strawberry_29,0.0,0.0,0.0,0.0,0.0,0.0,0.0,0.0,0.0,0.0,0.0,0.0,0.0,0.0,0.0,0.0,0.0,0.0,0.0,0.0,0.0,0.0,0.0,0.0,0.0,0.0,0.0,0.0,0.0,0.0,0.0,0.0,0.0,648.85,3637.46,5142.9,1610.27,0.0,0.0,0.0,0.0,0.0,0.0,0.0,0.0,1112.4,298.41
1924,4,Plum_20,12623.53,13970.47,7017.12,0.0,0.0,0.0,0.0,0.0,0.0,0.0,0.0,0.0,17425.28,18798.670000000002,6827.58,3510.03,0.0,0.0,0.0,0.0,0.0,0.0,0.0,1392.91,22674.22,24944.9,10019.06,0.0,0.0,0.0,0.0,0.0,0.0,0.0,0.0,1433.35,11874.6,13076.39,11215.82,3765.62,0.0,0.0,0.0,0.0,0.0,0.0,0.0
1925,4,Tomato_88,0.0,0.0,0.0,0.0,0.0,0.0,0.0,0.0,0.0,0.0,0.0,0.0,0.0,0.0,0.0,0.0,0.0,0.0,0.0,0.0,0.0,0.0,0.0,0.0,0.0,0.0,0.0,0.0,2121.46,8560.56,10038.51,6721.91,0.0,0.0,0.0,0.0,0.0,0.0,0.0,0.0,0.0,0.0,0.0,0.0,0.0,0.0,0.0
1930,4,Nectarine_12,0.0,0.0,0.0,0.0,0.0,0.0,0.0,0.0,0.0,0.0,0.0,0.0,0.0,0.0,0.0,0.0,0.0,0.0,0.0,0.0,0.0,0.0,0.0,0.0,0.0,0.0,0.0,0.0,0.0,0.0,0.0,0.0,0.0,0.0,0.0,28526.81,14817.09,23314.26,0.0,0.0,0.0,0.0,0.0,0.0,0.0,0.0,0.0
1933,3,Onion_40,477.95,559.74,777.83,702.48,698.0600000000001,905.13,793.91,801.01,766.77,796.84,638.63,697.86,773.46,897.5600000000001,869.3,973.57,886.1,864.43,943.16,839.57,928.34,1159.99,996.45,1026.03,1238.53,1435.79,1247.67,1296.18,1422.34,1645.75,1506.73,1490.21,1471.45,1548.7,1299.72,1350.1,1283.66,1267.37,1491.85,1366.33,1523.6200000000001,1587.7,1533.23,1442.91,1454.68,1611.3799999999999,102.22
1936,1,Bread_158,361.74,365.08,630.8000000000001,571.03,405.67,465.97,412.55,500.19,477.41,420.16,422.72,555.41,388.01,478.68,458.73,470.08,387.56,451.54,347.27,345.59,363.91,226.42000000000002,216.56,264.32,217.15,282.42,280.4,268.76,305.97,346.74,225.81,238.81,267.46,317.61,235.25,306.52,569.75,688.41,967.52,1136.69,1251.14,1529.61,1419.65,1566.59,1685.46,1672.12,71.72
1941,4,Breadcrumbs_0,4194.68,5996.63,8686.47,9542.2,13682.33,5150.25,6555.3,8501.19,7351.0599999999995,6166.13,752.22,0.0,0.0,0.0,2670.72,3732.0,11191.41,3564.45,6181.66,7584.23,7748.12,5610.37,5298.5,6380.85,6882.43,8276.44,7101.64,6707.73,9097.61,2769.02,2782.32,4260.36,4619.16,3444.3,3323.93,3616.82,3235.47,2894.67,2971.07,3343.97,10605.460000000001,2790.15,3261.63,4670.17,3779.17,4654.06,334.64
1942,4,Potato_62,7190.35,8717.73,10324.07,9907.369999999999,9752.65,11963.98,10560.87,10064.78,10286.13,577.99,0.0,0.0,0.0,0.0,0.0,0.0,0.0,0.0,0.0,0.0,0.0,0.0,0.0,0.0,0.0,0.0,0.0,0.0,0.0,0.0,0.0,0.0,0.0,0.0,0.0,0.0,0.0,0.0,0.0,0.0,0.0,0.0,0.0,0.0,0.0,0.0,0.0
1944,4,Kiwi_19,5456.91,9222.36,10806.56,11932.48,11148.4,11894.35,4874.65,0.0,0.0,7306.54,19007.19,5319.02,4072.33,8337.94,24914.49,19801.38,17205.19,22217.88,18040.51,3198.44,0.0,0.0,0.0,0.0,0.0,0.0,8282.58,25924.44,30821.15,19366.93,16635.58,15292.44,2286.58,0.0,0.0,0.0,0.0,45.62,18453.13,39802.68,19362.94,20825.67,16855.31,5076.96,5453.3,10260.14,97.68
1950,4,Chicken_73,3336.21,4781.69,6652.53,6184.72,5910.34,7612.84,7312.2,7850.72,7001.83,6025.89,3979.44,3897.44,4604.24,6561.62,9134.1,10394.56,7481.21,8785.27,7299.81,7979.95,5470.4,4939.55,4087.91,4066.74,4889.24,6556.96,6333.72,6732.39,7463.53,7922.59,5735.39,6500.92,6454.77,4942.72,3903.42,3134.78,3365.74,4214.91,5435.17,5774.89,6637.4,6870.98,5669.17,5639.99,4867.55,4698.13,240.46
1954,4,Grape_33,0.0,0.0,0.0,0.0,0.0,0.0,0.0,0.0,0.0,0.0,0.0,0.0,5836.46,2096.57,2390.75,401.23,0.0,0.0,0.0,0.0,0.0,0.0,0.0,402.44,1308.04,8695.67,544.33,0.0,0.0,0.0,0.0,0.0,0.0,0.0,0.0,0.0,213.63,2081.83,2623.83,0.0,0.0,0.0,0.0,0.0,0.0,0.0,0.0
1959,4,Toust_26,0.0,0.0,0.0,0.0,0.0,0.0,0.0,0.0,0.0,0.0,0.0,0.0,0.0,0.0,0.0,0.0,0.0,0.0,0.0,0.0,0.0,0.0,0.0,0.0,0.0,0.0,0.0,0.0,0.0,0.0,0.0,0.0,0.0,0.0,0.0,0.0,3522.42,2661.3,1248.26,1130.77,709.24,4984.58,6943.6,4453.25,6727.96,6669.41,235.53
1961,4,Apple_106,7133.09,8755.2,11516.73,14503.41,8110.63,10309.69,10817.58,18959.67,13059.289999999999,17322.92,9724.21,2635.87,0.0,0.0,0.0,0.0,0.0,0.0,0.0,0.0,0.0,0.0,0.0,0.0,0.0,0.0,0.0,0.0,0.0,0.0,0.0,0.0,0.0,0.0,0.0,0.0,0.0,0.0,0.0,0.0,0.0,0.0,0.0,0.0,0.0,0.0,0.0
1963,3,Bread_160,2246.54,2819.42,4248.85,4846.59,15475.49,4154.11,3923.35,4647.96,4137.59,3184.67,3289.12,2118.68,2304.4,2094.18,2729.14,2780.62,12623.96,2670.07,2389.12,2489.59,4181.84,1968.05,1905.76,1829.96,2191.43,2874.83,2928.96,2865.65,17388.13,3053.54,3104.17,3485.57,7064.44,2973.45,2706.78,2710.27,3122.15,3499.13,4005.16,4216.0199999999995,18845.77,3825.97,3716.23,7285.72,3512.15,3651.28,176.64000000000001
1971,3,Pumpkin_14,0.0,0.0,0.0,0.0,0.0,0.0,0.0,0.0,0.0,0.0,0.0,0.0,0.0,0.0,0.0,0.0,0.0,0.0,0.0,0.0,0.0,0.0,0.0,0.0,0.0,1175.5,238.93,0.0,0.0,0.0,0.0,0.0,0.0,0.0,0.0,0.0,0.0,914.34,2400.45,0.0,0.0,0.0,0.0,0.0,0.0,0.0,0.0
1973,1,Pastry_147,0.0,0.0,0.0,0.0,0.0,0.0,76.02,1400.07,921.8,862.21,921.3,959.38,999.7,1272.28,2098.23,2398.17,1833.83,1500.21,1849.17,1629.27,1103.89,946.03,959.34,722.52,860.66,756.66,789.02,859.63,770.34,776.75,811.53,1079.9,890.12,1217.4,897.83,734.94,902.71,852.25,781.39,951.47,827.72,1135.73,1143.24,1059.33,1071.3,1157.78,0.0
1975,4,Mandarin_14,0.0,0.0,0.0,0.0,1032.66,1920.88,1098.52,16.580000000000002,0.0,0.0,0.0,0.0,0.0,5280.76,0.0,0.0,426.18,992.96,226.5,0.0,0.0,0.0,0.0,0.0,0.0,0.0,0.0,0.0,0.0,8257.26,2464.33,275.32,0.0,0.0,0.0,0.0,274.09,1313.21,706.66,0.0,956.5,6982.59,889.36,0.0,0.0,0.0,0.0
1977,4,Beef_24,0.0,0.0,0.0,0.0,0.0,0.0,0.0,0.0,0.0,0.0,0.0,0.0,0.0,0.0,0.0,0.0,1343.37,9257.63,6645.49,7023.25,8401.22,7748.75,4664.64,4500.21,3808.39,4031.75,3984.88,5561.09,6143.73,7334.26,5996.79,6130.91,7273.02,7651.13,4360.7,9721.95,5917.13,5722.98,6351.24,6273.25,7092.49,8104.92,6146.8,6262.09,6242.4800000000005,6424.41,398.23
1979,4,Apricot_13,1138.45,0.0,0.0,0.0,0.0,0.0,0.0,0.0,0.0,4928.64,16162.17,10219.93,9298.81,2790.2,0.0,0.0,0.0,0.0,0.0,0.0,0.0,10453.01,13247.87,13415.03,8795.42,5519.55,0.0,0.0,1473.64,301.93,0.0,0.0,0.0,1807.69,16611.09,8247.42,8043.21,2494.07,0.0,0.0,0.0,0.0,0.0,0.0,0.0,5007.92,271.35
1980,3,Pastry_148,0.0,0.0,0.0,0.0,0.0,0.0,0.0,0.0,0.0,94.83,103.93,618.3100000000001,65.49000000000001,310.27,351.69,1124.71,1633.06,2290.66,2133.89,1851.32,1589.31,3868.92,1188.47,8401.38,3307.39,1370.24,1612.33,1356.39,642.58,1577.73,1356.4,1425.81,740.45,984.4,117.85,762.99,1015.48,964.43,1353.94,952.54,331.79,1124.0,852.52,288.25,676.33,1978.58,68.15
1986,4,Bread_164,0.0,0.0,0.0,0.0,0.0,0.0,0.0,0.0,0.0,0.0,0.0,0.0,0.0,0.0,0.0,0.0,0.0,0.0,0.0,0.0,0.0,0.0,0.0,0.0,0.0,0.0,0.0,0.0,1581.38,4062.31,6806.04,9089.61,11522.54,13515.61,12664.15,16322.73,16143.02,15555.67,15222.67,14608.58,21070.81,16366.95,13430.58,17427.84,18682.56,18536.49,1002.57
1989,1,Baguette_30,524.5600000000001,490.7,758.15,681.12,690.29,744.33,750.63,784.57,784.99,857.74,853.8100000000001,704.77,625.83,806.66,687.15,787.3,683.48,742.66,727.38,814.58,749.85,836.9399999999999,817.26,754.6800000000001,845.52,772.64,698.92,741.73,732.35,755.49,711.67,863.16,964.5699999999999,870.62,840.65,846.53,973.24,877.13,855.38,895.1,976.3199999999999,915.59,778.78,895.23,1027.75,1038.95,36.12
1990,4,Bread_165,5196.08,7081.77,6852.79,7039.76,5971.86,9318.66,8590.86,9461.68,13840.29,10077.59,9034.58,8952.55,8590.81,8782.72,9610.2,9956.32,8283.24,11261.05,9793.4,10483.16,9327.28,9934.67,8935.3,8908.24,8589.76,8136.03,8067.69,7756.59,6419.62,9226.47,7489.78,7788.46,7919.25,8073.14,7173.5599999999995,6721.39,6146.71,5956.54,6241.08,6064.15,5086.2,7512.57,6774.2,7044.14,7253.37,7377.93,477.65999999999997
1994,4,Baguette_31,12449.84,12228.67,12461.29,13910.88,24687.670000000002,14480.710000000001,14458.78,15451.06,15622.49,15926.89,14832.44,14185.89,13461.96,12869.38,12211.77,11579.31,22236.66,11322.93,9466.37,9889.79,10121.9,10849.26,10987.85,10962.27,10280.04,10720.31,10219.07,10261.75,20660.27,10928.43,9755.37,10859.03,13389.26,13115.52,12487.15,12801.07,11427.97,10718.84,9585.88,9523.83,23511.670000000002,10056.05,8302.71,10918.45,11134.43,11370.62,639.17
1996,3,Herb_14,920.27,873.58,1014.63,1149.1,1104.41,1429.77,1538.15,2176.55,1819.84,1390.15,988.56,810.52,1161.4,1242.2,1404.02,1689.02,1651.91,2545.41,2025.58,2189.56,2253.8,1618.4,1205.84,1054.36,1271.84,1458.15,1478.17,1579.26,1779.28,2189.39,1900.69,2265.85,2144.67,1855.57,1351.49,1189.93,1276.63,1396.69,1698.85,1765.67,1898.8,2222.76,2281.25,2712.09,2384.41,2176.29,145.74
1998,4,Bread_167,3276.44,3646.4700000000003,4501.72,3583.66,3675.87,3690.62,3625.7599999999998,3920.66,3793.35,3894.72,3524.13,2580.97,2705.73,4025.3,3879.46,3608.65,3404.84,3479.96,3425.02,3990.48,3875.79,3773.73,3942.5,3630.0,4005.82,3932.42,3784.0,3882.33,4272.88,4439.6,4814.21,6304.38,5705.99,6044.08,6038.55,5498.32,5830.63,5507.94,5310.93,5951.55,5948.75,6077.28,6797.41,8051.3,8082.76,8949.81,389.45
1999,3,Toust_28,4509.47,5532.69,6951.05,7366.44,5757.67,5632.54,5090.2,5395.34,4686.25,4969.9,4860.6,4854.37,4714.21,4064.1,3981.48,3811.64,3476.67,4521.71,4437.4,3764.62,3687.9900000000002,2809.15,2449.92,3280.17,3335.66,3001.07,3207.78,3202.27,2852.49,2651.27,3096.6,3617.68,3703.25,4043.02,2722.63,3972.28,4410.01,4938.95,4678.29,4565.26,4238.16,5086.2,4843.63,5031.01,4696.01,4888.36,338.09999999999997
2000,1,Bread_168,0.0,0.0,0.0,0.0,0.0,0.0,0.0,0.0,0.0,0.0,0.0,0.0,0.0,0.0,0.0,0.0,0.0,0.0,0.0,0.0,0.0,0.0,31.65,404.90000000000003,747.13,855.63,947.53,1039.89,1341.44,1336.81,1300.15,1563.83,1762.03,1807.06,1327.37,1517.92,1599.9,1920.92,1701.84,1765.11,1775.5,1870.17,1675.2,2129.68,1947.5900000000001,2091.36,142.46
2001,4,Chicken_76,1592.82,1974.97,2435.01,2511.48,2277.86,3406.97,2718.51,2928.08,2613.42,1965.8600000000001,2086.95,2187.33,2532.25,3041.66,3993.05,4723.47,4313.79,4418.04,4084.29,4614.1,4227.57,3281.35,2976.96,2814.7599999999998,2970.86,3212.33,3093.72,2966.69,3124.92,3570.73,3004.35,3338.67,3133.73,2826.06,2557.8,2511.9,2538.29,2871.85,2876.78,3168.93,3267.43,3481.17,3069.6,2931.7,2660.71,2678.29,182.18
2002,3,Roll_40,3302.73,3097.18,4921.65,5924.76,6704.01,9374.37,10223.15,10377.15,9087.94,8721.98,9085.09,8549.77,8940.67,9406.06,10525.07,11239.69,11182.6,11428.85,12081.37,11478.22,10398.79,10166.17,9915.19,9268.46,9614.43,10136.29,10146.73,12067.03,10883.74,8951.78,9024.0,11784.68,12491.32,11359.84,9996.27,10423.2,11417.94,14011.25,12902.73,13026.42,14752.35,14765.12,14176.25,14547.9,13613.18,14422.72,1022.26
2003,4,Drink_0,0.0,0.0,0.0,0.0,0.0,0.0,0.0,0.0,0.0,0.0,0.0,328.84,1747.42,1680.1,2116.3,2719.78,2613.25,5283.11,3109.06,3239.75,3046.67,3137.27,2655.15,2648.39,2328.15,2606.76,2917.71,2995.85,2753.16,4011.93,3656.89,4048.48,4070.29,3991.82,3200.57,2905.89,2749.35,2889.94,3349.71,3299.92,3399.45,4339.58,4483.14,5061.49,5247.31,5221.04,276.68
2005,4,Apple_107,0.0,0.0,0.0,0.0,0.0,0.0,816.58,1448.82,1455.23,1633.42,995.87,613.6899999999999,0.0,0.0,869.88,3908.78,8550.84,1519.11,10955.87,2953.3,2108.66,1190.54,611.97,466.1,7173.52,937.95,1160.93,989.61,9293.23,2334.94,1913.49,2265.48,2127.01,1532.54,1538.85,1706.51,470.51,602.45,8309.72,1694.02,1788.79,7152.57,1784.3,2762.79,2551.62,2985.82,103.02
2007,3,Blueberry_30,0.0,0.0,0.0,0.0,0.0,0.0,0.0,0.0,0.0,0.0,0.0,0.0,0.0,0.0,0.0,0.0,0.0,0.0,0.0,0.0,0.0,0.0,0.0,0.0,0.0,0.0,0.0,0.0,0.0,0.0,0.0,0.0,0.0,0.0,0.0,373.08,4543.14,734.74,0.0,0.0,0.0,0.0,0.0,0.0,0.0,0.0,0.0
2009,4,Bean_1,2700.44,2559.64,2867.4900000000002,3115.02,2805.56,4183.31,3687.79,3922.08,3822.64,3058.73,2506.18,2376.24,2249.37,2344.76,2637.62,3446.69,2915.68,4175.47,3249.71,3256.75,3178.46,2402.62,2431.42,2164.65,2191.23,2505.51,2378.93,2708.72,2738.89,3280.46,2713.91,2880.83,2827.52,2883.02,2698.11,2090.4,2426.32,2806.69,3350.4,3593.7599999999998,3547.85,4118.02,3671.67,3930.16,3584.92,3404.15,238.76
2011,3,Bread_169,0.0,0.0,0.0,0.0,0.0,0.0,0.0,0.0,0.0,0.0,0.0,0.0,0.0,454.54,1747.58,2134.83,1743.04,3292.67,2417.25,2263.21,1922.64,1696.35,1538.13,1553.66,1641.02,1680.93,1675.29,1429.27,1408.87,1362.48,1166.99,1608.71,1635.7,1737.4,1338.04,1330.37,1247.74,1496.51,1585.49,1322.17,1469.04,1712.7,1528.08,1694.74,1723.1299999999999,1848.03,108.47
2021,4,Apple_110,0.0,0.0,0.0,0.0,0.0,0.0,0.0,0.0,0.0,0.0,0.0,0.0,0.0,0.0,0.0,0.0,0.0,0.0,0.0,0.0,0.0,0.0,0.0,0.0,0.0,0.0,0.0,0.0,0.0,0.0,0.0,0.0,0.0,0.0,7429.44,5154.4800000000005,0.0,0.0,0.0,0.0,0.0,0.0,0.0,0.0,0.0,0.0,0.0
2023,4,Pomelo_3,0.0,2031.57,27551.86,9571.19,23773.72,13550.27,13469.9,15464.6,432.98,0.0,0.0,0.0,0.0,0.0,1839.43,4885.69,13146.61,9108.880000000001,2208.79,4210.92,0.0,0.0,0.0,0.0,0.0,0.0,2827.56,34535.75,43543.57,10702.44,11350.5,4350.62,0.0,0.0,0.0,0.0,0.0,3038.5,4214.03,10999.2,4518.54,5555.81,4435.87,4515.92,0.0,0.0,0.0
2030,1,Roll_41,0.0,0.0,0.0,0.0,0.0,0.0,0.0,0.0,0.0,0.0,0.0,0.0,0.0,0.0,0.0,3034.08,5661.77,7307.06,8437.73,10183.62,11853.44,11259.27,10592.55,10406.1,10986.17,12998.54,13704.949999999999,13246.24,13770.8,13082.96,12084.02,15909.92,15386.2,15677.039999999999,11926.42,11948.63,12472.54,14457.789999999999,15248.38,15926.7,16395.32,17991.94,17299.25,20365.84,19501.71,19300.97,1322.48
2038,4,Bread_171,2708.29,2201.13,2490.1,2764.4,2976.71,3928.28,3975.41,4893.72,3868.75,4442.15,4279.7,4050.2200000000003,3088.15,3422.06,3311.65,2128.2,30.07,0.0,1396.07,3293.35,3518.63,1986.96,4089.22,4132.72,3311.55,2765.7,1939.76,2244.43,3264.71,2666.4,3409.45,4075.1,4813.55,4458.47,4522.41,4652.5199999999995,190.91,0.0,0.0,0.0,0.0,0.0,0.0,0.0,1288.08,3496.28,187.35
2042,4,Salad_52,0.0,0.0,0.0,0.0,0.0,0.0,0.0,0.0,0.0,0.0,0.0,0.0,0.0,0.0,0.0,0.0,0.0,0.0,0.0,0.0,0.0,0.0,0.0,0.0,0.0,0.0,0.0,0.0,0.0,2414.64,3623.63,3981.12,3361.92,3203.45,2950.51,3259.65,2669.04,2668.21,2565.03,3188.75,2803.08,4567.91,4341.49,5177.93,5731.9,5214.82,287.58
2045,4,Pastry_152,0.0,0.0,0.0,0.0,0.0,0.0,0.0,0.0,0.0,0.0,0.0,0.0,0.0,0.0,0.0,0.0,0.0,0.0,0.0,422.14,1655.26,1928.24,1991.18,1976.47,2309.8,2966.62,3069.75,3489.1,2636.66,3492.31,3230.35,3434.17,2643.9,2631.06,2415.02,2099.32,2168.26,2624.22,2731.74,2359.37,1704.02,2488.75,2172.7200000000003,2136.11,2169.17,2184.0,140.35
2050,4,Pork_28,0.0,0.0,0.0,740.89,1819.49,934.76,1374.48,2493.74,2289.07,7655.61,3249.2200000000003,8967.06,8948.49,2940.3,3314.29,6570.78,12758.16,10785.37,7739.76,3860.86,3709.92,3562.94,3690.59,3934.73,3420.16,3580.25,3088.35,2497.4900000000002,4421.68,2950.56,6271.22,3306.36,4098.52,5244.75,3667.91,4477.81,4514.92,4099.8,3644.31,3721.33,5409.95,4324.37,3571.9,3570.25,3298.25,4234.8,167.28
2054,4,Chicken_77,481.21,598.79,3975.96,2657.67,968.66,1188.91,1006.48,1250.21,1385.95,994.21,730.33,1475.63,856.28,912.67,1035.81,1211.71,873.26,855.79,738.87,583.5,910.95,765.59,1964.91,886.93,1112.39,1115.56,1118.29,1185.81,1424.09,1129.05,1258.88,1204.77,4589.69,3612.35,1195.5,1257.72,1246.21,1161.69,1315.71,1342.81,1484.38,1821.06,1704.29,2082.88,4589.43,1990.61,93.19
2057,4,Pepper_23,5219.77,7291.03,9199.92,10077.16,11269.58,16794.45,17774.97,20128.78,10829.77,11818.8,9198.61,10220.82,9190.93,11045.63,8021.16,8004.5,11142.48,13258.85,13495.06,14505.67,15217.41,14872.85,10865.29,7347.79,7337.58,9610.0,6584.67,7414.2300000000005,9176.47,15111.73,12340.98,6039.67,7622.33,6594.8099999999995,5162.18,2548.15,7045.21,8505.95,1197.04,5660.02,5278.65,10807.17,10113.72,9235.3,4976.96,6278.96,510.41999999999996
2059,4,Salmon_15,8846.1,9469.32,13248.11,9260.45,10495.22,22993.62,20047.16,18179.18,13031.44,11622.11,10452.04,5554.9,8582.58,8440.66,7929.03,8815.39,2408.33,0.0,0.0,0.0,6596.86,6342.61,0.0,0.0,0.0,0.0,0.0,0.0,0.0,0.0,1485.3600000000001,2474.68,6401.0199999999995,5206.74,3956.4,3310.92,5606.03,3315.59,6527.93,3485.35,3148.73,3146.58,4044.69,3783.8,3593.72,4736.32,352.56
2066,3,Pastry_153,690.7,607.29,171.15,879.3,475.04,688.29,860.57,1103.39,1239.07,1523.12,1064.9,1077.87,1080.53,968.7,1048.32,1074.56,627.92,546.52,945.71,1085.94,1003.31,941.49,700.07,553.51,714.39,898.02,987.42,709.47,641.99,635.15,998.24,1412.25,1047.75,955.95,770.42,626.79,854.22,908.62,1007.55,892.66,810.72,934.65,942.6,989.11,884.85,941.8,73.22
2069,3,Pastry_154,7772.79,7952.07,8637.65,8397.01,7266.55,10759.45,11007.95,11394.15,10173.43,11061.69,9851.96,9532.31,10180.28,11400.08,14355.21,14482.65,10590.78,14512.28,12786.33,13201.77,11674.22,12257.5,11384.88,9445.95,9797.5,12123.45,11161.28,11210.93,8303.47,10787.39,8803.04,9618.58,8526.07,9427.66,8845.73,6386.92,7091.49,7983.71,8207.66,8001.68,6233.66,8095.09,7347.01,7627.26,7301.53,8038.1,556.16
2071,1,Pastry_155,0.0,0.0,0.0,0.0,0.0,0.0,0.0,0.0,0.0,0.0,0.0,0.0,0.0,927.72,1714.3,2219.51,1580.19,1803.94,1741.1299999999999,1708.46,1374.73,1553.36,1431.1200000000001,1522.74,1394.76,1593.69,1495.98,1461.99,1405.52,1929.41,1873.49,1993.65,1696.26,1804.2,1845.51,1784.89,1544.92,1586.58,1604.47,1625.44,1459.71,1784.12,1371.57,1463.65,1559.21,1574.8600000000001,105.42
2074,4,Toust_29,0.0,0.0,0.0,0.0,0.0,0.0,0.0,0.0,0.0,0.0,0.0,0.0,0.0,0.0,0.0,0.0,0.0,0.0,0.0,0.0,0.0,0.0,0.0,0.0,0.0,0.0,0.0,0.0,0.0,0.0,0.0,0.0,0.0,0.0,0.0,0.0,2427.95,1053.6399999999999,874.76,955.64,563.16,2688.16,4011.58,2063.94,5148.39,3634.5,0.0
2075,4,Bread_172,3669.3,3813.67,4102.13,4021.98,3469.54,4836.67,3756.54,4212.74,3787.61,3810.16,3502.68,3116.75,3204.96,3159.17,3414.94,3598.44,3116.81,4437.59,3902.25,4010.92,3261.54,3745.63,3192.04,3156.73,3151.43,3117.07,2909.77,2882.69,2676.59,3735.01,2942.74,2952.52,3014.03,3155.34,2744.94,2761.86,2785.56,2586.15,1076.08,209.57,1944.12,3192.81,2860.66,2914.86,3088.03,3341.83,174.56
2080,4,Gooseberry_0,0.0,0.0,0.0,0.0,0.0,0.0,0.0,0.0,0.0,0.0,640.4399999999999,4407.44,1558.39,0.0,0.0,0.0,0.0,0.0,0.0,0.0,0.0,0.0,0.0,0.0,0.0,0.0,0.0,0.0,0.0,0.0,0.0,0.0,0.0,0.0,1112.45,1943.5,76.52,0.0,0.0,0.0,0.0,0.0,0.0,0.0,0.0,0.0,0.0
2083,4,Apple_114,0.0,17159.2,10445.01,8098.2300000000005,6482.69,7802.16,7189.58,9259.34,8826.24,6434.1,5143.14,5247.93,6181.48,8510.84,7223.2,7250.33,7063.09,9328.43,7671.37,18517.94,10141.44,7925.04,6862.66,5529.61,6078.5599999999995,7538.53,4970.51,4990.89,5860.69,7753.85,6592.17,6513.19,5888.36,5671.96,5500.66,1534.06,6155.87,6427.21,11655.41,6481.69,5975.08,6894.6,6178.81,6575.37,6778.69,4949.56,177.18
2084,4,Radish_13,55124.43,62519.17,77248.13,67746.22,73416.46,71646.08,61468.22,89069.92,98235.63,143951.95,119322.57,65480.0,61574.45,86478.41,76197.83,74842.27,66492.65,103931.17,102647.39,88131.52,144687.47,159068.1,71870.89,66144.27,41483.53,42838.37,55381.59,79311.31,54312.57,94857.93,101807.04,115246.33,101004.63,151680.85,108424.76,87494.5,41750.78,43967.31,49920.12,17417.01,53646.6,95170.18,91618.21,69323.14,124370.68,78979.63,4002.18
2087,4,Date_1,813.75,858.19,953.12,1087.27,1541.03,1295.17,1314.07,1370.66,1392.06,1506.85,1264.42,1164.37,1226.77,1446.15,1725.34,2384.19,2959.54,2200.38,1770.1,1831.13,1753.41,1538.82,1195.68,1098.04,1215.55,1395.15,1463.75,1508.72,2005.82,1647.77,1362.42,1494.2,1354.75,1250.87,1167.92,1150.1,1361.81,1365.9,1412.84,1549.79,3764.0299999999997,2021.06,1855.26,2296.58,2281.1,2396.38,128.57999999999998
2090,4,Tomato_96,0.0,0.0,0.0,0.0,0.0,0.0,0.0,0.0,0.0,0.0,0.0,0.0,0.0,0.0,0.0,0.0,0.0,0.0,11222.25,14142.85,18052.23,11792.9,8150.48,6759.04,4373.05,5960.18,10567.72,8605.18,8412.38,9406.31,16566.19,19465.07,17014.079999999998,3357.5,0.0,0.0,0.0,0.0,0.0,0.0,0.0,0.0,0.0,0.0,0.0,0.0,0.0
2097,3,Pastry_158,0.0,0.0,0.0,0.0,0.0,0.0,0.0,0.0,0.0,0.0,0.0,0.0,0.0,0.0,0.0,0.0,0.0,0.0,0.0,0.0,0.0,0.0,0.0,0.0,0.0,0.0,726.66,4355.18,6682.48,6701.32,6683.7,8983.62,8693.87,8606.54,7615.48,6867.95,7820.05,9978.36,11319.5,11227.41,12248.08,13962.37,14022.86,15873.28,14466.04,13837.88,947.3
2098,4,Paprika_2,0.0,0.0,0.0,0.0,0.0,0.0,0.0,0.0,0.0,0.0,0.0,0.0,0.0,0.0,0.0,0.0,0.0,0.0,0.0,0.0,0.0,0.0,0.0,0.0,0.0,0.0,0.0,606.28,10906.01,9153.24,0.0,0.0,0.0,0.0,0.0,0.0,0.0,0.0,0.0,0.0,0.0,0.0,0.0,0.0,0.0,0.0,0.0
2100,3,Pastry_159,0.0,0.0,0.0,0.0,0.0,0.0,0.0,0.0,0.0,0.0,0.0,0.0,0.0,0.0,0.0,0.0,0.0,0.0,0.0,0.0,0.0,0.0,0.0,0.0,0.0,649.26,4758.7,6471.3099999999995,6535.12,8856.72,8649.34,11274.65,12109.92,12549.27,9887.96,10693.77,11644.05,11106.72,11209.75,12506.93,12056.11,14233.43,14698.25,15507.74,15226.57,15925.75,913.29
2106,4,Toust_30,0.0,0.0,0.0,0.0,0.0,0.0,0.0,0.0,0.0,0.0,0.0,0.0,0.0,0.0,0.0,0.0,0.0,0.0,0.0,0.0,0.0,0.0,0.0,0.0,0.0,0.0,0.0,0.0,563.97,1809.01,1572.82,1760.02,1715.45,2089.53,1807.89,2049.15,2255.08,2847.29,3628.49,3079.11,3221.9,3519.82,2995.84,3446.94,3042.05,3325.29,204.03
2107,4,Herb_15,300.57,304.09,452.22,628.36,716.53,964.48,798.61,809.21,662.54,550.41,361.0,452.55,556.3,484.08,716.4,661.85,666.04,984.79,788.87,576.11,609.38,565.99,587.6,741.4,822.22,751.42,1013.23,1089.51,1096.07,2117.04,1756.57,1725.6399999999999,1772.91,1394.18,1187.36,1347.7,1661.24,1249.75,1501.46,1807.63,2527.7,2917.51,1561.94,1444.79,1140.27,1140.3,32.14
2113,4,Plum_22,0.0,0.0,0.0,0.0,0.0,0.0,0.0,0.0,0.0,0.0,0.0,0.0,0.0,0.0,0.0,0.0,0.0,0.0,0.0,0.0,0.0,0.0,0.0,0.0,505.55,26.89,94.03,0.0,0.0,0.0,0.0,0.0,0.0,0.0,0.0,0.0,2387.93,6961.91,0.0,0.0,0.0,0.0,0.0,0.0,0.0,0.0,0.0
2115,4,Basil_4,4058.28,3756.16,4245.83,4978.61,5809.92,8495.05,5874.8099999999995,5988.41,6538.57,6256.24,4975.75,4556.6,4787.88,4962.05,5462.06,5786.8,5682.7699999999995,7062.87,6466.8,5792.25,5544.66,5513.71,4946.43,5264.29,5205.05,5142.5199999999995,5322.41,5343.23,5852.3,7399.64,6766.39,7115.45,5637.01,4447.27,4183.98,6036.39,5933.34,5609.05,5132.0,5140.99,4204.98,4256.68,7181.57,7200.59,7213.42,7142.24,435.37
2118,4,Chicken_78,4573.07,5015.87,6260.07,5995.95,5623.13,6599.14,6209.97,7006.44,6236.28,5819.61,4802.9,4614.43,4901.66,5229.4800000000005,5847.64,5986.89,5130.25,5940.5,4740.92,5010.67,4334.67,3950.61,3484.04,3829.72,4183.61,4616.73,4675.59,4445.61,4458.16,5013.45,4477.29,4808.9,4852.21,4595.15,3767.67,3682.92,3640.73,3917.04,4166.95,3925.28,4164.61,4878.83,3741.38,4055.82,3702.92,4280.08,231.25
2120,1,Focaccia_1,0.0,0.0,0.0,0.0,0.0,0.0,0.0,0.0,0.0,0.0,0.0,0.0,0.0,618.48,1681.91,1329.1399999999999,1125.85,912.65,928.89,693.75,638.85,601.12,482.74,578.26,572.2,660.01,698.4,641.04,627.81,658.76,553.48,617.72,678.34,834.91,551.89,687.47,639.49,790.09,820.44,811.93,762.84,794.81,731.63,703.27,794.49,909.54,36.79
2123,3,Pastry_162,0.0,0.0,0.0,113.72,1290.16,0.0,0.0,0.0,0.0,0.0,0.0,0.0,0.0,0.0,0.0,388.2,1459.3,0.0,0.0,0.0,0.0,0.0,0.0,0.0,0.0,0.0,0.0,636.56,1892.99,0.0,0.0,0.0,0.0,0.0,0.0,0.0,0.0,0.0,0.0,404.28,2251.37,0.0,0.0,0.0,0.0,0.0,0.0
2126,4,Chicken_79,1858.09,2139.38,2993.84,2943.89,2536.66,3764.6,3549.36,3951.81,3516.89,2006.29,2570.61,2543.36,2385.63,2347.1,2676.96,3131.28,2904.21,3497.77,2953.48,3483.46,4155.56,2917.15,2335.92,2608.81,2268.59,2275.95,1760.35,1615.95,1822.58,1818.71,1704.91,1738.8,1729.22,1719.19,1542.79,1347.0,1315.07,1324.82,1511.48,1546.34,1489.43,2002.31,1370.79,1797.01,1647.74,1336.77,78.99
2128,4,Chicken_80,6183.93,7058.67,8347.039999999999,8403.31,7761.21,9860.63,10569.66,12396.48,13400.38,13815.68,12467.21,13135.7,13142.09,15184.97,17276.01,20087.33,18534.94,18854.27,20423.88,20340.53,15070.130000000001,16086.73,12531.66,14857.01,14644.88,13231.59,16063.41,16142.94,17268.39,17019.95,16370.7,17736.59,18537.26,18630.1,17174.9,18162.79,17691.27,17977.99,29745.0,19950.42,22243.26,25405.06,23772.78,26564.76,25989.92,28615.51,1685.9
2133,4,Chicken_81,0.0,0.0,0.0,0.0,0.0,0.0,0.0,0.0,0.0,0.0,0.0,0.0,0.0,0.0,0.0,0.0,0.0,0.0,82.18,544.85,645.14,750.53,689.5,711.69,1491.74,938.46,1011.19,966.09,1359.66,1299.22,1069.86,2284.76,1336.87,1605.26,1331.63,1241.85,1627.76,1656.09,2126.44,1395.05,1909.75,1663.0,3268.9,2162.25,4228.72,2494.27,144.46
2136,4,Melon_13,2274.25,1336.82,1178.31,760.58,1191.5,1354.87,1371.61,1711.93,2153.58,2590.13,4021.9,7740.84,4790.84,4052.57,955.42,1336.92,1308.6,1169.43,1579.48,976.82,1782.08,2235.75,2223.31,2507.75,2492.67,343.79,0.0,0.0,0.0,0.0,0.0,0.0,0.0,189.12,918.31,519.16,1665.87,540.43,572.07,634.75,3340.0,523.91,569.0,0.0,0.0,439.28,31.02
2139,4,Potato_67,19033.08,225.87,0.0,0.0,0.0,0.0,0.0,0.0,0.0,0.0,8444.72,36227.9,47639.08,9830.88,0.0,0.0,0.0,0.0,0.0,0.0,0.0,0.0,22679.44,40678.97,35349.9,4968.55,0.0,0.0,0.0,0.0,0.0,0.0,0.0,0.0,21740.87,44471.91,38596.71,13817.93,0.0,0.0,0.0,0.0,0.0,0.0,0.0,0.0,802.94
2141,3,Pastry_163,8215.63,9108.43,9883.12,13612.01,9607.32,11420.289999999999,12741.5,12234.99,9811.92,11216.61,11819.83,10846.6,11788.63,12640.31,14821.38,15221.39,11408.81,10497.1,12674.2,13332.59,11955.39,11764.82,11309.49,10009.79,10373.9,12018.53,12695.25,12922.56,10728.54,10094.74,10100.43,13618.38,11919.9,12709.49,10786.07,9772.09,10936.33,12588.92,13171.91,12719.66,10228.789999999999,12151.4,12597.53,13310.95,11971.95,14970.37,1176.66
2142,4,Bagel_10,0.0,0.0,0.0,0.0,0.0,0.0,0.0,0.0,0.0,0.0,0.0,0.0,0.0,0.0,0.0,0.0,0.0,0.0,0.0,0.0,0.0,0.0,0.0,0.0,0.0,0.0,221.23000000000002,1688.95,2005.8899999999999,1421.15,1968.61,4470.45,4479.66,4863.75,3959.82,3254.22,4091.2200000000003,4962.09,5542.12,6127.96,6030.72,7323.29,7030.98,6403.9,3423.2,4067.91,406.57
2145,4,Parsley_9,395.7,383.8,517.53,755.9,2711.14,1447.64,1111.31,1339.04,965.91,705.81,473.14,499.87,458.45,437.8,593.06,656.71,1335.86,824.84,759.29,861.84,1163.89,569.8,1921.68,3549.03,3111.52,3892.56,4917.94,4221.89,11316.380000000001,9487.09,7729.89,7988.78,7144.96,5084.94,3849.13,3908.2,4065.07,4610.67,5265.05,5857.97,10789.95,8512.69,5588.65,5333.91,3125.17,6121.05,256.0
2146,4,Herb_16,2340.7599999999998,1964.04,2208.94,2202.35,2030.1399999999999,2850.81,2517.37,3041.8,3117.5,2432.68,1322.03,815.77,677.76,812.8100000000001,551.32,2214.55,2975.0,3174.95,2565.85,3005.31,3243.11,3005.84,1740.87,1255.84,1756.47,2601.17,2689.56,3043.59,3402.45,1785.29,2984.46,3788.52,3513.7,2853.93,1254.34,1491.05,2691.73,2126.0,1884.75,1892.07,2323.93,2107.02,2401.2400000000002,3701.66,4040.77,3600.55,257.5
2147,4,Toust_31,1967.52,2175.59,2315.9,2085.64,1501.2,2424.32,2174.17,2545.42,2206.6,2415.16,2060.39,1963.2,2235.38,2289.38,2262.79,2226.4,1752.02,2359.37,2170.78,2175.88,1989.81,2190.83,2056.83,1888.81,1932.45,2319.71,2414.12,2450.73,2166.25,2998.07,2816.36,3127.69,2745.93,2838.48,2931.9,2029.34,2834.61,3087.85,3165.44,3089.99,2746.01,3255.2599999999998,3036.77,3385.75,3218.95,3311.29,93.44
2148,1,Roll_44,1234.78,1340.07,1330.57,1207.14,1242.17,1425.45,1316.8,1503.43,1713.52,1789.01,1701.7,1832.55,1776.02,2166.51,2146.15,2072.87,1738.65,1644.68,1833.12,1654.66,1711.44,1928.0,1717.51,1462.8,1574.33,1657.01,1788.08,1650.73,1423.2,1379.93,1212.91,1310.34,1299.59,1222.22,870.49,1036.96,853.15,958.0500000000001,982.64,956.29,895.58,1052.35,1007.27,1080.93,1144.78,1331.02,69.49
2151,4,Snack_8,1810.91,2605.54,3016.02,2821.7,2915.61,3743.34,2797.43,3505.5099999999998,3425.62,3453.11,2674.18,1974.99,1674.48,2019.19,2031.33,2318.58,1819.42,1829.17,1515.42,2040.48,1748.28,1757.88,1179.44,708.96,785.7,1193.13,1176.86,1140.57,932.5,1662.81,1088.12,1145.87,1205.71,1097.69,678.44,766.97,636.88,1054.29,1225.26,1183.78,1030.43,1593.8799999999999,1336.88,1691.66,2082.26,1079.43,83.61
2154,4,Bread_181,8172.09,8740.77,9441.53,9051.42,8982.02,7826.32,7465.55,9468.26,7855.54,7582.54,692.75,0.0,0.0,0.0,0.0,0.0,0.0,0.0,0.0,0.0,0.0,0.0,0.0,0.0,0.0,0.0,0.0,1047.46,1780.18,1320.34,1138.09,1226.46,1498.41,1557.79,1408.51,1772.18,2270.97,1752.69,1902.66,1697.29,2096.12,1716.05,1525.69,1797.81,2008.69,2276.0,120.0
2158,4,Cake_9,0.0,0.0,1867.1200000000001,4696.68,3054.62,4650.45,5091.49,5121.82,4570.59,4879.61,3056.72,3342.85,3400.14,4106.29,4897.02,4987.05,2933.09,3313.09,4565.06,3571.84,3484.02,2623.62,2626.85,2709.0099999999998,2870.79,3624.81,3784.42,3454.07,3213.3,4053.69,2914.53,3030.27,2297.85,2389.92,2067.34,2034.06,2297.02,2196.71,2643.71,2441.04,1977.1,3201.66,3228.35,3390.2,3258.43,3578.09,267.41
2165,4,Herb_17,5446.48,6538.69,7402.99,7101.86,7996.89,9137.12,8621.94,9915.26,9388.12,8584.49,5226.44,3783.37,5480.05,5986.2,7975.56,8284.94,9244.56,10369.45,8674.17,9005.7,8026.38,7773.01,5544.36,8710.48,9504.0,8191.84,9419.8,9244.88,10196.69,11629.15,10944.2,12530.82,17088.3,11346.59,8025.26,8317.82,11479.38,9115.42,9577.74,11593.02,11337.58,11093.76,13200.93,11442.94,10762.78,9760.79,639.47
2169,4,Bread_183,3340.79,3752.71,4317.73,3647.69,3251.58,4255.81,3779.42,4165.47,4033.39,3893.65,3604.96,3297.25,3139.46,3059.59,3124.67,3199.09,2840.36,4195.82,3378.44,3748.1,2863.61,2988.57,2707.87,2106.81,2158.19,2256.91,2159.2,2035.52,2112.48,3060.45,2163.22,2152.68,2189.21,2390.03,1842.79,1840.48,1684.55,1539.32,1850.05,2129.85,1677.08,2946.66,1859.88,1879.28,1845.1,1803.03,108.39
2172,4,Mandarin_16,0.0,0.0,30.490000000000002,54.69,134.97,0.0,0.0,0.0,0.0,0.0,0.0,0.0,0.0,1228.15,3999.4900000000002,2022.02,6979.75,8866.06,8376.02,0.0,0.0,0.0,0.0,0.0,0.0,0.0,0.0,0.0,0.0,0.0,0.0,0.0,0.0,0.0,0.0,0.0,0.0,0.0,0.0,0.0,0.0,0.0,0.0,0.0,0.0,0.0,0.0
2174,4,Chicken_85,1988.85,3169.36,1211.0,3434.81,7318.85,1105.44,2065.17,2691.43,3028.48,2871.67,2026.86,3230.59,2171.85,2673.26,2512.58,2375.7,3080.4,2182.03,1655.28,1862.3700000000001,1281.73,1446.22,1523.24,1430.43,1777.96,1519.79,1634.76,1568.64,2305.65,2243.32,1883.04,2084.81,2189.0,2983.54,2840.6,2919.2599999999998,2363.36,2341.14,2564.93,2570.33,3918.55,3789.04,3326.86,3569.38,3801.4,4286.24,258.2
2178,3,Roll_45,1.97,2715.43,4750.53,5148.06,4935.49,5547.57,4755.96,5145.91,4872.4,4014.64,3437.58,3582.73,3456.46,3741.08,3917.25,4442.13,4412.7,4082.27,3594.54,3307.25,3249.06,3032.95,2370.28,2219.05,2061.89,2374.6,2332.12,2356.14,2803.21,2494.32,2401.77,3506.0,3467.33,3322.5299999999997,2998.8,2694.12,2750.89,2788.25,3005.06,3004.73,3444.24,3587.77,3461.63,3443.02,1906.82,2112.53,265.11999999999995
2180,1,Pastry_165,0.0,0.0,0.0,0.0,0.0,0.0,0.0,0.0,0.0,0.0,0.0,0.0,0.0,1633.1399999999999,6272.07,9071.98,9518.85,9525.53,11008.03,10621.1,10520.61,9965.6,8762.61,8607.92,8429.58,8611.81,9685.62,9328.26,8815.88,9250.29,8290.41,9769.94,9123.84,9496.53,6860.06,7565.09,7835.38,10313.53,11295.33,10068.44,9188.86,9100.81,8140.1900000000005,8799.68,8221.12,8882.99,568.6600000000001
2182,4,Broccoli_9,3882.72,3599.07,4462.19,4304.43,3373.37,3717.24,4991.83,6740.77,7242.8,7594.66,10174.06,3254.41,3228.09,3704.64,5875.17,4995.71,4192.85,7770.72,5310.37,6357.56,10558.2,5864.78,5030.69,4322.0,0.0,0.0,1675.08,1520.16,565.13,11101.8,5555.55,5683.97,5635.45,6540.57,1740.76,1079.9,1004.61,1562.19,4367.87,5001.45,4369.38,12321.78,10572.17,5607.05,6158.51,13628.6,232.18
2183,4,Mix meat_5,0.0,0.0,0.0,0.0,0.0,0.0,0.0,0.0,29.07,2596.41,3307.08,4930.55,8110.42,16136.46,10125.72,11040.02,8972.21,10765.79,12081.68,11185.74,9550.08,9748.68,8465.73,9651.289999999999,10412.07,11053.65,10410.59,9970.44,10247.42,12044.14,10368.53,10080.76,9760.76,10020.3,9012.84,9213.88,10395.0,10885.52,11811.78,11214.3,10506.58,12530.86,10484.28,9840.56,8850.98,9854.2,549.12
2184,4,Cucumber_31,0.0,0.0,0.0,0.0,0.0,0.0,0.0,0.0,0.0,0.0,0.0,0.0,0.0,0.0,0.0,0.0,0.0,0.0,0.0,0.0,0.0,0.0,0.0,0.0,3415.68,4787.27,4596.44,1970.72,0.0,0.0,0.0,2653.74,5917.74,5414.65,2527.52,5942.8,5150.07,667.8,0.0,0.0,0.0,2932.89,5502.14,6543.44,6003.1,5452.37,0.0
2187,1,Roll_46,0.0,0.0,0.0,0.0,0.0,0.0,0.0,0.0,0.0,0.0,0.0,0.0,0.0,0.0,0.0,0.0,0.0,0.0,0.0,0.0,0.0,0.0,183.91,1363.12,3019.24,3811.19,3985.5,4028.42,4103.74,4110.95,4059.33,5735.63,5818.53,5524.97,3855.04,3414.59,3975.33,4510.34,4437.84,4670.04,5271.02,6300.03,5274.79,5441.34,5665.03,5861.76,280.62
2188,4,Apple_118,0.0,0.0,0.0,0.0,0.0,0.0,0.0,0.0,0.0,0.0,0.0,0.0,0.0,0.0,0.0,0.0,0.0,0.0,0.0,0.0,0.0,0.0,0.0,0.0,0.0,0.0,0.0,0.0,0.0,0.0,0.0,0.0,8052.01,9274.83,3378.69,4122.71,803.27,0.0,0.0,0.0,0.0,0.0,0.0,0.0,0.0,1795.7,121.63000000000001
2189,4,Chicken_86,2178.92,1167.98,3004.64,3372.52,3186.67,4450.83,3798.27,4549.47,4045.72,3059.38,2312.97,2410.54,2331.33,2895.22,2458.75,2442.98,2265.39,2236.14,2370.6,1521.21,1699.63,1279.89,2634.03,1493.27,1082.46,1193.9,1309.86,1183.73,1455.07,2397.77,2188.43,2753.42,2968.89,2629.47,3391.84,10516.95,2417.13,9164.78,5786.38,5882.97,10146.32,7594.12,7580.74,9644.77,15998.45,8300.7,518.8
2195,3,Mandarin_17,0.0,0.0,0.0,0.0,0.0,0.0,0.0,0.0,0.0,0.0,0.0,0.0,0.0,0.0,0.0,0.0,0.0,0.0,0.0,0.0,0.0,0.0,0.0,0.0,0.0,0.0,0.0,0.0,0.0,1769.69,0.0,0.0,0.0,0.0,0.0,0.0,0.0,0.0,0.0,0.0,0.0,0.0,0.0,0.0,0.0,0.0,0.0
2196,1,Pastry_166,0.0,0.0,0.0,0.0,0.0,0.0,0.0,0.0,0.0,0.0,0.0,0.0,0.0,0.0,0.0,0.0,0.0,0.0,0.0,0.0,273.69,0.0,0.0,0.0,0.0,0.0,0.0,0.0,0.0,0.0,0.0,79.39,630.71,0.0,0.0,0.0,0.0,0.0,0.0,0.0,0.0,0.0,0.0,0.0,0.0,0.0,0.0
2199,1,Bun_3,2720.48,3538.93,4131.24,3944.7,3487.42,4626.72,4298.22,5168.88,4952.53,5787.41,6237.53,5697.9,5078.48,5501.8099999999995,6666.29,6340.59,7503.81,7764.78,7684.49,6528.2699999999995,5599.0199999999995,7221.27,7282.96,6138.11,5810.3099999999995,4441.33,4112.27,3480.43,3759.68,4802.54,4278.14,4901.41,5418.78,6351.69,6559.47,7320.01,6818.33,6779.41,6304.82,5835.54,5979.18,7447.67,7777.9,8190.07,9471.96,11332.18,1031.92
2201,3,Toust_34,0.0,907.14,1708.53,1889.21,2062.66,2389.59,2763.07,2902.96,2500.35,2392.02,1894.41,1626.01,1855.2,1997.02,2304.04,2325.88,1990.18,1886.49,1484.04,1407.81,1284.9,1228.26,1063.68,920.24,1008.15,1725.81,1589.58,1317.16,1387.77,1417.87,1280.71,1445.31,1330.82,1364.3,1144.75,1121.45,1358.05,1823.84,2184.33,1867.13,2292.21,2104.9,1596.45,1798.76,1646.0,1577.8,108.25999999999999
2203,4,Beef_25,1410.89,1328.75,1969.04,2016.4,4638.45,4193.67,2884.03,3098.08,2890.71,2377.32,1702.21,1694.74,1716.54,2020.33,2055.65,2180.38,3014.6,2701.71,2163.91,2277.93,2043.56,1793.6,1657.0,1984.04,1950.04,2222.1,2590.93,2548.1,3254.59,2658.06,2256.59,2134.16,2241.62,2200.95,1699.65,1750.09,1739.81,1921.59,2249.35,2429.55,4975.24,2887.61,2695.26,2492.4,2176.09,2378.07,134.3
2204,4,Asparagus_22,0.0,0.0,0.0,0.0,0.0,0.0,0.0,0.0,0.0,0.0,0.0,0.0,0.0,0.0,0.0,0.0,0.0,0.0,0.0,0.0,0.0,0.0,0.0,0.0,0.0,0.0,0.0,0.0,0.0,0.0,0.0,0.0,0.0,2390.8,1614.82,0.0,0.0,0.0,0.0,0.0,0.0,0.0,0.0,0.0,0.0,3135.61,324.46
2210,4,Apple_119,0.0,0.0,0.0,0.0,0.0,0.0,0.0,0.0,0.0,0.0,0.0,0.0,0.0,0.0,0.0,9283.55,37976.68,37358.31,26750.52,33373.48,10078.16,11086.11,8633.96,4580.99,0.0,0.0,0.0,0.0,0.0,0.0,0.0,0.0,0.0,0.0,0.0,0.0,0.0,0.0,0.0,0.0,0.0,0.0,0.0,0.0,0.0,0.0,0.0
2211,4,Herb_18,0.0,0.0,0.0,0.0,0.0,0.0,0.0,9802.26,19552.66,12575.0,2659.96,0.0,0.0,0.0,0.0,0.0,0.0,0.0,71.4,8970.5,16585.59,6852.88,0.0,0.0,0.0,0.0,0.0,0.0,0.0,0.0,0.0,9263.33,26178.93,10283.1,70.03999999999999,0.0,0.0,0.0,0.0,0.0,0.0,0.0,1415.46,19010.23,16978.11,9819.27,0.0
2213,4,Bread_187,5754.86,5946.4800000000005,6741.75,6380.6,5620.58,7489.15,6127.0,6602.68,6124.0,6365.98,5759.04,5216.59,5252.78,5718.06,5745.85,5757.53,5092.46,7389.55,6165.49,6437.43,5156.08,5698.58,4719.84,4866.54,4515.66,4759.51,4667.56,4317.09,3852.34,5816.53,4886.97,4833.51,4629.68,5189.53,4370.52,4439.24,4320.06,4342.72,1667.23,294.47,2949.91,4628.54,4492.43,4736.89,4793.0,4924.8099999999995,304.94
2215,3,Plum_25,0.0,0.0,0.0,0.0,0.0,0.0,0.0,0.0,0.0,0.0,0.0,0.0,0.0,0.0,0.0,0.0,0.0,0.0,0.0,0.0,0.0,0.0,0.0,0.0,626.09,0.0,0.0,0.0,0.0,0.0,0.0,0.0,0.0,0.0,0.0,0.0,1368.84,595.03,0.0,0.0,0.0,0.0,0.0,0.0,0.0,0.0,0.0
2217,4,Strawberry_34,0.0,0.0,0.0,0.0,0.0,28782.54,9962.27,26371.32,30541.65,14766.94,1596.88,0.0,0.0,0.0,0.0,0.0,9186.54,14343.460000000001,26302.5,35591.47,6552.1900000000005,0.0,0.0,0.0,0.0,0.0,0.0,0.0,0.0,0.0,0.0,2097.63,0.0,0.0,0.0,0.0,0.0,0.0,0.0,0.0,0.0,0.0,0.0,0.0,0.0,0.0,0.0
2218,4,Pomegranate_5,0.0,0.0,0.0,0.0,0.0,0.0,0.0,1203.5,329.2,105.82000000000001,0.0,0.0,0.0,265.53,1362.95,2279.93,2594.23,2398.12,314.7,0.0,0.0,0.0,0.0,0.0,0.0,0.0,5232.54,2017.01,7597.02,3113.69,90.1,0.0,0.0,0.0,0.0,0.0,0.0,0.0,1286.07,2044.75,6999.3099999999995,894.34,0.0,0.0,0.0,0.0,0.0
2219,4,Bread_188,9485.88,10666.36,12324.36,11388.49,14168.35,16530.59,15687.48,18537.6,17313.47,16770.329999999998,14065.35,13196.47,12989.91,2927.26,2976.46,0.0,0.0,0.0,0.0,0.0,0.0,0.0,0.0,0.0,821.19,4336.66,3467.61,5302.17,6047.13,10320.01,12295.05,13736.91,16012.89,16133.85,14645.52,14101.83,14684.52,14415.42,13822.98,14481.59,15532.79,16294.09,13815.19,16326.58,15412.68,16384.96,895.23
2221,4,Toust_35,0.0,0.0,0.0,0.0,0.0,0.0,0.0,0.0,0.0,0.0,0.0,0.0,0.0,0.0,0.0,0.0,0.0,0.0,0.0,0.0,0.0,0.0,0.0,0.0,0.0,0.0,0.0,0.0,0.0,0.0,0.0,0.0,0.0,0.0,0.0,0.0,0.0,0.0,0.0,3713.88,1029.94,1544.31,518.81,3345.13,3845.74,2305.13,0.0
2225,4,Toust_36,20452.08,23632.38,32458.63,32197.8,31090.46,33185.91,29523.05,34923.64,29557.37,28486.79,25820.22,24606.91,26423.42,31349.12,35674.84,38763.67,38250.340000000004,41586.88,36449.39,37186.5,34334.48,35529.77,36627.06,35764.03,39910.07,49505.06,51443.19,51370.71,57316.29,60359.34,54484.42,59357.57,55604.22,55500.81,50316.77,47658.16,48628.37,50880.7,52225.12,51633.87,55419.63,55627.34,50260.2,55031.86,51302.7,53842.09,3195.68
2226,4,Tomato_102,0.0,0.0,0.0,0.0,0.0,0.0,0.0,0.0,0.0,0.0,0.0,0.0,0.0,0.0,0.0,0.0,0.0,0.0,0.0,57.25,5165.05,345.85,117.25,50.45,23.5,29.950000000000003,33.22,3064.61,2678.68,10510.199999999999,5604.82,11774.55,3935.68,5608.91,6148.79,11300.69,2098.13,2898.19,10988.71,11281.27,9153.59,9819.4,10880.4,13970.52,7153.57,20031.19,679.09
2227,4,Parsley_11,3284.28,4278.71,6508.46,6546.33,8009.7300000000005,7201.2300000000005,6803.82,7851.17,7273.72,7120.8099999999995,4520.42,4945.49,4754.97,5539.05,7098.08,7718.37,10805.55,9022.48,9626.9,6884.5199999999995,5295.55,4863.95,4182.94,3769.12,4175.02,3947.51,3496.7,6457.85,13092.73,7342.29,6696.73,6370.53,7900.76,5620.32,3395.2,3595.18,4015.95,4287.51,5375.99,7118.75,13973.2,8742.24,7157.31,7976.57,6943.36,6577.68,391.58
2229,4,Peach_17,10910.49,6858.29,0.0,0.0,0.0,0.0,403.13,2790.13,190.75,2842.3,9489.6,11866.11,8834.460000000001,8437.01,3267.6,0.0,1424.57,1662.48,537.78,0.0,0.0,2756.23,11090.04,7821.58,26451.22,12588.93,5927.3099999999995,0.0,2208.17,1937.9,3623.41,52.580000000000005,0.0,2102.4900000000002,3905.76,5339.92,7749.97,10274.94,0.0,0.0,0.0,2187.0,3114.09,118.65,698.32,4964.43,315.32
2232,4,Bread_190,0.0,0.0,0.0,0.0,0.0,0.0,0.0,0.0,0.0,0.0,0.0,0.0,0.0,0.0,0.0,0.0,0.0,0.0,0.0,0.0,0.0,0.0,0.0,0.0,0.0,0.0,0.0,0.0,0.0,0.0,0.0,0.0,0.0,0.0,14297.82,15621.68,13731.12,14362.41,14636.63,15033.82,16752.51,16594.06,13874.699999999999,12136.32,10034.11,10082.71,550.34
2234,4,Pork_33,3453.59,2039.57,3156.81,8405.13,1854.35,1868.19,1621.53,1871.8,1668.24,1414.35,2281.46,2432.71,2824.92,9411.0,3355.09,3254.85,3994.63,2738.35,2303.63,3150.57,4147.55,5821.56,5790.72,5467.37,4535.75,3130.54,0.0,0.0,0.0,0.0,0.0,0.0,0.0,0.0,0.0,0.0,0.0,0.0,0.0,0.0,0.0,0.0,0.0,0.0,0.0,0.0,0.0
2236,4,Beet_5,5983.09,6434.68,8835.38,13703.880000000001,8994.23,14436.38,13477.57,14203.91,12418.619999999999,11296.33,9323.95,7856.33,7434.53,8044.89,9792.75,10779.710000000001,10022.26,14516.7,11330.89,11182.37,10003.39,10497.93,8278.29,7326.65,7133.63,8206.03,9446.48,9768.59,10288.78,13542.48,11190.51,11855.18,10907.99,10598.13,8667.41,7985.75,7122.17,5772.08,9958.22,9660.5,10983.9,19026.42,15435.14,17305.61,13860.63,9682.33,564.47
2237,4,Cabbage_17,1393.8,1741.92,2384.2599999999998,2666.45,2646.2200000000003,4450.58,3884.1,4373.14,3350.65,3122.48,2325.92,3689.25,2683.08,3207.65,3732.63,4355.33,3837.35,5526.09,4364.84,4573.34,4546.71,3995.0,3297.78,2915.17,2538.96,2834.35,3057.19,3079.09,3402.61,4431.87,3865.14,3478.21,3521.57,3141.69,3176.42,2952.24,2061.95,2128.33,5165.25,2612.36,2383.75,2939.7400000000002,2354.1,2598.59,2595.95,2619.79,124.97
2238,4,Beef_26,0.0,0.0,0.0,0.0,0.0,0.0,0.0,0.0,0.0,0.0,0.0,0.0,0.0,0.0,0.0,0.0,0.0,0.0,0.0,0.0,0.0,0.0,0.0,0.0,0.0,0.0,0.0,131.92000000000002,833.75,328.74,129.67000000000002,1014.66,1168.41,1099.83,1160.12,1281.3,3931.62,1654.2,1568.23,1844.28,3386.62,1227.48,3360.36,2901.2799999999997,4986.84,2773.68,167.45
2247,4,Juice_1,0.0,0.0,0.0,0.0,0.0,0.0,0.0,0.0,0.0,0.0,0.0,0.0,0.0,0.0,0.0,0.0,0.0,0.0,0.0,0.0,0.0,0.0,0.0,0.0,0.0,0.0,0.0,2522.16,4195.17,0.0,0.0,0.0,0.0,0.0,0.0,0.0,0.0,0.0,0.0,0.0,4312.62,3570.58,0.0,0.0,0.0,0.0,0.0
2248,4,Mango_9,2139.08,2207.11,2449.56,2392.75,2522.92,2784.68,3108.64,4130.24,3466.65,2868.33,1977.04,1815.05,1679.55,1864.11,2251.35,2353.17,2054.56,2096.82,2170.61,2112.54,1708.5,1712.32,3490.88,1341.08,6535.77,1752.68,1482.51,1204.64,4331.91,2140.33,2762.38,2749.16,3181.1,2936.24,2079.63,1547.41,1153.86,1376.01,1681.05,3185.07,4819.45,5020.7,1236.23,2785.22,2193.4,2001.1000000000001,93.38
2249,4,Bean_2,1281.7,1114.34,1641.24,1851.2,1436.44,3859.21,4158.87,4217.08,3852.68,3510.54,2310.38,2057.15,1959.41,2221.37,2735.31,2924.5099999999998,2692.46,4087.55,3176.34,2828.16,2442.9,2408.78,2480.93,2648.45,2869.8,3089.09,3661.43,3754.7,3887.12,6195.68,5313.44,5623.71,4613.17,4480.66,3792.59,3484.44,3546.68,3922.53,4487.92,4625.21,3970.66,6667.02,5624.2,5818.18,5371.96,4967.22,323.17
2253,4,Baguette_34,3134.08,4346.43,6380.39,6836.2300000000005,10021.21,6425.17,8186.96,9387.01,7587.0,5927.53,5790.56,5332.1,5110.47,5263.99,9361.09,11126.95,13893.21,9560.51,9869.44,9773.09,6690.3,0.0,0.0,0.0,0.0,0.0,0.0,0.0,0.0,0.0,0.0,0.0,0.0,0.0,0.0,0.0,0.0,0.0,0.0,0.0,0.0,0.0,0.0,0.0,0.0,0.0,0.0
2260,4,Mushroom_25,1567.43,1516.15,2118.38,1851.24,1939.65,1855.63,2428.24,3017.33,2477.47,1551.52,1408.51,0.0,0.0,0.0,0.0,674.6899999999999,1121.36,1083.2,559.56,1151.69,1046.36,1244.54,960.75,888.35,1192.68,1222.86,1197.75,1282.67,1256.08,1598.78,1528.88,1742.57,1559.95,1382.77,1154.29,1652.77,1004.9,1346.92,2220.8,2905.71,1786.64,1999.09,1615.4,2536.7200000000003,2437.99,4223.5,143.52
2261,4,Chicken_88,3600.86,5089.59,6566.47,5723.83,5850.4800000000005,7021.87,6784.85,7547.5599999999995,5855.7,5510.68,3668.99,3544.46,4456.7300000000005,5087.65,6848.44,7172.5,6658.79,6985.49,6217.43,7729.45,6336.29,4963.57,4371.38,4747.06,5021.82,6576.18,6103.68,7195.3,7512.25,7552.7,6308.06,7001.2,5719.42,5687.85,3676.43,3524.83,3502.25,4218.83,5711.63,5852.5,6330.78,7419.58,6599.54,6382.21,5737.25,5012.29,350.01
2263,3,Pastry_170,1173.64,1152.39,1446.0,1369.22,1080.99,1568.0,1811.9,1766.4,1497.75,1514.53,1379.08,1210.62,1313.01,1348.76,1509.74,1359.66,1082.98,1303.91,1252.25,1364.8,1030.93,1254.11,1070.28,979.91,1074.59,1062.98,1004.2,1126.23,904.71,1236.51,1061.81,1221.83,1053.67,1198.15,1062.18,1045.41,1161.77,1111.8,1095.2,994.05,715.15,1003.21,1010.95,927.17,1038.57,1106.3,56.61
2265,4,Bell Pepper_19,1066.24,1194.81,3244.26,2585.88,1931.62,1810.1,17.53,0.0,0.0,31.91,1833.8700000000001,2515.2,5921.43,6389.36,3952.77,4476.02,2203.92,4864.21,3433.15,1245.6200000000001,2265.35,3502.2,5942.3,4594.16,12380.13,6015.7699999999995,2786.01,4587.52,4341.65,3747.12,5967.34,4434.11,3752.7200000000003,16760.96,5347.7699999999995,4871.6,9025.51,9017.93,2636.61,4738.29,5135.92,5359.84,3563.47,4898.74,6232.58,5929.74,439.52
2266,3,Bread_192,0.0,0.0,0.0,0.0,0.0,0.0,0.0,0.0,0.0,0.0,0.0,0.0,0.0,0.0,2055.82,3267.28,2844.71,2920.86,2900.16,3034.09,3160.47,3077.97,2834.45,2620.31,2967.49,3674.43,3867.42,3567.0,4124.7699999999995,4074.91,3515.75,4659.73,4480.27,4453.74,3516.04,3457.17,3894.89,5039.16,5352.88,4394.31,4456.22,5057.08,5026.22,5488.93,5508.33,5797.42,379.90999999999997
2267,3,Roll_48,13622.89,15173.65,19401.72,19491.49,18071.98,18772.26,17225.91,16300.76,13840.0,12866.36,11710.32,11138.23,11944.79,12064.25,14705.98,16206.7,16708.95,15860.91,14396.58,14023.32,13065.7,11293.0,9925.21,9463.49,10360.59,12272.84,12545.23,11446.24,12497.36,9926.1,9069.25,12058.08,11812.01,10131.89,7492.92,7445.84,8104.18,8690.08,9575.75,9915.35,11373.62,11144.25,10446.35,11342.61,10160.32,11320.79,749.75
2268,4,Shallot_2,3589.68,4256.36,5536.71,6204.94,7252.3,8155.99,7677.91,9205.23,8878.84,8381.57,6062.27,4629.49,4383.85,4775.22,4943.17,5124.66,6078.67,5538.71,4295.31,4420.6,4626.59,6470.67,6364.58,6374.27,7595.46,5882.49,5404.85,5397.24,7102.91,6209.36,4432.1,4435.84,4359.86,4389.94,4075.78,3677.16,3428.83,3521.76,2898.41,2033.81,2407.08,1917.8,1644.62,1857.77,1331.04,1887.13,215.09
2271,4,Pastry_171,0.0,0.0,0.0,1684.8,1976.39,919.76,2487.55,1619.3,1108.15,1310.3,1747.76,2135.77,2451.83,2405.44,2567.11,2195.58,684.64,1313.6299999999999,2283.41,1538.99,2330.33,2186.38,2201.65,2272.14,2251.95,2619.97,2453.11,3206.2,5142.39,3865.58,2733.59,2614.25,2229.06,2469.03,1715.38,1666.33,1297.31,1231.76,1702.84,1829.15,2195.37,2684.17,1328.07,1213.73,1036.85,1055.02,68.15
2278,4,Snack_9,5173.37,1714.8700000000001,3560.52,4822.12,4080.52,6080.66,6260.27,6762.13,6481.69,6837.03,5873.96,3743.98,3733.93,7875.45,8162.32,8017.81,6124.87,8261.72,6730.72,7721.54,7978.08,7614.6,0.0,0.0,2022.8500000000001,2092.42,2653.0299999999997,5087.46,4620.53,6916.83,3419.24,6820.26,6453.47,7440.65,6849.39,5365.94,3123.18,6661.6,7045.72,6614.65,4572.89,7495.5,7684.66,7811.25,7916.22,14888.74,1258.44
2286,4,Rosemary_2,1310.29,1419.79,1896.85,2599.87,3117.01,3368.56,2956.18,3127.27,2792.3,2466.68,1656.21,1655.04,1899.91,2038.1,2518.31,3070.47,4180.58,3156.39,2487.27,2324.14,2657.02,1998.53,1833.34,1989.05,1952.04,2199.7,2361.52,2868.88,4058.34,3352.44,2915.52,3108.18,2916.62,2729.18,2285.03,2882.2599999999998,2470.51,2481.1,2766.72,4241.0,5063.41,3928.3,3341.67,3869.81,3287.2,3291.35,179.53
2288,3,Bagel_11,0.0,0.0,0.0,0.0,0.0,0.0,0.0,0.0,0.0,0.0,0.0,0.0,0.0,0.0,0.0,0.0,0.0,0.0,0.0,0.0,0.0,0.0,0.0,0.0,0.0,0.0,0.0,0.0,0.0,0.0,0.0,0.0,2389.51,2519.0099999999998,2806.23,2811.48,2826.7,3141.08,3042.65,2884.68,2581.91,4313.61,3634.45,3755.25,4617.38,5495.38,283.71000000000004
2293,4,Lettuce_37,0.0,0.0,0.0,0.0,0.0,0.0,0.0,0.0,0.0,0.0,0.0,0.0,0.0,0.0,0.0,0.0,0.0,0.0,0.0,0.0,0.0,0.0,0.0,0.0,0.0,0.0,0.0,0.0,0.0,0.0,0.0,0.0,0.0,1804.31,2269.85,1984.54,2046.89,2281.44,759.3199999999999,3827.4,2633.46,4987.5,3739.89,4516.98,4458.79,3775.89,278.9
2295,4,Tortilla_15,1862.52,1617.74,2411.93,1998.16,1699.91,2431.52,2163.02,2827.86,3367.15,2820.45,8759.1,2351.76,3079.33,2221.6,3739.9,2333.48,3669.75,2604.73,3511.95,2684.85,2584.18,2596.43,2725.83,1590.7,1609.64,2734.4,1833.74,1487.59,2108.03,1759.4,2532.88,1521.98,1144.29,73.38,907.73,1072.34,976.77,1662.77,1788.84,1251.73,1662.48,1600.61,3271.69,3026.16,1428.68,2582.71,81.13
2299,4,Mushroom_26,0.0,0.0,0.0,0.0,0.0,0.0,0.0,0.0,0.0,0.0,0.0,0.0,0.0,0.0,0.0,0.0,0.0,0.0,0.0,0.0,0.0,0.0,0.0,0.0,0.0,0.0,0.0,0.0,0.0,4389.18,11988.710000000001,5473.86,0.0,0.0,0.0,0.0,0.0,10960.35,0.0,0.0,0.0,0.0,16223.85,6827.05,1963.3600000000001,0.0,0.0
2301,1,Bread_194,9464.5,9607.02,14442.619999999999,13882.47,12589.27,13872.52,12909.2,14425.64,12710.45,13085.09,12610.279999999999,11521.36,12504.53,11722.11,13640.92,14971.0,13913.2,13225.06,12175.119999999999,11262.16,10217.08,9673.11,7970.61,7309.4,7414.47,7624.51,7734.04,7254.57,7417.36,7423.94,6119.66,6872.91,6851.46,6673.7,5672.64,6291.18,6956.95,8159.55,8921.15,7818.39,7847.07,8258.9,7163.18,7931.34,7343.95,7510.5599999999995,576.29
2305,3,Bread_196,0.0,0.0,0.0,0.0,0.0,0.0,0.0,0.0,0.0,0.0,0.0,0.0,0.0,0.0,0.0,0.0,0.0,0.0,0.0,0.0,0.0,0.0,2107.85,2298.15,2801.93,2941.62,3670.73,4526.69,4058.4,4588.06,4155.29,4998.87,4920.91,5205.37,4672.52,5004.82,5494.13,5638.61,6236.72,5757.44,6034.27,6492.66,5970.33,6460.7,6652.83,6674.59,407.09
2308,3,Bread_197,0.0,0.0,0.0,0.0,0.0,0.0,0.0,0.0,0.0,0.0,0.0,0.0,0.0,0.0,0.0,0.0,0.0,0.0,0.0,0.0,0.0,0.0,0.0,0.0,0.0,0.0,0.0,0.0,2430.91,3867.08,3461.8,4062.52,3937.07,3892.09,3493.66,3997.31,4014.7000000000003,3868.22,3937.47,4073.28,4412.75,4308.11,4224.61,4545.49,4548.12,4684.48,327.89
2311,4,Tomato_105,0.0,0.0,0.0,0.0,0.0,0.0,0.0,0.0,0.0,0.0,0.0,0.0,0.0,0.0,0.0,0.0,0.0,0.0,0.0,0.0,0.0,1175.12,7162.16,796.4399999999999,611.66,1425.93,4366.18,1333.43,743.6,0.0,0.0,361.25,2588.61,801.48,0.0,125.05,5846.75,2249.52,3253.09,2140.1,695.16,0.0,0.0,0.0,0.0,0.0,0.0
2312,4,Bread_198,8169.69,9882.16,11264.0,11297.01,11489.05,13816.35,13513.59,15569.08,13472.98,14080.05,13178.06,12559.4,12356.73,14052.97,15722.46,16999.11,16249.24,18614.35,17039.95,18795.56,19414.21,19846.15,17284.19,16654.25,16770.39,19887.37,20258.32,19360.2,18027.39,23467.37,20741.57,23249.079999999998,22893.91,25263.36,23400.51,22540.88,21860.08,22528.31,23555.25,24103.06,22957.79,27215.48,24187.61,26773.54,27674.01,28222.11,1746.18
2313,4,Mango_10,6955.55,7273.78,7710.08,26335.22,13930.07,12785.72,11311.75,14867.07,30896.61,12763.68,9691.32,7509.26,6979.86,19608.4,20001.75,11358.13,39490.42,49959.68,15223.19,17181.2,35543.14,38674.39,36108.770000000004,10146.12,9062.34,24569.94,16326.38,10455.63,30517.95,33600.08,12432.82,13904.74,14653.53,14358.09,11147.99,9072.23,8837.39,8722.21,10756.02,10033.65,8239.51,10799.789999999999,7838.15,14305.56,10497.36,21524.33,639.95
2314,4,Parsley_12,6876.13,9184.68,13713.960000000001,10494.4,12523.15,11346.01,9344.64,12145.57,9567.45,10084.82,7810.39,8134.19,12497.95,10651.02,11427.72,8425.7,14056.11,11671.24,9156.85,9111.18,8912.21,7390.09,5890.34,9217.28,7955.01,10400.49,7834.24,1632.49,6631.78,7624.21,6370.68,7363.33,6670.5,4390.07,6828.69,11219.41,10429.22,10534.6,15757.57,5951.55,18983.329999999998,13659.52,11717.96,11199.1,10693.380000000001,9953.84,609.31
2315,1,Roll_51,201137.22,214428.54,306209.63,312162.02,323817.48,360240.04,324515.33,363621.18,362594.72,327458.22,284423.77,267939.12,290658.19,340958.03,353562.32,402091.27999999997,472109.73,411074.66,398895.55,395352.62,396594.54,374044.44,333511.51,331261.49,311034.95,338948.91,381060.98,377311.39,473804.98000000004,444944.19,372405.36,432340.72000000003,443689.24,435207.51,345138.67,336698.42,337441.62,369311.75,424015.81,375892.75,415334.2,455296.28,452648.61,503060.61,470592.47000000003,494649.56,32663.25
2319,4,Pastry_174,0.0,0.0,0.0,0.0,0.0,0.0,0.0,0.0,0.0,0.0,0.0,0.0,0.0,0.0,0.0,0.0,0.0,0.0,0.0,0.0,0.0,0.0,0.0,0.0,0.0,0.0,0.0,0.0,0.0,0.0,0.0,0.0,0.0,0.0,0.0,0.0,0.0,0.0,0.0,582.63,10023.41,14275.53,12604.58,12252.98,12423.23,13912.3,716.8
2321,3,Chicken_90,3581.92,4646.67,10864.47,7081.59,9638.19,15988.99,8694.81,18970.420000000002,8580.02,13694.44,4304.69,3875.73,7060.37,5027.21,4905.42,5108.09,4218.36,4868.04,4449.79,3804.4900000000002,3555.53,2735.22,2197.35,2109.02,2331.5,1745.15,1857.13,2007.3,2359.04,6089.92,4202.07,3824.14,5039.4,2393.92,5868.37,1560.72,1533.97,1799.13,2358.84,1950.48,2213.8,2332.24,1873.8799999999999,2333.27,1901.04,2013.79,84.27
2325,1,Bread_199,2311.97,2674.94,4490.9800000000005,3791.13,3582.99,3939.47,3277.88,4008.96,3474.16,3164.45,2784.4,2918.48,2610.21,2501.83,2683.77,2721.8,2703.25,2101.19,1867.3,1699.37,1764.77,1680.01,1608.67,1664.47,1559.1399999999999,1602.6399999999999,1586.1,1494.55,1708.73,1503.9,1334.91,1532.24,1673.55,1646.55,1475.92,1539.84,1540.7,1449.01,1380.26,1300.05,1558.98,1411.07,1354.26,1619.74,1322.5,1504.35,117.17
2326,4,Kohlrabi_8,1627.21,17608.12,4896.01,68.17,0.0,0.0,0.0,0.0,0.0,0.0,7360.83,26025.89,8779.92,7184.63,4408.82,0.0,0.0,0.0,0.0,0.0,0.0,0.0,3397.23,87.71,0.0,0.0,0.0,1046.18,0.0,0.0,0.0,0.0,0.0,0.0,1102.94,312.57,0.0,0.0,0.0,0.0,0.0,0.0,0.0,0.0,0.0,0.0,0.0
2328,3,Bread_200,6046.55,5366.67,6249.72,9425.5,9594.460000000001,11433.74,11476.69,14104.24,15516.32,17784.22,17499.52,15767.07,13191.960000000001,13760.52,14324.15,13403.82,13660.83,15295.74,13868.74,12641.93,14664.9,17922.68,18191.46,15459.43,15855.24,14737.22,13602.08,11198.47,10538.79,11759.13,11400.36,14489.84,15316.94,23389.79,21415.79,21665.6,19458.79,20507.4,15593.68,13645.78,11961.22,15453.88,16548.06,19856.94,25187.84,31507.16,2465.79
2329,3,Strawberry_35,0.0,0.0,0.0,0.0,0.0,0.0,0.0,0.0,0.0,0.0,0.0,0.0,0.0,0.0,0.0,0.0,0.0,0.0,0.0,0.0,0.0,0.0,0.0,0.0,0.0,0.0,0.0,0.0,0.0,0.0,0.0,0.0,0.0,0.0,0.0,0.0,0.0,0.0,0.0,0.0,0.0,0.0,0.0,0.0,0.0,24932.47,3236.39
2330,4,Potato_71,308.99,1752.11,3038.55,6966.6,771.38,2922.02,656.43,5087.54,4273.56,3737.08,169.14000000000001,0.0,4386.93,10127.199999999999,12079.67,5877.29,7013.63,5205.66,4924.61,5118.94,4525.96,3027.74,5117.16,3231.1,3740.5,5982.74,4548.91,3835.58,5333.41,4384.55,4268.24,4875.4,2328.18,4493.22,1714.04,2682.55,3373.9,5689.64,4953.53,6159.73,5039.89,8250.28,5060.57,5671.2,9601.69,10329.78,599.54
2331,4,Roll_52,15982.18,17641.33,20939.46,20909.52,21724.239999999998,25519.99,20755.58,23233.77,20750.58,19965.3,18163.6,16573.2,15937.77,17015.14,16958.39,18836.52,16525.48,19074.78,16549.89,17185.22,16206.75,15399.28,13967.58,13547.23,13169.9,15368.73,13795.14,11894.68,12722.67,14897.0,13980.41,13410.21,13458.95,13320.48,12361.85,11965.02,11133.48,10887.53,10525.07,10978.91,10540.28,11879.66,9725.45,11610.32,10852.51,11548.44,613.49
2335,4,Waffle_1,3633.92,3958.07,4755.41,5198.89,4104.58,5433.61,5966.31,4840.82,5841.39,6143.8099999999995,5737.26,5270.62,5439.55,6552.98,6519.54,8584.52,6817.35,8226.26,8295.39,6116.81,7941.92,6326.55,7309.7,6465.2,6223.36,6559.68,7565.41,6773.95,6123.81,6736.65,6714.54,7796.04,6637.82,7244.0,6749.4,5845.23,5776.39,6347.91,6435.81,6267.97,5319.49,6779.82,6345.97,5892.0,6329.42,6886.72,435.43
2343,4,Bread_201,0.0,0.0,600.6,2782.32,3197.68,4692.73,4362.38,5403.97,5413.45,5088.52,4589.72,4541.39,4316.34,4232.79,4151.87,2202.99,1915.35,2957.8,2176.0,2324.59,1981.07,2063.73,1774.79,1616.61,1757.42,1797.94,1799.15,2009.58,2094.72,2707.08,2077.27,2209.18,2303.81,2562.18,2040.98,2035.41,1925.03,1767.79,1865.32,1706.83,1915.09,2520.72,1840.92,2077.66,2175.07,2775.02,212.99
2345,4,Potato_72,0.0,0.0,0.0,0.0,0.0,0.0,0.0,0.0,0.0,3038.36,7056.34,7712.76,11160.56,8086.2699999999995,7263.97,5396.72,7119.55,5656.78,5571.47,6353.59,4528.85,3958.81,3935.91,6110.41,5245.15,6167.38,5845.83,5508.11,8206.16,8093.4800000000005,6024.91,6548.43,9261.17,8572.38,11199.58,7165.03,8564.35,6031.86,5705.03,5625.22,7246.27,8686.31,7108.67,7899.64,6506.69,10871.36,622.54
2348,4,Potato_73,50524.99,1506.2,0.0,859.23,0.0,0.0,1203.38,6505.13,8398.14,16534.9,42474.36,77945.87,66523.07,13759.61,0.0,0.0,0.0,0.0,0.0,0.0,7573.2,28621.66,37764.63,41432.44,45928.2,7441.08,0.0,0.0,0.0,0.0,0.0,0.0,0.0,10363.64,43390.3,47369.02,58879.36,15568.36,0.0,0.0,0.0,10016.210000000001,1303.34,0.0,5756.38,22826.51,440.81
2349,3,Roll_53,0.0,4339.41,6388.72,6096.56,5291.71,5802.14,5626.14,6531.05,6584.65,7138.66,6228.65,4912.03,5007.63,5880.8,6854.75,7036.16,6284.11,5333.36,4619.86,3954.22,3767.56,3219.16,2804.3,2301.03,2215.87,2444.5,2277.04,2150.92,2270.47,1905.3,1794.39,2032.43,2077.44,2409.63,1973.1399999999999,1591.63,1525.17,1755.06,1922.6499999999999,1925.93,1931.86,2077.12,2147.81,2567.06,2343.87,2608.94,138.17
2351,4,Radish_16,1033.06,1149.08,1373.47,4333.28,2436.1,3546.36,3901.37,5684.03,9351.2,5637.41,3743.04,2803.9,2175.05,1954.19,2794.02,6942.84,3346.56,8878.5,6260.77,8288.0,5793.46,4823.17,2608.7400000000002,1749.6,1559.28,1126.81,4226.15,1895.43,2095.52,9094.5,4244.68,8626.99,9876.69,5516.09,1762.15,2527.08,2092.51,36.95,2495.68,3054.87,2536.6,4929.22,5791.85,4537.67,5179.78,4070.73,0.0
2353,4,Pear_34,4203.8,11237.38,9871.89,8810.24,7858.24,22693.47,27802.58,25528.88,18965.34,18745.63,12777.54,9308.28,9297.14,17241.25,27654.74,31492.89,18064.26,22855.7,18668.84,19545.76,15994.86,15758.19,10702.12,8732.77,13606.34,12872.44,12782.9,14381.5,10541.93,13445.34,14550.95,17670.92,17485.57,15241.52,3293.6,0.0,2531.33,6230.96,10387.35,9981.03,8442.1,12878.04,12780.61,11659.97,11417.42,10114.92,459.93
2355,4,Melon_14,0.0,0.0,0.0,0.0,0.0,0.0,0.0,0.0,0.0,0.0,0.0,0.0,7961.35,3192.58,0.0,0.0,0.0,0.0,0.0,0.0,0.0,0.0,0.0,0.0,12282.39,0.0,0.0,0.0,0.0,0.0,0.0,0.0,0.0,0.0,0.0,5821.41,0.0,0.0,0.0,0.0,0.0,0.0,0.0,0.0,0.0,0.0,0.0
2360,1,Bread_202,0.0,0.0,0.0,0.0,0.0,0.0,0.0,0.0,0.0,0.0,0.0,0.0,0.0,0.0,0.0,0.0,0.0,0.0,0.0,0.0,0.0,0.0,69.52,546.29,1120.33,1420.49,1307.52,1466.58,1745.61,1767.14,1494.1200000000001,2279.34,2163.14,2249.53,1737.2,1923.57,1926.79,2049.85,2093.19,2370.2,2254.82,2370.88,2186.54,2699.97,2719.32,2791.86,125.88
2364,4,Mandarin_18,0.0,0.0,0.0,0.0,0.0,0.0,0.0,0.0,0.0,0.0,0.0,0.0,0.0,0.0,0.0,0.0,0.0,0.0,0.0,0.0,0.0,0.0,0.0,0.0,0.0,0.0,0.0,0.0,0.0,0.0,0.0,0.0,0.0,0.0,0.0,0.0,0.0,0.0,4039.17,0.0,0.0,0.0,0.0,0.0,0.0,0.0,0.0
2365,4,Croissant_34,1365.58,1670.01,1829.5,1597.2,1354.76,1948.92,2060.55,2170.5099999999998,1947.93,2336.85,1999.49,1530.8,2500.7400000000002,2924.47,3152.86,3008.75,1390.85,2105.03,2849.3,2785.72,2863.44,3164.95,2776.2599999999998,2201.42,2534.02,539.69,2226.49,2883.32,1976.22,2398.78,2342.78,4559.35,2207.55,5051.72,4678.56,2845.04,2791.68,2567.41,4426.96,4345.46,1131.54,26.61,2104.99,2168.46,2868.09,1877.1,93.79
2366,4,Chicken_92,0.0,0.0,0.0,0.0,0.0,0.0,460.74,1610.37,1700.25,1857.3700000000001,1377.74,1464.74,1393.85,1623.44,1455.73,1689.1200000000001,2081.46,1940.04,1561.68,2057.8,2289.05,2878.72,2843.03,3202.22,2933.93,2680.28,2720.19,2573.39,2997.81,3002.74,2685.03,3025.2599999999998,2990.36,3190.02,3019.19,2877.56,2623.23,2697.47,2855.26,2619.95,3375.08,3079.8,2737.34,3988.05,4659.61,5047.68,341.86
2368,3,Bread_203,0.0,0.0,0.0,0.0,0.0,0.0,0.0,0.0,0.0,0.0,0.0,0.0,0.0,1524.5,2130.9900000000002,2369.3,1995.96,2580.71,2286.39,2588.14,2391.38,2184.84,1997.76,2345.1,2450.02,2305.75,2403.86,2400.94,2257.44,2298.03,2263.61,2610.18,2689.54,2981.69,2536.79,2786.72,2841.08,2925.84,2846.19,2613.5,2783.85,2900.14,2660.96,2812.14,2418.34,2561.07,177.76999999999998
2372,4,Basil_5,2482.12,1947.81,2445.2,1365.1,1710.06,2276.27,2273.77,2681.0,5046.78,3301.75,3745.81,2411.02,2585.79,1708.4,1449.99,1745.95,1642.33,2041.68,1706.96,1712.23,4390.4800000000005,2386.17,2635.9700000000003,3126.39,2220.32,1434.13,1516.98,3619.11,3343.84,2091.29,1341.75,3963.0299999999997,4096.04,2607.18,2130.05,3774.08,2459.0,1163.79,1184.23,2523.95,1399.07,1441.72,1125.91,3487.44,1534.29,1820.48,85.36
2379,2,Breadcrumb_10,0.0,0.0,0.0,0.0,0.0,0.0,0.0,0.0,0.0,0.0,0.0,0.0,0.0,0.0,0.0,0.0,0.0,0.0,0.0,0.0,0.0,0.0,0.0,0.0,0.0,0.0,0.0,0.0,0.0,558.52,1032.62,1099.48,1560.1399999999999,1468.53,1517.08,1607.79,2363.63,2994.79,3885.52,5503.85,7669.610000000001,1961.54,4693.5,4199.9,2930.02,2442.47,118.27
2381,4,Croissant_36,1135.75,1312.62,1560.67,1500.81,1035.92,1802.39,1345.91,1608.8799999999999,1397.65,1649.0,1687.84,1729.45,1587.93,2064.34,2092.84,1915.71,722.35,1772.2,1420.64,2065.77,1554.29,1837.18,2125.8,2010.07,2201.72,1339.43,2442.77,2236.89,1779.89,2073.81,2288.55,2782.0,2544.69,2773.6,2762.27,2441.85,2779.28,2635.67,2969.14,2667.0,2107.36,2697.5,2794.43,2572.17,2506.75,2828.29,133.78
2384,1,Roll_55,0.0,0.0,0.0,0.0,0.0,0.0,0.0,0.0,0.0,0.0,0.0,0.0,0.0,2055.36,5297.39,6486.71,5339.09,5407.02,5565.62,6243.1,5234.44,4030.56,3431.88,3307.1,3346.8,3812.35,4007.38,3773.32,3566.59,3700.8,3399.7,4277.73,4482.38,4558.48,3118.83,3527.34,3906.08,4645.32,5503.45,5373.16,5779.8099999999995,6204.57,5185.31,5040.34,4623.98,5061.21,338.12
2385,4,Celery_16,0.0,0.0,0.0,0.0,0.0,0.0,0.0,2863.99,4169.13,3411.26,2551.04,0.0,2147.24,4155.13,4249.52,4553.17,4261.51,5016.03,4843.89,5227.97,5981.4,5529.15,3868.66,3241.03,3028.51,2611.36,2738.75,2350.27,2601.23,3956.67,5653.2,7991.61,8088.96,7275.18,6733.95,3407.44,2890.87,4260.05,2612.74,3916.21,3043.56,4186.83,5128.4,4244.17,4916.77,3894.58,279.59
2388,4,Pumpkin_18,0.0,0.0,0.0,0.0,0.0,0.0,0.0,1412.32,697.84,92.83,840.28,831.88,974.99,1206.01,6501.83,1446.62,1338.9,1864.65,1166.81,871.24,1452.3,1314.76,1163.27,952.4399999999999,802.43,3227.86,1619.73,1106.17,1627.62,2079.17,1634.9,3129.83,1568.76,2423.95,2338.74,1360.71,936.89,1103.92,2959.4,1054.47,903.57,1339.1,1856.54,1478.17,1339.26,1098.26,67.77
2389,4,Pomegranate_7,31.83,9.620000000000001,304.69,7895.0,3368.98,11857.27,4131.76,2675.57,1524.12,1578.21,1073.87,2663.59,1368.42,1036.78,5748.28,1181.49,1432.82,1406.45,8987.02,1071.41,3133.82,3527.45,3168.61,4623.48,5887.58,3174.35,8957.66,11071.05,4798.89,9265.48,5540.38,2286.63,5056.36,1498.7,969.68,3830.91,842.09,934.92,7765.32,5964.1,2513.05,1681.09,1470.78,1686.4,4037.56,1587.71,96.7
2392,3,Roll_56,102533.0,120255.63,167265.52,173622.35,167722.0,179781.82,168386.93,201838.28,195919.39,174594.95,145841.05,133304.36,132671.38,144148.94,173980.52,181263.81,194021.22,171958.76,147977.41,145910.44,133384.99,124392.81,105441.79000000001,90800.06,88559.93,100861.25,101947.31,101736.08,108054.73,83345.42,74333.75,96976.75,95532.0,100825.53,85013.01,82283.81,86879.66,101181.39,108037.63,128371.98,147300.76,119982.29000000001,112968.17,122400.6,114255.61,116427.72,8169.1
2393,1,Bread_207,2245.35,2467.89,3090.85,2619.44,2466.31,2975.12,2959.53,3763.79,3241.8,3702.07,3371.54,3156.29,2893.72,2693.4,2877.0,3016.33,2580.95,2285.72,2070.06,1860.95,1589.27,1460.21,1318.21,1256.2,1266.04,1051.82,1069.55,1026.72,1057.45,1195.67,1031.03,1058.51,1038.52,1243.14,839.89,843.62,763.1899999999999,815.98,844.07,859.6,848.96,994.1,914.4300000000001,1019.21,810.47,909.85,86.50999999999999
2396,3,Roll_57,148947.84,139975.27,230008.8,287973.39,332070.46,370828.6,356627.11,367914.93,345097.46,336157.87,290595.93,279115.16,297674.12,332448.25,401135.85,467600.57,540801.05,513650.54,460212.18,456465.26,463019.01,443500.58,406615.94,390538.88,402892.07,446225.9,514996.29,550080.3,674943.31,573983.1,480302.77999999997,566382.72,588789.48,584656.73,491967.35,433467.42,434767.1,500879.68,589637.43,504121.93,608856.82,588357.42,576742.65,668236.65,602789.37,623902.77,40801.659999999996
2399,2,Peach_21,0.0,0.0,0.0,0.0,0.0,0.0,0.0,0.0,0.0,0.0,0.0,145.87,3968.1,3872.28,0.0,0.0,0.0,0.0,0.0,0.0,0.0,0.0,0.0,0.0,0.0,0.0,0.0,0.0,0.0,0.0,0.0,0.0,0.0,0.0,0.0,0.0,0.0,0.0,0.0,0.0,0.0,0.0,0.0,0.0,0.0,0.0,0.0
2400,4,Lemon_15,0.0,0.0,0.0,0.0,0.0,0.0,0.0,0.0,0.0,0.0,0.0,3730.53,4344.59,4012.71,4151.84,5175.86,7062.53,6882.53,9617.43,5705.92,8078.93,9389.58,9665.92,5229.51,4356.02,5336.2699999999995,5842.71,8017.37,8869.789999999999,6015.78,6658.14,9008.73,8336.73,9367.0,9445.41,7951.79,4701.93,4344.64,4692.93,8284.96,9831.68,6231.11,6855.67,10720.23,11821.48,13187.05,550.22
2401,4,Potato_76,0.0,0.0,0.0,0.0,20911.31,0.0,0.0,0.0,0.0,0.0,0.0,0.0,0.0,0.0,0.0,0.0,14245.84,0.0,0.0,0.0,0.0,0.0,0.0,0.0,0.0,0.0,0.0,0.0,20480.04,0.0,0.0,0.0,0.0,0.0,0.0,0.0,0.0,0.0,0.0,0.0,19722.12,0.0,0.0,0.0,0.0,0.0,0.0
2404,4,Carrot_33,4143.3,4646.42,5280.14,5496.78,5930.54,7687.2,6382.73,6646.99,6634.06,6580.69,5168.31,4021.66,4599.82,5714.29,6450.12,6745.52,6504.84,8456.27,7647.99,16784.44,8592.98,8921.21,10516.539999999999,5978.31,6086.8,12610.89,9464.55,9336.61,8874.06,13398.87,15159.7,21408.11,13248.16,12084.14,13837.89,7531.87,8255.4,13540.78,16061.54,17486.72,16388.06,22765.06,19080.5,15171.98,15692.1,13673.14,764.24
2405,4,Tomato_109,8348.53,0.0,0.0,8722.56,7402.29,9516.92,15254.9,23923.39,19235.77,13823.44,13134.68,11211.45,3645.18,0.0,0.0,3959.13,8022.72,10977.7,12395.08,13888.47,11763.58,10751.46,8469.72,13258.17,12634.11,6424.76,14628.13,17142.95,7565.8,0.0,0.0,0.0,0.0,4742.75,7622.67,18538.4,6569.86,10132.41,12001.42,8258.98,5103.17,0.0,0.0,1998.25,4102.46,9850.72,3006.85
2411,3,Bread_209,1580.97,1452.21,1674.16,1754.71,1524.73,2634.18,2469.02,2500.81,2497.67,2421.33,1862.43,1855.98,1649.7,1595.08,1591.85,1484.24,1474.68,1302.28,1007.88,1014.77,1586.54,1313.09,1294.78,1249.85,1419.83,1332.91,1418.56,1394.06,1523.3,1412.3,1155.67,1468.42,1652.22,1547.1200000000001,1492.43,1494.0,1552.58,1631.99,1618.95,1529.02,1979.76,2122.46,1230.86,1384.11,1637.24,1686.01,108.18
2412,4,Grape_39,0.0,0.0,0.0,0.0,0.0,0.0,0.0,0.0,0.0,0.0,0.0,0.0,0.0,0.0,0.0,0.0,0.0,0.0,0.0,0.0,0.0,0.0,0.0,0.0,0.0,0.0,0.0,0.0,0.0,0.0,0.0,0.0,0.0,0.0,0.0,0.0,0.0,0.0,0.0,6072.68,8085.1,2946.91,0.0,0.0,0.0,0.0,0.0
2416,4,Cabbage_21,5433.53,7636.71,14596.58,12397.83,7848.05,10422.86,9281.62,15330.95,11907.2,9542.99,5791.71,5174.54,6137.4,6383.72,8173.05,10004.93,12557.74,12757.23,9420.44,8709.18,7526.47,5267.28,4751.33,6450.53,7586.33,9190.67,9444.119999999999,9535.11,8477.56,10476.52,9859.76,10064.12,8121.74,6513.25,4716.9,4951.32,5499.22,5729.35,8045.03,8860.29,7686.67,13007.82,8743.48,6326.97,5917.95,5582.43,219.46
2417,4,Pepper_28,0.0,0.0,0.0,0.0,0.0,0.0,0.0,0.0,0.0,0.0,0.0,0.0,0.0,0.0,0.0,0.0,0.0,0.0,0.0,0.0,0.0,0.0,0.0,0.0,0.0,0.0,0.0,0.0,0.0,0.0,0.0,0.0,401.82,5967.65,1730.44,2689.5,0.0,0.0,0.0,0.0,1385.22,5687.17,3058.02,3707.5099999999998,5098.28,5253.55,256.31
2422,2,Kohlrabi_9,0.0,0.0,0.0,0.0,0.0,0.0,0.0,0.0,0.0,0.0,0.0,0.0,0.0,0.0,0.0,0.0,0.0,0.0,0.0,0.0,0.0,0.0,0.0,0.0,0.0,0.0,0.0,0.0,0.0,0.0,0.0,0.0,0.0,0.0,345.95,0.0,0.0,0.0,0.0,0.0,0.0,0.0,0.0,0.0,0.0,0.0,0.0
2426,4,Herb_19,1637.64,1725.41,2124.3,2501.05,2878.6,3531.46,3163.55,4393.32,4020.97,2992.24,2185.21,2813.8,2132.13,2701.07,2438.0099999999998,2551.54,3125.81,3657.87,2827.04,2740.91,3274.79,1871.2,1306.85,1030.57,915.7,1246.04,2072.76,2660.17,2755.43,3621.8,2612.85,3168.55,2288.4700000000003,1395.62,1150.71,867.95,774.85,754.58,686.76,1144.51,1513.28,1132.86,1372.12,1506.29,1192.76,1164.42,84.36
2432,3,Cornmeal_0,0.0,0.0,0.0,0.0,0.0,0.0,464.41,1201.2,1081.61,1534.07,1470.85,1521.17,1436.58,1904.32,2316.63,2739.84,2142.45,3134.65,2931.92,3761.24,2963.87,3228.65,3342.06,2573.7200000000003,2720.79,3157.53,2972.19,2517.95,2493.08,3485.18,3027.94,3371.68,3156.15,3286.57,3111.26,2498.58,2931.59,3285.18,3729.58,3233.82,2834.7200000000003,3739.45,3353.39,3388.81,3378.8,4631.26,380.96
2436,4,Pastry_181,0.0,0.0,3501.86,11722.14,8658.9,13079.97,14952.61,16622.01,14605.9,15610.1,13771.85,13158.2,14232.52,16744.63,22466.41,24040.19,13129.33,20625.26,20888.9,21209.3,16560.57,16469.47,14286.06,13219.710000000001,13549.45,17110.62,18400.07,19798.87,19133.01,23523.98,22024.44,23626.88,21511.97,24770.9,21408.27,18525.47,19040.77,20473.41,18799.81,18182.15,15327.09,17135.97,15702.93,15637.36,15364.92,16120.95,817.61
2437,4,Kohlrabi_10,75659.86,57562.97,94023.45,71228.21,53864.44,82600.06999999999,79537.43,123729.1,123193.1,95947.99,91817.91,93605.6,56816.78,61021.39,67602.83,71147.99,49094.98,69657.87,99341.17,81463.25,74914.94,137610.05,111710.32,96050.91,68631.47,53493.96,57726.27,80660.26,46516.46,110973.14,66346.35,122490.07,100524.29,72534.35,68245.56,48548.96,55556.45,61044.18,50206.4,47568.46,68336.38,62929.39,76591.83,82271.36,128147.09,86231.78,4776.27
2438,4,Cabbage_22,1538.92,2980.76,5269.11,8132.84,5237.47,7045.13,6254.38,6299.93,4865.91,3384.0,815.57,665.86,1039.87,2151.98,1803.61,7938.29,2253.85,1911.61,1137.07,1141.87,1525.6399999999999,1085.19,778.41,900.8100000000001,944.01,1255.66,2070.21,8436.15,2473.11,1937.74,1295.37,1203.95,1474.54,762.6,838.95,874.12,1535.86,1965.81,2034.82,4208.69,3094.35,3164.52,2181.55,3624.57,2294.02,2512.42,127.79
2439,4,Chicken_93,8092.48,8780.53,11773.21,8583.66,9321.03,11694.28,9947.31,11672.97,10762.28,10448.73,11765.91,8101.68,8058.1,7555.08,7272.56,7260.98,8316.56,7078.88,5853.4,9074.04,6260.35,7109.85,6496.73,6312.29,6864.73,6933.54,6777.68,7687.55,8911.47,9004.52,6798.26,7458.61,7619.59,7955.37,6908.08,7074.56,6168.96,6551.97,6898.71,6546.78,7959.22,7518.11,6986.26,8216.6,8359.88,8846.94,541.88
2441,4,Donut_37,0.0,0.0,0.0,0.0,0.0,0.0,0.0,0.0,0.0,0.0,0.0,0.0,0.0,0.0,0.0,0.0,0.0,0.0,0.0,0.0,0.0,0.0,0.0,0.0,0.0,0.0,0.0,0.0,0.0,0.0,0.0,0.0,0.0,0.0,0.0,162.95,3201.73,3950.23,1189.41,2466.1,420.68,514.34,489.49,220.18,0.0,0.0,0.0
2444,3,Pastry_182,0.0,0.0,0.0,67.43,890.75,0.0,0.0,0.0,0.0,0.0,0.0,0.0,0.0,0.0,0.0,288.83,1028.0,0.0,0.0,0.0,0.0,0.0,0.0,0.0,0.0,0.0,0.0,444.12,1517.34,0.0,0.0,0.0,0.0,0.0,0.0,0.0,0.0,0.0,0.0,322.1,1757.93,0.0,0.0,0.0,0.0,0.0,0.0
2449,4,Orange_29,1140.76,1397.05,2203.32,1917.1,2622.36,10036.95,3801.24,4289.02,2741.26,3501.19,1085.57,1804.3799999999999,1340.1,477.5,2465.8,5342.25,6206.29,5985.65,5157.02,4659.3,4194.65,3523.01,1627.07,2056.52,1900.5,4155.3,4694.07,4724.13,7832.93,7147.97,9833.9,5982.83,5151.79,3402.24,3887.02,2535.01,1188.66,613.11,6916.55,3872.5099999999998,6680.09,4855.15,5938.8,5405.2,7344.42,6534.56,1013.96
2453,3,Bread_211,0.0,0.0,0.0,0.0,0.0,0.0,0.0,0.0,0.0,0.0,0.0,0.0,0.0,0.0,0.0,0.0,0.0,0.0,0.0,0.0,0.0,0.0,243.83,1053.5,1052.7,1016.01,1480.16,1791.06,1657.21,1987.05,2235.29,2779.23,3053.69,3301.23,2881.99,3202.67,3182.62,3167.87,3250.07,3142.7,3291.31,3464.46,3148.28,3335.15,3339.34,3529.6,236.6
2454,4,Avocado_14,0.0,0.0,0.0,0.0,0.0,0.0,0.0,0.0,0.0,0.0,0.0,0.0,0.0,0.0,0.0,0.0,0.0,0.0,0.0,0.0,0.0,0.0,875.55,2195.44,3234.87,3169.98,3547.7,3558.76,3218.82,4492.25,5683.35,6386.2699999999995,7552.45,6723.58,15812.93,4404.81,3995.91,4011.7799999999997,6207.11,5338.04,7292.18,9341.1,9042.0,9392.88,9982.09,8495.36,340.56
2460,4,Turkey_14,3139.35,3209.42,6057.72,3885.85,3400.72,5018.47,4687.58,5316.54,4069.35,3925.7,3585.77,3475.68,3899.12,3847.47,3835.75,3632.18,2966.51,3656.47,3203.64,3079.84,2879.2,3664.39,3713.21,3834.82,4339.25,4087.83,969.41,0.0,764.98,981.7,833.35,1113.19,2372.67,2273.36,2108.0099999999998,1957.89,2636.33,3167.96,2353.16,2488.17,2177.28,2712.46,2542.15,2699.08,2082.76,2743.08,133.8
2461,4,Pork_36,0.0,0.0,0.0,0.0,0.0,0.0,0.0,0.0,197.53,1084.81,848.71,726.33,1642.65,1222.8,1355.1,1278.33,2364.2599999999998,1514.15,1255.15,1099.13,1661.85,1529.3,1613.71,1190.37,1908.28,2404.38,1441.57,1389.25,2476.15,2322.58,2301.2599999999998,1540.27,1718.87,1287.66,1117.53,1058.09,1074.47,1607.22,1756.4,1661.24,2477.32,1958.13,1439.83,1438.11,1138.05,1234.49,41.54
2462,4,Chive_3,0.0,0.0,0.0,0.0,0.0,0.0,0.0,0.0,0.0,0.0,0.0,0.0,0.0,0.0,0.0,0.0,0.0,0.0,0.0,0.0,0.0,0.0,0.0,0.0,0.0,0.0,3.49,97.04,221.20000000000002,38.33,1864.86,2847.65,4814.5199999999995,3227.18,2505.05,2552.94,2555.57,2228.4,1734.07,1598.3600000000001,2443.4,2871.61,2757.4,6065.22,3839.57,3548.66,0.0
2463,3,Pastry_186,1151.06,1187.64,1665.29,1477.55,763.3100000000001,1849.71,1865.87,2084.37,2000.47,2147.31,1748.85,1641.6299999999999,1683.61,1994.28,2726.04,3302.84,2505.52,2585.12,2816.11,2695.69,2229.67,2004.25,1685.99,1303.66,1002.14,1222.41,1281.09,1100.41,825.32,778.82,832.5,1059.57,1038.6,1272.26,755.57,608.33,541.85,657.57,1469.36,1339.02,1058.14,1336.91,1034.32,984.89,867.29,1010.28,113.38
2464,4,Chicken_94,0.0,0.0,0.0,0.0,0.0,0.0,0.0,0.0,0.0,0.0,0.0,0.0,0.0,0.0,0.0,0.0,0.0,0.0,0.0,0.0,0.0,0.0,0.0,0.0,0.0,0.0,0.0,500.99,635.52,1099.64,448.44,1833.45,1375.92,1274.6100000000001,2558.31,1935.92,1209.99,1257.71,1178.3899999999999,1093.22,1288.22,1537.8,797.82,0.0,0.0,0.0,0.0
2465,4,Physalis_2,2135.47,2861.53,3562.09,9491.49,4993.87,5382.16,4655.67,4999.12,4903.27,4715.43,3269.1,2145.73,2211.93,2890.21,3887.97,5072.75,4900.73,4314.15,4031.06,17343.89,5983.9,7506.33,6634.08,7462.32,4469.01,5596.69,9946.38,10475.95,9088.27,9277.06,7933.13,7790.33,8222.26,7038.5,4670.82,4148.85,7631.98,11407.2,5976.44,5239.35,4100.52,4136.58,2995.11,14584.53,8799.57,6071.22,88.94
2467,3,Pastry_187,500.15999999999997,730.32,601.64,544.63,503.34,850.61,851.68,896.86,863.51,849.59,797.6,760.03,837.1,935.86,1008.73,1368.63,942.94,1407.5,1669.3700000000001,1762.6,1552.39,1654.2,1706.77,1627.52,2104.35,2008.62,2174.87,2009.02,1879.48,2573.88,2484.15,2613.5,2128.12,2426.5099999999998,2160.46,1959.06,2095.59,2049.73,2135.62,1886.3,1464.04,2051.56,1725.41,1727.98,1706.64,1861.21,95.42999999999999
2472,1,Bread_212,0.0,0.0,0.0,0.0,0.0,0.0,1231.12,4365.55,4141.11,5814.16,7257.0599999999995,8259.24,7926.13,2708.59,0.0,0.0,0.0,0.0,0.0,0.0,0.0,0.0,0.0,0.0,0.0,0.0,0.0,0.0,0.0,0.0,0.0,0.0,0.0,0.0,0.0,0.0,0.0,0.0,0.0,0.0,0.0,0.0,0.0,0.0,0.0,0.0,0.0
2473,3,Bread_213,0.0,0.0,0.0,0.0,0.0,0.0,0.0,0.0,0.0,0.0,0.0,0.0,0.0,0.0,0.0,0.0,0.0,0.0,0.0,0.0,0.0,0.0,245.35,1049.21,1028.32,1013.43,1291.83,1591.04,1525.41,2005.36,1774.43,2112.61,2102.25,2327.99,1951.42,2154.49,2251.31,2308.63,2376.38,2115.86,2159.18,2338.84,2008.77,2158.26,2148.54,2214.85,134.3
2478,4,Salmon_16,5451.8,6116.07,7367.02,7285.99,9558.94,5070.85,8267.34,10782.79,10021.91,10068.05,8391.42,8114.77,7983.72,9276.29,10255.76,11068.84,15324.99,10736.89,9737.25,10451.2,10198.54,6917.47,8088.58,7096.07,7242.94,6060.37,2678.7,0.0,0.0,0.0,0.0,0.0,0.0,0.0,0.0,0.0,0.0,0.0,0.0,0.0,0.0,0.0,0.0,0.0,0.0,0.0,0.0
2482,3,Apricot_14,0.0,0.0,0.0,0.0,0.0,0.0,0.0,0.0,0.0,0.0,0.0,4490.17,0.0,0.0,0.0,0.0,0.0,0.0,0.0,0.0,0.0,0.0,0.0,0.0,0.0,0.0,0.0,0.0,0.0,0.0,0.0,0.0,0.0,0.0,0.0,0.0,0.0,0.0,0.0,0.0,0.0,0.0,0.0,0.0,0.0,0.0,0.0
2488,4,Onion_46,543.13,1185.21,2470.41,1344.56,1263.33,1168.44,998.21,1676.5,1077.5,920.64,958.25,851.0,891.67,999.21,1004.43,1184.19,1202.89,1468.59,1136.58,1205.57,1123.38,1441.74,322.14,299.23,2186.8,1433.36,1285.95,1192.88,1669.09,1918.44,1692.07,1747.39,2068.1,2102.33,1624.63,1373.1,1826.71,1633.5,3541.67,1630.38,1917.84,1857.14,672.32,1183.67,1031.31,1448.27,109.21000000000001
2490,3,Bread_216,12477.69,12804.87,17028.75,17364.06,14247.26,15343.64,14509.76,14060.16,12168.88,12956.8,12529.17,12362.84,12823.38,13319.92,15786.68,16637.17,13353.89,13967.61,12886.77,12126.55,11088.06,11077.78,10076.27,9401.89,9541.08,10482.36,10499.7,9893.7,9803.11,9490.51,8081.41,10085.56,9321.88,9598.5,8050.15,7714.53,7837.74,9131.21,10471.23,16475.44,15228.69,11698.2,10975.43,11790.02,12190.25,12668.5,817.72
2493,4,Tomato_113,22629.92,25731.71,22450.69,23975.15,22741.75,32063.94,27558.67,36702.19,36712.83,21766.07,33872.42,30837.76,18185.93,22831.06,23277.0,19166.56,15330.39,31298.55,21830.58,18698.75,14686.6,20951.04,34496.75,27305.46,22937.11,23917.53,23259.670000000002,21532.78,19885.63,24665.12,18238.47,10817.32,20074.37,33366.18,34422.86,33012.65,24350.09,25159.95,26384.4,17872.14,17927.78,28064.11,27176.95,29000.29,34906.5,33264.71,3938.81
2495,4,Apple_131,0.0,0.0,0.0,0.0,0.0,0.0,0.0,0.0,0.0,0.0,0.0,0.0,0.0,0.0,0.0,0.0,4254.91,0.0,2083.84,0.0,0.0,0.0,0.0,0.0,0.0,0.0,0.0,1432.41,17785.98,461.03,0.0,0.0,0.0,0.0,0.0,0.0,0.0,0.0,0.0,1182.4,16008.74,4353.2,104.78,0.0,0.0,0.0,0.0
2507,4,Onion_48,9982.53,10251.97,10202.84,9037.17,12607.2,16280.37,15765.0,18171.46,15817.35,15910.58,12927.78,12061.48,12355.11,12393.01,13310.960000000001,14343.18,17620.41,22312.079999999998,17872.51,15355.32,15783.46,14773.84,13360.0,15202.53,17472.27,16446.47,13927.34,18978.15,17572.05,17243.13,13153.96,13234.59,15549.04,14222.48,14554.64,13125.15,11462.27,10907.17,11401.99,11662.32,12657.77,13129.289999999999,12235.74,12808.64,11621.22,14814.39,731.7800000000001
2514,4,Chicken_96,0.0,0.0,0.0,0.0,0.0,0.0,0.0,0.0,0.0,0.0,656.41,2063.79,2445.89,2418.89,2705.84,2831.35,3223.79,3633.66,7424.95,4101.11,3835.21,3069.92,2517.09,6880.51,2617.58,2263.26,1968.44,2430.81,3312.87,2867.42,2366.59,2403.13,2683.98,2441.89,2099.1,2397.69,2007.74,2056.39,1985.62,2212.77,2339.36,3184.81,2725.72,2964.69,2663.2,2221.71,112.59
2515,3,Baguette_38,0.0,1601.39,622.88,0.0,0.0,0.0,0.0,1097.57,1999.33,2277.35,2120.66,2079.35,2089.61,1970.93,1843.63,1798.45,2036.47,1819.53,1606.8,1635.69,1708.95,1864.83,1886.09,1926.06,1901.76,1959.28,1900.37,1920.43,2478.79,2242.33,2087.13,2665.32,2733.7599999999998,2886.37,2977.87,2990.38,3105.63,3310.37,3164.48,3048.98,3877.15,3253.43,2914.2,3411.57,3453.37,3798.3,284.59000000000003
2517,4,Berry_8,0.0,0.0,0.0,0.0,0.0,0.0,0.0,0.0,0.0,0.0,0.0,0.0,0.0,0.0,0.0,0.0,0.0,0.0,0.0,0.0,0.0,0.0,0.0,0.0,0.0,0.0,0.0,0.0,0.0,0.0,0.0,0.0,0.0,0.0,0.0,0.0,0.0,0.0,0.0,0.0,2297.59,2248.05,2573.2599999999998,2638.27,983.0600000000001,0.0,0.0
2520,4,Lettuce_43,9056.6,5314.9,12886.85,9217.88,8276.52,12511.73,15754.6,22702.57,16152.55,13079.2,27616.920000000002,11621.23,10238.7,10481.19,13427.6,10812.45,8032.15,18385.8,10366.92,19109.39,8715.34,18439.45,9849.56,8431.61,12195.73,6981.53,6386.38,7198.21,11283.79,6772.76,8312.07,7743.56,7784.78,18295.2,8791.27,7728.49,5278.4,4442.49,6015.47,9890.65,4492.13,306.18,6257.86,5576.6,6524.93,7770.45,381.5
2521,4,Apple_132,17531.68,15709.02,14239.86,13960.83,10862.64,14875.28,15365.76,21659.13,14639.12,11567.66,10230.89,10042.92,10088.77,10134.65,11636.82,11349.39,9481.01,15749.06,12802.12,13526.81,12279.4,14165.79,12758.28,11606.22,12037.75,12858.95,9187.15,7450.0,7747.6,10711.94,15336.5,14254.99,13980.130000000001,16187.09,14989.89,15003.4,11278.960000000001,11434.68,10026.64,10866.01,13117.38,16095.64,14470.06,15308.32,15587.95,15001.6,806.36
2524,4,Lemon_16,12313.2,11941.59,24455.01,20305.33,22172.59,28448.920000000002,24609.02,29303.44,24936.21,23293.65,24496.920000000002,24714.05,19806.33,27657.19,35022.78,38704.9,32925.43,30673.59,30149.27,27060.38,27589.71,27387.56,21018.23,25011.8,21021.54,28419.35,26803.75,25191.16,32867.24,29847.33,23401.079999999998,22849.34,22502.51,25281.65,26748.75,26750.78,28488.82,23034.33,29033.71,22432.49,37358.59,24931.38,20710.89,26153.53,26620.46,23609.4,1620.93
2525,4,Shrimp_0,0.0,0.0,0.0,0.0,0.0,0.0,0.0,0.0,0.0,0.0,0.0,0.0,18.57,63.38,425.98,576.38,556.89,800.85,642.21,705.74,0.0,0.0,604.05,866.19,1148.14,1206.15,1837.93,2960.24,3221.07,4965.68,4431.03,6126.35,4593.94,4194.28,3667.04,3242.79,3111.86,2903.33,2980.67,2736.58,8276.69,3469.2799999999997,5913.79,3928.89,6359.15,4252.48,284.02
2528,1,Baguette_39,583.09,490.64,755.03,621.24,647.54,690.49,684.61,812.19,766.56,818.64,834.1800000000001,612.39,659.88,809.57,729.82,789.09,692.92,741.2,730.54,781.0,741.2,830.15,781.87,752.9300000000001,825.02,794.4,743.3299999999999,736.96,664.03,765.29,680.31,938.27,893.9,997.3100000000001,855.34,804.69,950.49,868.95,889.47,950.12,1051.66,1051.47,1023.58,1143.0,1078.61,1229.07,47.64
2539,4,Lemon_17,38907.77,44936.48,47111.99,52020.93,54509.15,56545.68,63721.74,61897.48,52989.74,62950.47,46733.35,38881.18,44447.02,50111.94,57993.26,51717.43,48631.68,48255.04,41745.409999999996,43845.37,47956.020000000004,38174.06,43844.27,43180.47,43140.68,39925.39,40325.78,42627.19,54573.909999999996,41942.66,37339.89,47138.0,47152.64,52744.15,46662.77,39986.56,35370.63,36771.06,46589.25,40598.09,41520.96,53233.58,44163.75,41910.78,37072.54,55027.64,2433.75
2541,3,Pastry_193,504.46999999999997,720.3100000000001,924.08,1202.29,3206.94,1548.56,1378.35,1367.42,1037.24,952.7099999999999,834.77,833.09,739.04,762.46,838.06,1321.47,2771.12,1287.99,1079.38,1083.76,751.92,752.38,615.64,589.62,515.47,642.05,686.27,1048.25,2914.09,886.79,837.34,908.67,682.06,769.05,538.78,559.35,496.15,615.95,698.16,2269.89,6507.24,936.38,803.96,767.27,620.9399999999999,582.13,27.23
2543,1,Pastry_194,1811.67,1553.92,2552.98,2259.38,1758.39,1915.83,2206.93,2432.13,2138.2,2036.54,1939.76,1690.51,1899.77,2551.18,3322.64,3175.55,2438.63,2158.09,2330.34,2380.85,2123.44,2082.64,1918.68,1814.69,1700.59,1952.36,1919.42,1836.75,1438.81,1687.5,1837.23,2276.8,2111.54,1256.98,1255.1299999999999,1258.5,1277.02,1216.44,1206.23,50.26,0.0,0.0,0.0,0.0,0.0,0.0,0.0
2548,4,Chicken_97,1085.44,482.17,759.48,86.17,319.96,0.0,0.0,0.0,0.0,431.81,673.6,338.11,221.72,163.52,76.93,0.0,1381.22,1201.29,603.1800000000001,781.65,1302.1100000000001,428.98,590.81,582.05,347.55,2721.11,0.0,345.52,3403.7799999999997,7114.18,512.63,1810.8899999999999,2693.65,715.27,651.34,419.14,422.85,384.07,258.99,429.99,578.35,0.0,0.0,2013.08,284.95,1398.76,0.0
2551,3,Chicken_98,1864.15,1575.48,2406.27,2159.72,2377.42,2689.59,2574.48,2709.26,2140.31,2332.86,1781.17,1698.84,1764.52,1985.45,1878.82,2036.69,2570.19,2174.55,2892.64,2174.77,1761.8799999999999,1971.1,2257.66,1485.34,1691.18,1588.92,1468.25,1626.45,4137.77,3778.58,3176.45,3010.86,3906.81,2241.32,1802.31,1885.75,2965.44,1957.29,1665.07,1592.41,2086.52,2150.75,1748.14,2059.09,1955.65,2081.32,40.06
2555,4,Pastry_195,9080.51,9358.78,10946.27,9518.99,8588.74,12267.91,12273.81,13171.39,10529.21,10924.5,9832.01,9236.91,10220.35,11517.31,13293.29,12775.39,7366.0,13409.48,12735.28,12880.38,11348.15,12556.72,11777.65,10651.26,10991.039999999999,13023.33,12614.22,11726.31,8550.87,11862.49,11398.78,12401.21,10631.46,12495.69,10499.76,9286.81,9531.53,9753.44,10120.91,7092.03,7465.59,9619.86,9084.55,7373.7699999999995,7543.11,8046.92,370.17
2561,4,Pork_38,0.0,0.0,0.0,0.0,0.0,0.0,0.0,0.0,0.0,0.0,0.0,0.0,0.0,0.0,0.0,0.0,0.0,0.0,0.0,0.0,0.0,0.0,0.0,0.0,0.0,883.85,4416.87,3246.4300000000003,1480.1,4348.14,3034.44,2053.9,1510.44,3491.11,1227.93,1259.16,1197.62,4465.68,1342.91,1141.39,1815.18,5168.3,1452.58,4538.55,1592.57,3767.75,397.07
2563,4,Pumpkin_21,4041.61,24873.21,22556.75,24735.22,11568.02,17655.69,10328.96,8239.05,4846.9,7618.05,8613.05,4455.33,6426.76,30991.02,35552.56,30921.88,12702.57,16751.38,9272.39,5003.83,3019.52,1999.7,2522.37,2802.01,9298.94,25976.58,20036.74,10320.12,8719.55,9272.02,5195.32,2302.73,3382.69,2731.3,2055.32,1515.76,9747.26,21802.6,40684.46,33582.85,7905.84,6768.96,3358.46,3934.74,2995.09,2238.28,129.0
2567,4,Toust_41,0.0,0.0,0.0,0.0,0.0,0.0,0.0,0.0,0.0,0.0,0.0,0.0,0.0,0.0,0.0,0.0,0.0,0.0,0.0,0.0,0.0,0.0,0.0,0.0,0.0,0.0,0.0,0.0,0.0,1291.1,1188.57,1101.85,1154.88,1348.65,1270.22,1376.75,1499.0,1548.02,2179.81,1999.35,2176.44,2422.81,2143.99,2294.54,2281.2,2395.82,163.65
2569,4,Strawberry_41,0.0,0.0,0.0,0.0,0.0,0.0,387.4,10097.15,4159.31,0.0,0.0,0.0,0.0,0.0,0.0,0.0,0.0,0.0,0.0,0.0,0.0,0.0,0.0,0.0,0.0,0.0,0.0,0.0,2611.21,16934.09,23174.04,42317.87,8555.82,0.0,0.0,0.0,0.0,0.0,0.0,0.0,16021.17,13444.07,10574.49,4084.03,0.0,0.0,0.0
2570,4,Pumpkin_22,0.0,0.0,0.0,0.0,0.0,0.0,0.0,0.0,0.0,0.0,0.0,0.0,0.0,0.0,0.0,0.0,0.0,0.0,0.0,0.0,0.0,0.0,0.0,0.0,0.0,290.95,934.5,0.0,0.0,0.0,0.0,0.0,0.0,0.0,0.0,0.0,0.0,1015.16,2362.94,0.0,0.0,0.0,0.0,0.0,0.0,0.0,0.0
2572,3,Muffin_5,0.0,0.0,0.0,0.0,0.0,0.0,0.0,0.0,0.0,0.0,0.0,0.0,0.0,0.0,0.0,0.0,0.0,0.0,0.0,37.49,763.68,986.18,819.35,1026.69,944.18,1020.25,931.51,137.42,0.0,0.0,0.0,0.0,0.0,0.0,130.24,2058.31,0.0,61.67,956.91,940.52,572.28,923.69,1212.39,1338.94,1234.49,1479.35,58.11
2573,4,Pepper_30,13868.41,12136.78,21800.19,20884.11,25432.12,29650.31,23053.53,23117.01,33054.32,17920.21,27809.83,14010.92,12220.63,12009.3,12589.4,17468.15,25189.12,22639.77,19971.55,22238.12,22166.1,16386.94,24810.7,21010.82,9565.78,10284.6,13486.4,13875.92,18283.72,19331.01,18849.34,25409.39,18610.78,27216.260000000002,35369.22,19560.14,12875.43,11264.27,20613.14,15127.11,17904.79,15277.880000000001,15706.99,19607.46,25034.23,32091.14,1353.1100000000001
2575,4,Chicken_99,1104.91,1485.06,2357.12,2150.03,2235.03,3265.34,3227.93,3564.21,3066.5299999999997,2402.98,1570.95,1739.95,2019.24,2902.71,3382.25,3584.58,2983.28,3608.28,3272.7,3305.13,2598.52,2129.69,3309.03,1953.3600000000001,1831.92,2071.68,1863.57,1762.9099999999999,2218.42,1804.54,1678.2,1681.01,1699.24,1588.32,1017.03,867.62,915.11,1136.45,1469.46,1791.34,2039.43,2257.75,1827.98,1775.65,1516.23,1379.4,26.22
2579,4,Spinach_13,24200.48,20973.41,25644.38,23289.39,20230.16,32600.32,30322.72,43702.87,35468.17,37676.7,26633.63,16636.46,9055.08,21366.73,36154.55,25434.8,21539.4,33279.67,25810.56,26153.5,28554.37,22307.71,20824.19,20490.4,20525.61,31704.75,19421.8,28530.9,19434.12,27773.48,23883.85,34166.94,35878.12,21666.49,20495.06,19783.75,16521.7,16270.82,20512.9,16134.24,17354.14,37407.73,23435.04,40690.24,25415.01,29848.46,3706.02
2582,4,Potato_81,9107.12,7949.99,16576.23,18569.86,8074.2699999999995,10832.86,19495.61,14713.84,13016.46,16105.53,8538.17,9159.1,11303.06,8308.11,11193.85,13020.13,13363.97,10525.15,9478.72,11469.26,11410.11,10953.99,7347.3,17750.1,17867.33,13670.76,19812.48,14668.01,14137.18,11651.68,9308.09,9512.3,10292.55,11020.98,13094.62,10820.16,11061.87,23355.81,9127.46,12194.15,10907.539999999999,10602.52,16215.98,14881.64,10317.89,9649.6,665.76
2583,3,Pastry_196,0.0,0.0,0.0,0.0,0.0,0.0,0.0,0.0,0.0,0.0,0.0,0.0,0.0,1118.44,2535.42,2464.63,1802.07,2088.06,2331.8,2424.56,2066.01,1775.24,1908.96,1891.7,2256.04,2784.13,2754.48,2414.64,1830.09,1773.85,1932.81,2451.28,1994.52,2208.33,1578.29,1543.23,1563.98,1992.3799999999999,2581.9900000000002,2438.05,1854.7,1991.17,1841.43,1790.9,1755.57,2060.3,179.23
2584,3,Roll_60,8095.59,8922.63,12244.86,12702.5,10975.48,10772.6,9737.28,11521.47,12162.880000000001,12350.6,11374.62,9953.03,9664.539999999999,11024.25,13624.23,15109.75,13883.3,12362.1,10956.94,9918.67,9317.27,8668.07,8185.17,6630.54,5880.87,6483.13,7111.84,6232.74,5693.95,4933.93,4774.17,5807.39,5327.4,5675.95,4343.7699999999995,3722.53,3927.07,4430.32,4730.95,5051.79,5110.81,5409.9,4748.89,4967.84,4543.44,5242.36,292.3
2595,1,Bread_224,0.0,0.0,0.0,0.0,521.06,1472.76,1797.84,2119.83,1982.9,2098.7599999999998,1866.1,1920.3700000000001,1764.6,1737.5,1854.57,2267.2200000000003,2385.66,1922.1,2048.59,2215.7400000000002,2402.2,2710.75,2766.63,3072.28,3453.02,4170.02,4370.56,4407.61,4995.03,4730.32,4093.79,4887.34,4953.45,4975.75,3863.67,4159.14,3889.44,3835.17,4198.41,5626.52,6055.29,4595.15,4093.2599999999998,4613.69,4596.93,4582.43,271.36
2596,3,Bread_225,1451.99,2070.99,2729.75,3117.08,2041.27,0.0,0.0,1402.14,2798.1,3595.51,3726.25,3966.31,4593.47,4900.81,5389.7,5980.58,6000.37,5960.37,5280.28,5135.5,5742.25,5777.54,5287.29,5508.34,5591.26,6380.34,5827.37,5704.81,6207.62,5917.66,5154.04,5963.37,5992.7300000000005,6384.58,5936.6,6063.45,5957.84,6331.17,7099.56,7144.49,8304.37,8091.21,7732.21,9057.31,9374.37,10318.46,750.47
2598,4,Onion_51,43568.74,42671.21,44023.69,45384.53,42635.62,60610.74,59230.81,71570.01,67202.75,91246.51,53048.97,49385.22,48621.72,45976.71,51701.35,53359.590000000004,48568.2,65960.95,46414.4,69851.08,73190.57,52265.76,47964.98,51834.46,57959.77,41178.51,40789.85,42298.590000000004,44632.68,61403.27,41338.56,52788.76,85371.74,52808.21,45167.26,38852.79,38495.89,45539.33,40610.63,37788.02,33687.98,73139.14,63141.88,76281.9,73299.7,58299.61,3734.1099999999997
2599,4,Pita_2,2440.04,2468.89,2988.29,2974.72,2851.4,3457.69,3238.44,3554.81,3023.75,2870.32,2775.62,2663.2,2418.97,2640.54,2619.43,2979.14,2612.07,3331.14,2842.53,1985.83,2546.25,2568.56,2447.24,2141.73,2272.11,2138.48,2138.68,1950.74,2198.01,2115.47,2003.51,2301.08,2298.58,2483.58,2283.65,2653.23,2298.66,1988.41,2011.22,1658.75,1978.67,2649.0,2033.75,2246.75,2526.82,2615.95,172.08
2601,4,Onion_52,18244.48,21571.83,29464.48,28328.56,24761.69,29114.9,28064.71,33210.82,28535.83,29853.83,24322.21,22082.23,21073.26,27516.36,29375.33,34588.43,27971.14,32308.01,25657.66,26344.38,24959.96,26116.73,25042.77,27847.84,31760.170000000002,39679.02,33571.04,28939.48,33755.15,30164.63,25149.0,26813.09,26383.68,26815.89,25084.57,26187.35,25218.51,30266.75,28401.29,30056.3,22624.46,27290.29,26701.13,23581.9,29072.43,24202.15,1634.24
2602,4,Blueberry_36,30336.28,0.0,0.0,0.0,0.0,0.0,0.0,0.0,0.0,0.0,0.0,0.0,0.0,0.0,0.0,0.0,0.0,0.0,0.0,0.0,0.0,0.0,0.0,0.0,0.0,0.0,0.0,0.0,0.0,0.0,0.0,0.0,0.0,0.0,0.0,0.0,0.0,0.0,0.0,0.0,0.0,0.0,0.0,0.0,0.0,0.0,0.0
2603,4,Baguette_40,31014.21,37431.34,44781.69,47896.86,61443.87,55538.91,52996.79,65551.67,58518.48,61756.16,60599.61,57492.74,57414.82,68704.0,58120.55,87036.85,91269.16,87628.28,76464.36,81228.38,77097.43000000001,82796.2,80306.93,79839.88,83704.01,89270.2,96416.06,92350.79,103765.04,103895.13,91680.9,101454.6,101345.58,98345.75,89326.51,85921.82,84822.94,86796.23,82145.61,85092.45,115248.03,92289.5,70443.55,80097.05,75859.88,80645.01,4623.07
2606,3,Cookie_1,0.0,0.0,0.0,0.0,0.0,187.17,668.57,658.8,559.99,571.39,488.58,402.43,460.26,549.48,717.39,775.81,558.31,547.52,540.72,581.85,569.85,649.8,593.67,508.0,455.02,605.04,690.29,620.01,484.33,477.1,710.91,959.73,937.5600000000001,983.3000000000001,946.08,821.88,1036.73,1221.68,1569.15,1780.06,1345.94,1602.96,1744.44,1745.85,1569.55,1812.02,119.82
2610,4,Mandarin_21,0.0,0.0,15629.66,33687.13,46444.3,29918.760000000002,28651.65,39221.75,12295.99,0.0,0.0,0.0,0.0,0.0,7886.9,78944.6,63624.69,34834.31,20715.34,17974.21,11736.77,1813.77,0.0,0.0,0.0,0.0,7896.3,31564.670000000002,39177.04,26750.329999999998,22394.72,209.31,0.0,0.0,0.0,0.0,0.0,0.0,12274.46,12065.5,36559.39,38171.75,21166.73,12681.05,3795.93,0.0,0.0
2612,3,Pastry_199,6229.55,6108.44,8033.91,9040.68,6333.88,7990.31,8359.76,8042.19,6462.86,7544.67,8143.45,7731.79,8459.02,8834.96,10755.18,11334.63,7848.36,7461.35,8993.52,9716.53,8180.04,8578.03,8313.77,7285.25,7620.05,8481.23,8858.09,9473.7,7922.13,7703.31,7713.39,10286.54,9478.35,10358.79,8904.87,7868.19,8975.94,10470.28,10916.22,10509.32,8512.62,10630.16,10482.22,10578.83,10165.11,13758.13,911.28
2614,4,Parsley_13,1388.6,1382.8,1668.59,1946.38,2811.43,2218.27,2106.81,4446.01,4106.54,2910.07,2288.99,1690.95,1576.99,1400.66,1517.42,2170.24,3124.45,2322.46,2748.26,2080.78,4433.63,2115.87,1529.7,1482.24,1345.09,1568.51,1416.6,1181.93,2670.3,1547.25,1273.36,1780.46,4560.68,2447.62,1724.18,1768.84,1350.37,1178.39,1475.35,1550.16,3427.52,2861.33,2411.4,5211.85,3294.52,3013.1,128.78
2616,3,Strawberry_44,2470.96,1139.66,0.0,0.0,0.0,0.0,0.0,0.0,0.0,0.0,16037.88,569.69,0.0,2589.29,6326.25,925.46,0.0,0.0,0.0,0.0,0.0,19154.52,24873.61,0.0,3262.52,13503.789999999999,3869.99,0.0,0.0,0.0,0.0,0.0,0.0,6007.2699999999995,34127.83,2930.51,0.0,2413.4,1050.26,0.0,0.0,0.0,0.0,0.0,0.0,4329.6,1165.97
2617,4,Berry_9,0.0,593.98,8855.09,2000.3799999999999,0.0,0.0,0.0,0.0,0.0,0.0,0.0,0.0,0.0,3559.32,8858.23,0.0,0.0,0.0,0.0,0.0,0.0,0.0,0.0,0.0,0.0,5471.28,8014.7,2075.26,932.03,0.0,0.0,0.0,0.0,0.0,0.0,0.0,0.0,4225.89,5459.1,1979.77,0.0,0.0,0.0,0.0,0.0,0.0,0.0
2618,3,Beef_28,460.0,661.48,824.4,790.78,470.95,939.62,1130.82,1176.07,1236.23,786.6,692.29,490.6,817.8100000000001,945.87,812.53,943.57,725.34,743.01,682.88,675.3,732.08,573.35,583.92,858.9,872.07,846.82,1005.4,980.22,782.56,878.66,941.05,1090.44,1053.4,1210.74,1161.17,1013.29,1272.14,1350.13,1596.3799999999999,1595.37,1559.45,1580.01,1429.03,1736.58,1801.5,2033.74,97.87
2620,3,Cucumber_35,14845.46,0.0,0.0,0.0,0.0,0.0,0.0,0.0,0.0,0.0,0.0,0.0,0.0,0.0,0.0,0.0,0.0,0.0,0.0,0.0,0.0,0.0,0.0,0.0,0.0,0.0,0.0,0.0,0.0,0.0,0.0,0.0,0.0,0.0,0.0,0.0,0.0,0.0,0.0,0.0,0.0,0.0,0.0,0.0,0.0,0.0,0.0
2623,4,Tangerine_0,325.81,373.52,7731.66,12252.86,1304.09,0.0,6419.59,9996.09,9278.32,1619.73,0.0,0.0,0.0,7050.42,3878.6,13925.15,14899.12,23670.11,9247.38,9124.88,6782.5199999999995,12781.31,13293.3,11825.7,11927.24,13547.7,4900.94,14886.04,35995.42,22948.86,10125.25,9140.06,9878.72,3145.26,0.0,0.0,3952.44,12379.57,15339.83,618.0500000000001,0.0,2420.39,5859.28,9661.73,6641.05,8507.47,740.1
2629,4,Carrot_36,44967.67,38246.76,54023.04,53002.07,52740.5,65370.75,67578.74,80077.31,50297.88,60800.2,43724.73,52582.48,41170.79,59688.77,53914.33,75838.63,65484.909999999996,57354.47,57689.47,48993.84,44990.81,57493.15,59844.770000000004,56891.61,60872.13,66162.47,45212.49,45645.65,67247.28,55571.78,46329.340000000004,40905.66,40855.2,84469.15,34458.17,38865.43,53262.86,53395.94,56665.29,42045.92,69767.85,51455.51,46241.62,71485.35,71238.5,55255.69,3566.06
2630,4,Cucumber_36,4977.79,3355.35,3309.7200000000003,0.0,0.0,0.0,0.0,0.0,0.0,1350.45,3249.87,9753.07,5640.03,933.3299999999999,0.0,0.0,0.0,0.0,0.0,0.0,0.0,0.0,512.24,14497.94,10361.26,5134.99,0.0,0.0,0.0,0.0,0.0,0.0,0.0,0.0,2091.17,12921.53,9917.88,4589.88,0.0,0.0,0.0,0.0,0.0,0.0,0.0,0.0,0.0
2635,3,Baguette_41,0.0,0.0,0.0,0.0,0.0,0.0,0.0,0.0,0.0,0.0,0.0,0.0,0.0,0.0,0.0,0.0,0.0,0.0,0.0,0.0,0.0,0.0,0.0,0.0,0.0,0.0,181.38,1248.69,1994.33,1770.02,1475.92,2031.49,2085.37,2418.24,2149.52,2118.72,2853.68,3067.82,3732.41,3550.4,4985.66,4493.22,4754.23,5564.03,5310.26,5660.37,343.43
2637,4,Brioche_0,0.0,0.0,0.0,0.0,0.0,0.0,0.0,0.0,0.0,0.0,0.0,0.0,0.0,0.0,0.0,0.0,0.0,0.0,0.0,0.0,0.0,0.0,0.0,0.0,0.0,0.0,0.0,0.0,0.0,0.0,0.0,0.0,0.0,0.0,0.0,0.0,0.0,0.0,0.0,0.0,0.0,0.0,0.0,0.0,0.0,9289.32,947.77
2639,3,Cherry_13,0.0,0.0,0.0,0.0,0.0,0.0,0.0,0.0,0.0,0.0,0.0,0.0,0.0,0.0,0.0,0.0,0.0,0.0,0.0,0.0,0.0,0.0,470.37,7715.24,0.0,0.0,0.0,0.0,0.0,0.0,0.0,0.0,0.0,0.0,0.0,0.0,0.0,0.0,0.0,0.0,0.0,0.0,0.0,0.0,0.0,0.0,0.0
2640,4,Potato_85,10937.67,27644.5,18216.87,47949.58,16565.06,35457.32,13534.53,12305.61,10138.37,10873.15,4752.62,8067.91,12906.7,27224.41,6320.4400000000005,11964.75,13982.61,13648.33,13066.48,18353.79,19934.13,17803.81,18192.41,15439.06,21707.91,16863.52,13081.42,23985.04,15904.43,15606.369999999999,34596.69,18878.61,17923.47,21361.08,20215.57,30492.77,26147.14,30230.38,25016.34,20895.9,22133.4,21406.52,0.0,0.0,0.0,0.0,0.0
2641,3,Tortilla_16,224.6,282.03,1043.58,971.11,680.2,1485.44,1588.96,1955.56,2153.76,1921.35,1639.55,1559.42,1597.51,1633.79,1883.81,2019.38,1514.2,2506.43,1934.43,1892.84,1628.32,1688.82,1467.79,876.85,1255.15,1240.61,1149.89,1310.32,1175.11,1757.94,1337.23,1582.79,1644.82,1592.0,1509.74,1263.94,1355.9,1400.64,1397.02,1391.2,1346.49,1897.63,1453.28,1309.67,1539.56,1546.1,105.45
2643,3,Pastry_201,0.0,0.0,0.0,0.0,0.0,0.0,0.0,0.0,0.0,0.0,0.0,0.0,0.0,0.0,0.0,0.0,0.0,0.0,0.0,0.0,0.0,0.0,0.0,0.0,0.0,0.0,622.9,4277.16,6270.18,6045.87,6373.5,9811.39,10011.42,10400.619999999999,8351.55,7852.85,9956.86,18374.64,30612.66,26754.8,24972.51,27930.19,26117.510000000002,29926.93,29429.98,26582.34,1602.4699999999998
2645,1,Bread_228,0.0,0.0,0.0,0.0,0.0,0.0,0.0,0.0,0.0,0.0,0.0,0.0,1034.67,1793.55,1007.28,942.86,927.5600000000001,945.32,870.4200000000001,956.63,970.79,1000.91,958.09,1035.0,1015.37,983.23,998.43,973.4399999999999,924.93,954.05,902.61,993.91,1036.48,1279.23,893.6999999999999,1145.29,1110.87,1537.06,2129.81,2979.77,3777.12,4659.34,4941.55,5694.29,5930.67,6291.29,376.57
2654,4,Corn_5,3707.14,7734.27,4851.34,0.0,0.0,0.0,0.0,0.0,0.0,0.0,2666.39,7121.07,0.0,10849.630000000001,0.0,0.0,0.0,0.0,0.0,0.0,0.0,0.0,0.0,97.48,27038.03,1100.35,0.0,0.0,0.0,0.0,0.0,0.0,0.0,0.0,0.0,3429.77,45405.87,30294.53,8136.49,0.0,0.0,0.0,0.0,0.0,0.0,0.0,0.0
2656,4,Lemon_20,8023.8,6942.3,9848.42,10161.94,12920.56,13043.76,11832.78,13361.77,13480.56,11785.2,12148.12,2601.46,0.0,0.0,0.0,0.0,0.0,0.0,0.0,0.0,0.0,0.0,0.0,0.0,0.0,0.0,0.0,0.0,0.0,0.0,0.0,0.0,0.0,0.0,0.0,0.0,0.0,0.0,0.0,0.0,0.0,0.0,0.0,0.0,0.0,0.0,0.0
2661,3,Salad_61,1803.76,2457.41,2801.45,3317.01,3051.82,5998.14,5294.16,7523.64,9315.31,7005.45,5115.14,4664.24,5744.56,4281.91,3942.0,3976.63,3995.85,5289.01,4861.35,7162.65,7337.64,6923.95,4715.73,4899.74,4894.55,4234.46,4063.4,4249.93,4056.39,5092.77,4914.91,5119.96,4244.4,4304.71,3948.89,3910.9,3417.5099999999998,3386.5,3018.83,2828.44,2550.53,3119.81,2752.9700000000003,3201.7400000000002,3190.38,3153.78,148.82
2662,4,Raspberry_12,15114.68,11481.16,7811.04,202.49,0.0,0.0,0.0,0.0,0.0,2965.36,6012.58,5613.58,5503.01,6961.63,5814.85,1329.53,429.99,0.0,0.0,0.0,0.0,2976.75,4050.88,6793.22,8831.4,7767.7,710.5,0.0,0.0,0.0,0.0,0.0,0.0,5156.88,4515.85,8230.47,1978.77,4782.85,3269.25,2925.66,3429.23,4679.11,8264.6,6574.22,13165.76,8087.25,312.91999999999996
2663,3,Pastry_202,0.0,0.0,0.0,0.0,302.49,0.0,0.0,0.0,0.0,0.0,0.0,0.0,0.0,0.0,0.0,0.0,548.88,0.0,0.0,0.0,0.0,0.0,0.0,0.0,0.0,0.0,0.0,0.0,411.4,0.0,0.0,0.0,0.0,0.0,0.0,0.0,0.0,0.0,0.0,0.0,625.42,0.0,0.0,0.0,0.0,0.0,0.0
2664,4,Pork_41,0.0,0.0,0.0,1069.59,1068.79,1236.98,1738.96,3485.04,11065.92,5233.97,5564.74,12263.960000000001,13780.2,12816.37,19458.04,6764.86,7176.34,6603.04,18259.59,14739.74,10038.51,6754.49,5246.1,10250.89,9389.63,5660.88,4681.35,3930.35,5276.39,4688.94,4339.78,8860.35,4798.45,5608.23,11506.16,7057.95,6040.25,6905.2699999999995,6151.53,6855.67,8112.98,6089.38,14731.61,9911.99,9024.06,17826.93,309.23
2669,4,Chicken_102,0.0,0.0,0.0,0.0,0.0,0.0,0.0,0.0,0.0,0.0,0.0,0.0,0.0,0.0,0.0,0.0,0.0,0.0,0.0,0.0,0.0,0.0,0.0,0.0,0.0,0.0,359.59,360.62,523.91,604.25,776.21,888.44,892.57,10436.54,1420.8,1205.88,1192.99,1113.04,1032.21,1087.79,1429.01,1476.1,1678.81,1687.94,1208.37,1248.25,76.11
