product_unique_id,n_almacenes,categoria,2020-08,2020-09,2020-10,2020-11,2020-12,2021-01,2021-02,2021-03,2021-04,2021-05,2021-06,2021-07,2021-08,2021-09,2021-10,2021-11,2021-12,2022-01,2022-02,2022-03,2022-04,2022-05,2022-06,2022-07,2022-08,2022-09,2022-10,2022-11,2022-12,2023-01,2023-02,2023-03,2023-04,2023-05,2023-06,2023-07,2023-08,2023-09,2023-10,2023-11,2023-12,2024-01,2024-02,2024-03,2024-04,2024-05,2024-06
0,1,Plum_0,0.0,0.0,0.0,0.0,0.0,0.0,0.0,0.0,0.0,0.0,0.0,0.0,0.0,0.0,0.0,0.0,0.0,0.0,0.0,0.0,0.0,0.0,0.0,3693.24,713.0799999999999,0.0,0.0,0.0,0.0,0.0,0.0,0.0,0.0,0.0,0.0,3083.21,0.0,0.0,0.0,0.0,0.0,0.0,0.0,0.0,0.0,0.0,0.0
2,1,Ginger_0,0.0,0.0,0.0,0.0,0.0,0.0,0.0,0.0,0.0,0.0,0.0,0.0,0.0,0.0,566.1,0.0,0.0,0.0,0.0,0.0,0.0,0.0,0.0,0.0,183.69,264.0,311.49,0.0,0.0,0.0,0.0,0.0,0.0,0.0,94.76,903.3,1310.26,2566.9500000000003,4076.58,3479.84,4123.81,3807.78,4161.92,3237.22,2263.83,2869.4900000000002,159.56
6,1,Tomato_0,1591.8700000000001,1992.74,2464.34,1255.84,0.0,0.0,0.0,0.0,0.0,2625.36,1928.8999999999999,2509.19,5326.5599999999995,4814.05,2442.0099999999998,0.0,0.0,0.0,0.0,0.0,4308.9400000000005,2188.21,3131.69,2531.04,3133.62,2896.44,6697.14,6572.05,275.44,0.0,0.0,0.0,3591.77,4658.05,1774.53,2333.49,2117.89,4384.92,7078.150000000001,10835.91,1137.16,0.0,0.0,1099.06,8710.88,4356.75,0.0
8,1,Watermelon_0,61924.79,10562.15,0.0,0.0,0.0,0.0,0.0,0.0,0.0,0.0,0.0,0.0,0.0,0.0,0.0,0.0,0.0,0.0,0.0,0.0,0.0,0.0,0.0,0.0,0.0,0.0,0.0,0.0,0.0,0.0,0.0,0.0,0.0,0.0,0.0,0.0,0.0,0.0,0.0,0.0,0.0,0.0,0.0,0.0,0.0,0.0,0.0
9,1,Blueberry_2,0.0,0.0,0.0,0.0,0.0,0.0,0.0,0.0,0.0,0.0,0.0,0.0,0.0,0.0,0.0,0.0,0.0,0.0,0.0,0.0,0.0,0.0,0.0,0.0,0.0,0.0,0.0,0.0,0.0,0.0,0.0,0.0,0.0,0.0,0.0,0.0,0.0,0.0,0.0,0.0,0.0,0.0,825.12,0.0,0.0,0.0,0.0
10,1,Salad_0,0.0,0.0,0.0,0.0,0.0,0.0,0.0,0.0,0.0,0.0,0.0,0.0,0.0,0.0,0.0,0.0,0.0,0.0,0.0,0.0,0.0,0.0,0.0,0.0,0.0,0.0,0.0,0.0,255.76,919.58,358.63,0.0,0.0,0.0,0.0,0.0,0.0,0.0,98.49,600.7099999999999,576.16,807.01,617.8,643.88,694.76,809.55,41.510000000000005
14,1,Carrot_0,0.0,0.0,0.0,144.53,1719.48,346.58000000000004,931.58,740.61,983.31,984.12,432.21000000000004,623.54,999.38,1704.7,2207.33,2203.3,2084.45,2585.37,2185.04,2165.74,2381.66,2095.0,1543.8700000000001,1009.14,1399.81,309.31,1379.97,1796.46,1523.55,2510.5,2435.81,2204.15,1891.04,1807.07,1960.31,383.13,0.0,0.0,0.0,0.0,0.0,0.0,0.0,0.0,0.0,0.0,0.0
16,1,Blueberry_3,0.0,0.0,0.0,798.0799999999999,641.8000000000001,304.23,1175.4099999999999,1232.09,1132.37,789.44,1537.8700000000001,1495.35,916.98,1971.51,2790.19,2707.63,2383.43,2115.37,1928.8899999999999,2782.09,1950.58,2099.51,1488.55,1710.42,1416.8899999999999,0.0,0.0,0.0,0.0,0.0,0.0,0.0,0.0,0.0,0.0,0.0,0.0,0.0,0.0,0.0,0.0,0.0,0.0,0.0,0.0,0.0,0.0
19,1,Strawberry_0,0.0,0.0,0.0,0.0,0.0,0.0,0.0,0.0,0.0,0.0,0.0,0.0,0.0,0.0,0.0,0.0,0.0,0.0,0.0,0.0,0.0,0.0,0.0,0.0,0.0,0.0,0.0,0.0,0.0,0.0,0.0,0.0,0.0,0.0,442.1,1942.65,382.95,0.0,0.0,0.0,0.0,0.0,1142.22,0.0,0.0,0.0,0.0
20,1,Bagel_0,0.0,0.0,0.0,0.0,0.0,0.0,0.0,0.0,0.0,0.0,0.0,0.0,0.0,0.0,0.0,0.0,0.0,0.0,0.0,0.0,0.0,0.0,0.0,0.0,0.0,0.0,263.87,398.86,275.6,350.15,295.75,295.93,384.86,443.83,617.73,398.56,904.09,434.55,406.41,467.02,521.57,426.40000000000003,415.14,420.90999999999997,441.67,479.12,0.0
21,1,Potato_0,0.0,0.0,0.0,0.0,0.0,0.0,0.0,0.0,1163.33,4659.21,8099.31,1656.25,0.0,0.0,0.0,0.0,0.0,0.0,0.0,0.0,0.0,0.0,0.0,0.0,0.0,0.0,0.0,0.0,0.0,0.0,0.0,0.0,0.0,0.0,0.0,0.0,0.0,0.0,0.0,0.0,0.0,0.0,0.0,0.0,434.96,3628.17,100.74
27,1,Cabbage_0,0.0,0.0,0.0,0.0,0.0,0.0,0.0,0.0,0.0,0.0,0.0,0.0,0.0,0.0,0.0,0.0,0.0,0.0,0.0,0.0,78.2,864.75,1276.39,1464.5,2454.76,4053.28,3986.89,3176.5,3336.76,3325.19,2571.84,2737.82,2254.86,2272.17,2276.15,2429.05,3283.06,3459.75,3025.46,3461.27,4450.82,3426.76,3198.34,3319.5299999999997,2930.01,2111.47,58.46
30,1,Chicken_1,2465.82,3367.86,3689.5299999999997,3868.04,3004.71,3242.36,555.75,0.0,0.0,0.0,0.0,0.0,0.0,0.0,0.0,0.0,0.0,0.0,0.0,0.0,0.0,0.0,0.0,0.0,0.0,0.0,0.0,0.0,0.0,0.0,0.0,0.0,0.0,0.0,0.0,0.0,0.0,0.0,0.0,0.0,0.0,0.0,0.0,0.0,0.0,0.0,0.0
32,1,Watermelon_1,0.0,0.0,0.0,0.0,0.0,0.0,0.0,0.0,0.0,0.0,0.0,0.0,0.0,0.0,0.0,0.0,0.0,0.0,0.0,0.0,0.0,0.0,0.0,0.0,0.0,0.0,0.0,0.0,0.0,0.0,0.0,0.0,0.0,0.0,0.0,2559.95,0.0,0.0,0.0,0.0,0.0,0.0,0.0,0.0,0.0,0.0,0.0
35,1,Tulip_0,0.0,0.0,0.0,0.0,0.0,0.0,0.0,0.0,0.0,0.0,0.0,0.0,0.0,0.0,0.0,0.0,0.0,2451.3599999999997,2189.83,723.54,0.0,0.0,0.0,0.0,0.0,0.0,0.0,0.0,0.0,238.17,478.16,41.44,0.0,0.0,0.0,0.0,0.0,0.0,0.0,0.0,0.0,0.0,756.05,67.06,0.0,0.0,0.0
36,1,Roll_0,22704.91,25176.94,30955.88,28696.22,23893.34,28592.42,25305.07,30901.12,28724.46,26349.53,23529.64,23051.4,23234.83,23356.33,22402.72,20232.75,16056.45,15921.05,12102.15,13559.53,12024.81,13386.58,11599.49,10189.33,9491.81,11991.51,9564.31,8270.97,7678.07,7976.26,6234.3,6829.17,6845.54,6933.99,6851.87,7052.64,6141.34,6533.49,8240.52,7196.09,7137.03,7007.8,6562.86,7285.56,6809.34,7078.24,397.72
44,1,Pastry_2,0.0,0.0,0.0,0.0,0.0,0.0,0.0,0.0,0.0,0.0,0.0,0.0,0.0,0.0,0.0,0.0,0.0,4000.99,11327.61,12409.95,11422.33,12209.31,11384.58,11093.09,11949.02,16368.17,13911.26,13286.71,11486.94,13171.41,11744.37,14484.37,17382.98,17637.46,12224.96,12658.19,12519.31,13221.33,16393.83,13309.42,11894.03,13967.11,14092.64,13693.53,14366.869999999999,15714.5,1058.09
46,1,Grape_0,0.0,0.0,0.0,0.0,0.0,0.0,0.0,0.0,0.0,0.0,0.0,0.0,0.0,0.0,0.0,0.0,0.0,0.0,0.0,0.0,0.0,0.0,0.0,0.0,0.0,1131.49,411.1,0.0,0.0,0.0,0.0,0.0,0.0,0.0,0.0,0.0,0.0,0.0,0.0,0.0,0.0,0.0,0.0,0.0,0.0,0.0,0.0
49,1,Bread_3,0.0,0.0,0.0,0.0,0.0,0.0,0.0,0.0,0.0,0.0,0.0,0.0,2169.29,5397.26,7294.09,7105.46,4652.37,5238.77,5612.77,4432.94,5467.25,6874.62,4231.01,4197.7699999999995,2983.67,2747.07,3227.0,5417.05,2657.89,1109.02,0.0,0.0,0.0,0.0,0.0,0.0,0.0,0.0,0.0,0.0,0.0,0.0,0.0,0.0,0.0,0.0,0.0
52,1,Spinach_0,0.0,0.0,0.0,858.67,1598.76,1825.04,1086.89,1195.42,1141.55,1452.86,1556.7,1903.42,1257.05,2919.5,3723.29,3905.31,3564.65,0.0,0.0,0.0,0.0,0.0,0.0,0.0,0.0,0.0,0.0,0.0,0.0,0.0,0.0,0.0,0.0,0.0,0.0,0.0,0.0,0.0,0.0,0.0,0.0,0.0,0.0,0.0,0.0,0.0,0.0
55,1,Spinach_1,5771.09,4968.95,0.0,0.0,0.0,0.0,0.0,0.0,0.0,0.0,0.0,0.0,0.0,0.0,0.0,0.0,0.0,0.0,0.0,0.0,0.0,0.0,0.0,0.0,0.0,0.0,0.0,0.0,0.0,0.0,0.0,0.0,0.0,0.0,0.0,0.0,0.0,0.0,0.0,0.0,0.0,0.0,0.0,0.0,0.0,0.0,0.0
57,1,Bell Pepper_0,0.0,0.0,0.0,0.0,0.0,0.0,0.0,0.0,0.0,0.0,0.0,0.0,0.0,0.0,0.0,0.0,0.0,0.0,0.0,0.0,0.0,0.0,0.0,0.0,300.31,11.49,127.9,2278.11,2901.62,4057.1,3866.74,3530.51,0.0,0.0,0.0,0.0,0.0,0.0,311.87,2903.87,4038.2599999999998,5939.48,5801.89,8321.71,3422.35,0.0,0.0
60,1,Roll_1,2384.39,2871.86,2884.27,3442.65,2822.28,3272.53,3062.07,3817.46,3927.36,3853.08,3315.81,3354.19,2929.18,3666.78,2295.85,1981.37,1652.72,1997.65,1986.4,2203.58,3315.32,3242.9900000000002,2833.59,3031.17,3546.95,2744.33,3678.85,1934.91,1729.6299999999999,2352.32,2304.46,3025.2,2899.5,2416.08,2158.65,2386.65,1653.63,1755.0900000000001,2079.01,2127.23,2048.27,2100.59,2171.0299999999997,1629.84,2082.72,2168.82,159.34
62,1,Chicken_5,0.0,0.0,0.0,0.0,0.0,0.0,0.0,0.0,0.0,0.0,0.0,0.0,0.0,0.0,0.0,0.0,0.0,0.0,0.0,0.0,0.0,0.0,0.0,0.0,0.0,0.0,0.0,0.0,0.0,0.0,0.0,0.0,0.0,0.0,0.0,0.0,0.0,0.0,0.0,654.66,606.69,770.17,805.51,464.49,723.34,359.04,0.0
64,1,Pastry_4,44456.729999999996,57931.93,74904.16,85870.55,91828.8,81759.17,77392.52,101142.89,87263.95,81955.21,72472.44,68302.94,65958.25,65495.43,89415.31,92186.0,79910.22,86319.0,68736.4,73862.91,71771.47,65816.53,55283.45,45188.17,43141.69,43437.35,48301.27,66000.62,63265.63,59481.31,64067.14,62416.68,57833.16,51823.7,49542.86,51062.7,64221.57,61948.86,67532.41,63618.53,86547.1,104390.48,68350.63,67423.6,98607.81,73743.7,5772.26
67,1,Beef_0,1173.55,1109.9,1216.47,1134.71,1331.74,1566.67,1279.36,1599.51,1053.8700000000001,1307.82,973.01,821.63,988.38,1178.75,1299.6,1103.81,787.44,920.08,714.64,647.51,709.93,780.9399999999999,660.19,425.96,490.14,573.66,412.56,397.93,616.73,675.21,669.75,608.37,644.17,685.52,683.0,601.13,778.17,763.31,781.29,766.1,673.85,837.5600000000001,863.65,899.66,850.18,919.06,58.82
69,1,Banana_1,10591.49,14500.960000000001,15494.470000000001,11770.09,13573.269999999999,18495.77,17196.56,19295.17,18797.6,20119.06,14462.39,12142.73,13313.26,14309.6,19803.27,19613.23,18526.27,7094.55,4670.25,15749.07,14879.39,11088.21,7327.32,6373.86,7902.32,8361.0,9570.92,10276.64,5394.13,9844.31,10247.89,9866.84,9638.630000000001,11798.130000000001,6117.86,4158.17,0.0,0.0,0.0,0.0,0.0,0.0,0.0,0.0,0.0,182.74,0.0
70,1,Salad_1,0.0,0.0,0.0,0.0,0.0,0.0,0.0,0.0,0.0,0.0,0.0,0.0,0.0,0.0,0.0,0.0,0.0,0.0,0.0,0.0,0.0,0.0,0.0,0.0,0.0,0.0,0.0,0.0,0.0,0.0,0.0,0.0,0.0,0.0,0.0,0.0,0.0,19.16,392.49,383.71,512.5,586.71,808.39,1013.5799999999999,599.23,0.0,0.0
72,1,Orange_0,3185.75,4391.75,7857.42,10274.84,8357.4,10052.75,9200.33,12024.14,9149.65,9546.33,7252.05,4473.74,3753.64,5438.14,9356.38,9679.63,8645.1,15258.56,15654.24,10234.19,5232.93,3209.19,2895.54,2992.57,1974.39,2414.96,3104.85,3396.45,8350.99,14045.61,11009.42,7590.74,5901.3,1674.99,391.31,0.0,0.0,0.0,3739.31,7143.7,9770.74,12078.97,7872.56,6536.06,4773.38,5185.34,312.23
73,1,Pita_0,701.83,821.0,1018.01,940.46,837.82,741.02,1033.6100000000001,989.65,950.07,1043.25,670.3100000000001,642.0,655.28,629.92,592.58,607.77,596.51,649.79,581.8,933.48,744.74,599.38,1023.85,493.38,624.86,547.58,772.0,486.52,485.53,547.69,504.51,487.87,467.55,445.21999999999997,508.69,495.35,466.83,477.43,445.51,407.15,494.09999999999997,573.3,481.03,485.84000000000003,569.83,978.11,39.16
74,1,Chicken_6,0.0,0.0,0.0,0.0,0.0,0.0,0.0,0.0,0.0,0.0,0.0,0.0,0.0,0.0,0.0,0.0,0.0,0.0,0.0,0.0,0.0,0.0,0.0,0.0,0.0,0.0,0.0,0.0,0.0,0.0,0.0,0.0,0.0,0.0,0.0,0.0,0.0,0.0,694.85,1152.8700000000001,1048.84,1355.57,1669.92,830.12,193.28,0.0,0.0
76,1,Peach_0,0.0,0.0,0.0,0.0,0.0,0.0,0.0,0.0,0.0,0.0,0.0,0.0,0.0,0.0,0.0,0.0,0.0,0.0,0.0,0.0,0.0,0.0,0.0,0.0,0.0,0.0,0.0,0.0,0.0,0.0,0.0,0.0,0.0,0.0,268.67,450.52,855.6999999999999,661.25,0.0,0.0,0.0,0.0,0.0,0.0,0.0,0.0,0.0
81,1,Strawberry_2,5372.56,672.81,0.0,0.0,0.0,0.0,0.0,0.0,0.0,0.0,0.0,0.0,0.0,0.0,0.0,0.0,0.0,0.0,0.0,0.0,0.0,0.0,0.0,0.0,0.0,0.0,0.0,0.0,0.0,0.0,0.0,0.0,0.0,0.0,0.0,0.0,0.0,0.0,0.0,0.0,0.0,0.0,0.0,0.0,0.0,0.0,0.0
84,1,Spinach_2,0.0,324.54,1882.25,1986.33,956.12,1132.08,1286.91,1136.67,1620.02,1249.25,930.73,423.13,92.92999999999999,933.9,1404.33,1189.78,1220.04,2223.63,1290.92,2022.52,2432.53,2345.13,1343.3,1835.0,1886.89,1688.71,2011.14,1461.34,1265.3799999999999,1643.77,1825.05,1411.87,1290.99,1359.14,927.09,1193.74,1196.64,1251.38,561.15,791.02,940.9399999999999,1066.72,1012.63,1902.41,1644.94,1384.21,145.1
88,1,Banana_2,0.0,0.0,0.0,0.0,0.0,0.0,0.0,0.0,0.0,0.0,0.0,0.0,0.0,0.0,0.0,0.0,0.0,0.0,0.0,539.08,4968.62,6130.06,2688.81,0.0,0.0,0.0,0.0,0.0,0.0,0.0,0.0,0.0,0.0,0.0,0.0,0.0,0.0,0.0,0.0,0.0,0.0,0.0,0.0,0.0,0.0,0.0,0.0
91,1,Chicken_7,0.0,0.0,0.0,0.0,0.0,0.0,0.0,0.0,0.0,0.0,0.0,0.0,0.0,0.0,0.0,0.0,0.0,0.0,0.0,0.0,0.0,0.0,0.0,0.0,0.0,0.0,0.0,0.0,0.0,0.0,0.0,0.0,0.0,0.0,0.0,0.0,0.0,0.0,992.13,1591.74,1269.19,1568.06,1944.96,1829.09,110.78,0.0,0.0
93,1,Cherry_0,0.0,0.0,0.0,0.0,0.0,0.0,0.0,0.0,0.0,0.0,3161.87,5537.67,0.0,0.0,0.0,0.0,0.0,0.0,0.0,0.0,0.0,0.0,3378.36,6927.849999999999,0.0,0.0,0.0,0.0,0.0,0.0,0.0,0.0,0.0,0.0,0.0,0.0,0.0,0.0,0.0,0.0,0.0,0.0,0.0,0.0,0.0,0.0,0.0
98,1,Tomato_2,0.0,0.0,0.0,0.0,6673.21,0.0,321.08,2821.19,994.4000000000001,0.0,0.0,0.0,0.0,0.0,1905.24,3624.92,3588.82,6213.6,6788.36,4537.98,3374.64,3152.72,1647.45,0.0,0.0,0.0,0.0,4538.03,9663.74,14490.23,1975.33,0.0,0.0,0.0,0.0,0.0,0.0,0.0,0.0,0.0,0.0,0.0,0.0,0.0,0.0,0.0,0.0
100,1,Pear_2,0.0,3123.89,3544.9300000000003,2410.19,2336.43,2631.46,1889.06,2346.67,2080.98,1580.87,1053.78,872.25,990.85,823.63,1738.46,1984.99,2142.06,1405.28,1971.04,1460.37,1144.33,984.07,674.29,625.97,679.85,1058.1,2740.95,3689.75,3002.16,4577.2,2022.6,2148.46,2325.84,2318.92,407.22,0.0,0.0,137.47,2829.26,2318.48,1506.03,1992.83,600.91,0.0,0.0,0.0,0.0
101,1,Bell Pepper_1,0.0,0.0,0.0,0.0,0.0,0.0,0.0,0.0,0.0,0.0,0.0,0.0,0.0,0.0,0.0,0.0,0.0,0.0,0.0,0.0,0.0,323.96999999999997,260.17,137.7,118.03,85.78,101.51,31.67,0.0,369.01,547.0600000000001,723.09,1151.71,836.97,669.76,1388.46,190.25,563.76,17.16,525.09,476.04,1438.06,703.85,797.49,764.95,1367.2,59.300000000000004
102,1,Pear_3,0.0,0.0,0.0,0.0,0.0,0.0,0.0,0.0,0.0,0.0,0.0,0.0,0.0,0.0,0.0,0.0,0.0,0.0,0.0,0.0,0.0,0.0,0.0,135.91,122.23,182.11,357.51,640.33,413.11,288.18,318.07,577.84,286.81,0.0,0.0,0.0,149.91,0.0,0.0,0.0,0.0,0.0,0.0,0.0,0.0,0.0,0.0
104,1,Tomato_3,0.0,0.0,0.0,0.0,0.0,0.0,0.0,0.0,0.0,0.0,0.0,0.0,0.0,0.0,0.0,1132.1,1100.52,1699.41,1051.41,1399.68,1225.26,257.73,0.0,0.0,0.0,0.0,0.0,0.0,0.0,0.0,0.0,3737.51,159.9,0.0,0.0,0.0,0.0,0.0,1382.8899999999999,3616.56,6838.57,6780.38,9621.58,8403.59,0.0,0.0,0.0
105,1,Pastry_9,425.06,562.12,565.62,700.79,857.03,666.8,658.83,737.18,733.61,533.93,462.48,472.73,441.01,431.03,551.1,392.66,341.47,352.6,368.46,438.89,314.65999999999997,269.61,465.48,446.27,343.77,328.99,726.62,363.18,408.84,1121.1100000000001,439.74,696.8,743.64,538.73,643.61,952.32,898.31,480.26,485.23,402.81,912.68,612.26,663.29,370.92,557.11,404.23,23.12
109,1,Pastry_10,0.0,0.0,0.0,0.0,0.0,0.0,0.0,0.0,0.0,0.0,0.0,0.0,0.0,0.0,0.0,0.0,0.0,0.0,0.0,36.5,1084.17,142.91,443.40999999999997,483.71999999999997,548.12,402.23,782.58,550.57,726.46,355.87,276.19,769.29,2487.92,4220.14,0.0,0.0,0.0,0.0,0.0,0.0,0.0,0.0,0.0,0.0,0.0,0.0,0.0
110,1,Pork_2,0.0,0.0,354.57,659.97,663.75,643.75,748.08,1084.39,802.8199999999999,599.55,460.57,397.46,516.03,495.89,633.85,638.62,626.84,698.46,506.07,552.91,497.68,408.46999999999997,549.27,387.09,432.86,495.74,472.76,502.15999999999997,765.0,225.79,0.0,152.29000000000002,341.15000000000003,416.15,399.13,442.33,448.28,525.8,574.7,496.91,706.57,588.67,518.89,561.71,493.31,542.17,14.71
111,1,Salad_2,0.0,0.0,0.0,0.0,0.0,0.0,0.0,0.0,0.0,0.0,0.0,0.0,0.0,0.0,0.0,0.0,0.0,0.0,0.0,0.0,0.0,0.0,0.0,0.0,0.0,0.0,0.0,0.0,0.0,0.0,0.0,0.0,0.0,0.0,0.0,0.0,0.0,0.0,0.0,0.0,0.0,0.0,980.95,1090.53,1797.56,2739.09,401.99
113,1,Strawberry_3,0.0,0.0,0.0,0.0,0.0,0.0,0.0,0.0,0.0,0.0,0.0,0.0,0.0,0.0,0.0,0.0,0.0,0.0,0.0,0.0,0.0,0.0,0.0,0.0,0.0,0.0,0.0,0.0,0.0,0.0,0.0,0.0,0.0,0.0,3497.67,1114.9,0.0,0.0,0.0,0.0,0.0,0.0,0.0,0.0,0.0,0.0,0.0
117,1,Bread_9,0.0,0.0,0.0,0.0,0.0,0.0,0.0,0.0,0.0,0.0,0.0,0.0,0.0,0.0,0.0,0.0,353.08,674.73,782.95,1079.8600000000001,1041.92,1014.18,1659.59,1129.58,1416.74,1898.7,1918.3,2061.08,2159.45,2167.87,2509.99,2560.89,2303.48,2819.16,3122.75,2786.68,2731.86,2496.44,2547.35,3923.88,2446.53,2958.92,2893.41,3242.69,2749.9,2908.84,132.74
121,1,Flower_0,0.0,209.14999999999998,444.26,42.040000000000006,0.0,0.0,0.0,0.0,0.0,0.0,0.0,0.0,0.0,0.0,0.0,0.0,0.0,0.0,0.0,0.0,0.0,0.0,0.0,0.0,0.0,0.0,0.0,0.0,0.0,0.0,0.0,0.0,0.0,0.0,0.0,0.0,0.0,329.87,320.59000000000003,0.0,0.0,0.0,0.0,0.0,0.0,0.0,0.0
122,1,Strawberry_4,0.0,0.0,0.0,0.0,0.0,0.0,0.0,0.0,0.0,0.0,0.0,0.0,0.0,0.0,0.0,0.0,0.0,0.0,0.0,0.0,0.0,0.0,0.0,0.0,0.0,0.0,0.0,0.0,0.0,0.0,0.0,0.0,0.0,0.0,254.74,247.10000000000002,0.0,0.0,0.0,0.0,0.0,0.0,0.0,42.41,0.0,0.0,0.0
123,1,Apple_5,0.0,0.0,0.0,0.0,0.0,0.0,0.0,0.0,0.0,0.0,0.0,0.0,0.0,0.0,0.0,0.0,0.0,0.0,0.0,0.0,0.0,0.0,0.0,0.0,0.0,0.0,0.0,0.0,0.0,0.0,0.0,0.0,0.0,0.0,0.0,0.0,0.0,0.0,0.0,0.0,0.0,534.04,4016.34,699.83,0.0,0.0,0.0
125,1,Breadcrumb_0,0.0,0.0,0.0,0.0,0.0,0.0,0.0,0.0,0.0,0.0,0.0,0.0,0.0,0.0,0.0,0.0,0.0,0.0,0.0,0.0,0.0,90.86,116.13,353.31,516.0,740.03,868.87,743.4,538.4300000000001,687.96,1215.67,1324.73,1233.75,1143.18,798.77,690.48,810.1,1353.69,854.82,649.26,1063.41,232.09,0.0,0.0,0.0,0.0,0.0
132,1,Pumpkin_1,0.0,321.56,1930.52,1280.92,642.88,814.2,1101.1200000000001,0.0,0.0,0.0,0.0,0.0,0.0,0.0,0.0,0.0,0.0,0.0,0.0,0.0,0.0,0.0,0.0,0.0,0.0,417.1,1090.1399999999999,1094.16,619.92,467.0,0.0,0.0,0.0,0.0,0.0,0.0,0.0,21.76,828.24,879.02,788.02,126.81,0.0,0.0,0.0,0.0,0.0
135,1,Tomato_4,0.0,0.0,0.0,0.0,0.0,0.0,0.0,0.0,0.0,0.0,0.0,0.0,0.0,0.0,0.0,0.0,0.0,0.0,0.0,0.0,0.0,0.0,0.0,0.0,0.0,0.0,0.0,0.0,0.0,0.0,0.0,0.0,0.0,0.0,0.0,67.2,671.54,0.0,57.760000000000005,0.0,0.0,0.0,0.0,0.0,0.0,0.0,0.0
136,1,Salmon_1,1410.67,1740.14,1597.15,2963.07,2751.19,3071.47,2466.74,2571.6,2068.79,2461.25,1305.51,1187.74,938.6,1821.6,1722.52,1796.75,1666.14,1752.73,703.11,740.11,1144.66,904.1,581.74,673.99,732.36,621.78,904.49,1495.38,972.66,897.35,618.02,1071.97,697.38,1172.69,669.68,1107.89,1352.58,1547.75,699.86,780.77,896.71,1298.64,905.99,1502.52,715.38,1195.31,143.09
138,1,Celeriac_0,1123.39,1889.5,2351.85,2880.7400000000002,1656.8700000000001,4159.72,4815.4,6052.19,3934.05,3669.62,1958.87,797.3299999999999,1534.0,2386.82,3630.41,1234.7,2708.59,3734.08,2974.84,3346.35,3854.03,1800.32,0.0,0.0,0.0,1448.06,2858.65,2192.4,5248.4,5231.38,4796.26,3953.51,3805.04,3107.4700000000003,2307.88,385.24,1241.32,2241.16,2853.65,3073.7,3963.98,3423.13,2263.52,4622.42,3876.9900000000002,3139.23,0.0
139,1,Melon_1,2429.25,990.41,323.88,211.42000000000002,137.36,232.61,216.94,204.68,62.08,51.81,0.0,0.0,360.81,0.0,0.0,0.0,0.0,0.0,0.0,0.0,0.0,0.0,0.0,0.0,0.0,0.0,0.0,0.0,0.0,0.0,0.0,0.0,0.0,0.0,0.0,718.93,4026.17,1831.54,0.0,0.0,0.0,0.0,0.0,0.0,0.0,0.0,0.0
141,1,Breadcrumb_1,216.16,167.07999999999998,326.23,259.08,291.36,233.35999999999999,240.31,243.97,0.0,0.0,0.0,42.9,233.29,305.7,356.81,672.04,965.85,285.04,281.88,334.52,498.05,307.31,347.55,358.31,427.04,483.26,521.81,536.15,691.23,499.21,443.81,498.76,456.87,516.39,483.02,597.24,770.42,685.2,665.62,872.68,1008.83,702.44,825.65,747.01,735.39,733.27,23.44
143,1,Flower_1,0.0,0.0,0.0,0.0,0.0,0.0,0.0,0.0,0.0,0.0,0.0,0.0,0.0,0.0,0.0,0.0,0.0,419.87,1839.94,2094.94,0.0,0.0,0.0,0.0,0.0,0.0,0.0,0.0,118.41,323.46,2108.16,3933.29,0.0,0.0,0.0,0.0,0.0,0.0,0.0,0.0,0.0,268.26,439.14,22.9,0.0,0.0,0.0
148,1,Chicken_8,0.0,0.0,33.93,707.23,823.42,883.71,1175.8,1314.83,1058.29,1135.15,786.21,1007.13,950.76,856.36,916.23,969.3100000000001,639.8,313.14,438.65,616.88,855.56,565.9,718.77,896.21,734.93,945.67,855.61,911.87,879.3,2191.0,2704.91,1608.41,1942.67,2140.75,2356.27,2883.48,2704.34,2764.24,3139.7200000000003,2734.07,2289.04,2044.56,2675.34,2831.4,3030.02,3693.77,191.15
151,1,Pastry_16,2000.96,2296.95,1822.16,1882.34,1518.27,1594.75,2024.34,1979.87,2442.2799999999997,2578.05,1753.16,1825.26,1770.71,1971.5,2158.81,2142.54,1382.41,2054.34,1678.46,1753.43,1564.24,1778.93,1454.52,1395.54,2041.08,2232.31,1712.33,1772.04,1242.04,1583.75,1426.38,2931.68,1843.8,1840.38,335.44,0.0,0.0,0.0,0.0,0.0,0.0,0.0,0.0,0.0,0.0,0.0,0.0
154,1,Salad_3,0.0,0.0,0.0,0.0,0.0,0.0,0.0,0.0,0.0,0.0,0.0,0.0,0.0,0.0,0.0,0.0,0.0,0.0,0.0,0.0,0.0,0.0,0.0,0.0,0.0,0.0,0.0,0.0,0.0,0.0,0.0,0.0,0.0,0.0,0.0,0.0,0.0,0.0,0.0,0.0,0.0,0.0,821.49,823.76,1806.82,2143.0,90.18
156,1,Pastry_18,0.0,0.0,0.0,0.0,0.0,0.0,0.0,0.0,0.0,0.0,0.0,0.0,0.0,0.0,0.0,0.0,0.0,0.0,0.0,0.0,0.0,0.0,0.0,0.0,0.0,0.0,0.0,0.0,0.0,0.0,0.0,0.0,0.0,0.0,0.0,0.0,0.0,591.19,2163.26,1943.43,2018.74,1743.5,2987.11,2537.12,2357.94,4550.51,399.21000000000004
157,1,Berry_0,0.0,0.0,0.0,0.0,0.0,0.0,0.0,0.0,0.0,28.540000000000003,372.88,792.34,305.27,0.0,27.049999999999997,411.15999999999997,275.3,421.15999999999997,508.3,584.79,494.23,814.97,857.24,568.55,618.53,374.93,419.65,449.03000000000003,378.85,632.33,562.21,740.3,647.39,651.58,596.03,420.39,701.0,947.06,571.52,545.4,689.42,855.75,763.96,1642.18,1145.53,1105.03,65.09
159,1,Chicken_9,0.0,0.0,0.0,0.0,0.0,0.0,0.0,0.0,0.0,0.0,0.0,0.0,0.0,0.0,0.0,0.0,0.0,0.0,0.0,0.0,0.0,0.0,0.0,0.0,0.0,0.0,0.0,0.0,19.26,468.34,441.63,496.84,730.13,447.31,476.4,134.24,0.0,0.0,0.0,0.0,0.0,0.0,0.0,0.0,0.0,0.0,0.0
161,1,Donut_2,0.0,0.0,0.0,0.0,0.0,0.0,0.0,0.0,0.0,0.0,0.0,0.0,0.0,0.0,0.0,0.0,0.0,0.0,0.0,0.0,0.0,0.0,0.0,0.0,0.0,0.0,0.0,0.0,0.0,163.45000000000002,1676.6200000000001,944.4,939.3000000000001,246.07,0.0,0.0,0.0,0.0,0.0,0.0,0.0,0.0,0.0,0.0,0.0,0.0,0.0
162,1,Cherry_1,0.0,0.0,0.0,0.0,0.0,0.0,0.0,0.0,0.0,169.44,425.24,0.0,0.0,0.0,0.0,0.0,0.0,0.0,0.0,0.0,0.0,843.64,6662.43,1683.3600000000001,0.0,0.0,0.0,0.0,0.0,0.0,0.0,0.0,0.0,0.0,4368.72,0.0,0.0,0.0,0.0,0.0,0.0,0.0,0.0,0.0,0.0,2276.48,361.03999999999996
164,1,Thyme_0,0.0,0.0,0.0,0.0,0.0,0.0,0.0,0.0,0.0,0.0,0.0,0.0,0.0,0.0,0.0,0.0,0.0,0.0,0.0,0.0,0.0,0.0,0.0,0.0,0.0,20.419999999999998,140.31,125.06,297.11,436.15,378.26,527.59,521.87,501.97,441.68,179.58,0.0,0.0,0.0,0.0,0.0,0.0,0.0,0.0,0.0,0.0,0.0
168,1,Baguette_4,2996.23,3310.91,682.05,608.6,2985.21,3063.47,2705.55,5146.8,4016.39,3589.2,2982.73,3014.49,2257.19,2393.52,2212.19,2002.24,1945.48,2252.86,1528.03,1811.15,1650.87,1540.62,1327.2,1370.25,1662.95,2259.0,1764.72,1161.65,939.13,1181.36,2156.14,910.23,714.97,908.09,857.43,856.74,946.32,753.33,746.65,768.58,567.1,622.52,638.18,575.57,598.42,542.92,36.25
169,1,Peach_1,0.0,0.0,0.0,0.0,0.0,0.0,0.0,0.0,0.0,0.0,0.0,0.0,0.0,0.0,0.0,0.0,0.0,0.0,0.0,0.0,0.0,0.0,0.0,0.0,0.0,0.0,0.0,0.0,0.0,0.0,0.0,0.0,0.0,0.0,0.0,296.55,2410.32,232.8,0.0,0.0,0.0,0.0,0.0,0.0,0.0,0.0,0.0
171,1,Chicken_10,0.0,0.0,0.0,0.0,0.0,0.0,0.0,0.0,0.0,0.0,0.0,0.0,0.0,0.0,0.0,0.0,0.0,0.0,0.0,0.0,0.0,0.0,0.0,0.0,0.0,0.0,0.0,0.0,0.0,0.0,0.0,0.0,0.0,0.0,0.0,0.0,0.0,0.0,0.0,1055.02,751.62,1985.46,2539.82,2059.56,2122.4,2096.69,234.79
173,1,Asparagus_1,160.70999999999998,0.0,0.0,0.0,0.0,0.0,0.0,0.0,0.0,7771.37,5938.75,87.29,0.0,0.0,0.0,0.0,0.0,0.0,0.0,0.0,1168.6200000000001,5788.32,2966.91,0.0,0.0,0.0,0.0,0.0,0.0,0.0,0.0,0.0,745.41,2516.51,786.13,0.0,0.0,0.0,0.0,0.0,0.0,0.0,0.0,0.0,2831.74,1935.25,0.0
175,1,Squash_0,0.0,0.0,0.0,0.0,0.0,0.0,0.0,0.0,0.0,0.0,0.0,162.03,397.55,328.33,434.48,279.73,0.0,0.0,0.0,0.0,0.0,0.0,0.0,486.49,555.81,938.8,294.96000000000004,0.0,0.0,0.0,0.0,0.0,0.0,0.0,97.64,1245.09,1721.1299999999999,504.88,45.29,0.0,0.0,0.0,0.0,0.0,65.55,299.49,9.69
176,1,Roll_4,1764.7,2014.8,2251.98,2242.04,2335.75,2987.47,3234.66,246.7,0.0,0.0,0.0,8.93,1556.03,1966.1499999999999,2141.69,2268.43,1806.55,2515.19,2369.35,2258.86,1957.55,2264.2,1949.7,1818.71,1539.53,1331.39,1672.06,1802.26,1761.0,1340.89,1124.67,3812.33,2373.22,2500.33,1776.22,1948.52,2677.89,2636.64,2692.71,2762.48,1916.17,3017.06,3207.17,2294.15,2272.85,2267.94,373.64
178,1,Pork_3,0.0,0.0,219.28,436.82,652.78,462.87,405.73,627.08,507.45,516.88,363.04,426.3,356.73,352.97,359.2,517.66,511.72,434.67,378.56,452.52,357.71,395.24,304.99,377.06,397.14,468.68,535.61,408.41,479.7,528.39,353.79,379.18,420.53,419.14,356.29,391.27,371.9,307.55,385.83,400.54,405.2,386.96,398.5,448.21,508.56,551.63,13.72
185,1,Carrot_4,583.06,1006.4,898.34,845.17,482.06,1158.04,808.69,776.09,557.79,800.69,479.98,467.13,454.95,499.0,557.24,630.34,641.3,1011.25,861.12,767.59,712.13,531.21,429.79,385.77,584.58,720.14,602.24,697.37,724.74,697.8100000000001,653.88,822.87,986.9,591.63,493.31,575.9,551.49,611.68,774.4399999999999,598.88,718.54,823.39,726.82,897.46,1004.31,304.03,0.0
188,1,Onion_3,0.0,0.0,0.0,0.0,0.0,0.0,0.0,0.0,0.0,0.0,0.0,0.0,0.0,0.0,0.0,0.0,0.0,0.0,0.0,0.0,0.0,0.0,0.0,0.0,211.65,890.39,2303.84,2950.16,2834.08,2866.86,3640.46,2555.13,0.0,0.0,0.0,3838.3,4076.9,3253.27,5017.01,3969.83,5046.99,0.0,0.0,0.0,0.0,0.0,0.0
189,1,Croissant_0,0.0,0.0,0.0,0.0,0.0,0.0,0.0,0.0,0.0,0.0,0.0,0.0,0.0,0.0,0.0,0.0,0.0,832.73,2001.96,2519.62,2238.93,2362.51,2296.35,2064.42,4099.55,4178.19,4288.3,4537.39,1252.02,0.0,0.0,0.0,0.0,0.0,0.0,0.0,0.0,0.0,0.0,0.0,0.0,0.0,0.0,0.0,0.0,0.0,0.0
192,1,Apple_7,0.0,0.0,0.0,1260.52,556.03,2075.23,4554.78,5799.43,6461.5,5960.76,3264.54,1246.48,3157.32,2813.39,3126.85,3462.26,2893.64,3593.1,3584.59,2414.33,3366.41,1598.92,2718.19,2063.15,2400.26,2748.61,2728.52,5696.66,3720.1800000000003,4138.88,3722.96,4782.24,4975.64,5103.69,4083.18,1494.28,1299.44,3857.49,3572.63,3140.25,2649.81,4649.27,3593.67,5722.22,4129.71,3723.91,0.0
199,1,Currant_0,2482.27,312.43,0.0,0.0,0.0,0.0,0.0,0.0,0.0,0.0,0.0,970.83,1141.62,0.0,0.0,0.0,0.0,0.0,0.0,0.0,0.0,0.0,714.19,2073.61,1169.03,0.0,0.0,0.0,0.0,0.0,0.0,0.0,0.0,0.0,54.74,1929.27,1574.5900000000001,0.0,0.0,0.0,0.0,0.0,0.0,0.0,0.0,0.0,0.0
202,1,Grape_5,0.0,0.0,0.0,0.0,0.0,0.0,0.0,0.0,0.0,0.0,0.0,0.0,0.0,0.0,0.0,0.0,0.0,0.0,0.0,0.0,0.0,0.0,0.0,0.0,0.0,364.7,7194.04,4265.94,5524.13,7463.88,7033.13,5473.2,3009.6,12650.859999999999,6761.64,6618.17,10474.9,18960.59,11207.2,3850.65,5462.2699999999995,7089.22,5621.89,6586.85,5015.97,4698.01,202.91
204,1,Tomato_5,926.43,1180.2,0.0,1115.54,133.17,0.0,0.0,42.730000000000004,40.0,0.0,0.0,0.0,0.0,0.0,0.0,4953.48,11944.65,10705.8,13234.48,8197.23,1843.29,0.0,0.0,0.0,482.83,0.0,0.0,2095.5,9407.14,12331.51,8802.92,6956.58,0.0,0.0,0.0,0.0,0.0,0.0,2145.66,1625.89,6882.74,7199.4,7270.57,5750.53,0.0,0.0,0.0
205,1,Pepper_2,11139.67,11710.32,10430.31,10161.75,11414.86,12762.27,11894.210000000001,11454.78,10035.74,10241.71,9189.38,7849.8,7294.43,7754.74,9476.92,9695.44,9976.13,12184.62,11093.63,11671.02,11247.74,12849.49,12703.31,12607.42,12182.7,11734.53,10674.82,10012.77,12484.89,13767.3,13742.23,14684.57,14526.38,14907.61,12881.61,10128.39,13966.36,12066.3,13780.71,12058.52,13709.36,13995.460000000001,14601.74,14695.49,13129.07,16404.94,852.1700000000001
208,1,Mandarin_1,0.0,0.0,0.0,0.0,0.0,0.0,0.0,0.0,0.0,0.0,0.0,0.0,0.0,0.0,0.0,0.0,0.0,0.0,0.0,0.0,0.0,0.0,0.0,0.0,0.0,0.0,0.0,0.0,0.0,0.0,0.0,0.0,0.0,0.0,0.0,0.0,0.0,0.0,334.34999999999997,1974.65,1536.56,1585.88,721.23,863.26,642.0699999999999,0.0,0.0
215,1,Apple_9,0.0,0.0,0.0,0.0,0.0,0.0,0.0,0.0,0.0,0.0,0.0,0.0,0.0,0.0,0.0,0.0,0.0,0.0,0.0,0.0,0.0,0.0,0.0,0.0,0.0,0.0,0.0,0.0,0.0,0.0,772.22,0.0,0.0,0.0,0.0,0.0,0.0,0.0,0.0,0.0,0.0,0.0,0.0,0.0,0.0,0.0,0.0
220,1,Pretzel_0,0.0,0.0,0.0,0.0,0.0,0.0,0.0,0.0,0.0,0.0,0.0,0.0,0.0,0.0,0.0,0.0,0.0,0.0,0.0,0.0,0.0,0.0,0.0,0.0,0.0,0.0,795.78,815.81,661.27,708.93,702.55,747.44,640.0,753.62,745.72,678.37,696.74,802.97,922.36,783.28,780.16,961.82,979.61,855.94,793.92,810.05,38.82
221,1,Sprout_0,0.0,0.0,17.97,414.87,454.36,462.07,627.32,625.67,560.97,571.65,397.45,383.58,412.12,353.17,414.85,449.05,398.21,628.72,504.86,497.69,452.85,382.99,332.71999999999997,274.49,341.13,347.21,317.71999999999997,324.3,354.71,514.02,424.3,578.07,515.72,480.24,335.75,298.4,356.13,391.39,448.59999999999997,483.46999999999997,497.42,614.47,490.41,566.65,598.76,504.17,29.810000000000002
222,1,Ginger_1,0.0,0.0,0.0,0.0,0.0,0.0,0.0,0.0,0.0,0.0,0.0,0.0,0.0,0.0,0.0,0.0,0.0,0.0,0.0,0.0,0.0,0.0,0.0,0.0,0.0,0.0,235.14,0.0,1393.03,752.3199999999999,339.08,2006.78,0.0,0.0,0.0,0.0,0.0,0.0,0.0,0.0,0.0,0.0,0.0,0.0,0.0,0.0,0.0
224,1,Croissant_1,855.63,1222.75,2081.86,1003.5,713.21,1151.93,1272.93,1249.23,1402.55,2022.9099999999999,1099.39,1017.26,552.84,1538.6299999999999,1378.85,1480.12,481.4,1453.56,1840.08,1869.9,868.1700000000001,1815.8700000000001,1690.61,1543.87,1372.92,1532.53,1547.76,1536.27,1257.46,2315.77,3087.22,1404.89,1524.23,1725.1200000000001,1565.41,1847.3999999999999,1668.03,2094.26,1905.86,1644.57,1378.71,1873.8,1755.42,1372.31,1872.29,2639.82,111.62
227,1,Turkey_1,0.0,0.0,0.0,0.0,0.0,0.0,0.0,0.0,0.0,0.0,0.0,0.0,0.0,0.0,0.0,0.0,0.0,0.0,0.0,0.0,0.0,0.0,0.0,0.0,0.0,712.62,2374.03,2404.39,2926.89,2856.36,3505.79,3394.77,2359.98,2429.22,4088.98,4404.92,3528.86,5007.43,4936.87,4955.8,4248.17,4594.0599999999995,4271.51,4137.87,4464.49,4323.63,324.15999999999997
228,1,Vegetable_0,0.0,0.0,0.0,0.0,0.0,0.0,0.0,0.0,0.0,0.0,0.0,0.0,0.0,0.0,0.0,0.0,0.0,0.0,0.0,0.0,0.0,0.0,0.0,167.7,229.44,196.77,223.51,229.2,195.76999999999998,356.42,308.63,283.55,373.39,429.90999999999997,321.35,537.54,298.19,347.75,326.73,570.85,416.68,537.54,481.92,483.25,283.5,431.34000000000003,32.71
230,1,Celery_3,2662.79,4722.0199999999995,4262.4,4685.73,5518.89,6616.57,6426.5,6923.39,6524.45,6687.8,4908.36,4387.52,4650.07,4628.46,5085.35,7045.92,5803.11,7755.17,5274.96,5379.17,5384.29,4930.41,4398.53,4527.99,4358.02,3796.19,4311.93,4451.2300000000005,4811.55,5690.14,4654.01,4855.11,4082.33,4086.15,3669.04,3932.93,3708.79,4957.2,4467.46,4272.58,4557.74,4993.46,4580.02,4943.5,4015.35,5012.99,276.09
234,1,Biscuit_1,181.66,193.26999999999998,246.16,318.52,349.39,282.71,255.49,546.38,474.78000000000003,397.8,398.3,373.11,381.23,475.79,423.89,468.99,757.1,529.76,397.34000000000003,480.53,414.84,406.15,358.46,301.26,352.36,413.38,396.55,362.2,508.68,362.36,403.37,398.7,303.2,409.9,350.8,450.3,470.82,410.63,106.23,394.52,403.79,289.36,465.49,676.89,607.91,691.22,33.79
236,1,Coriander_0,1302.68,1510.08,2219.48,2293.73,2593.4700000000003,4817.98,4822.48,3519.21,3022.97,2175.98,1708.61,1865.56,2183.03,2322.01,2500.2799999999997,2159.51,2322.34,2464.59,2534.77,1994.24,0.0,0.0,0.0,0.0,0.0,0.0,0.0,0.0,0.0,0.0,0.0,0.0,0.0,0.0,0.0,0.0,0.0,883.52,978.57,1608.69,1715.68,2584.39,2981.63,2759.88,2139.85,1522.19,174.31
237,1,Salad_5,0.0,0.0,251.32,1351.68,1511.57,2146.62,2385.84,2609.44,2420.89,2832.13,2417.94,2598.99,2814.04,2561.61,2456.01,2247.98,1687.68,2136.12,2885.29,2724.58,2583.39,2190.59,2183.37,2170.58,2183.47,1821.79,1667.24,1725.66,1791.02,2248.2,2323.35,1993.72,1793.78,1862.16,1179.4,1440.09,1014.78,1417.26,1118.56,1382.82,993.0799999999999,1555.95,1486.98,1683.15,740.49,945.37,0.0
238,1,Apple_10,77.33,0.0,0.0,0.0,0.0,0.0,0.0,0.0,0.0,0.0,0.0,0.0,0.0,0.0,407.52,2200.28,819.81,0.0,0.0,2833.01,2895.17,2511.7400000000002,1566.75,466.1,234.47,0.0,0.0,0.0,413.01,403.82,116.21000000000001,1276.31,0.0,1454.56,1198.81,38.58,0.0,0.0,0.0,1084.6,1120.3700000000001,2726.67,4860.72,4384.41,4090.56,5766.12,341.59
240,1,Tomato_8,0.0,0.0,0.0,0.0,0.0,0.0,0.0,0.0,0.0,0.0,0.0,0.0,0.0,0.0,0.0,0.0,0.0,0.0,0.0,0.0,0.0,0.0,0.0,1093.6100000000001,1499.1299999999999,323.62,0.0,0.0,0.0,0.0,0.0,0.0,0.0,0.0,0.0,0.0,1938.87,2450.68,0.0,0.0,0.0,0.0,0.0,0.0,0.0,0.0,0.0
243,1,Croissant_2,0.0,189.46,621.32,322.17,472.91,559.87,530.3199999999999,610.76,1111.8600000000001,1026.06,26.82,0.0,244.91,696.37,746.3399999999999,728.44,92.36,733.63,905.48,955.47,0.0,936.34,991.48,588.36,836.95,927.79,1219.68,939.68,790.19,1018.47,1450.3799999999999,998.72,922.15,1122.23,982.0,1144.76,1179.96,1185.3799999999999,1187.43,1114.34,1096.34,1427.49,1194.6,1017.16,1178.49,1656.23,69.83000000000001
244,1,Salmon_2,0.0,0.0,0.0,0.0,0.0,0.0,0.0,0.0,0.0,0.0,0.0,0.0,0.0,0.0,0.0,0.0,0.0,0.0,0.0,0.0,0.0,0.0,0.0,0.0,0.0,0.0,0.0,0.0,0.0,0.0,0.0,0.0,42.38,300.06,886.13,669.5,497.72,528.51,577.75,598.39,979.3100000000001,301.06,656.83,625.94,635.24,2150.2799999999997,52.97
245,1,Leek_0,0.0,0.0,17.53,286.87,281.0,322.57,256.76,307.73,245.38,277.07,192.91,261.22,265.22,262.28000000000003,312.51,333.01,306.62,488.62,415.1,306.15999999999997,276.2,238.48,224.71,207.54999999999998,216.03,183.4,179.43,219.9,231.26,314.46,319.82,413.77,367.96,404.0,320.87,362.38,372.9,491.08,571.71,525.51,594.75,684.65,606.75,606.6800000000001,468.78000000000003,498.65,28.11
246,1,Croissant_3,2926.32,4252.21,6743.36,9230.31,6857.21,7718.6,7271.0,8740.83,8506.27,8573.66,7521.18,7038.73,7390.96,8179.67,9465.82,9355.97,7807.42,9142.51,6630.53,8281.33,7078.7,7621.98,6667.67,5985.01,6325.5,6744.87,8325.14,7907.11,7508.83,9623.8,7631.47,10648.17,8429.25,9052.51,7613.72,8178.58,8432.6,9114.73,11946.91,10063.84,9060.36,8443.33,6890.52,7602.62,7241.19,11436.960000000001,357.07000000000005
249,1,Apple_11,0.0,0.0,0.0,0.0,0.0,0.0,0.0,0.0,0.0,0.0,0.0,0.0,0.0,0.0,0.0,20.54,645.88,1253.58,1151.0,0.0,0.0,0.0,0.0,0.0,317.85,42.44,0.0,0.0,0.0,1105.57,1688.06,335.24,0.0,0.0,0.0,0.0,0.0,0.0,0.0,0.0,0.0,0.0,0.0,0.0,0.0,0.0,0.0
250,1,Pineapple_0,0.0,0.0,0.0,0.0,0.0,0.0,0.0,0.0,0.0,0.0,0.0,0.0,0.0,0.0,0.0,219.57999999999998,1205.05,1328.49,2166.16,3168.19,2330.81,1668.82,1249.68,0.0,0.0,0.0,0.0,1063.14,927.32,1304.69,1365.4,1447.05,1249.06,1321.5,1128.61,955.38,0.0,0.0,0.0,0.0,0.0,0.0,0.0,0.0,0.0,0.0,0.0
252,1,Apple_12,0.0,0.0,0.0,0.0,0.0,0.0,0.0,0.0,0.0,0.0,0.0,0.0,0.0,0.0,0.0,0.0,0.0,0.0,0.0,0.0,0.0,0.0,0.0,0.0,0.0,0.0,0.0,0.0,0.0,0.0,0.0,0.0,0.0,0.0,0.0,0.0,0.0,48.7,1922.18,0.0,0.0,0.0,0.0,0.0,0.0,0.0,0.0
253,1,Bread_15,0.0,0.0,0.0,0.0,0.0,0.0,0.0,0.0,0.0,0.0,0.0,0.0,0.0,0.0,0.0,0.0,0.0,0.0,0.0,0.0,0.0,0.0,0.0,0.0,1432.42,1391.66,1264.4,1291.6,1245.52,2648.1,2414.65,1493.26,1352.72,1375.91,1334.01,1239.22,1058.71,492.09000000000003,452.16,307.85,132.08,0.0,0.0,0.0,0.0,0.0,0.0
254,1,Cantaloupe_0,0.0,0.0,0.0,0.0,0.0,0.0,0.0,0.0,0.0,0.0,0.0,0.0,0.0,0.0,0.0,0.0,0.0,0.0,0.0,0.0,0.0,0.0,0.0,0.0,0.0,0.0,0.0,0.0,0.0,0.0,0.0,0.0,0.0,0.0,0.0,120.41,1327.37,1432.86,99.43,0.0,0.0,0.0,0.0,0.0,0.0,105.53,58.64
266,1,Donut_4,0.0,0.0,0.0,0.0,0.0,0.0,0.0,0.0,0.0,0.0,0.0,0.0,0.0,0.0,0.0,0.0,2090.92,3375.3,5447.82,8132.95,6621.28,4947.66,0.0,0.0,0.0,0.0,0.0,0.0,0.0,0.0,0.0,0.0,0.0,0.0,0.0,0.0,0.0,0.0,0.0,0.0,0.0,0.0,0.0,0.0,0.0,0.0,0.0
269,1,Potato_8,0.0,0.0,0.0,0.0,0.0,0.0,0.0,0.0,0.0,0.0,0.0,0.0,0.0,0.0,0.0,0.0,0.0,0.0,0.0,0.0,0.0,0.0,0.0,0.0,0.0,0.0,0.0,0.0,0.0,0.0,0.0,0.0,0.0,0.0,0.0,0.0,0.0,0.0,3087.62,3470.46,4726.16,0.0,0.0,0.0,0.0,243.62,88.89
272,1,Pork_4,0.0,0.0,0.0,0.0,0.0,0.0,0.0,0.0,0.0,0.0,0.0,0.0,0.0,0.0,0.0,0.0,0.0,0.0,0.0,0.0,0.0,0.0,0.0,0.0,0.0,0.0,0.0,0.0,0.0,0.0,2.74,418.12,511.11,665.99,618.5,784.04,548.89,538.41,753.18,575.51,649.46,608.45,511.94,657.26,552.01,651.04,24.270000000000003
274,1,Mandarin_2,0.0,0.0,0.0,0.0,0.0,0.0,0.0,0.0,0.0,0.0,0.0,0.0,0.0,0.0,0.0,3483.14,1564.8899999999999,5550.87,4162.05,0.0,0.0,0.0,0.0,0.0,0.0,0.0,0.0,0.0,0.0,0.0,0.0,0.0,0.0,0.0,0.0,0.0,0.0,0.0,0.0,2444.1,6373.66,11073.369999999999,5280.8,4491.16,875.63,0.0,0.0
276,1,Chicken_14,0.0,0.0,0.0,0.0,0.0,0.0,0.0,0.0,0.0,0.0,0.0,0.0,0.0,150.32999999999998,895.89,1666.3799999999999,2501.96,1978.85,2159.04,1973.44,2198.66,2110.06,2066.0,1467.14,1996.3799999999999,1946.68,2027.47,2056.57,2040.38,3211.52,2652.45,2652.18,2560.94,2657.2,2091.41,1618.26,1631.24,2059.83,1475.24,1272.1,2080.05,2029.92,1843.33,2571.27,2224.48,3321.61,192.94
278,1,Roll_9,0.0,0.0,0.0,0.0,0.0,0.0,0.0,0.0,0.0,0.0,0.0,0.0,704.21,7801.6,12203.83,18549.87,20317.19,24472.73,21728.63,26294.78,20860.67,24453.65,24222.7,25865.86,23121.47,21592.1,18891.98,18458.44,18319.55,20157.07,24731.22,20363.5,18441.09,31717.18,21409.42,20135.5,21280.19,22731.27,22883.12,22122.65,18799.61,19207.3,15849.41,16635.12,18142.26,32356.02,1285.57
279,1,Peach_3,0.0,0.0,0.0,0.0,0.0,0.0,0.0,0.0,0.0,137.28,852.0,1680.21,2172.12,203.71,0.0,0.0,0.0,0.0,0.0,0.0,0.0,0.0,0.0,1435.5,1189.57,0.0,0.0,0.0,0.0,0.0,0.0,0.0,0.0,0.0,395.44,2865.81,2565.37,0.0,0.0,0.0,0.0,0.0,0.0,0.0,0.0,0.0,0.0
280,1,Lemon_0,4440.81,4605.64,6098.3,7264.57,4680.55,4056.97,3632.34,3219.67,0.0,1307.6599999999999,2211.52,767.99,1939.07,564.6,838.14,656.8,0.0,0.0,366.15,457.73,0.0,0.0,0.0,0.0,0.0,0.0,0.0,0.0,0.0,0.0,0.0,0.0,0.0,0.0,0.0,0.0,0.0,0.0,549.32,1000.84,0.0,0.0,0.0,0.0,0.0,0.0,0.0
285,1,Kiwi_1,0.0,0.0,0.0,0.0,0.0,0.0,0.0,0.0,0.0,0.0,0.0,0.0,0.0,0.0,0.0,0.0,0.0,0.0,0.0,0.0,0.0,0.0,0.0,0.0,0.0,0.0,78.77,436.68,638.91,1017.73,1039.01,1066.03,904.52,869.27,452.45,0.0,0.0,0.0,0.0,479.81,1252.84,1502.01,2540.86,1288.26,1100.18,183.82,0.0
291,1,Strawberry_7,0.0,0.0,0.0,0.0,0.0,0.0,0.0,0.0,0.0,0.0,0.0,0.0,0.0,0.0,0.0,0.0,0.0,0.0,0.0,0.0,0.0,0.0,0.0,0.0,0.0,0.0,0.0,1781.74,1753.33,900.46,927.0799999999999,5937.55,6359.92,2680.73,1153.79,0.0,0.0,0.0,0.0,0.0,0.0,0.0,0.0,14533.49,13671.04,15541.82,1121.48
292,1,Currant_1,0.0,0.0,0.0,0.0,0.0,0.0,0.0,0.0,0.0,0.0,0.0,0.0,0.0,0.0,0.0,0.0,0.0,0.0,0.0,0.0,413.21000000000004,0.0,0.0,0.0,0.0,697.23,359.02,191.5,241.77,174.47,129.84,384.71,24.51,0.0,0.0,0.0,0.0,270.13,841.29,957.27,561.94,691.96,652.07,755.21,496.12,492.7,44.980000000000004
297,1,Cantaloupe_1,9120.49,0.0,0.0,0.0,0.0,0.0,0.0,0.0,0.0,0.0,0.0,0.0,0.0,0.0,0.0,0.0,0.0,0.0,0.0,0.0,0.0,0.0,0.0,0.0,0.0,0.0,0.0,0.0,0.0,0.0,0.0,0.0,0.0,0.0,0.0,0.0,0.0,0.0,0.0,0.0,0.0,0.0,0.0,0.0,0.0,0.0,0.0
302,1,Bread_20,0.0,0.0,0.0,0.0,0.0,0.0,0.0,0.0,684.09,2470.57,2260.7400000000002,2482.9,2497.85,3510.58,3216.7,2937.48,2944.08,2702.38,1897.75,2106.95,1966.79,1905.14,1633.46,1559.8,1551.19,1643.7,1512.78,4519.68,4049.56,2045.3600000000001,1487.08,2611.84,2015.78,1457.96,1361.18,1352.96,1067.23,959.58,912.5600000000001,898.65,1143.31,1094.37,920.05,1754.89,1142.21,1061.79,64.22
304,1,Pastry_24,4053.99,4739.68,7198.0599999999995,7568.04,6712.25,7510.97,6404.25,6503.56,7140.44,6843.6900000000005,5727.87,5134.49,5106.76,6430.99,5866.79,6449.54,2455.5299999999997,3440.55,3582.94,4012.14,3343.16,4183.82,2424.25,3488.82,4640.39,3762.37,3519.93,2870.58,2893.59,2471.22,3655.88,3315.35,2906.6,3905.41,4949.83,3508.16,3276.19,4004.2999999999997,3484.5,3882.24,3516.9700000000003,4514.62,3445.06,3872.34,3794.3,3852.38,195.73000000000002
305,1,Chicken_15,115.4,266.56,405.77,340.59,269.97,358.46,262.21,345.33,374.28,374.56,224.71,265.36,340.28,299.65999999999997,339.07,350.41,360.90999999999997,468.64,296.26,531.24,379.59,513.58,423.16,286.42,318.51,580.78,702.91,819.1,751.91,530.14,401.39,1003.27,554.41,717.13,721.25,723.88,633.73,661.58,633.98,230.75,492.52,562.3,454.36,557.94,422.64,540.0699999999999,18.82
307,1,Broccoli_0,0.0,0.0,0.0,176.17000000000002,0.0,236.9,463.08,532.73,634.17,521.63,464.62,24.75,382.93,874.06,900.01,420.75,0.0,28.21,0.0,0.0,9.8,551.76,259.26,521.62,0.0,0.0,139.3,806.48,856.1899999999999,1095.34,818.9399999999999,910.85,1017.9,1101.81,425.40999999999997,0.0,0.0,0.0,109.93,935.8199999999999,690.55,1289.16,1926.79,1271.3600000000001,2706.3599999999997,1784.95,105.72999999999999
309,1,Brussels sprout_1,0.0,140.09,1709.49,1816.68,2056.87,2006.51,1630.31,1660.81,84.15,0.0,0.0,0.0,439.15,1253.11,1498.1,1508.93,1541.65,2049.03,528.39,0.0,0.0,0.0,0.0,0.0,0.0,945.23,1058.23,1299.43,964.52,2000.1000000000001,1820.68,1402.73,136.70999999999998,0.0,0.0,0.0,0.0,624.6,1681.72,2417.37,1533.32,1620.32,1473.38,1085.45,0.0,0.0,0.0
314,1,Pork_5,0.0,0.0,0.0,0.0,0.0,0.0,0.0,0.0,0.0,0.0,0.0,0.0,0.0,0.0,0.0,0.0,161.98,190.84,229.07999999999998,427.96,616.24,638.39,647.11,744.49,1037.99,1521.64,1030.79,1390.47,1882.55,1738.22,2697.95,2596.5,1591.46,1783.88,1789.8600000000001,2182.65,1557.72,1560.78,1689.42,1388.3600000000001,1689.53,1369.79,1355.28,1406.36,1237.71,1351.68,69.71000000000001
315,1,Chicken_16,0.0,0.0,1277.16,1493.21,1155.29,2212.93,2061.63,2507.33,2242.45,2356.09,1919.45,1744.31,1723.98,2468.22,2211.86,2224.82,1710.56,2374.96,2270.75,2466.68,1968.67,2497.71,2422.32,2541.14,2610.08,2931.0,2993.52,2706.9900000000002,2494.89,3471.05,3626.34,3422.16,2877.5,3738.52,3323.28,2536.45,2954.58,2973.81,2387.51,2778.83,2302.0099999999998,3337.08,2601.82,2967.25,2767.37,2908.59,92.66
319,1,Radish_4,293.09000000000003,635.93,926.39,1420.4,1428.51,1610.26,1961.51,2572.83,1992.49,1455.74,949.69,1061.43,195.51,538.35,1064.71,1398.72,1715.8,2656.35,2214.04,2077.83,1835.49,1125.17,1002.91,943.01,801.38,1028.4,1221.32,1372.55,1896.81,1882.76,1802.28,1263.79,944.51,1114.44,856.27,1309.87,854.53,925.16,1176.76,2051.9,1515.3600000000001,1704.71,2419.4700000000003,2684.62,1873.53,1444.76,79.15
321,1,Kiwi_2,0.0,0.0,0.0,0.0,0.0,0.0,0.0,0.0,0.0,0.0,0.0,0.0,0.0,0.0,0.0,0.0,0.0,0.0,0.0,0.0,0.0,0.0,0.0,0.0,0.0,0.0,0.0,0.0,0.0,0.0,0.0,0.0,0.0,0.0,0.0,0.0,0.0,0.0,0.0,411.78,2375.33,6764.5,8128.26,8767.13,14388.789999999999,9021.95,519.5
323,1,Cucumber_9,0.0,0.0,0.0,0.0,0.0,0.0,0.0,0.0,0.0,0.0,0.0,0.0,0.0,0.0,0.0,0.0,0.0,0.0,0.0,0.0,0.0,0.0,0.0,0.0,0.0,16.7,101.74,54.010000000000005,116.21,401.17,298.2,488.1,365.46,414.33,515.51,219.85,15.02,0.0,0.0,0.0,0.0,0.0,0.0,0.0,0.0,0.0,0.0
325,1,Donut_5,0.0,0.0,0.0,0.0,0.0,0.0,880.03,1679.43,2325.25,2074.53,1738.6200000000001,1914.52,2200.95,1734.61,0.0,2579.98,1986.88,3067.41,593.59,0.0,0.0,0.0,0.0,0.0,0.0,0.0,0.0,0.0,0.0,0.0,0.0,0.0,0.0,0.0,0.0,0.0,0.0,0.0,0.0,0.0,0.0,0.0,0.0,0.0,0.0,0.0,0.0
329,1,Carrot_5,6740.23,12428.7,12120.85,13283.47,13453.08,15248.33,12600.79,15417.29,11285.57,9347.93,6740.1,6767.099999999999,10207.69,12318.74,12561.369999999999,13142.27,13814.86,18646.88,14032.15,12650.91,11766.5,9437.4,7963.03,10995.09,11486.53,11711.0,11453.94,11990.46,14157.42,17895.14,14325.03,14783.07,10731.5,7732.8,6501.9400000000005,6293.97,8877.24,9826.73,11736.32,10827.85,12595.43,16017.9,11157.98,10728.13,7817.43,7824.03,499.16999999999996
330,1,Bread_22,0.0,0.0,0.0,0.0,0.0,0.0,0.0,0.0,525.92,1726.39,1785.58,2218.46,2315.68,2976.75,2792.28,2666.26,2795.43,2652.9,2114.28,2397.14,2269.99,2241.09,2464.12,2466.05,2324.21,2267.93,2052.63,1955.98,3379.2,1949.49,1596.79,2666.92,2230.41,2139.11,2263.91,2328.02,2347.68,2257.99,2354.85,2331.42,3112.45,2820.78,2515.07,3749.58,2983.68,3261.42,237.35000000000002
335,1,Pepperoni_0,0.0,0.0,0.0,0.0,0.0,0.0,0.0,0.0,0.0,0.0,0.0,0.0,0.0,0.0,0.0,0.0,0.0,0.0,0.0,0.0,0.0,0.0,0.0,0.0,0.0,0.0,0.0,0.0,0.0,0.0,740.72,1026.52,1001.71,977.67,753.4399999999999,1815.06,317.75,706.49,119.38,728.66,798.34,2254.95,1049.53,903.39,979.71,1289.03,47.15
338,1,Bread_23,0.0,0.0,0.0,0.0,0.0,0.0,0.0,0.0,0.0,0.0,0.0,0.0,64.24,164.26,158.77,206.16,235.75,455.07,309.86,370.96999999999997,364.75,525.34,588.65,602.05,730.4399999999999,168.71,602.16,600.32,848.65,863.79,769.67,925.74,842.79,887.76,687.44,1154.8700000000001,1665.57,1339.25,1370.59,1401.74,1838.13,1415.96,1258.36,1365.85,1173.43,1301.66,87.97
339,1,Pastry_28,12921.2,13209.64,14404.83,12240.62,11678.63,13773.18,12185.84,8521.12,8904.98,9150.74,7688.34,7280.05,6697.07,5571.44,6511.58,8193.89,7617.97,8523.96,8414.01,7368.22,6354.15,7073.51,6315.91,7480.56,5552.25,4781.09,5246.42,4820.47,5568.74,5074.91,3759.02,4611.58,4726.66,5410.98,5463.95,6138.1,5167.52,5958.47,7009.92,7476.88,7424.08,6152.88,6182.15,6388.07,5039.6,6408.71,479.98
340,1,Pork_6,0.0,0.0,0.0,0.0,0.0,0.0,0.0,0.0,0.0,0.0,0.0,0.0,0.0,0.0,0.0,0.0,0.0,0.0,0.0,0.0,0.0,0.0,0.0,0.0,0.0,0.0,0.0,0.0,0.0,0.0,6.15,530.16,520.68,623.61,538.84,572.96,580.27,633.82,684.58,631.59,676.45,618.54,595.03,598.44,816.81,934.69,46.019999999999996
341,1,Bread_24,4120.14,3809.86,3985.67,4814.41,5666.41,5336.35,3544.48,4839.46,5757.43,4476.09,3703.3599999999997,4125.52,4063.46,3671.27,3354.73,3667.7,3395.93,3633.69,3468.97,3891.77,3911.94,3615.52,3719.77,3615.42,3793.1,3785.66,5152.07,4274.5,4823.36,5181.73,4190.65,3970.73,4181.2699999999995,4282.31,4131.32,4094.52,4657.09,3736.7200000000003,4422.99,4410.5,5686.27,5443.3099999999995,4389.21,5362.48,5126.38,5309.99,336.26
343,1,Plant_0,0.0,0.0,0.0,0.0,0.0,0.0,0.0,0.0,0.0,0.0,0.0,0.0,0.0,0.0,0.0,0.0,0.0,0.0,0.0,0.0,201.51999999999998,164.85,0.0,0.0,0.0,0.0,0.0,0.0,0.0,0.0,0.0,0.0,122.08,113.1,0.0,0.0,0.0,0.0,0.0,0.0,0.0,0.0,0.0,0.0,193.7,0.0,0.0
347,1,Eggplant_0,5196.53,4496.2,3538.47,3591.51,2950.2599999999998,3209.62,2306.13,4455.9,4059.35,4044.97,4310.41,3112.32,3031.4700000000003,2976.34,3456.59,2566.81,2468.36,2999.39,2018.9,2682.91,2804.35,2600.95,3053.56,2983.03,4736.7,2789.63,2027.26,1027.92,102.76,0.0,268.65,905.73,1538.85,2457.19,2501.21,3322.69,2903.81,2868.73,2482.22,2122.53,297.17,0.0,0.0,0.0,0.0,94.36999999999999,89.06
348,1,Nectarine_2,9631.3,6464.03,2704.93,0.0,0.0,0.0,250.35,1161.11,479.59000000000003,404.29,2602.36,5382.7,8676.63,7118.55,1732.17,0.0,374.2,1007.84,433.01,182.21,1124.69,511.47,2656.73,4166.64,3441.18,3254.84,1671.68,0.0,0.0,509.35,0.0,564.7,0.0,0.0,652.37,4686.67,0.0,0.0,0.0,0.0,0.0,0.0,6.18,743.61,120.58,258.97,123.25
351,1,Onion_4,0.0,0.0,0.0,0.0,0.0,0.0,0.0,0.0,0.0,0.0,0.0,0.0,0.0,0.0,0.0,0.0,0.0,0.0,0.0,0.0,0.0,0.0,0.0,0.0,310.21,253.43,11.51,0.0,0.0,0.0,0.0,0.0,0.0,0.0,0.0,0.0,0.0,0.0,0.0,0.0,911.3199999999999,1359.82,2666.7,3861.21,3474.6,4409.33,658.6
353,1,Chicken_18,0.0,0.0,0.0,0.0,0.0,0.0,0.0,0.0,0.0,0.0,0.0,0.0,0.0,0.0,0.0,0.0,0.0,0.0,0.0,0.0,0.0,0.0,168.77,299.43,232.59,445.17,298.71999999999997,847.97,326.86,838.83,449.38,562.13,344.21,147.7,124.26,220.89000000000001,239.98,356.86,347.78,256.49,475.32,233.29,259.53,298.61,370.64,345.31,20.47
355,1,Mix meat_1,2996.93,2662.54,2480.11,2597.73,3167.45,2533.69,3009.2799999999997,3002.14,1976.87,2350.03,1847.68,1528.52,1740.3899999999999,2017.9,2284.56,1935.08,1707.7,1722.06,1200.45,2069.53,1222.4,1445.3,1454.6299999999999,1127.6,2240.18,1542.09,2294.8,2254.49,3565.7999999999997,2506.7200000000003,2991.67,1920.21,2888.43,2437.18,3182.08,2288.0,2858.0099999999998,2757.69,2956.96,2685.2,2782.64,3043.98,2398.95,2953.69,2631.8,2888.96,137.6
359,1,Salad_7,651.62,583.41,1058.3799999999999,1142.85,1390.09,1346.66,1985.5700000000002,1676.02,1638.31,1568.54,1416.04,1225.72,1230.01,1236.6299999999999,1222.98,1509.09,1293.29,2109.56,1825.51,1572.08,1471.92,2614.73,1953.97,1634.61,1407.47,1214.21,1148.76,1243.81,867.1999999999999,1168.57,1240.63,1187.96,603.04,508.96,457.98,511.95,1692.04,1153.41,702.67,815.99,765.86,1431.05,176.81,0.0,0.0,0.0,0.0
363,1,Pineapple_2,0.0,0.0,0.0,0.0,0.0,0.0,0.0,0.0,0.0,0.0,0.0,0.0,0.0,0.0,0.0,0.0,0.0,0.0,0.0,0.0,23.45,984.7,1062.52,857.02,641.99,426.69,525.41,703.6,1009.67,1505.68,1336.46,1507.32,1608.23,1645.24,1446.07,1289.94,1111.63,1059.17,1216.11,1378.62,2093.0,2042.02,1915.43,2192.34,1906.44,1420.23,82.05000000000001
365,1,Bread_25,1934.53,2233.56,2310.1,2372.12,2430.79,2513.4,2382.29,2599.74,2390.92,1974.69,1849.52,2205.29,1833.9099999999999,1893.89,1997.2,1532.1,1446.74,1460.88,1317.94,1021.73,966.55,1225.6,1050.99,1158.83,1259.57,1093.61,1284.78,678.73,707.48,764.32,1068.5,1001.14,746.2,974.5,449.16999999999996,569.77,363.56,612.05,433.02000000000004,496.63,322.08,285.28999999999996,301.84000000000003,237.83,246.26,245.51,13.969999999999999
366,1,Pastry_30,1217.76,1439.31,1310.46,1443.4,878.86,1110.67,1053.59,1127.64,180.91,902.41,1039.71,1491.58,853.01,0.0,0.0,0.0,0.0,0.0,0.0,0.0,0.0,0.0,0.0,0.0,0.0,0.0,0.0,0.0,0.0,502.27,454.56,413.26,398.26,435.06,536.75,461.56,435.09,338.21999999999997,414.72,453.37,327.6,389.52,383.27,331.04,394.06,423.01,30.61
368,1,Bagel_1,16072.58,15101.12,7837.280000000001,6091.65,16532.37,17245.36,18076.9,17783.2,16260.39,14804.74,13391.47,12514.02,12410.16,12338.78,12416.88,5303.79,2252.44,7998.59,9368.97,8707.5,6717.0,7578.01,8769.86,7018.21,4968.67,5762.0,7705.24,6039.18,5630.56,8461.45,5798.83,6557.18,7159.79,7327.39,6279.349999999999,6648.7300000000005,5189.91,5259.85,7045.7300000000005,7282.85,4582.04,4825.42,4429.63,4602.3,4310.74,4892.5,352.43
371,1,Mandarin_4,0.0,0.0,0.0,0.0,210.51999999999998,993.86,0.0,0.0,0.0,0.0,0.0,0.0,0.0,0.0,676.51,5901.13,5403.77,996.18,169.28,0.0,0.0,0.0,0.0,289.21,254.46,302.3,1034.46,3695.95,9686.32,965.13,0.0,0.0,0.0,0.0,0.0,0.0,40.879999999999995,1264.05,1266.43,0.0,0.0,0.0,0.0,0.0,496.82,0.0,0.0
372,1,Pastry_31,0.0,0.0,0.0,0.0,0.0,0.0,0.0,0.0,0.0,0.0,0.0,0.0,0.0,0.0,0.0,0.0,0.0,0.0,0.0,0.0,0.0,0.0,0.0,0.0,0.0,0.0,0.0,0.0,0.0,0.0,0.0,0.0,0.0,0.0,0.0,0.0,0.0,685.9,2766.04,2874.43,2368.99,1786.03,3113.6,2890.68,2709.6,3947.81,204.01999999999998
373,1,Lemon_1,0.0,0.0,0.0,0.0,0.0,0.0,0.0,0.0,0.0,0.0,0.0,136.51,0.0,0.0,0.0,0.0,0.0,0.0,0.0,0.0,0.0,0.0,0.0,0.0,0.0,0.0,0.0,0.0,0.0,0.0,0.0,0.0,0.0,0.0,0.0,0.0,0.0,0.0,0.0,1431.2,4530.03,4526.3,3526.18,5339.19,5273.43,4532.67,435.24
375,1,Potato_10,4439.91,7544.86,8434.03,9512.64,10639.77,9346.57,7694.91,10601.119999999999,7644.08,5776.52,4987.4,6430.33,6004.9,5983.610000000001,6749.45,6282.87,8331.25,6904.25,6215.64,5822.01,6984.42,8612.66,5677.54,6735.11,7365.95,5265.23,7072.4800000000005,6559.1,7409.89,5745.63,5632.76,6309.61,5544.59,198.58,0.0,3871.13,3791.49,4450.1,7846.139999999999,6602.14,10568.72,10779.26,11322.89,12438.16,8747.6,9393.55,529.0
378,1,Pastry_32,11197.54,7380.07,9030.74,11298.64,5389.87,5841.5,3009.12,6559.8,7309.59,6563.1,5560.0,6020.6,3608.6800000000003,6830.18,7940.27,9277.46,4125.0199999999995,5876.96,4873.33,4480.73,4829.87,2634.77,3854.88,3022.04,3347.14,3925.63,3636.94,4911.34,2740.82,3122.07,2313.12,2503.73,4712.73,1833.41,2561.85,3489.89,3084.69,3191.08,1203.32,0.0,0.0,0.0,0.0,0.0,0.0,0.0,0.0
381,1,Nut_0,475.46,530.0600000000001,462.25,485.43,686.66,416.42,347.15,927.51,657.31,446.11,304.93,71.59,0.0,0.0,0.0,509.43,1063.54,376.57,447.36,573.41,540.79,382.58,271.38,251.63,294.47,511.95,757.51,766.5699999999999,773.99,434.91999999999996,481.73,477.69,497.0,403.66,285.52,293.89,293.36,371.86,583.64,885.0600000000001,3400.3199999999997,1162.55,780.3,861.67,801.33,692.83,45.010000000000005
383,1,Melon_2,2944.9,1670.02,0.0,0.0,0.0,0.0,0.0,0.0,0.0,0.0,0.0,0.0,0.0,0.0,446.32,567.41,510.55,640.52,465.62,0.0,0.0,161.61,569.02,345.85,1315.2,596.25,553.22,479.17,440.17,181.34,0.0,0.0,0.0,0.0,0.0,0.0,109.62,1894.95,391.98,0.0,0.0,0.0,0.0,0.0,0.0,849.7,0.0
385,1,Chicken_19,0.0,0.0,0.0,0.0,0.0,0.0,0.0,0.0,0.0,0.0,0.0,0.0,0.0,0.0,0.0,0.0,0.0,0.0,0.0,0.0,0.0,0.0,0.0,0.0,0.0,32.21,258.63,362.2,301.8,0.0,323.15,405.54,474.9,588.35,500.59,552.13,620.76,761.75,825.3299999999999,635.65,533.33,772.53,570.33,736.2,1260.38,825.06,25.89
386,1,Potato_11,3195.82,1523.16,0.0,0.0,0.0,0.0,0.0,0.0,1762.83,1113.66,1094.48,2705.41,4339.93,2938.33,0.0,0.0,0.0,0.0,0.0,293.38,609.8,4483.46,10606.27,11480.15,12063.04,11154.84,6357.46,404.71000000000004,2559.24,1855.55,1389.8,660.09,678.0,1736.87,2033.63,3665.42,1672.92,1968.76,1982.51,1597.01,375.48,0.0,0.0,1390.8600000000001,1689.77,0.0,0.0
387,1,Tomato_14,0.0,0.0,0.0,0.0,0.0,0.0,0.0,0.0,0.0,0.0,0.0,0.0,0.0,0.0,0.0,0.0,0.0,0.0,0.0,0.0,0.0,0.0,0.0,0.0,0.0,0.0,0.0,0.0,384.14,445.33,167.23,0.0,0.0,0.0,0.0,0.0,0.0,0.0,0.0,0.0,628.91,795.39,632.75,530.19,397.89,493.36,52.34
390,1,Bread_27,0.0,0.0,0.0,0.0,0.0,0.0,0.0,0.0,0.0,0.0,0.0,0.0,119.07,387.3,577.29,715.76,483.41,563.29,502.68,551.48,683.36,428.88,494.97,445.74,519.83,426.82,437.33,538.46,706.58,635.3,520.47,539.02,641.49,905.91,618.62,609.73,721.99,738.52,844.17,785.79,774.44,889.86,748.1800000000001,858.03,765.29,796.14,45.73
395,1,Pastry_35,0.0,0.0,0.0,0.0,0.0,0.0,0.0,0.0,0.0,0.0,0.0,0.0,0.0,0.0,0.0,0.0,0.0,0.0,0.0,0.0,0.0,0.0,0.0,0.0,0.0,0.0,0.0,0.0,0.0,0.0,0.0,0.0,0.0,0.0,0.0,0.0,0.0,200.68,631.63,921.16,245.79,0.0,0.0,0.0,0.0,0.0,0.0
396,1,Broccoli_1,0.0,0.0,0.0,2194.6,6126.64,7465.04,5917.51,7111.62,8136.08,6123.67,6064.04,5306.29,4501.92,6307.15,7221.35,10333.8,6483.55,9446.130000000001,6608.59,7676.38,6462.23,6580.77,3912.51,5366.7,6148.68,6427.09,6368.1,4368.42,3590.72,6154.88,6406.85,5139.99,4742.11,5324.79,3369.5299999999997,4865.8099999999995,6163.47,6452.06,5172.29,6433.08,5647.41,7914.8,10532.08,7157.78,6855.18,5569.14,355.1
401,1,Watermelon_5,0.0,0.0,0.0,0.0,0.0,0.0,0.0,0.0,0.0,0.0,0.0,0.0,0.0,0.0,0.0,0.0,0.0,0.0,0.0,0.0,0.0,0.0,0.0,0.0,0.0,0.0,0.0,0.0,0.0,0.0,0.0,0.0,0.0,0.0,185.55,0.0,0.0,0.0,0.0,0.0,0.0,0.0,0.0,0.0,0.0,730.36,178.53
403,1,Radish_5,0.0,0.0,14.26,447.27,459.69,714.71,641.48,898.65,788.36,583.16,396.02,426.95,427.17,441.51,378.56,525.19,396.18,694.5,455.55,444.0,414.85,325.88,310.02,203.62,192.67,227.75,291.79,390.95,441.17,649.53,644.3,845.76,852.24,784.78,697.9,638.26,532.92,651.72,724.07,763.21,749.86,1024.77,947.46,1603.02,1211.7,847.6,51.879999999999995
405,1,Coriander_1,0.0,0.0,0.0,0.0,0.0,0.0,0.0,0.0,0.0,0.0,0.0,0.0,0.0,0.0,0.0,0.0,0.0,138.09,29.61,0.0,603.1999999999999,47.8,0.0,0.0,0.0,0.0,0.0,0.0,0.0,0.0,582.07,1391.58,1715.15,2025.2,185.23,0.0,0.0,0.0,0.0,0.0,0.0,0.0,0.0,0.0,0.0,0.0,0.0
408,1,Pastry_37,0.0,0.0,0.0,0.0,0.0,0.0,0.0,0.0,0.0,0.0,0.0,0.0,0.0,0.0,0.0,0.0,0.0,0.0,0.0,0.0,0.0,0.0,0.0,0.0,0.0,2323.56,11443.43,11050.34,13427.44,14733.85,17843.75,18879.53,18119.28,18915.15,27617.12,21174.61,20027.24,20933.56,20482.92,35666.36,19944.989999999998,20397.38,24612.25,19644.11,20205.27,22507.19,1365.99
409,1,Pork_7,0.0,0.0,0.0,0.0,0.0,0.0,66.87,445.6,295.3,248.6,246.18,211.53,171.92000000000002,183.46,251.09,229.99,313.81,231.77,221.19,210.6,208.42000000000002,201.66,197.34,191.58,270.64,329.98,315.84,292.84000000000003,414.89,657.25,725.01,462.97,555.19,388.4,397.26,283.96,628.93,535.17,691.41,503.44,758.23,664.03,584.77,645.13,551.45,675.31,22.47
410,1,Potato_13,0.0,0.0,0.0,0.0,0.0,0.0,0.0,0.0,0.0,0.0,0.0,0.0,0.0,0.0,0.0,0.0,0.0,0.0,0.0,0.0,0.0,1598.42,3234.53,3708.89,5720.7,4600.99,4070.32,4715.38,4745.16,4966.0199999999995,6032.71,6563.78,6440.38,5217.22,0.0,0.0,0.0,0.0,0.0,0.0,0.0,0.0,0.0,649.6,443.74,0.0,0.0
413,1,Chive_0,0.0,254.57999999999998,1444.77,505.23,0.0,0.0,0.0,0.0,0.0,0.0,0.0,0.0,0.0,0.0,0.0,0.0,0.0,0.0,0.0,938.0699999999999,2102.54,1938.7,1892.42,1498.39,1515.09,1570.05,1495.95,1228.6100000000001,1871.31,1671.87,1845.83,1761.18,1559.47,1136.72,1096.98,1105.8,1149.77,1186.85,1187.99,1285.53,1645.71,1542.33,2112.03,1688.59,1576.22,1222.84,76.3
418,1,Plum_2,0.0,0.0,0.0,0.0,0.0,0.0,0.0,0.0,73.11,227.14999999999998,0.0,328.75,0.0,0.0,121.25999999999999,1078.68,878.47,560.6,662.94,133.7,0.0,0.0,0.0,0.0,0.0,0.0,487.64,2042.98,1281.04,970.58,58.27,0.0,0.0,0.0,39.01,667.53,890.09,1086.28,1375.91,1618.24,327.28000000000003,0.0,0.0,0.0,0.0,0.0,0.0
419,1,Bread_30,1515.23,1599.05,1435.76,1127.95,1135.03,1365.78,1459.32,1367.19,1418.36,1410.03,1143.18,1125.67,1132.6299999999999,1153.92,1006.71,1058.54,1105.72,1261.66,1129.94,1235.61,1094.05,1046.93,862.57,877.97,1038.64,853.14,879.23,897.29,708.46,1058.6399999999999,900.52,1105.1499999999999,1028.43,1038.33,1057.8,1113.15,1112.56,1078.56,1130.25,1474.37,1225.1200000000001,1585.9,1663.1399999999999,1661.72,1718.02,1645.38,93.50999999999999
420,1,Strawberry_10,0.0,0.0,0.0,0.0,0.0,0.0,0.0,0.0,0.0,0.0,0.0,0.0,0.0,0.0,0.0,0.0,0.0,0.0,300.48,0.0,0.0,0.0,0.0,0.0,0.0,0.0,0.0,0.0,0.0,0.0,530.04,0.0,0.0,0.0,0.0,0.0,0.0,0.0,0.0,0.0,0.0,0.0,218.09,0.0,0.0,0.0,0.0
422,1,Salad_8,0.0,0.0,0.0,0.0,0.0,0.0,0.0,0.0,0.0,0.0,0.0,0.0,0.0,0.0,0.0,0.0,0.0,0.0,0.0,0.0,0.0,0.0,0.0,0.0,0.0,0.0,0.0,0.0,0.0,598.8,959.5,874.57,1098.15,1115.8,1202.41,1083.06,883.49,1039.0,1588.42,2334.26,1566.92,1489.58,1661.34,1006.3199999999999,564.96,0.0,0.0
424,1,Garlic_0,0.0,0.0,0.0,0.0,0.0,0.0,0.0,0.0,0.0,851.07,2028.01,0.0,0.0,0.0,0.0,0.0,0.0,0.0,0.0,0.0,0.0,0.0,0.0,0.0,0.0,0.0,0.0,0.0,1698.97,2659.0099999999998,973.12,1724.31,1761.48,1850.03,1353.34,0.0,460.37,1781.32,2844.03,654.7,3225.0,2306.07,0.0,0.0,0.0,0.0,0.0
425,1,Bread_31,0.0,0.0,0.0,0.0,0.0,0.0,0.0,0.0,0.0,0.0,0.0,0.0,0.0,0.0,0.0,0.0,0.0,0.0,0.0,0.0,0.0,0.0,0.0,0.0,0.0,0.0,0.0,0.0,114.14,495.0,272.26,588.59,384.04,400.0,219.16,0.0,0.0,0.0,0.0,0.0,0.0,0.0,0.0,0.0,0.0,0.0,0.0
427,1,Spinach_3,0.0,0.0,0.0,0.0,0.0,0.0,0.0,0.0,0.0,0.0,0.0,0.0,0.0,0.0,172.83,296.32,0.0,0.0,0.0,0.0,0.0,0.0,189.81,452.81,222.73,354.75,947.04,646.1800000000001,399.57,798.48,1337.78,1627.46,1241.77,1335.85,1070.56,782.79,1048.27,1280.95,1431.24,1741.68,1934.02,3102.87,2652.41,2583.11,3654.26,3125.82,205.53
431,1,Apricot_2,0.0,0.0,0.0,0.0,0.0,0.0,0.0,0.0,0.0,0.0,0.0,0.0,0.0,0.0,0.0,0.0,0.0,0.0,0.0,0.0,0.0,0.0,0.0,62.129999999999995,0.0,0.0,0.0,0.0,0.0,0.0,0.0,0.0,0.0,0.0,83.86,722.86,700.46,0.0,0.0,0.0,0.0,0.0,0.0,0.0,0.0,0.0,0.0
438,1,Mango_2,588.86,1368.38,1750.5,1685.72,1353.32,2154.04,2475.38,3178.9700000000003,1806.8700000000001,0.0,0.0,0.0,0.0,0.0,0.0,0.0,0.0,0.0,0.0,0.0,0.0,0.0,0.0,0.0,0.0,0.0,0.0,0.0,0.0,0.0,0.0,0.0,0.0,0.0,0.0,0.0,0.0,0.0,0.0,0.0,0.0,0.0,0.0,0.0,0.0,0.0,0.0
446,1,Tomato_18,0.0,0.0,0.0,0.0,0.0,0.0,0.0,0.0,0.0,0.0,0.0,0.0,0.0,0.0,0.0,0.0,0.0,0.0,0.0,190.26999999999998,399.85,374.38,591.15,556.6,1652.63,602.88,647.97,525.06,976.5500000000001,0.0,0.0,0.0,0.0,0.0,68.76,1692.36,2267.13,1311.98,629.48,0.0,0.0,0.0,0.0,0.0,0.0,0.0,0.0
447,1,Turkey_4,2206.14,3209.13,4559.48,5322.06,5523.13,6049.53,5108.28,6323.16,4820.19,5170.14,3948.35,4047.96,4364.92,4209.03,5246.14,6105.400000000001,5283.5,6518.25,4310.11,5320.15,4784.83,5357.57,4884.68,5648.41,7404.16,1325.89,0.0,0.0,0.0,0.0,0.0,0.0,0.0,0.0,0.0,0.0,0.0,0.0,0.0,0.0,0.0,0.0,0.0,0.0,0.0,0.0,0.0
449,1,Pork_8,0.0,0.0,434.13,1095.02,1136.6,982.2900000000001,1051.15,1468.96,1068.07,988.75,773.82,782.6,891.93,876.52,1110.71,1079.81,1203.98,1087.75,936.35,1118.09,1034.52,1096.83,1173.04,1139.19,1552.36,1931.44,2240.67,2151.7,2546.48,1367.06,0.0,0.0,0.0,0.0,0.0,0.0,0.0,0.0,0.0,0.0,0.0,0.0,0.0,0.0,0.0,0.0,0.0
455,1,Potato_15,0.0,0.0,0.0,0.0,0.0,0.0,0.0,0.0,0.0,0.0,0.0,0.0,0.0,0.0,0.0,0.0,0.0,0.0,0.0,0.0,0.0,0.0,0.0,183.94,249.76,636.95,416.56,0.0,0.0,0.0,0.0,0.0,0.0,0.0,107.11,805.48,691.47,859.34,410.55,0.0,0.0,288.34,1313.86,1533.12,1423.45,1358.15,58.370000000000005
458,1,Bread_35,1459.36,1517.33,1959.17,1279.74,1226.03,1547.16,1753.41,1600.6,1746.45,1511.46,1311.19,1433.18,1456.54,1282.3899999999999,1073.46,1310.8,1207.45,1334.74,1106.88,1172.53,906.88,888.3100000000001,844.38,837.33,884.68,901.17,927.4100000000001,691.63,664.38,788.47,625.1,972.08,660.23,563.78,607.8,836.61,722.2,889.08,740.34,572.76,603.21,784.55,692.34,670.97,627.52,841.52,36.010000000000005
466,1,Orange_4,0.0,0.0,0.0,0.0,297.49,0.0,0.0,0.0,0.0,0.0,0.0,0.0,0.0,0.0,0.0,0.0,0.0,0.0,0.0,679.1600000000001,0.0,0.0,0.0,0.0,0.0,0.0,0.0,81.96,2028.95,3017.13,0.0,0.0,0.0,0.0,0.0,0.0,0.0,0.0,0.0,0.0,0.0,0.0,0.0,0.0,0.0,0.0,0.0
470,1,Banana_3,0.0,0.0,0.0,0.0,0.0,0.0,0.0,0.0,0.0,0.0,0.0,0.0,0.0,0.0,0.0,0.0,0.0,0.0,0.0,0.0,0.0,0.0,0.0,0.0,0.0,0.0,0.0,0.0,0.0,0.0,0.0,0.0,0.0,0.0,0.0,0.0,0.0,0.0,7936.29,15645.37,12922.06,13561.96,17438.49,25102.22,6599.15,0.0,0.0
473,1,Cantaloupe_2,1977.41,3813.1,1317.11,354.19,456.17,262.39,305.45,391.31,500.11,1182.75,4731.71,7473.26,2152.8900000000003,4553.4,1081.35,1926.98,544.66,0.0,0.0,0.0,0.0,853.36,125.36999999999999,8001.78,2346.8199999999997,2513.7,759.36,367.4,297.7,219.51,275.85,263.01,257.0,345.68,2177.14,6700.63,0.0,0.0,0.0,0.0,0.0,0.0,0.0,0.0,0.0,396.48,50.56
474,1,Plum_4,0.0,0.0,0.0,0.0,0.0,0.0,0.0,0.0,0.0,0.0,0.0,0.0,0.0,0.0,0.0,0.0,0.0,0.0,0.0,0.0,0.0,0.0,0.0,0.0,74.48,3126.5,0.0,0.0,0.0,0.0,0.0,0.0,0.0,0.0,0.0,0.0,0.0,0.0,0.0,0.0,0.0,0.0,0.0,0.0,0.0,0.0,0.0
476,1,Bread_38,6161.71,6902.8,6454.58,6986.11,7633.21,7430.21,7404.03,10028.48,8363.02,7957.87,6381.71,6729.12,6543.51,6401.19,7938.51,7370.01,8106.89,8568.0,7050.37,9126.82,7834.61,5089.41,5078.82,4861.99,4860.5199999999995,4665.84,4442.78,4407.18,4829.14,4512.9400000000005,5192.2,4244.03,4265.13,4391.27,6224.77,5621.95,4353.97,4968.91,5156.34,5123.98,6288.78,5043.22,5983.71,4819.49,4579.97,4808.58,297.07
478,1,Onion_6,0.0,0.0,0.0,0.0,0.0,0.0,0.0,0.0,0.0,0.0,0.0,0.0,0.0,0.0,0.0,0.0,0.0,0.0,0.0,0.0,0.0,0.0,0.0,0.0,113.58,70.71000000000001,0.0,0.0,0.0,0.0,0.0,0.0,0.0,0.0,0.0,0.0,0.0,0.0,0.0,0.0,1522.3300000000002,2989.74,3416.52,4459.7300000000005,4358.81,5460.03,603.47
479,1,Celery_5,3337.4,3872.08,4660.9,3792.24,0.0,0.0,0.0,0.0,0.0,317.52,1838.6,2717.38,2873.85,3003.58,0.0,825.73,4070.83,4210.92,2505.06,2752.18,550.5,2092.27,2438.33,2914.46,3568.77,3724.4900000000002,2020.94,1806.3600000000001,0.0,0.0,0.0,494.40000000000003,1000.79,1256.39,1767.81,2035.3,2661.2400000000002,2265.86,2684.4900000000002,3311.72,4037.6,3805.65,3465.85,2934.87,1183.57,1331.78,169.05
493,1,Tomato_21,0.0,0.0,0.0,0.0,0.0,0.0,0.0,0.0,0.0,0.0,0.0,0.0,0.0,0.0,0.0,0.0,0.0,0.0,0.0,0.0,0.0,0.0,0.0,0.0,0.0,0.0,0.0,0.0,0.0,0.0,0.0,0.0,0.0,0.0,0.0,227.53,2608.58,772.42,0.0,0.0,0.0,0.0,0.0,0.0,0.0,0.0,0.0
494,1,Tomato_22,0.0,0.0,0.0,0.0,0.0,0.0,0.0,0.0,0.0,0.0,0.0,0.0,0.0,0.0,0.0,0.0,0.0,0.0,0.0,0.0,0.0,0.0,0.0,0.0,0.0,0.0,0.0,0.0,1084.56,948.27,270.45,0.0,0.0,0.0,0.0,0.0,0.0,0.0,0.0,0.0,0.0,440.63,734.12,510.78,400.01,382.16,15.64
497,1,Cherry_4,0.0,0.0,0.0,0.0,0.0,0.0,0.0,0.0,0.0,0.0,3.73,406.68,25.86,0.0,0.0,0.0,0.0,0.0,0.0,0.0,0.0,0.0,0.0,0.0,0.0,0.0,0.0,0.0,0.0,0.0,0.0,0.0,0.0,0.0,809.4399999999999,0.0,0.0,0.0,0.0,0.0,0.0,0.0,0.0,0.0,0.0,0.0,0.0
508,1,Chicken_22,0.0,0.0,10.85,401.63,452.48,503.49,468.67,474.88,606.3199999999999,532.05,485.9,456.12,439.61,467.38,659.84,925.21,573.2,162.03,304.86,422.43,372.3,359.04,355.95,596.97,682.36,976.4300000000001,677.6800000000001,1134.97,632.76,887.39,867.47,624.5899999999999,509.67,441.93,786.22,525.48,527.05,553.02,776.34,593.09,484.6,453.1,419.66,600.89,589.99,607.85,33.07
509,1,Bread_40,0.0,0.0,0.0,0.0,0.0,0.0,0.0,0.0,0.0,0.0,0.0,0.0,0.0,0.0,0.0,0.0,0.0,0.0,112.75,424.52,471.96999999999997,619.21,635.31,578.6,511.21,544.65,883.93,1880.66,1813.29,724.8199999999999,580.0,1324.12,861.06,573.21,471.05,542.49,480.09,477.2,400.06,333.43,445.71000000000004,418.56,348.43,798.75,431.54,412.5,32.58
515,1,Apple_23,0.0,0.0,0.0,0.0,0.0,0.0,0.0,0.0,0.0,0.0,0.0,0.0,0.0,0.0,0.0,0.0,0.0,0.0,0.0,0.0,0.0,0.0,0.0,0.0,0.0,240.06,730.35,0.0,0.0,0.0,0.0,0.0,0.0,0.0,0.0,0.0,0.0,0.0,0.0,0.0,0.0,0.0,0.0,0.0,0.0,0.0,0.0
521,1,Melon_3,0.0,0.0,0.0,0.0,0.0,0.0,0.0,0.0,0.0,0.0,0.0,0.0,0.0,0.0,0.0,0.0,0.0,0.0,0.0,0.0,0.0,379.75,5563.61,1583.76,2020.6000000000001,143.59,0.0,0.0,0.0,0.0,0.0,0.0,0.0,1844.6599999999999,1540.72,0.0,0.0,0.0,0.0,0.0,0.0,0.0,0.0,0.0,0.0,2880.76,384.76
525,1,Eggplant_1,0.0,0.0,0.0,0.0,0.0,0.0,0.0,0.0,0.0,0.0,0.0,0.0,0.0,0.0,0.0,0.0,0.0,19.4,39.28,0.0,0.0,0.0,0.0,0.0,0.0,43.57,325.62,52.25,0.0,127.65,373.15,466.98,472.88,466.69,585.26,395.01,0.0,0.0,0.0,0.0,0.0,0.0,0.0,0.0,0.0,0.0,0.0
530,1,Pastry_44,0.0,0.0,0.0,0.0,0.0,0.0,0.0,0.0,0.0,0.0,0.0,0.0,0.0,0.0,0.0,0.0,0.0,0.0,0.0,0.0,0.0,0.0,0.0,0.0,0.0,0.0,0.0,0.0,0.0,0.0,0.0,0.0,0.0,0.0,0.0,0.0,0.0,0.0,0.0,0.0,0.0,0.0,0.0,1133.12,185.08,0.0,0.0
531,1,Pork_10,229.41,248.49,329.07,258.17,245.95,285.06,163.91,86.32,0.0,0.0,0.0,0.0,0.0,0.0,0.0,0.0,0.0,0.0,0.0,0.0,0.0,0.0,0.0,0.0,239.73,235.63,262.77,170.46,117.2,155.22,66.53999999999999,0.0,127.32,318.15,306.29,331.14,297.51,309.34,390.69,342.81,408.88,446.86,806.68,478.21,441.15,864.72,0.0
532,1,Rosemary_0,543.34,518.41,610.96,409.19,0.0,0.0,0.0,0.0,0.0,0.0,0.0,66.85,514.72,460.97,387.4,449.55,379.46,535.35,492.53000000000003,433.71999999999997,0.0,0.0,0.0,0.0,0.0,0.0,188.91,411.58,834.16,555.18,421.81,516.17,614.45,488.56,507.96,483.83,344.58,541.9,573.65,583.57,953.09,497.8,433.62,539.5600000000001,701.44,406.27,79.03
535,1,Pepper_3,0.0,0.0,0.0,0.0,0.0,0.0,0.0,0.0,0.0,0.0,0.0,0.0,0.0,0.0,0.0,0.0,0.0,0.0,0.0,0.0,0.0,0.0,0.0,316.65,2387.86,0.0,0.0,0.0,0.0,0.0,0.0,0.0,0.0,0.0,0.0,0.0,3948.63,2566.04,2531.49,0.0,0.0,0.0,0.0,0.0,0.0,0.0,0.0
537,1,Beef_6,0.0,0.0,0.0,0.0,0.0,0.0,0.0,0.0,0.0,0.0,0.0,0.0,0.0,0.0,0.0,0.0,0.0,0.0,0.0,0.0,0.0,0.0,0.0,0.0,0.0,0.0,0.0,0.0,0.0,0.0,0.0,0.0,0.0,252.70000000000002,346.0,508.04,820.71,232.2,183.85,205.45000000000002,207.92,242.81,811.01,389.25,606.17,858.3100000000001,41.55
539,1,Bread_44,1293.88,1723.23,1432.24,956.31,1193.08,1533.1,1615.36,1264.19,1191.02,1060.27,974.48,944.67,895.16,1273.99,1159.15,1523.04,1174.4,1194.41,1121.21,1057.36,973.46,908.91,782.85,765.24,765.93,979.28,1074.69,959.01,997.76,873.63,823.37,1052.94,991.48,951.16,946.26,768.39,861.21,1281.34,2141.56,1082.05,959.43,934.05,901.9399999999999,1033.51,1085.21,869.74,32.51
544,1,Tomato_24,10111.97,11877.37,11422.97,10708.5,7622.2,10715.27,8654.7,14448.83,13088.92,13439.15,18723.62,16416.77,13425.65,12757.39,14243.35,7275.76,0.0,0.0,0.0,1603.01,7742.4400000000005,10039.32,14675.49,16605.99,12658.93,11797.01,12928.54,9634.09,0.0,0.0,0.0,3266.09,9278.14,12002.84,10332.14,12413.32,12904.1,14175.369999999999,13148.26,8476.32,0.0,0.0,0.0,0.0,7327.71,15152.51,680.78
547,1,Blueberry_6,0.0,0.0,0.0,0.0,0.0,0.0,0.0,0.0,0.0,0.0,0.0,0.0,0.0,0.0,0.0,1082.95,1823.79,1819.66,576.95,0.0,0.0,0.0,0.0,0.0,0.0,0.0,0.0,0.0,0.0,0.0,0.0,0.0,0.0,0.0,0.0,0.0,0.0,0.0,0.0,0.0,0.0,0.0,0.0,0.0,0.0,0.0,0.0
549,1,Garlic_2,682.02,809.13,1165.86,941.37,1042.86,863.5699999999999,720.72,665.59,227.8,0.0,280.27,353.39,1115.99,1290.71,1013.6899999999999,1111.43,1311.11,1359.98,1110.04,1243.29,1360.03,1129.11,1143.93,1103.83,1359.9,1377.07,1549.34,1088.85,0.0,0.0,0.0,0.0,0.0,0.0,0.0,0.0,0.0,0.0,0.0,0.0,0.0,0.0,81.5,0.0,0.0,0.0,0.0
551,1,Carrot_11,0.0,0.0,0.0,0.0,0.0,0.0,0.0,0.0,0.0,0.0,0.0,0.0,0.0,0.0,0.0,0.0,0.0,0.0,0.0,0.0,0.0,0.0,0.0,0.0,0.0,138.82999999999998,634.63,739.42,616.13,720.12,772.19,1078.2,572.3,1164.92,793.14,1516.3700000000001,1918.2,2775.55,2644.49,3516.68,3685.7599999999998,2327.77,2885.4,2915.61,2867.37,3113.68,169.91
553,1,Chicken_24,0.0,0.0,0.0,0.0,0.0,0.0,0.0,0.0,0.0,0.0,0.0,0.0,0.0,0.0,0.0,0.0,0.0,0.0,0.0,0.0,0.0,0.0,0.0,0.0,0.0,0.0,0.0,0.0,0.0,0.0,0.0,0.0,0.0,0.0,0.0,0.0,0.0,0.0,0.0,782.59,943.64,1085.08,1105.46,1121.09,1487.74,1235.77,99.11
556,1,Cactus_0,0.0,0.0,0.0,0.0,0.0,0.0,0.0,0.0,0.0,0.0,0.0,0.0,0.0,0.0,0.0,83.16,91.45,8.84,0.0,0.0,0.0,0.0,0.0,0.0,0.0,0.0,0.0,0.0,0.0,0.0,0.0,0.0,0.0,0.0,0.0,0.0,0.0,0.0,0.0,0.0,360.71,0.0,0.0,0.0,0.0,0.0,0.0
557,1,Onion_11,0.0,0.0,0.0,3946.0099999999998,4889.3099999999995,9771.63,3163.73,0.0,0.0,0.0,0.0,0.0,0.0,0.0,0.0,0.0,0.0,0.0,0.0,0.0,0.0,0.0,0.0,0.0,0.0,0.0,0.0,0.0,0.0,0.0,0.0,0.0,0.0,0.0,0.0,0.0,0.0,0.0,0.0,0.0,0.0,0.0,0.0,0.0,0.0,0.0,0.0
560,1,Bell Pepper_4,1838.3899999999999,1545.06,2174.42,4145.47,3896.7,5756.8,5218.72,5027.34,3478.25,4200.18,3544.82,3164.8,2396.37,2373.63,3969.92,4679.12,4489.31,6361.02,6113.57,6228.85,5088.06,4835.29,4391.42,3958.65,2951.42,3763.47,3981.92,1096.73,0.0,0.0,0.0,0.0,4140.82,6076.86,4250.01,2789.61,3034.16,2156.19,1550.4,2.56,0.0,0.0,0.0,0.0,2249.98,3839.3,235.99
561,1,Chicken_26,0.0,0.0,0.0,0.0,0.0,0.0,0.0,0.0,0.0,0.0,0.0,0.0,0.0,0.0,0.0,0.0,0.0,0.0,0.0,0.0,0.0,0.0,0.0,0.0,0.0,0.0,0.0,0.0,39.88,331.23,399.34000000000003,361.40999999999997,538.74,529.5,372.46,91.17,0.0,0.0,0.0,0.0,0.0,0.0,0.0,0.0,0.0,0.0,0.0
566,1,Mango_3,1353.38,977.28,2453.5,1403.61,1382.8,2000.32,1786.71,1662.99,2168.21,2127.08,2765.53,1731.31,2023.85,2159.02,2452.52,2560.8,2393.42,4568.97,3673.75,2910.66,2696.12,3149.7,2504.68,1643.14,1546.07,1665.06,4378.99,1921.29,1483.67,3677.34,2359.11,2659.37,3434.22,3402.66,3490.17,2218.22,2108.38,2414.1,1726.85,2158.27,3311.97,2905.31,1164.57,1910.1100000000001,2066.72,1873.92,126.33000000000001
567,1,Chicken_27,0.0,0.0,76.71000000000001,1333.48,1505.33,1448.49,1228.95,1471.56,1392.42,1182.98,1183.28,1334.6399999999999,1285.49,977.65,959.41,1142.05,723.52,267.76,522.05,616.23,504.94,492.82,665.73,818.76,828.63,969.17,854.77,748.95,567.75,1724.41,1937.3,957.84,1188.33,1472.01,1552.92,1925.42,2286.63,1720.63,2257.98,1573.8,1320.7,1789.06,1679.02,1755.94,2110.7400000000002,2402.44,209.68
568,1,Radish_6,0.0,0.0,0.0,0.0,568.69,0.0,0.0,0.0,0.0,0.0,0.0,0.0,0.0,0.0,0.0,0.0,80.65,0.0,0.0,0.0,0.0,0.0,0.0,0.0,0.0,0.0,0.0,0.0,0.0,0.0,0.0,0.0,0.0,152.29000000000002,0.0,0.0,93.17,3124.5,3933.31,912.47,0.0,0.0,0.0,0.0,2208.8,1554.08,73.98
570,1,Mango_4,0.0,0.0,0.0,0.0,0.0,0.0,0.0,0.0,0.0,0.0,0.0,0.0,0.0,0.0,0.0,0.0,0.0,0.0,0.0,0.0,15.129999999999999,660.77,719.67,311.91,338.04,276.48,306.38,326.14,294.1,434.21,426.6,440.42,521.49,530.92,717.9,398.37,475.09000000000003,727.22,549.72,539.33,1156.97,874.7,1148.03,922.51,619.11,618.33,57.62
574,1,Cauliflower_0,0.0,0.0,771.27,6305.78,5989.52,7945.4400000000005,5642.65,6818.88,4787.64,5040.65,4478.17,2106.19,3640.06,2255.42,852.72,5307.55,3469.61,4402.41,2494.79,2104.88,1924.75,2781.5,1819.66,1753.06,2259.07,2671.05,1554.83,5589.63,1377.67,2500.94,2263.58,1731.93,2191.3,3455.79,698.59,2190.89,626.3399999999999,86.62,4807.96,2250.05,0.0,0.0,0.0,0.0,0.0,0.0,0.0
581,1,Flower_2,0.0,0.0,0.0,0.0,0.0,0.0,0.0,0.0,0.0,0.0,0.0,0.0,0.0,0.0,0.0,0.0,0.0,0.0,0.0,0.0,116.33000000000001,193.75,0.0,0.0,0.0,0.0,0.0,0.0,0.0,0.0,0.0,0.0,109.91,941.0799999999999,0.0,0.0,0.0,0.0,0.0,0.0,0.0,0.0,0.0,0.0,302.19,0.0,0.0
582,1,Pastry_49,0.0,0.0,0.0,0.0,0.0,0.0,0.0,0.0,0.0,0.0,0.0,0.0,0.0,0.0,0.0,0.0,0.0,0.0,0.0,0.0,0.0,0.0,0.0,0.0,0.0,0.0,0.0,0.0,0.0,0.0,0.0,0.0,0.0,0.0,0.0,0.0,0.0,0.0,240.87,139.45,1561.03,19.57,0.0,0.0,0.0,0.0,0.0
583,1,Kiwi_4,0.0,0.0,0.0,0.0,0.0,0.0,0.0,21.83,0.0,0.0,0.0,0.0,0.0,0.0,0.0,0.0,0.0,0.0,0.0,0.0,0.0,0.0,0.0,0.0,0.0,0.0,1522.76,1829.9099999999999,2158.32,3398.85,3048.22,743.9300000000001,0.0,0.0,0.0,0.0,0.0,0.0,2852.44,4006.12,5571.64,6406.99,4535.97,1512.03,0.0,0.0,0.0
584,1,Bagel_2,0.0,0.0,0.0,0.0,0.0,0.0,0.0,0.0,0.0,0.0,0.0,0.0,0.0,0.0,0.0,0.0,0.0,0.0,0.0,0.0,0.0,0.0,0.0,0.0,0.0,0.0,382.27,459.14,494.94,479.26,429.21,422.84000000000003,438.88,567.05,1006.03,564.09,1103.84,646.21,530.64,605.4,533.36,704.37,721.55,745.65,771.28,720.81,41.55
586,1,Bread_46,1317.7,1564.94,1704.91,1423.49,1453.83,1645.76,1466.4,1148.6,988.95,821.8299999999999,742.34,803.3,856.4,821.21,732.96,743.06,568.27,655.17,583.91,703.82,658.48,585.79,490.77,575.1,560.77,481.48,542.39,522.71,423.71999999999997,452.4,389.02,409.42,459.46,434.15999999999997,450.41,517.6,579.7,735.51,484.0,447.58,686.09,512.91,417.86,413.46,415.1,353.54,35.94
587,1,Pak choi_1,0.0,0.0,0.0,0.0,0.0,0.0,0.0,0.0,0.0,0.0,0.0,0.0,0.0,0.0,0.0,0.0,501.2,1101.45,1134.59,929.5600000000001,928.17,697.68,0.0,0.0,615.46,1130.86,795.55,708.97,780.49,1255.01,643.55,976.55,792.47,863.48,620.92,710.4399999999999,126.24,0.0,0.0,0.0,0.0,0.0,0.0,0.0,0.0,0.0,0.0
588,1,Raspberry_2,0.0,0.0,0.0,0.0,0.0,0.0,0.0,0.0,0.0,0.0,0.0,1562.93,835.54,0.0,0.0,0.0,0.0,0.0,0.0,0.0,0.0,0.0,1656.52,6204.76,5039.94,1262.1,0.0,0.0,0.0,0.0,0.0,0.0,0.0,0.0,123.06,5430.34,1344.85,0.0,0.0,0.0,0.0,0.0,0.0,0.0,0.0,0.0,0.0
590,1,Pork_12,354.15,506.3,589.11,918.44,892.85,827.7,618.63,1050.3700000000001,729.1800000000001,685.11,547.91,611.68,612.1,506.35,638.62,635.45,581.24,579.44,450.35,429.7,508.5,375.07,520.77,997.95,732.58,572.28,426.71,368.88,577.03,556.22,488.68,420.39,477.57,768.95,671.61,641.4,1161.2,1225.5,1003.22,1284.62,988.0799999999999,1263.52,808.5,1038.7,806.03,1162.95,49.760000000000005
592,1,Pastry_51,0.0,0.0,0.0,0.0,0.0,0.0,2561.33,2440.51,2158.38,2374.64,2355.25,2332.86,2009.1100000000001,2525.71,2158.98,1888.55,1082.79,1046.62,1577.16,1173.71,942.33,1050.38,1073.9,1045.01,1016.8,1011.75,1446.89,1264.17,859.36,1051.6100000000001,932.12,1096.07,791.89,1071.72,1648.66,1592.03,1286.97,957.42,1535.1599999999999,1876.95,1783.67,2279.0099999999998,2057.58,1913.21,1576.49,1847.95,95.09
593,1,Bread_47,0.0,0.0,0.0,0.0,0.0,0.0,0.0,0.0,0.0,0.0,0.0,0.0,0.0,0.0,0.0,0.0,0.0,0.0,193.42000000000002,309.7,377.98,428.67,870.67,508.61,656.46,969.85,840.62,1012.61,1004.65,1076.16,1211.66,1256.82,1133.77,1342.59,1668.78,1377.19,1556.97,1470.76,1500.11,2130.67,1517.25,1880.4,1693.77,2124.53,1901.82,2003.42,89.51
595,1,Kiwi_5,0.0,0.0,0.0,0.0,0.0,0.0,0.0,0.0,0.0,0.0,0.0,0.0,0.0,0.0,0.0,0.0,0.0,0.0,0.0,0.0,0.0,0.0,0.0,0.0,0.0,0.0,0.0,0.0,0.0,0.0,0.0,0.0,0.0,0.0,0.0,0.0,0.0,0.0,0.0,0.0,0.0,0.0,0.0,0.0,0.0,1824.28,426.68
597,1,Pastry_52,0.0,0.0,0.0,0.0,0.0,0.0,0.0,0.0,0.0,0.0,0.0,0.0,0.0,0.0,0.0,0.0,0.0,0.0,0.0,0.0,0.0,0.0,0.0,0.0,0.0,0.0,0.0,0.0,1758.86,7712.93,4072.26,5577.38,8375.44,9097.72,6550.1,6774.26,7083.79,12011.19,8003.71,8320.46,6325.49,7497.48,6797.9,6893.94,7044.46,7329.24,411.49
598,1,Grape_8,0.0,0.0,0.0,0.0,0.0,0.0,0.0,0.0,0.0,0.0,0.0,0.0,0.0,0.0,0.0,0.0,0.0,0.0,0.0,0.0,0.0,0.0,0.0,165.97,108.71,242.5,151.98,0.0,0.0,0.0,0.0,0.0,0.0,0.0,34.8,414.46,906.35,1701.35,932.02,0.0,0.0,0.0,0.0,0.0,0.0,0.0,0.0
599,1,Apple_26,0.0,0.0,0.0,0.0,0.0,0.0,0.0,0.0,0.0,0.0,0.0,0.0,0.0,0.0,0.0,0.0,0.0,0.0,0.0,0.0,0.0,0.0,0.0,0.0,0.0,0.0,0.0,0.0,0.0,0.0,0.0,479.5,849.76,1097.29,503.15999999999997,0.0,0.0,0.0,0.0,0.0,0.0,342.21,1233.71,1927.7,1983.0,1483.52,0.0
602,1,Pastry_53,2472.55,3537.15,3647.64,3488.32,3028.55,3412.1,3235.55,3271.72,4148.75,3612.7599999999998,3821.71,3133.08,3350.88,3511.7,3913.9,3950.25,2766.58,3218.65,2820.79,3717.77,2685.25,2877.65,2615.19,2342.63,2366.92,2824.35,5354.44,3124.89,2085.92,2390.07,2008.84,5058.18,2237.12,2713.21,2538.2,3091.76,3516.82,5181.89,2953.22,2723.77,2301.1,2628.13,2603.8,2537.23,2324.21,2261.56,161.43
607,1,Plantain_0,0.0,0.0,0.0,0.0,0.0,0.0,0.0,423.81,492.84,658.2,451.04,147.66,214.37,474.13,456.92,530.02,501.25,637.13,624.81,632.1,725.78,609.46,474.83,462.91,434.05,354.84,536.85,714.66,646.81,661.78,581.6,617.09,618.33,476.98,631.03,453.2,548.85,597.79,509.87,702.22,462.49,578.21,556.84,556.94,568.91,590.72,17.74
615,1,Pastry_54,0.0,0.0,0.0,0.0,0.0,0.0,0.0,0.0,0.0,0.0,0.0,0.0,0.0,0.0,0.0,0.0,0.0,0.0,0.0,0.0,0.0,0.0,0.0,0.0,0.0,0.0,0.0,0.0,0.0,0.0,0.0,0.0,388.07,451.54,426.06,454.49,552.16,737.2,1281.06,1145.44,773.26,775.16,642.11,1467.07,640.29,703.45,23.96
617,1,Pear_12,0.0,417.26,3628.86,2939.86,2125.72,2464.21,1706.25,1328.29,431.65999999999997,0.0,253.54,820.59,971.09,2080.94,3781.04,3624.6,2397.04,2787.26,2492.49,3441.68,1639.07,1472.05,935.5699999999999,344.82,635.4,1267.48,94.77000000000001,0.0,931.57,1277.4,1134.18,1397.04,987.64,742.61,0.0,0.0,9.86,1046.17,940.53,933.52,530.44,687.04,658.18,73.21000000000001,0.0,0.0,0.0
622,1,Bread_52,0.0,0.0,0.0,0.0,0.0,0.0,0.0,0.0,0.0,0.0,0.0,0.0,0.0,0.0,0.0,0.0,0.0,0.0,831.14,3585.96,6225.5199999999995,5335.58,5268.02,5677.2699999999995,6345.17,6962.52,7386.21,7254.09,14641.79,10381.01,9909.45,11695.78,12771.39,10777.49,9003.15,9277.95,9679.69,8714.29,8554.67,8364.43,15706.630000000001,8685.45,8315.62,11498.16,8744.61,13503.2,614.26
623,1,Watermelon_6,0.0,0.0,0.0,0.0,0.0,0.0,0.0,0.0,0.0,0.0,0.0,0.0,0.0,0.0,0.0,0.0,0.0,0.0,0.0,0.0,0.0,0.0,0.0,0.0,0.0,0.0,0.0,0.0,0.0,0.0,0.0,0.0,0.0,0.0,1147.13,0.0,0.0,0.0,0.0,0.0,0.0,0.0,0.0,0.0,0.0,0.0,0.0
628,1,Lime_1,0.0,0.0,0.0,0.0,0.0,0.0,0.0,0.0,0.0,0.0,0.0,0.0,0.0,0.0,0.0,0.0,0.0,0.0,0.0,0.0,0.0,0.0,0.0,0.0,388.44,637.04,629.5699999999999,687.08,1042.0,838.7,1228.56,2092.63,1631.09,2087.76,1792.92,2148.48,2050.59,1518.31,1276.76,1768.4,2546.37,1425.39,1649.6,2174.86,2443.69,2912.25,178.15
629,1,Fennel_0,631.41,740.59,897.04,763.87,442.21000000000004,1643.28,1670.09,1430.06,469.54,0.0,0.0,0.0,0.0,0.0,592.7,220.01000000000002,78.9,0.0,268.25,936.85,716.79,604.33,0.0,0.0,400.08,929.87,674.17,1270.68,831.89,1210.59,1856.74,1270.65,898.66,1076.36,908.42,779.1,888.55,815.81,908.54,929.18,1159.21,1298.99,1607.24,1273.58,1273.52,1177.0,95.12
633,1,Coriander_2,1714.25,1495.13,772.27,1607.88,356.27,0.0,0.0,1641.8,2145.33,1491.06,1506.05,1079.55,917.03,879.11,1003.9399999999999,1135.96,929.37,1337.8,112.14,0.0,0.0,0.0,0.0,0.0,0.0,0.0,0.0,0.0,0.0,0.0,0.0,0.0,0.0,0.0,0.0,0.0,0.0,560.39,1414.85,1109.53,1121.15,1222.86,1157.68,1224.5,1339.59,1358.92,96.9
638,1,Cucumber_13,0.0,0.0,0.0,0.0,0.0,0.0,0.0,0.0,0.0,0.0,0.0,0.0,0.0,0.0,0.0,0.0,0.0,0.0,0.0,0.0,0.0,0.0,0.0,0.0,0.0,0.0,0.0,0.0,0.0,0.0,0.0,0.0,0.0,0.0,528.3,1557.3400000000001,0.0,0.0,0.0,0.0,0.0,0.0,0.0,0.0,0.0,0.0,0.0
640,1,Snack_0,1776.16,1681.2,1826.35,1879.01,1554.53,2314.64,2321.39,2138.37,2173.37,2553.04,2875.32,2372.38,1876.33,2098.18,2396.09,2109.4900000000002,1696.59,2438.1,2068.0,2576.78,1887.39,2169.24,2429.91,1819.37,1765.97,1717.29,1561.6,1845.63,1409.6,2065.23,1598.89,1773.1499999999999,1631.3799999999999,1834.41,1499.69,1522.35,1519.9,1532.99,1890.59,1455.77,1322.32,1658.66,1573.41,1552.05,2419.78,1430.74,86.55000000000001
655,1,Lemon_3,0.0,0.0,0.0,0.0,0.0,0.0,0.0,0.0,0.0,0.0,0.0,0.0,0.0,0.0,0.0,0.0,0.0,0.0,0.0,0.0,0.0,0.0,0.0,0.0,0.0,0.0,0.0,0.0,0.0,0.0,0.0,0.0,0.0,0.0,0.0,0.0,46.93,133.07,367.76,156.75,0.02,0.0,0.0,202.79,1210.86,1873.62,0.0
657,1,Pumpkin_5,0.0,0.0,0.0,0.0,0.0,0.0,0.0,0.0,0.0,0.0,0.0,0.0,0.0,0.0,1045.63,0.0,0.0,0.0,0.0,0.0,0.0,0.0,0.0,0.0,0.0,0.0,0.0,0.0,0.0,0.0,0.0,0.0,0.0,0.0,0.0,0.0,0.0,0.0,0.0,0.0,0.0,0.0,0.0,0.0,0.0,0.0,0.0
663,1,Tomato_29,3725.55,3861.21,3040.83,0.0,0.0,0.0,0.0,1602.33,1908.3600000000001,1573.1399999999999,1617.54,1755.69,1555.9,2092.81,2456.99,486.0,0.0,0.0,0.0,1528.89,1837.78,1670.5,3426.2799999999997,2313.98,2141.53,1663.58,2013.32,0.0,0.0,0.0,0.0,305.5,2236.5299999999997,2507.61,8252.32,3601.05,4630.01,2144.63,431.45,1488.84,0.0,0.0,0.0,1353.57,3536.13,6171.09,834.15
666,1,Vegetable_7,660.17,901.04,1058.27,1514.49,1508.5,1322.23,1238.0,1451.96,1105.95,914.16,654.9,443.6,575.1,605.19,734.23,830.22,980.14,848.61,770.67,795.02,778.72,980.25,593.87,468.9,484.9,546.63,643.25,824.01,708.79,649.96,689.04,1059.54,614.16,606.22,519.17,466.32,501.94,513.32,659.75,745.32,1139.03,805.21,914.84,959.34,726.21,972.39,40.44
667,1,Pork_14,550.8100000000001,537.56,594.07,526.39,434.05,603.77,392.61,757.2,716.47,678.28,582.71,685.4,830.7,696.12,1075.1,1105.76,1024.83,914.51,804.47,885.92,1021.2,807.45,858.59,960.33,1103.06,1433.52,1556.1399999999999,1406.82,1507.72,1950.5,1790.23,1290.83,1337.35,1307.37,1156.43,1172.94,1789.37,1647.75,2442.4,1393.15,1964.74,1768.83,1556.53,1727.33,1635.32,1879.62,87.75999999999999
675,1,Vegetable_8,0.0,0.0,0.0,0.0,0.0,0.0,0.0,0.0,0.0,932.38,1160.67,1462.91,949.73,110.38999999999999,0.0,0.0,0.0,0.0,0.0,0.0,0.0,0.0,0.0,0.0,0.0,0.0,502.5,198.14,172.51,191.18,84.83,0.0,0.0,328.59000000000003,548.3199999999999,806.35,436.93,351.5,470.25,0.0,0.0,0.0,0.0,0.0,0.0,0.0,0.0
677,1,Lettuce_12,2.83,2.57,0.0,0.0,172.44,1676.26,77.56,0.0,0.0,0.0,0.0,0.0,0.0,0.0,0.0,0.0,0.0,0.0,0.0,0.0,0.0,0.0,0.0,0.0,0.0,0.0,0.0,1131.06,1681.0,2031.58,465.83,0.0,0.0,0.0,0.0,0.0,0.0,0.0,0.0,0.0,758.3,899.21,674.67,304.56,0.0,0.0,0.0
678,1,Potato_25,0.0,0.0,0.0,0.0,0.0,0.0,0.0,0.0,0.0,0.0,0.0,0.0,0.0,0.0,0.0,0.0,0.0,0.0,0.0,0.0,0.0,0.0,0.0,0.0,0.0,0.0,1152.84,1876.43,0.0,0.0,0.0,0.0,0.0,0.0,0.0,0.0,0.0,0.0,0.0,0.0,0.0,0.0,0.0,0.0,0.0,0.0,0.0
679,1,Grape_9,0.0,0.0,0.0,0.0,0.0,0.0,0.0,0.0,0.0,0.0,0.0,0.0,0.0,0.0,0.0,0.0,0.0,0.0,0.0,0.0,0.0,0.0,0.0,0.0,1655.17,3649.7200000000003,6400.92,1770.8000000000002,0.0,0.0,0.0,0.0,0.0,0.0,0.0,0.0,1977.61,3024.67,3874.02,1344.35,2004.33,1281.93,1309.1299999999999,1083.41,2174.21,2188.66,101.53999999999999
680,1,Lettuce_13,0.0,0.0,0.0,0.0,0.0,0.0,0.0,0.0,0.0,0.0,0.0,0.0,77.2,1850.76,3421.38,4119.48,5077.41,7932.17,6896.03,6061.09,5585.89,5212.56,4642.04,0.0,0.0,0.0,0.0,0.0,0.0,0.0,0.0,0.0,0.0,0.0,0.0,0.0,0.0,0.0,0.0,0.0,0.0,0.0,0.0,0.0,0.0,0.0,0.0
683,1,Garlic_3,0.0,0.0,0.0,0.0,0.0,0.0,0.0,0.0,0.0,0.0,0.0,0.0,0.0,0.0,0.0,0.0,0.0,0.0,0.0,0.0,0.0,0.0,0.0,0.0,0.0,0.0,0.0,0.0,0.0,0.0,0.0,0.0,0.0,0.0,0.0,733.47,505.08,0.0,0.0,0.0,0.0,0.0,174.95999999999998,0.0,0.0,0.0,0.0
687,1,Asparagus_8,0.0,14.93,57.74,60.65,91.57,90.55,15.25,0.0,136.29,308.13,433.45,0.0,0.0,0.0,0.0,0.0,0.0,0.0,0.0,0.0,0.0,0.0,0.0,0.0,0.0,0.0,0.0,0.0,0.0,0.0,0.0,0.0,85.66999999999999,1243.2,751.4300000000001,0.0,0.0,0.0,0.0,0.0,0.0,0.0,0.0,0.0,78.94,0.0,0.0
688,1,Plum_6,0.0,0.0,0.0,0.0,0.0,0.0,0.0,0.0,0.0,0.0,0.0,412.97,720.27,777.17,0.0,0.0,0.0,0.0,0.0,0.0,0.0,0.0,0.0,0.0,0.0,510.06,892.97,329.5,0.0,0.0,0.0,355.9,193.19,0.0,0.0,103.97,399.45,0.0,0.0,0.0,0.0,0.0,0.0,227.68,66.05,0.0,0.0
689,1,Apple_31,0.0,0.0,0.0,0.0,0.0,0.0,0.0,0.0,0.0,0.0,0.0,0.0,0.0,0.0,0.0,0.0,0.0,0.0,0.0,0.0,0.0,0.0,0.0,0.0,0.0,0.0,1273.54,1912.93,0.0,1302.43,519.8399999999999,0.0,0.0,0.0,0.0,0.0,0.0,0.0,0.0,0.0,0.0,0.0,0.0,0.0,0.0,0.0,0.0
696,1,Pastry_60,12239.01,9137.109999999999,0.0,0.0,0.0,0.0,0.0,0.0,0.0,551.95,0.0,0.0,0.0,0.0,0.0,0.0,0.0,0.0,0.0,0.0,0.0,0.0,0.0,0.0,0.0,0.0,0.0,0.0,0.0,0.0,0.0,0.0,0.0,0.0,0.0,0.0,0.0,0.0,0.0,0.0,0.0,0.0,0.0,0.0,0.0,0.0,0.0
699,1,Blueberry_8,0.0,1042.74,3770.37,5351.3,5030.79,5926.9,5838.78,7581.34,5582.72,7908.84,2589.74,4385.18,6618.87,10560.960000000001,8503.46,9115.62,4090.6800000000003,3618.0,0.0,0.0,0.0,0.0,3782.61,4049.1,5416.15,3552.03,0.0,0.0,423.18,0.0,321.01,0.0,446.87,0.0,0.0,0.0,0.0,0.0,0.0,0.0,0.0,0.0,0.0,0.0,0.0,0.0,0.0
700,1,Bread_57,0.0,0.0,0.0,0.0,0.0,0.0,0.0,0.0,0.0,0.0,0.0,0.0,0.0,0.0,0.0,0.0,0.0,0.0,0.0,0.0,0.0,0.0,0.0,0.0,54.190000000000005,632.13,493.6,526.4,488.4,536.5,609.31,699.15,599.33,735.59,860.07,657.74,894.87,817.71,886.31,696.17,769.42,1086.51,1087.98,1207.82,1133.9,1321.35,75.31
703,1,Plum_7,0.0,0.0,0.0,0.0,0.0,0.0,0.0,0.0,0.0,0.0,0.0,0.0,0.0,0.0,0.0,0.0,0.0,0.0,0.0,0.0,0.0,0.0,0.0,0.0,0.0,0.0,0.0,0.0,0.0,0.0,0.0,0.0,0.0,0.0,0.0,0.0,0.0,4053.27,589.94,0.0,0.0,0.0,0.0,0.0,0.0,0.0,0.0
705,1,Apple_33,0.0,0.0,0.0,0.0,0.0,0.0,0.0,0.0,0.0,0.0,0.0,0.0,0.0,0.0,0.0,0.0,0.0,0.0,0.0,0.0,0.0,0.0,0.0,0.0,0.0,0.0,0.0,0.0,0.0,0.0,919.87,0.0,0.0,0.0,0.0,0.0,0.0,0.0,0.0,0.0,0.0,0.0,0.0,0.0,0.0,0.0,0.0
707,1,Wrap_0,0.0,0.0,0.0,0.0,0.0,0.0,0.0,0.0,0.0,0.0,0.0,0.0,0.0,0.0,162.69,265.3,174.3,334.37,312.45,317.49,263.15,266.25,289.29,263.58,389.46999999999997,432.0,519.6,532.36,630.37,880.37,1008.98,1026.67,974.15,1082.8,942.9499999999999,844.66,883.86,887.43,881.5699999999999,915.37,855.36,1079.41,947.67,1022.12,1042.61,1091.19,77.65
711,1,Orange_7,0.0,0.0,0.0,0.0,0.0,0.0,0.0,0.0,0.0,0.0,0.0,0.0,0.0,0.0,0.0,0.0,0.0,0.0,0.0,0.0,0.0,0.0,0.0,0.0,0.0,0.0,0.0,0.0,0.0,0.0,0.0,368.74,641.22,920.61,720.45,736.0699999999999,826.1899999999999,829.5,647.8,861.87,184.44,0.0,0.0,0.0,0.0,0.0,0.0
713,1,Apricot_3,0.0,0.0,0.0,0.0,0.0,0.0,0.0,0.0,0.0,0.0,1680.48,7236.53,6243.43,2027.31,0.0,0.0,0.0,0.0,0.0,0.0,0.0,0.0,818.45,5920.01,3300.29,632.8100000000001,0.0,0.0,0.0,0.0,0.0,0.0,0.0,0.0,0.0,1019.78,0.0,0.0,0.0,0.0,0.0,0.0,0.0,0.0,0.0,347.69,99.92000000000002
714,1,Mandarin_5,0.0,0.0,0.0,0.0,0.0,0.0,0.0,586.86,54.38,0.0,0.0,0.0,0.0,0.0,0.0,0.0,0.0,0.0,0.0,0.0,783.56,1489.51,182.20000000000002,0.0,143.17,1258.04,91.58,0.0,0.0,0.0,1967.1,1602.4,0.0,0.0,0.0,0.0,0.0,0.0,1113.65,0.0,0.0,0.0,0.0,0.0,0.0,0.0,0.0
715,1,Flower_4,0.0,0.0,0.0,0.0,0.0,0.0,0.0,0.0,0.0,0.0,0.0,0.0,0.0,0.0,0.0,0.0,0.0,0.0,0.0,0.0,0.0,86.49,123.74,0.0,0.0,0.0,0.0,0.0,0.0,0.0,0.0,0.0,0.0,0.0,405.24,0.0,0.0,0.0,0.0,0.0,0.0,0.0,0.0,0.0,0.0,0.0,0.0
719,1,Banana_5,0.0,0.0,0.0,0.0,0.0,0.0,0.0,0.0,0.0,0.0,0.0,0.0,0.0,0.0,0.0,10393.74,22406.67,35276.69,36224.62,37439.2,32206.39,31987.12,26298.670000000002,27934.59,26511.420000000002,29051.08,31091.76,33772.51,37805.96,40446.39,37283.64,40663.72,37059.62,33782.5,34763.28,26473.92,25090.02,31881.93,32272.47,30757.5,29104.33,34669.0,33463.71,26598.26,34367.48,30284.37,3213.17
722,1,Flower_5,0.0,0.0,0.0,0.0,0.0,0.0,0.0,0.0,0.0,0.0,0.0,0.0,0.0,0.0,0.0,0.0,0.0,289.40999999999997,768.73,766.03,0.0,0.0,0.0,0.0,0.0,0.0,0.0,0.0,0.0,39.19,202.95,238.0,0.0,0.0,0.0,0.0,0.0,0.0,0.0,0.0,0.0,0.0,523.3199999999999,596.14,0.0,0.0,0.0
723,1,Pepper_5,0.0,0.0,0.0,0.0,0.0,0.0,0.0,181.97,4007.63,5052.5,4358.97,3431.1,2217.08,2336.12,874.47,0.0,0.0,0.0,0.0,0.0,0.0,0.0,0.0,0.0,0.0,0.0,0.0,0.0,0.0,0.0,0.0,1394.9,2175.69,2142.61,2256.96,2064.67,2858.41,2581.79,2588.67,2540.53,2620.19,3126.32,3712.77,4021.74,4421.91,5183.83,192.07
724,1,Nectarine_4,0.0,0.0,0.0,0.0,0.0,0.0,0.0,0.0,0.0,0.0,0.0,0.0,0.0,0.0,0.0,0.0,0.0,0.0,0.0,0.0,0.0,0.0,330.02,2456.09,4735.3,320.91,0.0,0.0,0.0,0.0,0.0,0.0,0.0,0.0,1177.53,0.0,0.0,0.0,0.0,0.0,0.0,0.0,0.0,0.0,0.0,0.0,0.0
728,1,Chicken_28,0.0,0.0,0.0,0.0,0.0,0.0,0.0,0.0,0.0,0.0,0.0,0.0,0.0,120.41,545.06,633.79,733.26,804.18,424.12,732.05,485.5,466.09000000000003,414.78,426.5,502.08,579.15,568.68,568.57,501.81,572.8100000000001,485.6,484.02,501.34999999999997,537.49,314.04,291.25,454.75,630.62,702.04,582.63,537.38,781.83,540.16,609.99,350.82,0.0,0.0
729,1,Apple_35,0.0,0.0,0.0,0.0,0.0,0.0,0.0,0.0,0.0,0.0,0.0,0.0,0.0,0.0,0.0,0.0,0.0,0.0,0.0,0.0,0.0,0.0,0.0,0.0,642.74,5933.55,4537.72,3832.09,4192.26,3401.75,0.0,0.0,0.0,0.0,0.0,0.0,3845.25,8663.0,8456.76,13026.03,11675.8,5882.77,0.0,0.0,0.0,0.0,0.0
730,1,Pepper_6,0.0,0.0,0.0,0.0,0.0,0.0,0.0,0.0,773.91,2701.93,3399.5099999999998,2821.83,1776.77,1361.23,0.0,0.0,0.0,0.0,0.0,0.0,0.0,0.0,0.0,0.0,0.0,0.0,0.0,0.0,0.0,0.0,0.0,1504.51,4015.13,4101.35,4533.4800000000005,7235.61,6467.72,6457.2,5610.21,4700.11,3431.02,3412.49,2556.46,2492.04,4456.02,5120.47,560.09
734,1,Potato_27,0.0,0.0,0.0,0.0,0.0,0.0,0.0,0.0,0.0,0.0,0.0,0.0,0.0,0.0,0.0,0.0,0.0,0.0,0.0,0.0,0.0,0.0,0.0,0.0,0.0,0.0,2228.85,4113.45,0.0,0.0,0.0,0.0,0.0,0.0,0.0,0.0,0.0,0.0,0.0,0.0,0.0,0.0,0.0,0.0,0.0,0.0,0.0
735,1,Chicken_30,0.0,0.0,0.0,22.25,230.82,262.61,1204.22,1577.24,1430.6399999999999,1286.04,885.76,877.23,721.12,445.88,314.54,240.89000000000001,339.24,240.85,688.54,708.9,996.1899999999999,958.66,1019.29,790.53,809.76,929.2900000000001,767.86,1140.51,934.02,1628.26,1746.92,1665.8899999999999,1160.6,1010.39,1355.49,1388.51,1569.04,1534.56,2011.12,1601.11,1746.93,1803.0,2085.91,2343.88,1934.07,2255.83,113.28
737,1,Hot Dog_0,1236.17,937.62,779.17,653.47,737.03,778.1800000000001,618.6,666.71,785.51,806.9,507.8,402.95,320.96,368.92,364.47,482.87,551.2,388.45,305.46,356.45,328.53000000000003,343.9,522.68,422.98,363.75,302.0,304.41,299.3,424.86,363.84999999999997,716.51,569.89,521.26,538.5,621.16,666.57,580.16,551.78,773.91,666.1800000000001,600.85,475.73,458.87,449.79,375.28000000000003,740.38,31.27
740,1,Potato_28,0.0,0.0,0.0,0.0,0.0,0.0,0.0,0.0,0.0,0.0,0.0,0.0,0.0,0.0,0.0,0.0,0.0,0.0,0.0,0.0,0.0,0.0,0.0,0.0,0.0,0.0,148.23,1805.2,1493.46,1065.93,0.0,0.0,0.0,0.0,0.0,0.0,0.0,0.0,0.0,0.0,0.0,0.0,0.0,0.0,0.0,0.0,0.0
742,1,Banana_6,14562.33,15472.51,21140.44,27870.4,25267.829999999998,30650.35,25839.62,28686.83,30012.21,24475.38,16878.88,13265.880000000001,17192.84,19967.760000000002,21033.12,16832.9,12390.05,10257.19,7518.18,9022.72,9667.81,8045.7300000000005,5558.19,2653.45,2182.52,2488.74,3133.24,3338.66,4182.11,3664.86,2782.8,3593.0499999999997,4757.23,3877.21,4094.29,5110.53,4497.73,3701.6000000000004,3537.43,2973.61,2572.13,3043.44,2498.41,3627.63,4244.32,4038.97,49.85
746,1,Lettuce_14,0.0,0.0,0.0,0.0,0.0,0.0,0.0,0.0,0.0,0.0,0.0,0.0,0.0,0.0,0.0,0.0,0.0,0.0,0.0,0.0,0.0,0.0,0.0,0.0,0.0,0.0,0.0,0.0,0.0,0.0,0.0,0.0,0.0,0.0,0.0,0.0,0.0,0.0,0.0,0.0,251.29999999999998,898.14,1243.44,1605.81,78.14,0.0,0.0
751,1,Bread_60,0.0,0.0,0.0,0.0,0.0,0.0,0.0,0.0,0.0,0.0,0.0,0.0,0.0,0.0,0.0,0.0,0.0,0.0,0.0,0.0,0.0,0.0,0.0,0.0,2463.45,6923.96,9407.41,11947.960000000001,12549.43,13188.64,13865.21,16861.32,15114.85,16056.460000000001,17322.02,17814.29,16271.74,19227.23,21284.63,22580.77,22643.16,28804.15,21966.1,20098.49,21969.6,21669.54,1522.4299999999998
762,1,Chicken_32,0.0,0.0,0.0,0.0,0.0,0.0,0.0,0.0,0.0,0.0,0.0,0.0,0.0,0.0,0.0,0.0,0.0,0.0,0.0,0.0,0.0,0.0,0.0,0.0,0.0,0.0,0.0,0.0,0.0,0.0,0.0,0.0,0.0,0.0,0.0,0.0,0.0,0.0,0.0,914.94,778.38,614.43,497.31,645.52,518.25,617.99,67.19
763,1,Nectarine_5,0.0,0.0,0.0,0.0,0.0,0.0,0.0,0.0,72.29,238.67000000000002,0.0,0.0,0.0,0.0,0.0,0.0,0.0,0.0,0.0,0.0,0.0,0.0,0.0,0.0,0.0,370.88,0.0,0.0,0.0,0.0,0.0,0.0,0.0,0.0,0.0,0.0,0.0,0.0,0.0,0.0,0.0,0.0,0.0,0.0,0.0,0.0,0.0
764,1,Pepper_7,409.23,279.26,540.66,607.09,679.36,835.81,1593.52,2026.88,841.36,662.71,1030.06,957.42,960.03,384.51,295.33,0.0,425.36,681.83,985.36,1102.36,695.97,655.03,551.76,699.38,856.45,546.72,700.68,273.87,66.8,0.0,0.0,0.0,346.55,696.86,996.53,551.0,412.75,577.49,135.0,32.870000000000005,393.47,348.23,372.62,735.12,761.79,729.4,34.3
765,1,Baguette_8,2745.42,2818.16,4022.16,4147.4,3712.18,3946.62,3439.33,4077.24,4157.62,3952.63,3687.26,3327.43,2887.19,2632.41,3000.66,5605.87,3371.05,3320.22,2872.52,2995.25,2852.75,2771.71,2479.64,2249.67,2357.71,1935.38,2110.86,1831.3,1712.21,1958.46,1650.91,2130.26,3801.75,2486.4,2534.25,2235.56,2341.69,2238.49,2195.55,1912.1200000000001,1906.39,1857.37,1660.41,1784.21,1697.52,1761.76,86.38
768,1,Pastry_64,631.07,815.28,785.4,985.44,869.94,1136.01,675.88,1187.64,914.85,957.95,690.47,722.65,470.57,799.21,794.02,910.86,825.44,889.08,889.58,945.28,1056.88,938.74,339.89,673.47,786.63,691.88,893.5699999999999,933.24,722.27,975.65,1088.11,899.83,0.0,975.0,853.36,819.1,926.86,887.01,876.39,859.05,715.35,791.74,905.75,995.28,914.39,996.12,69.83000000000001
770,1,Salad_14,2222.04,2326.72,2874.12,3079.4500000000003,3276.08,6274.7699999999995,6047.57,6444.37,6413.97,5278.33,4884.85,4348.07,2967.16,3111.32,3039.83,3339.5299999999997,3541.7799999999997,4766.42,3246.36,3708.69,3312.26,3720.58,3905.64,4457.35,4256.33,4016.17,3904.48,4305.7,3719.02,5292.23,4211.89,4773.86,4336.08,3502.24,3954.69,3942.18,3854.7,3731.0,3049.67,2671.03,2973.38,3787.46,3895.59,4206.5,2391.14,1919.67,143.18
772,1,Baguette_9,1204.56,1278.69,1682.5,1633.67,2649.04,1954.22,1710.79,1889.66,2175.14,1551.46,2018.24,1729.93,2537.52,1976.11,2024.33,1982.92,2941.49,2437.93,2089.14,2067.39,1700.43,1634.98,1582.6200000000001,1678.7,1558.5,1448.82,1481.97,1608.32,2041.0900000000001,1576.71,1378.97,1453.21,1624.47,1720.17,1922.18,1633.55,1802.49,1319.45,1280.1299999999999,1353.03,1802.85,1239.37,1012.61,1056.48,998.01,1153.23,73.05000000000001
773,1,Tomato_32,0.0,0.0,0.0,0.0,0.0,0.0,0.0,0.0,0.0,0.0,0.0,0.0,0.0,0.0,0.0,0.0,0.0,0.0,0.0,0.0,0.0,0.0,66.88,19.59,180.0,12.49,0.0,0.0,4532.82,5129.32,3685.01,3890.35,1286.0,0.0,0.0,0.0,0.0,0.0,0.0,0.0,1423.58,2863.5,0.0,0.0,0.0,0.0,0.0
775,1,Ginger_2,0.0,0.0,0.0,0.0,0.0,0.0,0.0,0.0,0.0,0.0,0.0,0.0,0.0,0.0,0.0,0.0,0.0,0.0,46.28,110.07,66.1,83.72,71.97,70.41,65.76,186.21,293.38,190.44,206.05,666.96,828.22,491.29,480.75,913.05,673.27,130.3,0.0,0.0,0.0,0.0,0.0,0.0,0.0,0.0,0.0,0.0,0.0
780,1,Plum_8,0.0,0.0,0.0,0.0,0.0,0.0,0.0,0.0,0.0,0.0,0.0,0.0,0.0,0.0,0.0,0.0,0.0,0.0,0.0,0.0,0.0,0.0,0.0,0.0,0.0,0.0,2913.86,0.0,0.0,0.0,0.0,0.0,0.0,0.0,0.0,0.0,0.0,0.0,0.0,0.0,0.0,0.0,0.0,0.0,0.0,0.0,0.0
782,1,Blueberry_9,0.0,0.0,0.0,0.0,0.0,0.0,0.0,0.0,0.0,0.0,0.0,0.0,0.0,0.0,0.0,526.21,1660.19,283.07,0.0,0.0,0.0,0.0,0.0,0.0,0.0,0.0,0.0,0.0,0.0,0.0,0.0,0.0,0.0,0.0,0.0,0.0,3280.86,3628.0299999999997,2083.33,0.0,1198.77,2691.36,1283.55,0.0,0.0,787.77,244.94
786,1,Apricot_5,0.0,0.0,0.0,0.0,0.0,0.0,0.0,0.0,0.0,214.13,1351.82,1557.2,1372.14,694.6800000000001,0.0,0.0,0.0,0.0,0.0,0.0,0.0,0.0,0.0,2066.4,3174.93,1944.67,0.0,0.0,0.0,0.0,0.0,0.0,0.0,0.0,0.0,0.0,0.0,0.0,0.0,0.0,0.0,0.0,0.0,0.0,0.0,0.0,0.0
789,1,Bread_63,0.0,0.0,0.0,0.0,0.0,0.0,0.0,0.0,0.0,0.0,0.0,0.0,0.0,0.0,0.0,0.0,0.0,0.0,4.93,727.41,5173.91,10062.44,9263.54,9664.76,10387.720000000001,10441.72,10372.55,10597.13,10062.44,11885.23,11198.62,14885.720000000001,17403.49,13899.6,13966.05,14220.49,15127.78,16937.76,17303.54,17163.76,17611.9,18569.15,17322.29,19320.74,19224.35,19765.71,1242.69
795,1,Apple_41,0.0,0.0,0.0,0.0,0.0,0.0,0.0,0.0,0.0,0.0,0.0,0.0,0.0,0.0,0.0,0.0,0.0,0.0,0.0,0.0,0.0,0.0,0.0,0.0,0.0,0.0,0.0,0.0,0.0,0.0,0.0,0.0,0.0,0.0,0.0,0.0,0.0,0.0,0.0,0.0,521.45,2380.09,1665.56,2684.29,2514.93,3594.43,176.92000000000002
797,1,Nectarine_6,0.0,0.0,0.0,0.0,0.0,0.0,0.0,0.0,0.0,0.0,0.0,0.0,0.0,0.0,0.0,0.0,0.0,0.0,0.0,0.0,0.0,0.0,0.0,0.0,0.0,0.0,0.0,0.0,0.0,0.0,0.0,0.0,0.0,0.0,283.0,569.12,880.64,515.5699999999999,0.0,0.0,0.0,0.0,0.0,0.0,0.0,0.0,0.0
801,1,Bread_64,3370.56,3975.08,3534.22,3788.62,4797.1,4421.11,3951.31,5775.23,2100.67,3071.07,2678.84,2758.33,2773.42,2517.31,3174.77,3372.28,3314.77,3257.57,2743.08,3491.46,3044.85,2985.15,3050.18,2825.8,2943.27,3112.39,3037.55,3749.58,4161.01,3288.56,3746.96,3130.39,3017.61,2921.07,4556.91,3232.95,3299.9700000000003,3586.0099999999998,4007.71,3696.55,4955.94,3767.04,4987.59,3767.79,3505.13,3753.53,190.55
807,1,Cabbage_3,2549.23,3176.53,3489.59,4384.38,3703.21,4035.49,2993.71,3277.02,4233.34,2606.27,1610.28,2125.47,2142.47,2324.86,2791.44,2533.15,3390.62,3166.36,2486.78,2963.41,2650.17,1952.55,1465.97,1539.77,683.25,30.48,0.0,0.0,0.0,0.0,180.58,417.95,338.85,458.57,686.34,505.52,352.92,279.33,395.18,699.21,356.58,0.0,0.0,0.0,37.08,1514.48,119.29
808,1,Sweet Potato_3,0.0,0.0,0.0,0.0,0.0,0.0,0.0,0.0,0.0,0.0,0.0,0.0,0.0,0.0,0.0,0.0,0.0,0.0,0.0,0.0,0.0,0.0,0.0,0.0,0.0,0.0,0.0,0.0,0.0,0.0,0.0,0.0,0.0,0.0,97.15,542.89,366.15,0.0,0.0,0.0,0.0,0.0,0.0,0.0,0.0,0.0,0.0
809,1,Sprout_1,0.0,0.0,10.69,337.51,616.23,1074.4,901.71,808.36,702.0,562.41,488.01,499.71,590.9300000000001,585.34,702.26,749.27,628.22,1003.36,844.32,872.11,681.39,606.43,457.63,371.72,394.06,365.49,441.24,497.49,544.47,813.63,588.33,712.22,567.43,471.88,366.36,350.82,445.1,428.64,557.02,607.74,474.14,653.9300000000001,478.54,545.3199999999999,969.49,479.69,25.7
811,1,Pear_14,0.0,0.0,0.0,0.0,0.0,0.0,0.0,0.0,0.0,0.0,0.0,0.0,0.0,0.0,0.0,0.0,0.0,0.0,0.0,0.0,0.0,0.0,0.0,0.0,0.0,0.0,0.0,0.0,0.0,0.0,255.18,970.84,0.0,0.0,0.0,0.0,0.0,0.0,0.0,1397.83,1580.69,2080.4,2485.21,2366.8,3009.75,2795.3,389.9
813,1,Croissant_13,574.85,725.04,695.74,553.79,588.58,556.81,615.7,736.73,1132.1,1277.44,70.49000000000001,214.27,403.26,961.56,616.87,840.68,740.45,786.39,403.68,1181.25,54.45,139.94,781.86,573.02,551.47,695.53,371.83,619.71,492.14,743.99,1255.31,826.78,712.53,928.39,845.43,696.32,757.6,964.14,1003.15,865.4399999999999,660.67,908.95,764.67,1229.55,923.66,1318.94,55.32000000000001
814,1,Onion_14,0.0,0.0,0.0,0.0,0.0,0.0,0.0,0.0,0.0,0.0,0.0,0.0,0.0,0.0,0.0,0.0,0.0,0.0,0.0,0.0,72.43,466.82,308.41,190.16,87.64,0.0,0.0,0.0,0.0,0.0,0.0,0.0,76.62,410.96999999999997,382.96,283.09999999999997,556.13,421.5,528.51,417.23,287.65,616.65,194.35,0.0,0.0,0.0,0.0
820,1,Ginger_3,2850.61,3991.57,6050.97,6116.8,4971.64,4786.92,4285.44,4576.66,3412.31,2673.9,2031.15,1818.96,2165.12,3744.08,4205.75,5109.44,956.07,685.91,1325.39,3396.05,2864.07,2408.79,2024.8600000000001,2273.6,2315.38,2196.26,2946.8,3680.06,648.8499999999999,0.0,0.0,0.0,0.0,0.0,0.0,0.0,0.0,0.0,0.0,0.0,0.0,0.0,0.0,0.0,0.0,0.0,0.0
822,1,Radish_7,1423.83,6700.1,10448.57,14439.79,11864.74,14727.24,13309.72,27343.49,22291.21,15643.96,12169.52,0.0,583.82,10085.92,10192.56,9985.67,6288.21,10020.91,10746.1,27057.53,31476.78,23578.05,9669.11,5919.3099999999995,9380.6,6419.07,3768.08,10985.01,15372.31,19342.75,17953.84,20549.15,23990.17,7216.16,0.0,4048.84,6255.11,0.0,0.0,716.12,5772.84,10861.93,12995.37,26560.4,659.02,0.0,0.0
825,1,Pastry_66,0.0,0.0,0.0,0.0,58.68,123.15,137.21,107.26,82.07000000000001,65.5,117.87,146.61,154.87,249.57999999999998,331.34,386.43,237.32999999999998,308.38,373.75,379.67,228.28,242.91,222.01,274.7,251.63,311.03000000000003,389.62,404.34,235.6,303.02,409.62,393.87,238.13,265.87,244.41,330.73,314.19,375.79,370.03999999999996,346.11,296.01,386.84000000000003,468.92,372.84000000000003,395.89,404.5,17.93
827,1,Peach_6,0.0,0.0,0.0,0.0,0.0,0.0,0.0,0.0,0.0,0.0,0.0,0.0,0.0,0.0,0.0,0.0,0.0,0.0,0.0,0.0,0.0,0.0,0.0,0.0,27.41,0.0,0.0,0.0,0.0,0.0,0.0,0.0,0.0,0.0,189.81,879.42,1277.89,38.47,0.0,0.0,0.0,0.0,0.0,0.0,0.0,0.0,0.0
832,1,Cauliflower_1,0.0,0.0,0.0,0.0,0.0,0.0,0.0,0.0,0.0,0.0,0.0,0.0,0.0,0.0,0.0,0.0,0.0,0.0,0.0,0.0,0.0,0.0,0.0,0.0,0.0,0.0,0.0,0.0,0.0,21.759999999999998,71.76,0.0,0.0,0.0,0.0,0.0,0.0,0.0,0.0,456.34,775.25,1527.8899999999999,1121.45,1005.19,766.26,0.0,0.0
834,1,Chicken_33,0.0,0.0,0.0,0.0,0.0,0.0,0.0,0.0,0.0,0.0,0.0,0.0,0.0,0.0,0.0,0.0,0.0,0.0,0.0,0.0,0.0,0.0,0.0,0.0,0.0,37.6,472.21999999999997,577.75,516.89,0.0,440.46,410.74,318.38,546.14,467.17,512.14,654.49,837.49,851.72,726.35,534.28,809.72,689.74,679.23,526.66,672.15,32.65
842,1,Bread_67,1952.41,2312.3,2108.26,1720.73,1994.32,2232.57,2200.37,1566.53,1404.25,1290.0,1342.68,1393.87,1428.98,1702.67,1531.48,1556.0,1387.09,1453.91,1626.21,1610.4,1272.96,1169.1,1056.84,1063.8,1266.61,966.2,977.01,922.02,975.45,1011.01,685.78,728.99,693.6800000000001,658.3,589.86,686.86,616.25,622.34,1019.96,1219.35,1301.51,813.91,574.0699999999999,560.2,557.48,588.68,26.17
849,1,Chicken_34,0.0,0.0,0.0,0.0,0.0,0.0,0.0,0.0,0.0,0.0,0.0,0.0,0.0,194.59,1065.25,1369.67,1127.54,1988.05,2468.38,2373.83,2137.15,2567.93,2699.12,2866.75,2579.2,3239.98,3616.42,3744.0099999999998,3405.13,5088.17,5486.41,5554.21,5551.62,5699.900000000001,5069.11,4041.22,3921.96,4221.3,3827.79,4276.77,4165.85,5495.62,4607.2699999999995,6313.54,4542.84,4764.43,211.67
850,1,Blueberry_12,0.0,0.0,0.0,0.0,0.0,0.0,0.0,0.0,0.0,0.0,0.0,0.0,0.0,0.0,0.0,0.0,0.0,0.0,606.61,111.07,2968.96,1116.69,0.0,0.0,0.0,6136.85,6667.21,6874.97,7091.36,5950.63,7365.51,10264.16,11125.12,12418.48,14347.97,8291.84,0.0,1536.51,10179.95,11408.35,7626.0,12962.55,12363.14,15334.92,14066.88,15207.05,696.69
851,1,Pepper_10,0.0,0.0,0.0,0.0,0.0,0.0,0.0,257.26,672.59,434.03,379.51,365.57,264.07,214.07,20.64,0.0,0.0,0.0,0.0,0.0,0.0,0.0,0.0,0.0,0.0,17.68,189.4,182.52,174.51,513.23,263.76,51.78,188.51,614.92,612.76,243.02,0.0,0.0,181.84,777.54,707.59,927.83,1096.47,1763.08,2448.26,2053.32,77.55000000000001
853,1,Apple_45,0.0,0.0,2348.4700000000003,2513.32,2012.76,2507.41,4362.16,6336.59,8584.01,7344.65,4438.47,4154.26,5919.9,6632.1,4791.33,4149.91,3707.96,5339.04,4891.33,7338.18,6360.71,6049.29,3695.85,2320.1,1891.19,0.0,0.0,0.0,0.0,0.0,3327.11,3914.06,3620.6800000000003,4197.91,3832.4,3587.86,3568.4700000000003,1344.6,0.0,0.0,0.0,5575.95,6187.76,6110.1,5190.54,6913.51,720.26
857,1,Pork_17,0.0,0.0,0.0,0.0,0.0,0.0,0.0,0.0,0.0,0.0,0.0,0.0,0.0,0.0,0.0,0.0,0.0,0.0,0.0,0.0,0.0,0.0,0.0,0.0,0.0,0.0,0.0,0.0,0.0,0.0,1.13,459.67,593.84,550.72,616.45,564.75,526.02,446.02,693.36,523.84,450.97,465.32,461.82,508.21,455.69,590.3199999999999,25.509999999999998
859,1,Pomelo_1,0.0,783.63,1576.4,3791.47,3766.55,3225.66,2019.0,896.04,0.0,0.0,0.0,0.0,0.0,0.0,365.92,1147.11,954.59,1283.66,1509.72,1060.59,0.0,0.0,0.0,0.0,0.0,0.0,565.06,987.21,1987.62,1993.13,1633.81,0.0,0.0,0.0,0.0,0.0,0.0,0.0,884.6700000000001,1880.35,2156.73,2809.39,2033.61,1680.06,392.84,0.0,0.0
860,1,Celery_7,0.0,0.0,0.0,0.0,0.0,0.0,0.0,286.04,321.2,436.7,493.23,271.77,302.03,434.02,542.09,626.3199999999999,545.89,680.93,612.86,449.59,638.78,646.29,516.08,377.65,412.19,156.59,710.17,477.73,1044.53,1063.78,899.78,1091.79,1174.85,795.0,558.72,292.86,0.0,0.0,0.0,744.27,1342.61,1931.7,2373.44,2118.88,4260.45,154.66,0.0
863,1,Plum_9,4944.92,6124.9,2812.57,0.0,0.0,0.0,0.0,0.0,0.0,0.0,0.0,566.84,2585.79,3826.95,696.91,0.0,0.0,0.0,0.0,0.0,0.0,0.0,0.0,519.11,0.0,0.0,0.0,0.0,0.0,0.0,0.0,0.0,0.0,0.0,0.0,0.0,3308.14,0.0,0.0,0.0,0.0,0.0,0.0,0.0,0.0,0.0,0.0
864,1,Cucumber_14,0.0,0.0,0.0,0.0,0.0,0.0,0.0,0.0,0.0,328.51,0.0,0.0,0.0,0.0,0.0,0.0,0.0,0.0,0.0,0.0,0.0,0.0,0.0,0.0,0.0,0.0,0.0,0.0,463.71,1219.54,1171.33,1262.08,222.39,0.0,0.0,0.0,0.0,0.0,286.57,1184.18,1403.24,1771.32,1542.6200000000001,1626.85,1692.23,1696.17,37.52
866,1,Potato_33,0.0,0.0,0.0,0.0,0.0,0.0,0.0,0.0,0.0,360.85,2187.24,3248.42,4803.57,5674.36,8655.22,8353.87,9170.76,7927.58,6584.14,7971.02,7671.7,1743.82,0.0,0.0,0.0,0.0,0.0,0.0,0.0,0.0,0.0,0.0,0.0,577.68,3240.66,3485.04,2480.1,4212.16,6825.63,5082.16,6352.02,4517.13,0.0,300.51,1013.75,0.0,0.0
868,1,Salad_15,0.0,0.0,0.0,0.0,0.0,0.0,0.0,0.0,0.0,0.0,0.0,0.0,0.0,0.0,0.0,0.0,0.0,0.0,0.0,0.0,0.0,0.0,0.0,0.0,0.0,0.0,0.0,0.0,0.0,0.0,0.0,0.0,665.87,2874.83,189.18,0.0,0.0,0.0,0.0,0.0,0.0,0.0,0.0,0.0,0.0,1802.24,143.18
869,1,Apple_47,0.0,0.0,0.0,0.0,0.0,0.0,0.0,0.0,0.0,0.0,0.0,0.0,0.0,0.0,92.11,356.03999999999996,314.49,377.98,362.73,334.9,301.4,263.6,294.45,0.0,0.0,0.0,0.0,0.0,0.0,0.0,0.0,0.0,0.0,0.0,0.0,0.0,0.0,0.0,0.0,0.0,0.0,0.0,0.0,1279.56,2514.51,1133.65,0.0
870,1,Asparagus_10,161.45,0.0,0.0,0.0,0.0,0.0,0.0,0.0,0.0,2286.13,3020.08,0.0,0.0,0.0,0.0,0.0,0.0,0.0,0.0,0.0,613.86,6448.5,4229.29,0.0,0.0,0.0,0.0,0.0,0.0,0.0,0.0,0.0,739.8,6084.24,5541.31,0.0,0.0,0.0,0.0,0.0,0.0,0.0,0.0,0.0,4506.53,4313.9400000000005,323.7
871,1,Pastry_69,1513.16,1885.04,2105.62,1455.15,1145.5,1377.08,1323.59,1026.35,936.55,930.4300000000001,885.8,906.79,854.8199999999999,1115.74,936.46,979.56,736.24,875.94,936.71,814.35,754.96,720.82,653.51,703.08,578.66,595.61,796.49,509.95,437.7,433.92,430.29,471.84,464.71,514.42,530.87,985.12,606.6899999999999,551.1,732.6,640.2,607.11,1324.32,812.33,564.46,579.43,767.5,32.48
876,1,Pastry_71,0.0,0.0,0.0,0.0,0.0,0.0,0.0,0.0,0.0,0.0,0.0,0.0,0.0,0.0,0.0,0.0,0.0,0.0,0.0,0.0,0.0,0.0,0.0,0.0,0.0,0.0,0.0,0.0,0.0,1.57,194.38,482.67,385.86,541.09,601.71,337.53000000000003,551.89,578.93,501.34000000000003,494.88,389.99,510.36,657.37,750.21,728.42,622.02,41.2
877,1,Chicken_35,0.0,0.0,13.33,368.5,515.97,781.06,615.73,629.66,574.57,414.2,325.37,422.73,398.31,456.88,1099.78,1208.64,1075.6000000000001,273.65,349.0,412.38,531.85,407.87,703.25,919.71,615.33,846.69,1078.31,1701.41,1005.3199999999999,995.09,1126.05,864.88,1225.52,721.61,983.55,907.59,1103.89,1277.06,1426.42,1420.17,1396.26,1303.85,993.15,2672.41,1384.74,1613.23,91.75
878,1,Donut_11,0.0,0.0,0.0,0.0,0.0,0.0,0.0,0.0,0.0,0.0,0.0,0.0,0.0,0.0,0.0,0.0,0.0,1438.17,5115.12,2448.53,2236.41,1963.49,1690.74,1219.57,1137.6,1273.34,2480.78,1923.67,1140.45,1351.08,1352.5,1316.51,1149.19,1132.52,932.36,935.65,866.28,818.13,1349.23,2097.44,899.61,1068.79,2924.17,908.88,789.9,729.63,42.620000000000005
879,1,Pastry_72,0.0,0.0,0.0,39.56,439.53,793.04,802.4399999999999,1122.82,992.74,922.75,1213.8700000000001,832.21,904.28,915.62,892.6800000000001,944.79,621.81,664.26,658.25,690.34,600.93,619.39,584.56,513.29,617.63,576.42,657.84,755.83,566.42,653.95,687.44,781.0699999999999,881.98,887.85,726.94,782.6,912.46,1090.65,1132.86,791.09,697.13,690.91,642.16,510.25,669.83,679.95,47.19
880,1,Tomato_36,0.0,0.0,0.0,0.0,0.0,0.0,0.0,0.0,0.0,0.0,0.0,0.0,0.0,0.0,0.0,0.0,0.0,0.0,0.0,0.0,0.0,0.0,0.0,0.0,0.0,0.0,0.0,0.0,0.0,0.0,0.0,0.0,0.0,0.0,0.0,939.5799999999999,87.45,0.0,0.0,0.0,0.0,0.0,0.0,0.0,0.0,0.0,0.0
886,1,Grapefruit_0,0.0,0.0,0.0,0.0,0.0,0.0,0.0,0.0,0.0,0.0,0.0,0.0,0.0,0.0,0.0,0.0,0.0,0.0,0.0,0.0,0.0,0.0,0.0,0.0,0.0,0.0,0.0,0.0,0.0,0.0,0.0,0.0,0.0,0.0,0.0,0.0,0.0,0.0,0.0,0.0,0.0,0.0,0.0,0.0,345.11,2778.66,170.99
887,1,Salad_16,0.0,0.0,0.0,0.0,0.0,0.0,0.0,0.0,0.0,0.0,0.0,0.0,0.0,0.0,0.0,0.0,0.0,0.0,0.0,0.0,0.0,0.0,0.0,0.0,0.0,0.0,0.0,0.0,42.53,737.73,1219.13,931.74,800.66,840.49,840.26,961.25,933.72,1034.3700000000001,969.46,850.91,1139.27,1299.28,1707.1799999999998,1173.61,732.76,1072.55,64.46
894,1,Flower_6,0.0,0.0,0.0,0.0,0.0,0.0,0.0,0.0,0.0,35.52,399.02,157.36,0.0,0.0,0.0,0.0,0.0,0.0,0.0,0.0,0.0,45.71,71.42,0.0,0.0,0.0,0.0,0.0,0.0,0.0,0.0,0.0,0.0,173.59,344.15,0.0,0.0,0.0,0.0,0.0,0.0,0.0,0.0,0.0,0.0,123.51,0.0
896,1,Cantaloupe_3,0.0,0.0,0.0,0.0,0.0,0.0,0.0,0.0,0.0,0.0,0.0,0.0,639.55,0.0,0.0,0.0,0.0,0.0,0.0,0.0,0.0,0.0,0.0,8256.41,7107.84,1051.62,0.0,0.0,0.0,0.0,0.0,0.0,0.0,0.0,0.0,0.0,0.0,0.0,0.0,0.0,0.0,0.0,0.0,0.0,0.0,0.0,0.0
899,1,Pear_15,0.0,0.0,0.0,0.0,0.0,0.0,0.0,0.0,0.0,0.0,0.0,0.0,0.0,0.0,0.0,0.0,0.0,0.0,0.0,0.0,0.0,0.0,0.0,0.0,0.0,237.20000000000002,252.08,0.0,0.0,0.0,0.0,0.0,0.0,0.0,0.0,0.0,0.0,0.0,0.0,0.0,0.0,0.0,0.0,0.0,0.0,0.0,0.0
902,1,Plum_12,0.0,0.0,0.0,0.0,0.0,0.0,0.0,0.0,0.0,0.0,0.0,0.0,0.0,0.0,0.0,0.0,0.0,0.0,0.0,0.0,0.0,0.0,0.0,0.0,0.0,0.0,0.0,0.0,0.0,0.0,0.0,0.0,0.0,0.0,0.0,0.0,1715.02,3635.04,2671.39,0.0,0.0,0.0,0.0,0.0,0.0,0.0,0.0
905,1,Apple_52,0.0,0.0,0.0,0.0,0.0,0.0,0.0,0.0,0.0,0.0,0.0,0.0,0.0,0.0,0.0,0.0,0.0,0.0,0.0,0.0,0.0,0.0,0.0,0.0,0.0,344.61,2157.14,2135.42,2047.74,1416.11,0.0,0.0,0.0,0.0,0.0,0.0,0.0,152.57,3030.73,671.76,2987.66,2035.72,0.0,0.0,0.0,0.0,0.0
907,1,Potato_35,0.0,0.0,0.0,0.0,0.0,0.0,0.0,0.0,0.0,0.0,0.0,0.0,0.0,0.0,0.0,0.0,0.0,0.0,0.0,0.0,0.0,0.0,0.0,0.0,0.0,306.31,224.68,0.0,0.0,0.0,0.0,0.0,0.0,0.0,0.0,0.0,0.0,0.0,0.0,0.0,0.0,0.0,0.0,0.0,0.0,0.0,0.0
908,1,Pastry_75,6898.41,7292.0,6130.08,6150.69,5549.69,6257.67,5693.2300000000005,6020.86,5539.36,5234.2,4472.21,4430.08,4239.48,5162.44,3867.61,4283.9400000000005,3551.87,5937.01,4619.5599999999995,4193.42,3206.93,4590.5,4051.88,5173.64,7310.22,5002.37,5584.41,4408.58,5428.39,8658.19,6342.41,5711.45,5625.17,4254.38,3790.62,4016.5,4093.3,5417.91,4640.63,3132.6,3260.78,4094.93,4097.55,2861.71,3458.23,2905.34,206.8
909,1,Donut_12,1942.99,2069.41,2020.29,3814.37,2085.48,4950.69,6274.52,3964.4,3491.69,3481.84,2474.91,2336.89,2495.28,2608.14,3129.26,3569.47,2164.04,3553.4,3593.38,5963.4,4701.76,3204.62,4271.94,3009.23,2824.39,2814.89,3434.7200000000003,5250.37,4168.51,6268.83,6099.65,3578.2,3103.76,4113.6,2622.78,2430.93,2966.89,2768.71,3637.66,3667.87,2972.55,4009.73,3821.29,2912.7200000000003,4317.7,3109.07,184.49
915,1,Flower_7,0.0,0.0,0.0,0.0,0.0,0.0,0.0,0.0,0.0,0.0,0.0,0.0,0.0,0.0,0.0,777.87,1015.8,0.0,0.0,0.0,0.0,0.0,0.0,0.0,0.0,0.0,0.0,706.72,214.45,0.0,0.0,0.0,0.0,0.0,0.0,0.0,0.0,0.0,0.0,542.4200000000001,541.5600000000001,0.0,0.0,0.0,0.0,0.0,0.0
917,1,Bread_73,1766.0900000000001,1685.13,2025.68,2227.26,1893.29,1851.33,1801.12,1972.16,2297.49,1413.37,1365.31,1492.53,1678.69,1848.97,2012.54,2154.16,2123.79,2670.37,2454.12,2761.73,2339.05,2377.8,2495.89,2612.31,2562.35,1813.33,2176.1,1394.82,1660.49,1885.01,1398.3799999999999,1388.64,1444.11,1393.05,1463.78,1280.03,1491.67,1532.73,1798.26,1793.72,2003.08,1791.79,1425.1,1460.42,1392.52,1457.87,86.47
920,1,Pear_17,0.0,0.0,0.0,0.0,0.0,0.0,0.0,0.0,0.0,1329.3,1495.89,0.0,0.0,0.0,0.0,0.0,0.0,0.0,0.0,264.1,1291.79,1760.79,1558.02,1394.75,262.29,259.54,0.0,0.0,0.0,0.0,0.0,406.54,1862.48,1205.59,0.0,1726.01,1596.08,1889.44,880.47,0.0,0.0,0.0,0.0,572.61,440.38,1035.63,59.239999999999995
922,1,Surimi_0,0.0,0.0,0.0,0.0,0.0,0.0,0.0,0.0,0.0,0.0,0.0,0.0,0.0,143.19,317.14,471.55,679.67,713.88,790.17,815.49,854.8,1013.45,1072.85,920.69,990.88,1161.26,1068.73,919.23,1260.03,1898.32,1552.16,1288.28,1381.42,1196.29,1260.67,669.36,622.6800000000001,840.41,755.76,918.66,1451.19,764.9,1451.16,1178.33,940.3,1047.62,33.68
923,1,Grape_13,1.78,6549.61,4156.69,918.9300000000001,0.0,0.0,0.0,0.0,0.0,0.0,0.0,0.0,105.37,5631.69,649.85,0.0,0.0,0.0,0.0,0.0,0.0,0.0,0.0,0.0,1150.09,2164.91,0.0,0.0,0.0,0.0,0.0,0.0,0.0,0.0,0.0,0.0,0.0,0.0,0.0,0.0,0.0,0.0,0.0,0.0,0.0,0.0,0.0
926,1,Chrysanthemum_0,0.0,0.0,0.0,0.0,0.0,0.0,0.0,0.0,0.0,0.0,0.0,0.0,0.0,0.0,744.57,167.64,0.0,0.0,0.0,0.0,0.0,0.0,0.0,0.0,0.0,88.12,2075.38,402.62,0.0,0.0,0.0,0.0,0.0,0.0,0.0,0.0,0.0,469.22,1943.31,199.58999999999997,0.0,0.0,0.0,0.0,0.0,0.0,0.0
932,1,Lettuce_19,2710.69,2807.67,2667.0,2967.5299999999997,247.41,1495.55,3162.42,2119.84,3996.59,3769.74,2998.01,3345.49,3196.75,2315.85,2180.59,2242.25,1463.23,1600.68,0.0,2082.05,3774.2,3774.32,2921.78,3309.94,2832.18,2394.04,2553.08,2545.25,2737.66,3624.34,3866.38,4924.42,4241.86,3943.18,3971.15,3184.42,3430.49,3152.37,2172.46,2110.07,1687.47,1439.4,1528.09,3702.55,5565.12,3437.61,223.75
942,1,Apple_53,0.0,0.0,0.0,0.0,0.0,0.0,0.0,0.0,0.0,0.0,0.0,0.0,0.0,0.0,0.0,0.0,0.0,0.0,0.0,0.0,0.0,0.0,0.0,0.0,0.0,0.0,0.0,0.0,0.0,0.0,0.0,0.0,0.0,0.0,0.0,0.0,269.33000000000004,0.0,0.0,0.0,0.0,0.0,0.0,0.0,0.0,0.0,0.0
949,1,Watermelon_8,0.0,0.0,0.0,0.0,0.0,0.0,0.0,0.0,0.0,0.0,4545.63,8811.09,5297.68,4457.03,1952.44,0.0,0.0,0.0,0.0,0.0,0.0,0.0,2953.25,6728.37,4677.82,295.66999999999996,0.0,0.0,0.0,0.0,0.0,0.0,0.0,0.0,0.0,1217.49,496.44,0.0,0.0,0.0,0.0,0.0,0.0,0.0,0.0,0.0,0.0
950,1,Garlic_5,0.0,0.0,0.0,0.0,0.0,0.0,0.0,4170.87,4167.93,371.59000000000003,0.0,0.0,0.0,0.0,0.0,0.0,0.0,0.0,210.98000000000002,4143.91,3760.56,402.21000000000004,0.0,0.0,0.0,0.0,0.0,0.0,0.0,0.0,0.0,3038.83,2290.19,0.0,0.0,0.0,0.0,0.0,0.0,0.0,0.0,0.0,154.84,5712.04,0.0,0.0,0.0
952,1,Vegetable_11,0.0,0.0,10.97,825.67,1324.36,1301.55,1415.49,1508.66,1306.6200000000001,1210.92,870.41,774.41,885.56,951.15,1091.41,1112.72,1002.8199999999999,1789.1399999999999,1440.53,1380.59,1382.3,1279.05,1162.49,860.98,1036.85,1040.77,1104.81,1127.55,810.25,1278.2,1048.1200000000001,1434.8700000000001,1264.89,1170.82,967.67,775.93,820.77,974.11,1153.57,1164.39,955.23,1399.42,2468.95,1279.62,1294.63,1245.98,77.78999999999999
958,1,Cherry_5,0.0,0.0,0.0,0.0,0.0,0.0,0.0,0.0,0.0,0.0,5253.46,10365.73,0.0,0.0,0.0,0.0,0.0,0.0,0.0,0.0,0.0,0.0,0.0,0.0,0.0,0.0,0.0,0.0,0.0,0.0,0.0,0.0,0.0,0.0,0.0,0.0,0.0,0.0,0.0,0.0,0.0,0.0,0.0,0.0,0.0,0.0,0.0
962,1,Salad_18,1333.75,1201.78,1129.15,1038.98,1005.26,1501.76,1253.66,1522.26,1021.29,939.52,875.22,662.34,695.11,693.43,713.16,791.86,682.33,963.25,817.4,1150.26,889.09,749.29,1519.29,1145.12,955.75,905.56,863.71,881.24,938.28,1294.2,851.5600000000001,1389.4,1131.21,748.86,1044.37,1088.57,616.51,1202.68,1374.14,547.01,460.74,1097.77,125.01,0.0,0.0,0.0,0.0
966,1,Chicken_37,0.0,0.0,0.0,0.0,0.0,0.0,0.0,0.0,0.0,0.0,0.0,0.0,0.0,0.0,0.0,0.0,0.0,0.0,0.0,0.0,0.0,0.0,0.0,0.0,0.0,0.0,0.0,0.0,0.0,0.0,0.0,0.0,358.02,3466.39,6223.24,8879.37,10733.88,11292.2,15094.56,13411.09,11704.79,10721.18,11603.81,12143.15,10968.73,11910.19,661.21
969,1,Carrot_16,0.0,0.0,0.0,0.0,0.0,0.0,0.0,0.0,0.0,0.0,0.0,0.0,0.0,0.0,0.0,0.0,0.0,0.0,72.52000000000001,198.16,126.18,116.63,124.7,178.91,299.72,532.18,313.62,353.04,298.49,356.21,270.55,407.38,360.44,201.54,209.02,239.74,371.24,444.98,379.46,371.83,593.37,980.97,935.62,1187.93,1213.06,979.13,89.80000000000001
970,1,Cucumber_15,35410.409999999996,33414.020000000004,35133.94,35359.6,36304.55,42955.75,31947.91,24876.02,2008.1,7975.62,1139.97,0.0,0.0,0.0,6631.27,18298.93,31090.72,29161.02,27577.44,0.0,2148.12,0.0,4508.36,1221.6799999999998,10304.16,18810.15,14883.66,23622.75,32587.2,36723.2,18565.91,12888.86,1920.8200000000002,0.0,0.0,0.0,0.0,0.0,0.0,0.0,31905.85,42082.11,37864.9,33651.2,0.0,0.0,0.0
971,1,Lemon_4,3633.32,2757.74,3439.1,4299.0,5510.42,4554.77,4459.08,7063.93,7801.62,5269.09,5927.18,4982.39,4207.4,4532.05,6584.64,5431.15,5435.59,5601.95,4715.0199999999995,5347.98,5315.39,5239.72,5206.72,6556.5199999999995,5102.15,4064.7599999999998,3617.46,3539.17,3625.85,3698.4700000000003,3420.12,2120.35,2985.02,2901.01,5099.61,5087.56,5385.7,6434.76,5451.85,2784.38,0.0,0.0,0.0,0.0,0.0,154.59,0.0
976,1,Donut_14,1538.04,1267.04,2690.31,1011.85,1145.57,2434.37,3157.65,1957.68,2625.91,2004.94,2201.03,1268.25,1448.92,3203.37,2409.75,2302.9,1414.57,2718.63,2325.24,1479.7,1375.32,1574.98,2093.84,1337.51,1387.81,1650.61,1895.09,1914.3,1349.35,2927.36,2482.12,1560.06,1181.29,1188.22,1167.02,1029.95,1703.07,2067.64,2218.93,1570.02,1301.71,1522.86,1408.8799999999999,1574.86,1168.81,1178.41,60.35
977,1,Chicken_39,1308.88,1628.67,2025.16,2313.98,1485.09,1746.49,2028.8600000000001,2877.96,1841.8899999999999,1704.33,1187.3,1161.83,1308.59,1275.12,2348.1,2685.66,2028.8,1618.2,985.52,1084.85,1311.53,1407.86,1417.34,808.74,1249.77,865.56,915.52,692.26,592.15,1117.86,1053.64,1248.05,559.16,577.57,746.23,756.6700000000001,778.73,924.78,821.18,699.4,666.21,647.05,764.58,1105.23,1218.05,984.75,68.58000000000001
979,1,Chicken_40,0.0,0.0,4720.97,7454.2300000000005,7707.12,11784.16,15482.869999999999,13511.71,9389.59,9510.65,5701.53,5887.19,5068.15,7385.7,8429.16,10565.77,8585.99,7725.57,6532.95,8312.3,10736.0,10812.96,10628.6,10649.44,11255.87,12704.47,13111.44,13678.33,15416.81,11831.710000000001,0.0,0.0,0.0,0.0,0.0,0.0,0.0,0.0,0.0,0.0,0.0,0.0,0.0,0.0,0.0,0.0,0.0
990,1,Salad_19,0.0,0.0,0.0,0.0,0.0,0.0,0.0,0.0,0.0,0.0,0.0,0.0,0.0,0.0,0.0,0.0,0.0,0.0,0.0,0.0,0.0,0.0,0.0,0.0,0.0,0.0,0.0,3.03,434.3,604.12,961.04,35.25,0.0,0.0,0.0,0.0,0.0,0.0,0.0,0.0,408.88,814.08,557.06,64.9,0.0,0.0,0.0
991,1,Basil_0,1796.73,1650.25,1605.31,1572.57,2015.43,63.6,0.0,1358.9,1612.47,1656.93,1052.18,578.2,1735.44,1552.7,1663.57,1812.31,2040.49,1863.02,709.71,1551.83,0.0,0.0,0.0,0.0,0.0,0.0,592.29,1503.77,1758.1599999999999,2443.21,1788.29,1956.02,2235.32,2408.69,2010.32,1966.9,2052.83,217.06,1107.09,0.0,731.9300000000001,1471.7,0.0,1242.33,3090.39,3013.32,165.9
992,1,Pastry_82,0.0,0.0,0.0,0.0,0.0,0.0,1007.07,875.37,951.8399999999999,1043.56,1013.74,1165.68,1110.38,1145.78,1175.69,1073.87,718.95,1055.64,1023.48,1523.18,1125.12,1164.94,1174.96,1110.27,1059.21,1143.72,1128.62,1125.95,929.76,1063.98,1006.12,1218.53,1156.48,1368.55,1329.1299999999999,1270.3,1395.81,1654.72,1683.78,1773.73,1434.85,1730.19,1672.27,1609.66,1515.17,1379.08,83.63
994,1,Duck_0,0.0,0.0,0.0,0.0,0.0,0.0,0.0,0.0,0.0,0.0,0.0,0.0,0.0,0.0,0.0,274.48,260.09,364.96,407.08,256.46,150.34,179.37,284.82,259.0,330.9,463.21999999999997,543.52,571.99,555.42,0.0,86.05,373.92,307.03000000000003,393.66,319.99,407.25,297.77,533.12,492.36,550.94,594.92,407.13,445.9,386.96,339.8,454.4,15.86
995,1,Bread_80,1850.94,1941.1,2717.37,1646.76,1271.22,1703.84,2274.5099999999998,1641.95,1923.1299999999999,2032.25,2081.42,1915.53,2057.87,2196.22,2087.79,2540.64,2623.49,2425.66,2105.18,2448.67,1985.67,2069.78,1811.82,1949.78,2063.79,2146.42,2206.36,2020.97,1899.88,1855.51,1553.27,1459.83,1462.43,1273.97,1324.76,1270.4,1804.2,2195.39,2090.01,1511.36,1724.98,1617.54,1495.35,1394.27,1308.2,1312.44,78.86
996,1,Pork_18,0.0,0.0,0.0,0.0,0.0,0.0,0.0,0.0,0.0,0.0,0.0,0.0,0.0,0.0,0.0,0.0,0.0,0.0,0.0,0.0,0.0,0.0,0.0,0.0,198.07999999999998,487.22,528.1999999999999,524.98,656.45,632.34,538.75,379.49,535.64,516.17,475.77,571.55,467.73,640.48,683.15,656.41,790.72,696.66,319.22,1166.68,425.66,514.01,30.25
997,1,Strawberry_14,0.0,0.0,0.0,0.0,0.0,0.0,0.0,0.0,1649.42,4052.4300000000003,0.0,0.0,0.0,0.0,0.0,0.0,0.0,0.0,0.0,0.0,2835.24,1771.1399999999999,0.0,0.0,0.0,0.0,0.0,0.0,0.0,0.0,0.0,0.0,906.16,740.8299999999999,0.0,0.0,0.0,0.0,0.0,0.0,0.0,0.0,0.0,0.0,0.0,0.0,0.0
1001,1,Bread_82,0.0,0.0,0.0,0.0,0.0,0.0,0.0,0.0,0.0,0.0,0.0,0.0,0.0,0.0,0.0,0.0,0.0,0.0,0.0,0.0,0.0,0.0,0.0,0.0,0.0,0.0,0.0,0.0,0.0,0.0,0.0,0.0,0.0,0.0,197.27,1000.53,1518.44,2655.94,819.84,794.35,849.0,896.9,968.79,919.98,1004.71,1135.07,76.51
1002,1,Lemon_5,0.0,0.0,0.0,983.09,0.0,0.0,0.0,0.0,0.0,0.0,0.0,0.0,0.0,0.0,928.64,860.8199999999999,0.0,0.0,0.0,0.0,0.0,0.0,0.0,0.0,0.0,0.0,1128.1,1187.91,2276.31,2891.14,2550.75,3399.68,3550.74,4248.64,3080.69,0.0,2770.29,3639.79,3148.88,3820.9300000000003,7393.46,5843.2,5771.94,5094.14,1880.6499999999999,5410.88,262.2
1004,1,Salad_20,0.0,0.0,0.0,0.0,0.0,0.0,0.0,0.0,0.0,0.0,0.0,0.0,0.0,0.0,0.0,0.0,0.0,0.0,0.0,0.0,0.0,0.0,0.0,0.0,0.0,0.0,0.0,0.0,0.0,0.0,0.0,0.0,0.0,0.0,0.0,0.0,0.0,0.0,0.0,0.0,0.0,0.0,783.28,520.15,949.15,2019.1699999999998,72.97
1010,1,Pepper_11,3832.14,2720.03,1433.61,3206.45,2769.66,2866.5099999999998,2703.48,2864.81,2783.29,2840.65,2438.4700000000003,2194.6,3022.56,3244.68,4733.55,6416.19,4460.71,4337.08,4416.06,3663.7,3971.1,5242.04,5560.11,6130.28,6272.36,6953.28,6879.13,5890.76,5343.83,5119.07,3681.95,1032.43,0.0,0.0,0.0,0.0,0.0,0.0,0.0,0.0,0.0,0.0,0.0,0.0,0.0,0.0,0.0
1011,1,Pastry_83,2236.59,3678.8,4635.59,5430.89,3955.29,5279.04,4196.85,4610.17,2402.36,2798.46,2888.24,3906.51,3004.3199999999997,292.92,0.0,0.0,0.0,0.0,0.0,0.0,0.0,0.0,0.0,0.0,0.0,0.0,0.0,0.0,0.0,905.0,830.87,782.58,707.31,866.4399999999999,1116.15,843.87,804.78,901.77,866.37,1001.59,776.12,944.76,957.0699999999999,985.89,963.37,1070.47,59.650000000000006
1016,1,Donut_16,0.0,0.0,0.0,0.0,0.0,0.0,0.0,0.0,0.0,0.0,0.0,0.0,0.0,0.0,4263.46,8869.31,3763.5,5249.32,6357.66,3923.86,4242.01,7272.92,4785.2,4978.82,5915.33,5923.57,10037.39,13066.83,6509.1,8497.78,11210.8,7595.54,5986.75,6977.83,6819.9,6838.29,6155.63,6671.27,7191.78,6360.42,5128.21,7842.57,14527.22,6621.33,5994.47,6081.2699999999995,344.95
1018,1,Apple_57,1444.8600000000001,13.58,0.0,0.0,0.0,0.0,0.0,0.0,0.0,0.0,0.0,0.0,0.0,0.0,0.0,0.0,0.0,0.0,0.0,0.0,0.0,0.0,0.0,0.0,0.0,0.0,0.0,0.0,0.0,0.0,0.0,0.0,0.0,0.0,0.0,118.45,291.07,0.0,0.0,0.0,0.0,0.0,0.0,0.0,0.0,0.0,0.0
1020,1,Plum_13,0.0,0.0,0.0,0.0,0.0,0.0,0.0,0.0,0.0,0.0,0.0,0.0,0.0,0.0,0.0,0.0,0.0,0.0,0.0,0.0,0.0,0.0,0.0,0.0,0.0,63.31,505.4,719.92,227.62,0.0,0.0,0.0,0.0,0.0,0.0,0.0,0.0,0.0,0.0,0.0,0.0,0.0,0.0,0.0,0.0,0.0,0.0
1021,1,Donut_17,1752.79,1763.89,1993.28,4203.22,2575.19,4657.16,4266.32,3551.29,3713.41,3171.11,2718.72,2505.46,3292.96,3353.37,4682.08,3967.58,2503.94,3875.47,4195.16,3695.79,4736.43,3039.43,4754.4400000000005,3106.42,3059.03,4857.29,5122.18,4619.21,4686.86,6966.12,6764.4,4266.32,3420.1,3551.15,3498.3,3513.95,3466.65,3698.31,4213.3,4144.2,3443.78,3786.15,4078.03,4419.23,3017.85,3337.96,182.86
1022,1,Pastry_84,0.0,0.0,0.0,0.0,0.0,0.0,0.0,0.0,0.0,0.0,0.0,0.0,0.0,0.0,0.0,0.0,0.0,0.0,0.0,0.0,0.0,0.0,0.0,0.0,0.0,0.0,0.0,0.0,0.0,0.0,0.0,0.0,0.0,0.0,0.0,0.0,0.0,567.96,1670.48,1615.75,1610.74,1404.22,2409.85,2094.47,2052.51,2694.96,124.46000000000001
1023,1,Muffin_2,1238.04,1122.02,1260.8700000000001,1368.71,1057.3799999999999,1445.8799999999999,1460.36,2110.5299999999997,1767.99,1696.42,1354.33,1567.01,1407.55,1558.3,1780.73,1629.02,1230.83,1574.53,1411.97,1554.23,1211.94,1425.79,1223.99,988.69,1089.93,1193.58,1216.02,1209.73,861.35,1006.63,972.05,1300.3600000000001,1176.48,1276.59,279.62,0.0,0.0,0.0,0.0,0.0,0.0,0.0,0.0,0.0,0.0,0.0,0.0
1024,1,Salad_21,0.0,0.0,0.0,0.0,0.0,0.0,0.0,0.0,0.0,0.0,0.0,0.0,0.0,0.0,0.0,0.0,0.0,0.0,0.0,0.0,0.0,0.0,33.14,825.57,896.19,812.34,798.37,797.3399999999999,803.98,1057.54,1374.79,1305.42,1145.02,1117.97,1235.83,1324.9,1291.38,1070.35,915.02,1284.57,1342.26,1334.02,1446.79,1410.78,610.48,0.0,0.0
1025,1,Bread_83,855.28,1110.34,741.03,618.33,731.23,898.77,896.3100000000001,721.53,682.21,642.75,575.66,566.86,564.61,645.58,602.8,742.48,564.84,541.7,542.23,621.33,604.81,475.18,384.53000000000003,339.22,370.21,369.34,477.19,502.83,560.39,510.62,459.67,572.58,788.93,461.42,378.1,341.12,338.6,372.44,444.55,430.73,696.76,531.0,357.88,517.73,324.2,336.59000000000003,16.26
1026,1,Pastry_85,0.0,0.0,0.0,0.0,0.0,0.0,757.91,787.43,920.37,929.89,1164.51,1075.85,1163.93,1116.62,1161.8700000000001,1229.09,711.86,1088.53,1679.96,1168.12,1298.73,1260.69,1301.46,1261.92,1276.29,1282.47,1799.48,1754.14,1506.03,1772.19,1746.97,1720.83,1453.06,1880.71,2003.6399999999999,2075.37,2718.25,2492.28,2536.89,2566.39,2231.95,2622.09,2795.24,3033.3199999999997,2697.85,2737.94,154.12
1028,1,Lettuce_22,1962.47,1763.79,1438.14,1819.51,1870.03,2606.29,2491.66,3640.32,2773.98,3006.29,1682.88,3066.62,3615.55,4532.16,3405.63,3897.04,1692.87,3450.68,2148.43,4000.52,3590.15,3652.16,3258.31,4194.43,2949.79,2174.1,2245.63,562.8299999999999,0.0,450.48,1121.83,1208.67,1106.6100000000001,2559.3,3739.46,4057.89,2770.95,2803.21,3452.08,4133.92,248.14,0.0,0.0,2196.35,3675.6,3572.11,265.82
1029,1,Strawberry_15,0.0,0.0,0.0,0.0,0.0,19.47,117.44,0.0,0.0,0.0,0.0,0.0,0.0,0.0,0.0,0.0,0.0,0.0,0.0,0.0,0.0,0.0,0.0,0.0,0.0,0.0,0.0,0.0,0.0,536.51,0.0,0.0,0.0,0.0,0.0,0.0,0.0,0.0,0.0,0.0,0.0,0.0,0.0,0.0,0.0,0.0,0.0
1030,1,Pear_19,0.0,225.89999999999998,2004.28,1898.38,1975.91,2390.89,3785.96,3173.33,1958.69,1494.82,879.4,584.8100000000001,122.58,0.0,0.0,608.5,612.09,861.57,394.18,120.76,545.89,486.34999999999997,372.87,295.2,285.43,272.47,659.24,791.41,569.47,800.0,1197.55,713.15,642.09,159.69,0.0,0.0,0.0,0.0,471.78,440.33,322.98,516.53,37.35,0.0,0.0,0.0,0.0
1037,1,Duck_1,0.0,0.0,0.0,0.0,0.0,0.0,0.0,0.0,0.0,0.0,0.0,0.0,0.0,0.0,0.0,453.89,653.77,544.32,617.25,497.8,491.34,506.74,489.6,410.81,504.28,707.66,1004.75,1162.5,1284.94,0.0,241.45,409.03,528.0,541.8199999999999,511.32,280.11,594.3199999999999,817.68,880.3,1112.37,967.23,521.72,467.65,603.48,519.57,459.17,23.39
1038,1,Corn_2,33351.35,22874.59,10798.85,3028.24,0.0,0.0,0.0,0.0,0.0,298.15,7045.74,37827.03,35712.64,14923.53,8176.66,874.46,0.0,0.0,0.0,0.0,0.0,2409.4900000000002,9454.98,33609.51,22590.16,18566.11,6094.87,0.0,0.0,0.0,0.0,0.0,0.0,126.99000000000001,3530.96,26407.54,31662.09,679.71,0.0,0.0,0.0,0.0,0.0,0.0,0.0,2826.9,204.44
1040,1,Salad_23,397.42,476.48,544.44,410.91,313.05,527.21,612.14,152.88,174.67,0.0,0.0,0.0,0.0,0.0,0.0,0.0,0.0,0.0,0.0,0.0,0.0,506.3,391.64,294.29,368.18,411.1,473.37,404.58,467.89,584.71,523.3,507.86,566.21,594.96,504.68,453.55,1039.6,1248.23,1570.57,683.55,653.72,770.61,662.6,716.05,1159.74,1091.18,46.64
1047,1,Orange_10,0.0,0.0,0.0,0.0,55.85,0.0,0.0,531.56,313.8,0.0,0.0,0.0,0.0,0.0,0.0,0.0,0.0,0.0,135.35,356.56,243.51,0.0,0.0,0.0,0.0,0.0,0.0,0.0,0.0,0.0,0.0,0.0,0.0,0.0,0.0,0.0,0.0,0.0,0.0,0.0,0.0,0.0,0.0,317.07,946.61,0.0,0.0
1055,1,Chicken_46,0.0,0.0,0.0,0.0,0.0,385.47,1025.56,1393.27,1563.8600000000001,1566.83,1142.99,889.65,1163.74,1266.49,1303.94,1445.57,1791.88,1314.19,790.41,1398.53,978.1899999999999,1555.89,1393.3,1086.54,1318.25,1435.63,1263.41,1538.41,1465.3899999999999,1770.19,1783.28,1820.62,1707.81,1874.57,1831.8899999999999,1917.6100000000001,144.94,2271.53,2459.65,2295.1,2024.92,2751.25,2412.08,2192.88,2395.13,2601.64,64.51
1056,1,Beet_1,671.6,1041.43,1217.46,2157.18,1959.74,1555.46,1342.27,1665.69,1301.19,1059.25,609.37,472.75,516.67,631.8199999999999,926.01,1163.66,1155.46,1097.93,957.75,935.39,961.75,1074.04,644.26,498.81,455.55,654.49,887.37,1176.07,968.28,971.11,1368.92,889.52,774.06,671.18,467.06,292.59000000000003,529.31,683.21,828.05,971.98,1005.49,979.79,1351.47,995.91,990.68,838.77,0.0
1061,1,Cucumber_16,0.0,0.0,0.0,0.0,0.0,0.0,0.0,0.0,159.74,1720.46,2756.75,3634.55,3540.25,2222.85,761.0,0.0,0.0,0.0,0.0,0.0,395.69,1539.31,3379.73,4997.96,4477.78,2748.38,2139.28,0.0,0.0,0.0,0.0,0.0,0.0,973.12,3695.81,3681.31,3313.47,2847.72,1136.37,0.0,0.0,0.0,0.0,0.0,976.28,1995.53,147.68
1065,1,Orange_12,0.0,0.0,0.0,0.0,0.0,0.0,0.0,0.0,0.0,0.0,0.0,0.0,0.0,0.0,0.0,0.0,0.0,0.0,0.0,0.0,0.0,0.0,0.0,0.0,0.0,0.0,0.0,0.0,0.0,0.0,0.0,0.0,0.0,0.0,0.0,0.0,0.0,0.0,0.0,1859.6200000000001,7879.74,5793.12,6939.01,1516.18,0.0,0.0,0.0
1066,1,Chicken_47,0.0,0.0,0.0,0.0,0.0,0.0,0.0,0.0,0.0,0.0,0.0,0.0,0.0,81.57,333.91,511.71,506.85,399.52,447.93,272.09,343.1,259.88,374.14,232.47,335.84,291.39,379.65,360.23,369.37,553.11,387.32,387.06,356.86,483.57,366.03,512.65,674.97,695.72,742.08,639.0699999999999,512.4,775.63,418.8,553.75,440.85,541.66,18.16
1067,1,Celery_9,0.0,0.0,0.0,0.0,0.0,0.0,0.0,0.0,0.0,0.0,0.0,0.0,0.0,0.0,0.0,0.0,0.0,0.0,0.0,0.0,0.0,0.0,0.0,0.0,0.0,0.0,0.0,0.0,0.0,0.0,0.0,0.0,0.0,0.0,0.0,0.0,484.12,74.88,0.0,0.0,0.0,0.0,0.0,0.0,0.0,0.0,0.0
1068,1,Kiwi_12,0.0,0.0,0.0,0.0,0.0,0.0,0.0,0.0,0.0,0.0,0.0,0.0,0.0,0.0,0.0,0.0,0.0,0.0,0.0,0.0,0.0,0.0,0.0,0.0,0.0,0.0,0.0,0.0,0.0,0.0,0.0,0.0,0.0,0.0,0.0,0.0,0.0,0.0,0.0,313.27,716.31,3089.25,920.79,0.0,0.0,0.0,0.0
1069,1,Tortilla_4,0.0,0.0,0.0,20.2,133.59,176.68,314.88,0.0,0.0,28.97,95.22,144.93,203.87,137.83,192.9,429.12,236.21,424.95,400.54,346.38,298.66,450.93,361.02,408.64,484.4,577.93,684.34,729.13,822.25,1058.5,972.99,1207.74,1321.64,1369.04,1204.42,1368.03,1504.31,1686.23,1606.45,1569.21,1545.35,2076.87,1770.71,1789.02,1772.59,2689.4,121.21
1071,1,Sweet Potato_4,0.0,0.0,0.0,0.0,0.0,0.0,0.0,0.0,0.0,0.0,0.0,0.0,0.0,0.0,0.0,0.0,0.0,0.0,0.0,0.0,0.0,0.0,0.0,0.0,0.0,0.0,0.0,0.0,134.76999999999998,627.1,1257.59,518.91,0.0,0.0,241.19,0.0,0.0,0.0,0.0,247.76,1095.76,915.03,1174.4,935.34,0.0,0.0,0.0
1077,1,Donut_19,0.0,0.0,0.0,0.0,0.0,0.0,0.0,0.0,0.0,0.0,0.0,0.0,0.0,0.0,0.0,0.0,0.0,0.0,0.0,0.0,0.0,0.0,0.0,0.0,0.0,0.0,0.0,0.0,0.0,0.0,0.0,0.0,0.0,0.0,0.0,0.0,0.0,0.0,0.0,0.0,0.0,633.54,4438.11,2310.95,2144.34,2428.7400000000002,130.79000000000002
1082,1,Watermelon_9,0.0,0.0,0.0,0.0,0.0,0.0,0.0,0.0,0.0,0.0,0.0,0.0,0.0,0.0,0.0,0.0,0.0,0.0,0.0,0.0,0.0,0.0,0.0,1646.51,0.0,0.0,0.0,0.0,0.0,0.0,0.0,0.0,0.0,0.0,0.0,6582.49,17034.72,0.0,0.0,0.0,0.0,0.0,0.0,0.0,0.0,0.0,0.0
1083,1,Pastry_87,0.0,0.0,0.0,0.0,773.27,27.36,0.0,0.0,0.0,0.0,0.0,0.0,0.0,0.0,0.0,198.67,1123.59,34.9,0.0,0.0,0.0,0.0,0.0,0.0,0.0,0.0,0.0,126.57000000000001,1329.98,0.0,0.0,0.0,0.0,0.0,0.0,0.0,0.0,0.0,0.0,175.58,932.24,0.0,0.0,0.0,0.0,0.0,0.0
1085,1,Plum_14,0.0,0.0,0.0,0.0,0.0,0.0,0.0,0.0,0.0,0.0,0.0,0.0,0.0,0.0,0.0,0.0,0.0,0.0,0.0,0.0,0.0,0.0,0.0,0.0,0.0,566.79,1369.34,0.0,0.0,0.0,0.0,0.0,0.0,0.0,0.0,0.0,0.0,0.0,0.0,0.0,0.0,0.0,0.0,0.0,0.0,0.0,0.0
1087,1,Sweet Potato_6,5992.7699999999995,7898.96,4884.91,4218.09,4193.79,5408.3,4927.9,5530.42,4435.22,4233.89,3341.94,3102.37,3776.91,4018.99,4054.78,0.0,0.0,0.0,607.11,3550.0099999999998,3508.83,3398.92,2752.17,2923.97,3632.76,3429.49,3357.18,4248.01,4308.57,4777.32,5196.92,5177.82,5349.26,5391.05,4268.59,3602.61,4503.85,5540.44,5080.66,5198.84,5208.5,6527.11,5293.59,5617.43,5294.66,5581.0,330.40999999999997
1089,1,Pepper_14,8580.46,6748.1,4779.34,4169.47,3009.55,3481.17,3545.22,3360.81,2905.36,0.0,0.0,7239.889999999999,6480.79,5167.28,5659.53,2394.29,2149.12,1755.62,0.0,0.0,0.0,0.0,0.0,4160.42,3465.8,0.0,0.0,0.0,0.0,0.0,0.0,0.0,0.0,0.0,0.0,0.0,0.0,0.0,0.0,0.0,0.0,0.0,0.0,0.0,0.0,0.0,0.0
1090,1,Apricot_7,0.0,0.0,0.0,0.0,0.0,0.0,0.0,0.0,0.0,88.81,554.71,0.0,0.0,0.0,0.0,0.0,0.0,0.0,0.0,0.0,0.0,0.0,0.0,0.0,0.0,0.0,0.0,0.0,0.0,0.0,0.0,0.0,0.0,0.0,933.6,0.0,0.0,0.0,0.0,0.0,0.0,0.0,0.0,0.0,0.0,254.66,174.84
1092,1,Pastry_89,2225.95,2555.58,2504.99,2754.42,2377.6,2776.88,2636.71,2487.54,2506.75,2385.58,2179.95,2622.81,1923.25,2595.82,2705.2,2865.59,2488.59,2947.34,3207.06,3070.92,2563.06,2785.13,2455.13,3262.11,3620.58,2379.06,2155.85,1826.79,1453.16,1412.83,1259.13,3051.2400000000002,2588.19,2640.14,3651.22,2622.89,2773.14,2741.12,2885.82,2847.64,2573.6,3773.08,2368.3,2254.91,2569.58,2090.74,116.9
1093,1,Pastry_90,1110.68,1331.54,1555.55,1683.37,1368.31,1352.77,1175.68,1768.64,1547.15,1117.74,902.46,822.3,965.4200000000001,1176.5,1374.87,1179.66,813.0699999999999,776.54,910.35,977.51,862.01,776.97,597.81,650.28,704.88,744.02,781.09,689.76,675.88,1846.85,1576.95,808.42,1048.6,780.74,729.4,703.87,1124.36,1276.06,1082.22,1047.29,1083.5,1139.85,1364.28,1101.07,920.15,964.36,140.74
1094,1,Chicken_48,5296.41,7194.71,4700.92,3978.68,3997.86,4312.62,3016.34,4521.85,3654.0099999999998,4461.44,2544.82,2865.96,3118.3,2745.02,2639.72,2987.41,2763.23,3205.42,2687.46,3225.39,3155.44,3387.3,3171.63,1448.71,3433.19,3320.4900000000002,3414.1,2927.59,3195.2400000000002,4864.94,3874.5699999999997,3738.17,3418.0,4280.38,3709.33,4052.01,3682.73,3598.85,2601.99,2719.18,3747.77,3766.96,3291.06,3699.27,3675.08,3829.9,333.02
1096,1,Potato_38,433.31,506.66,586.37,416.36,273.14,482.5,596.15,634.5,425.89,468.05,436.58,421.46,551.44,652.07,651.17,781.47,754.1,745.04,640.32,805.77,718.26,829.95,799.26,625.02,655.25,767.86,657.3299999999999,671.58,774.36,611.15,763.22,876.41,1069.02,1204.88,1033.8500000000001,692.6800000000001,696.08,530.69,890.11,870.62,755.09,997.33,1064.59,1118.45,1045.06,1027.93,63.21000000000001
1097,1,Salad_25,0.0,0.0,0.0,0.0,0.0,0.0,0.0,0.0,0.0,0.0,0.0,0.0,0.0,0.0,0.0,0.0,48.28,1815.9,1506.25,1616.06,1592.12,1780.06,1869.96,2026.65,1967.71,1563.28,1470.2,1678.05,1239.75,1658.14,2922.9,1841.04,1675.2,1739.3899999999999,1614.2,1472.06,1646.2,1505.11,1433.15,1145.59,1255.22,1601.23,2019.66,1756.27,954.31,1658.53,104.14
1098,1,Pumpkin_7,0.0,0.0,0.0,0.0,0.0,0.0,0.0,0.0,0.0,0.0,0.0,0.0,0.0,0.0,0.0,0.0,0.0,0.0,0.0,0.0,0.0,0.0,0.0,0.0,0.0,0.0,0.0,0.0,0.0,0.0,0.0,0.0,0.0,0.0,0.0,0.0,0.0,0.0,1349.22,1237.18,360.96,29.71,0.0,0.0,0.0,0.0,0.0
1100,1,Bread_84,367.13,517.17,541.27,579.03,506.87,582.18,549.2,844.17,790.22,976.9399999999999,880.44,914.51,653.66,0.0,608.16,567.16,718.32,1133.67,602.42,964.75,808.46,918.15,1051.79,1223.78,1103.2,804.0799999999999,1155.43,936.91,1002.96,1032.04,847.0,906.97,950.13,1004.37,960.34,1851.3,1410.04,3433.9700000000003,3497.63,2497.4900000000002,1725.8799999999999,1607.4,1565.61,1568.29,1513.3700000000001,1598.37,103.47999999999999
1109,1,Blueberry_16,0.0,0.0,0.0,0.0,0.0,0.0,0.0,0.0,0.0,0.0,0.0,0.0,0.0,0.0,0.0,0.0,0.0,0.0,0.0,0.0,0.0,0.0,0.0,0.0,0.0,0.0,0.0,0.0,0.0,0.0,0.0,0.0,0.0,0.0,0.0,0.0,0.0,0.0,0.0,0.0,0.0,0.0,744.46,0.0,0.0,0.0,0.0
1114,1,Grape_17,0.0,0.0,0.0,0.0,0.0,0.0,0.0,0.0,0.0,0.0,0.0,0.0,0.0,0.0,0.0,0.0,0.0,0.0,0.0,0.0,0.0,0.0,0.0,0.0,0.0,0.0,0.0,0.0,0.0,0.0,0.0,499.46999999999997,1201.78,1004.36,1324.49,833.89,1310.18,1321.6399999999999,1442.99,2352.32,1646.33,1377.58,0.0,0.0,565.86,1172.41,74.29
1116,1,Beef_11,0.0,0.0,0.0,0.0,0.0,0.0,0.0,0.0,0.0,0.0,0.0,0.0,0.0,0.0,0.0,0.0,0.0,0.0,0.0,0.0,0.0,251.51,1009.02,1146.17,1465.1,1796.72,1705.89,1951.23,1657.18,2108.69,1592.59,2272.91,1673.51,1792.25,1530.96,1334.14,1574.27,1908.77,3409.45,1516.07,1815.6100000000001,1964.81,1686.55,1776.68,1727.94,1946.6,257.43
1120,1,Tomato_46,0.0,0.0,0.0,0.0,0.0,0.0,0.0,0.0,0.0,0.0,0.0,0.0,0.0,0.0,0.0,0.0,0.0,0.0,0.0,0.0,0.0,0.0,0.0,0.0,0.0,0.0,0.0,0.0,1064.78,1862.46,638.57,0.0,0.0,0.0,0.0,0.0,0.0,0.0,0.0,0.0,2848.03,4374.99,3697.25,4722.72,4370.27,3974.46,218.70999999999998
1129,1,Grapefruit_1,1553.35,1912.08,2248.28,2777.17,3495.66,4054.37,3291.94,1247.86,3003.82,2816.95,2621.56,1275.8600000000001,1431.94,1694.65,2248.44,2305.56,1794.6399999999999,3793.0,2645.71,2051.9,1894.29,1837.43,1603.75,1467.72,1188.43,1111.5,1845.93,1455.42,2650.38,2145.44,2293.67,1338.94,1092.98,434.73,881.85,1824.58,1348.67,1423.41,188.01,1638.67,1655.83,2194.28,2492.08,2138.2200000000003,1317.86,0.0,0.0
1132,1,Grape_18,0.0,0.0,0.0,0.0,0.0,0.0,0.0,0.0,0.0,0.0,0.0,0.0,0.0,0.0,0.0,0.0,0.0,0.0,0.0,0.0,0.0,0.0,0.0,0.0,0.0,1410.6,3302.36,1867.32,0.0,0.0,0.0,0.0,0.0,0.0,0.0,0.0,0.0,0.0,0.0,0.0,0.0,0.0,0.0,0.0,0.0,0.0,0.0
1136,1,Tortilla_5,455.84,921.02,658.02,497.09000000000003,365.08,443.58,461.49,614.55,288.19,470.78,426.83,371.13,386.19,339.41,369.07,535.37,330.73,347.69,437.45,349.01,268.85,324.76,318.2,376.15000000000003,270.18,336.35,266.16,355.58,385.06,557.46,449.67,527.14,485.26,613.4,545.35,658.89,197.17000000000002,315.46,438.17,436.62,500.46999999999997,562.08,618.17,528.75,629.2,707.85,34.82
1137,1,Carrot_18,6596.57,1425.53,7133.6,8559.89,6363.09,8386.31,8790.93,8933.24,8722.29,8803.55,8051.68,7642.75,7138.5599999999995,6847.360000000001,6754.7,6877.02,3862.33,0.0,3525.15,6262.71,6195.83,7372.7699999999995,6155.52,4963.2699999999995,5702.83,9924.79,6953.7699999999995,8603.23,9897.92,734.7,0.0,0.0,1209.05,7050.25,5614.14,5784.85,6404.11,5763.89,6297.32,8099.51,10258.26,8301.49,5896.9800000000005,0.0,3550.05,7657.23,451.37
1139,1,Bread_86,1244.19,1018.38,1543.11,1462.19,1282.26,1811.04,1626.3799999999999,2065.23,1617.34,1832.54,1865.76,1634.0,1806.99,1364.74,1697.58,1493.34,1374.89,2445.79,1417.94,1694.59,1364.53,2052.24,1647.99,2111.56,1349.6,1343.9,1398.12,2227.45,1260.94,1548.87,1504.37,1319.12,1627.63,1698.78,1296.02,1242.06,1226.77,1218.34,1205.11,1267.54,1267.24,1336.8,1552.1,1208.32,1291.74,1277.27,86.97
1143,1,Chicken_49,0.0,0.0,0.0,0.0,0.0,0.0,0.0,0.0,0.0,0.0,0.0,0.0,0.0,0.0,0.0,0.0,0.0,0.0,0.0,0.0,0.0,0.0,0.0,0.0,0.0,0.0,0.0,0.0,0.0,0.0,0.0,0.0,0.0,0.0,0.0,0.0,0.0,0.0,0.0,676.72,781.95,736.45,849.76,675.07,1216.8,1074.82,40.56
1144,1,Strawberry_17,0.0,0.0,615.19,206.83,0.0,0.0,0.0,56.35,2319.49,10344.36,11392.24,0.0,0.0,0.0,0.0,0.0,0.0,0.0,0.0,0.0,3070.08,10754.19,4948.78,0.0,0.0,0.0,0.0,0.0,0.0,0.0,0.0,0.0,4643.74,9429.3,1646.8,0.0,0.0,0.0,0.0,0.0,0.0,0.0,0.0,0.0,6256.05,20225.88,0.0
1145,1,Chicken_50,6358.21,5249.97,6738.43,4927.03,2975.86,3125.7,2078.74,4040.05,3202.7400000000002,3805.29,3283.29,4110.46,5151.19,4632.48,5094.04,6351.03,3966.22,5614.62,4633.78,5690.34,5876.57,5410.34,4571.3,4730.89,5498.48,6096.09,5644.0599999999995,5392.28,5374.66,8446.93,8691.75,6938.31,6986.83,7328.68,6441.58,6980.84,6172.34,6620.57,4639.93,4808.44,5464.77,5527.6,4497.63,5194.76,4983.34,5127.14,412.22
1147,1,Pastry_94,0.0,0.0,0.0,0.0,0.0,0.0,0.0,0.0,0.0,0.0,0.0,0.0,0.0,0.0,0.0,0.0,0.0,1101.81,2681.0,2333.87,3253.86,2916.27,2290.2200000000003,3069.97,3849.51,6134.55,4867.57,4870.9,4100.04,4578.42,4392.0,5635.26,7860.77,11784.4,5328.28,5326.08,5237.16,5151.57,7013.45,5609.35,4804.36,5243.84,4609.22,4945.95,4904.16,4813.54,0.0
1155,1,Baguette_18,0.0,0.0,0.0,0.0,0.0,0.0,0.0,0.0,0.0,0.0,0.0,0.0,0.0,0.0,0.0,1167.53,2212.76,2684.06,1921.94,1897.87,1705.51,1859.26,1966.04,2046.0,2012.14,1959.01,1946.42,1830.33,1925.39,1165.38,1435.28,1506.2,1200.1399999999999,1314.48,1227.21,962.14,927.09,951.23,1083.42,1134.21,1106.74,1127.5,1008.7,1047.22,1116.53,1127.96,86.50999999999999
1159,1,Parsley_4,2175.18,795.28,2113.95,2073.16,2447.44,1241.93,0.0,0.0,0.0,597.91,2210.75,1757.46,1829.59,2827.77,3663.94,2854.97,986.1,0.0,0.0,0.0,0.0,1203.27,4024.39,4651.76,4807.45,3003.77,2435.45,2383.48,2387.85,1851.1100000000001,406.4,0.0,0.0,2126.58,4141.23,4099.19,3359.59,2523.19,2484.17,2934.82,4976.97,2360.27,1746.62,1458.85,3765.46,6096.64,397.42
1160,1,Orange_13,0.0,0.0,0.0,4622.35,7325.04,8849.9,5829.2699999999995,6115.360000000001,0.0,798.98,0.0,1168.96,205.04999999999998,821.82,934.84,3081.62,6033.98,4665.5599999999995,0.0,3028.59,4657.25,4581.84,2435.73,1945.8,2308.6,3631.99,6542.610000000001,10022.24,4323.32,0.0,2018.14,6884.22,5710.22,5120.8,3642.21,3692.18,2533.71,2280.5,2633.75,2005.8,0.0,0.0,52.51,2875.52,1782.86,198.11,0.0
1167,1,Pork_19,0.0,0.0,0.0,803.16,1406.16,1040.44,949.33,1636.46,1145.54,1064.96,838.08,866.9,709.27,963.1,1162.87,1182.73,1517.94,1195.25,832.32,941.31,834.73,603.92,699.47,629.99,601.0,691.56,1083.58,906.62,1463.56,673.73,0.0,407.24,618.6999999999999,780.31,603.95,654.02,747.54,781.01,802.74,893.37,1102.92,984.24,782.81,1064.84,800.4,1085.28,45.79
1170,1,Pastry_99,712.78,868.75,1019.79,948.07,816.99,945.39,869.35,756.28,668.21,694.74,681.36,617.36,594.3,799.57,931.51,1002.38,659.4,685.22,703.28,696.15,507.26,520.26,409.25,392.45,448.08,424.34,633.94,457.43,587.1,432.24,403.4,447.94,422.98,475.44,463.46,532.4,907.39,715.47,956.1,1031.46,716.73,1339.34,833.02,704.91,614.45,802.87,38.870000000000005
1174,1,Bread_87,0.0,0.0,0.0,0.0,0.0,0.0,0.0,0.0,0.0,0.0,0.0,0.0,0.0,0.0,0.0,0.0,0.0,0.0,0.0,0.0,0.0,0.0,0.0,0.0,0.0,0.0,0.0,0.0,202.97,1169.3600000000001,504.7,1096.89,768.65,657.96,688.37,755.86,754.31,780.62,848.89,805.9300000000001,1058.38,920.63,990.91,1038.4,1127.14,1069.35,73.26
1175,1,Pastry_102,0.0,0.0,0.0,0.0,0.0,0.0,0.0,0.0,0.0,0.0,0.0,0.0,720.91,3171.46,4884.05,7800.72,8107.64,11465.99,10854.66,15756.02,11192.89,13332.369999999999,12949.92,14362.19,14438.65,13932.73,15236.51,16268.18,13209.85,16329.91,14605.15,17580.48,22838.4,18836.24,16210.1,15661.23,16974.5,31174.41,20819.96,20641.63,14026.75,15588.85,14941.55,15202.91,24333.8,18104.28,1469.62
1179,1,Bell Pepper_7,419.96999999999997,370.77,606.9,699.98,843.07,841.76,1014.83,957.61,1097.06,956.13,546.33,622.59,594.3,594.56,662.2,869.68,829.9300000000001,716.01,0.0,0.0,0.0,599.54,659.18,602.37,648.52,818.47,964.16,741.77,0.0,0.0,0.0,0.0,251.14000000000001,527.73,401.23,427.4,695.17,527.0,674.06,41.03,0.0,0.0,0.0,0.0,0.0,0.0,0.0
1182,1,Garlic_7,0.0,0.0,0.0,0.0,0.0,0.0,0.0,0.0,0.0,0.0,0.0,0.0,0.0,0.0,0.0,0.0,0.0,0.0,0.0,0.0,0.0,0.0,0.0,0.0,59.18,80.71,3.41,0.0,0.0,0.0,0.0,0.0,0.0,0.0,71.9,314.19,654.44,1455.99,1351.01,3297.76,1734.04,3256.63,3297.88,3086.55,1976.77,2214.98,138.21
1189,1,Tomato_49,0.0,0.0,0.0,0.0,0.0,0.0,0.0,0.0,511.78999999999996,2818.39,2690.58,3809.82,3386.3,3177.86,1262.01,0.0,0.0,0.0,0.0,297.0,543.92,786.62,1809.19,2325.47,2444.35,4163.71,4147.95,6088.62,5741.95,5370.54,7147.0199999999995,7544.03,5329.6,5713.83,4329.54,4494.2,3651.7,6389.39,8686.18,8690.83,13228.35,14053.52,9845.64,10572.13,6956.96,7281.35,379.78
1192,1,Plant_1,0.0,0.0,0.0,0.0,0.0,0.0,0.0,0.0,0.0,0.0,0.0,0.0,0.0,0.0,0.0,0.0,0.0,347.04,554.79,303.97,0.0,0.0,0.0,0.0,0.0,0.0,0.0,0.0,0.0,150.89,376.92,0.0,0.0,0.0,0.0,0.0,0.0,0.0,0.0,0.0,0.0,0.0,687.41,925.0899999999999,0.0,0.0,0.0
1193,1,Salmon_6,0.0,0.0,0.0,0.0,0.0,0.0,0.0,0.0,0.0,0.0,0.0,0.0,0.0,0.0,0.0,0.0,0.0,0.0,0.0,0.0,0.0,0.0,0.0,0.0,0.0,0.0,0.0,0.0,0.0,0.0,0.0,837.2,0.0,219.19,0.0,11.59,612.03,578.72,752.69,856.45,984.98,1811.02,1753.01,1354.03,2033.22,2228.27,129.48
1195,1,Pork_21,920.13,913.01,1190.03,964.4,874.85,795.13,861.5,1251.21,1022.59,1072.47,904.3,685.7,859.79,797.89,1059.24,1123.39,1031.85,877.62,834.95,877.64,809.0,708.6800000000001,601.03,591.24,743.45,941.7,764.48,905.61,1120.76,1045.81,1081.31,1011.75,1151.74,584.4,518.16,959.4,1185.6,607.01,911.93,1221.14,752.73,525.43,521.22,1037.15,562.61,556.98,29.25
1197,1,Watermelon_12,6233.18,1903.95,0.0,0.0,0.0,0.0,0.0,0.0,249.6,0.0,0.0,10872.58,10156.77,0.0,0.0,0.0,0.0,0.0,0.0,0.0,0.0,0.0,0.0,23916.57,0.0,0.0,0.0,0.0,0.0,0.0,0.0,0.0,0.0,0.0,0.0,22713.05,6328.94,0.0,0.0,0.0,0.0,0.0,0.0,0.0,0.0,0.0,0.0
1198,1,Herb_8,5897.68,4526.15,3475.1,2776.7599999999998,3296.2,3078.02,2681.54,2919.34,3022.96,3453.63,4544.89,6023.17,5232.23,0.0,746.13,2318.93,1663.6299999999999,2442.51,2227.9,2750.92,2874.4,4046.46,6055.46,7607.5,5879.37,4166.26,3386.13,2599.75,2581.25,2288.65,1950.36,2288.13,2586.15,3085.3,6255.61,6331.3,6893.49,3732.27,2945.84,2359.47,3061.07,2510.1,2878.2,2557.5,3071.0699999999997,3636.47,273.25
1199,1,Onion_17,0.0,0.0,0.0,0.0,0.0,0.0,0.0,0.0,0.0,0.0,0.0,0.0,0.0,0.0,0.0,0.0,0.0,0.0,0.0,0.0,0.0,0.0,0.0,0.0,0.0,129.02,231.69,195.13,93.68,231.97,260.02,200.79,237.94,329.38,55.41,986.33,314.4,178.95,0.0,246.96,685.8,806.1700000000001,1070.48,75.35,162.84,91.71,0.0
1203,1,Bread_90,0.0,0.0,0.0,0.0,0.0,0.0,1109.96,1394.87,1293.47,1288.48,1400.27,1380.46,1541.36,1749.91,1626.17,1555.92,1187.99,1465.19,1776.95,1283.67,1180.65,889.24,788.61,852.14,762.74,694.92,789.16,663.11,562.9499999999999,594.18,547.15,758.59,720.92,746.21,967.3000000000001,1178.5,965.46,986.72,1048.12,928.63,869.71,1059.45,995.4399999999999,994.07,1149.95,859.95,71.75999999999999
1206,1,Apple_68,3076.2599999999998,4269.58,2954.04,3001.52,3499.85,3034.63,258.9,2616.24,4116.26,2770.69,506.46000000000004,2642.0,3402.25,2665.01,2888.3,3690.43,3200.0,4482.2699999999995,3512.79,4092.7599999999998,3838.5299999999997,2530.16,3623.67,2655.35,2639.79,3444.66,4091.76,2753.75,2954.98,4054.12,5465.86,4939.16,5074.16,5355.09,4051.08,3724.38,4141.07,3026.4300000000003,0.0,1243.29,3302.67,5489.82,4885.36,7209.33,6229.4,7983.26,350.89
1207,1,Onion_18,6537.76,6152.63,6020.14,6956.12,7139.87,6776.07,6448.12,9453.16,7544.57,6921.92,6731.4400000000005,5945.16,8565.74,5390.51,6439.2,11320.16,17002.53,14209.59,12227.4,11916.9,9354.45,7692.95,8279.08,8523.67,9325.54,7923.42,5569.13,555.53,4900.67,5351.51,5468.71,5260.59,0.0,0.0,0.0,0.0,0.0,0.0,0.0,0.0,0.0,0.0,0.0,0.0,0.0,0.0,0.0
1210,1,Onion_19,0.0,0.0,0.0,0.0,0.0,0.0,0.0,0.0,0.0,0.0,538.39,1625.26,2196.42,1185.22,1413.81,1736.06,5733.82,6011.84,6062.85,6274.02,3979.57,3325.68,3386.06,2441.5299999999997,2227.07,2891.05,3310.9,6405.96,6253.77,5274.81,4775.83,3541.12,0.0,0.0,0.0,6755.73,4737.76,7308.43,5333.06,6715.03,9161.76,9264.28,7014.29,7874.18,7010.68,6268.46,384.25
1211,1,Pear_20,0.0,0.0,0.0,0.0,0.0,0.0,0.0,0.0,0.0,0.0,0.0,0.0,0.0,0.0,428.40999999999997,580.51,282.74,773.32,422.0,303.89,382.8,15.28,0.0,0.0,0.0,0.0,0.0,0.0,0.0,0.0,0.0,0.0,0.0,0.0,0.0,0.0,718.78,420.91,0.0,0.0,0.0,0.0,0.0,0.0,0.0,0.0,0.0
1213,1,Bread_91,4007.12,4185.46,4713.25,5132.14,4839.4,4585.42,4692.48,5651.22,7190.85,5858.9,6551.0,7247.12,5635.57,5217.84,5100.76,6263.5,4722.82,5165.02,4105.97,3329.0,3283.95,3530.07,3128.04,2550.93,3495.7599999999998,3177.52,2028.69,1751.47,1535.15,1532.44,1994.8600000000001,1180.5,860.29,1272.15,451.89,0.0,0.0,0.0,0.0,0.0,0.0,0.0,0.0,0.0,0.0,0.0,0.0
1217,1,Snack_4,1391.71,1056.51,1351.08,1234.97,1091.88,1529.26,1648.04,1648.03,1326.09,1972.13,2181.66,2018.83,1556.0,1673.25,2194.93,1838.64,1505.88,1612.91,1540.66,2147.04,1633.54,1593.51,1622.3799999999999,1196.29,1181.27,1238.12,1111.99,1135.99,1009.45,1405.84,1272.01,1341.59,1288.3,1386.29,1217.59,1189.4,1244.85,1288.84,1572.1200000000001,1202.99,995.54,1420.09,1349.43,1367.55,2165.32,1478.31,67.51
1221,1,Apple_70,0.0,0.0,0.0,0.0,0.0,0.0,0.0,0.0,0.0,0.0,0.0,0.0,0.0,0.0,0.0,0.0,0.0,0.0,0.0,0.0,0.0,0.0,0.0,0.0,0.0,310.32,247.21,0.0,1021.48,681.66,0.0,0.0,0.0,0.0,0.0,0.0,0.0,0.0,0.0,0.0,0.0,0.0,0.0,0.0,0.0,0.0,98.63999999999999
1226,1,Apple_71,0.0,0.0,0.0,0.0,0.0,0.0,0.0,0.0,0.0,0.0,0.0,0.0,0.0,0.0,0.0,0.0,0.0,0.0,0.0,0.0,0.0,0.0,0.0,0.0,0.0,0.0,0.0,0.0,0.0,0.0,0.0,602.0699999999999,0.0,0.0,0.0,0.0,0.0,0.0,0.0,0.0,0.0,0.0,0.0,0.0,0.0,0.0,0.0
1231,1,Onion_20,14317.880000000001,10490.56,11359.79,7815.53,3704.46,595.11,10198.74,21353.69,26237.96,22389.27,19683.91,17091.79,17055.59,14905.72,14381.32,14845.56,12286.46,12097.83,11788.26,21126.1,28090.5,20197.95,18859.73,16666.18,15432.48,19310.61,15692.59,14519.37,16508.97,17523.41,19906.44,24259.69,25001.24,20179.1,19716.37,17729.63,15502.06,14807.99,14447.58,10575.27,3199.75,0.0,11515.17,31692.54,18331.05,16459.86,1210.83
1234,1,Tortilla_6,1197.27,1169.86,1494.99,1696.21,1811.8600000000001,1887.97,1037.57,787.14,2602.21,1887.58,887.2,769.75,880.54,921.4,1006.54,988.6,727.56,968.65,766.71,869.14,687.96,644.6,619.9,870.77,457.09000000000003,491.87,386.06,407.67,451.07,1033.57,506.92,584.4,552.11,528.83,433.81,565.57,755.35,530.3100000000001,410.53,362.18,370.68,429.82,377.01,396.37,496.07,411.34,27.18
1236,1,Raspberry_4,0.0,0.0,0.0,0.0,0.0,0.0,0.0,0.0,0.0,0.0,0.0,0.0,0.0,0.0,0.0,0.0,0.0,0.0,658.9399999999999,51.84,927.5699999999999,160.62,0.0,0.0,0.0,2727.91,1238.09,823.04,1065.6,1548.95,970.73,2269.42,3179.36,2137.95,4695.28,1510.74,0.0,891.09,3772.7599999999998,2686.5299999999997,1466.6100000000001,2529.52,2884.48,4685.0,3417.9700000000003,3916.67,262.94
1237,1,Pastry_107,0.0,0.0,0.0,0.0,0.0,0.0,0.0,0.0,0.0,0.0,0.0,0.0,0.0,0.0,0.0,0.0,0.0,0.0,0.0,0.0,0.0,0.0,0.0,0.0,0.0,0.0,0.0,0.0,0.0,0.0,0.0,0.0,0.0,0.0,72.4,697.21,576.09,487.87,444.35,422.27,620.75,1055.55,472.33,745.81,475.42,784.24,87.83
1238,1,Tomato_50,0.0,0.0,0.0,0.0,0.0,0.0,0.0,0.0,0.0,0.0,0.0,0.0,0.0,0.0,0.0,0.0,0.0,0.0,0.0,0.0,0.0,0.0,186.0,1000.28,691.45,698.18,1403.17,1059.23,724.73,146.91,0.0,0.0,282.91,897.39,2724.1,4253.85,1934.1,3027.29,1386.63,0.0,0.0,0.0,0.0,0.0,0.0,81.11,115.39
1239,1,Parsley_5,0.0,0.0,0.0,0.0,0.0,0.0,0.0,0.0,0.0,0.0,0.0,0.0,0.0,0.0,0.0,0.0,0.0,0.0,0.0,0.0,0.0,0.0,0.0,476.18,342.38,667.99,666.31,806.9300000000001,1509.93,1725.77,1320.85,1797.05,1626.8100000000002,1135.65,1232.81,975.05,937.88,935.14,890.82,944.28,1123.03,1718.1599999999999,1593.81,2385.4900000000002,2113.26,602.34,0.0
1241,1,Apple_73,0.0,0.0,0.0,0.0,0.0,0.0,0.0,0.0,0.0,0.0,0.0,0.0,0.0,0.0,0.0,0.0,0.0,0.0,0.0,0.0,0.0,0.0,0.0,0.0,0.0,0.0,0.0,0.0,0.0,0.0,0.0,0.0,0.0,0.0,0.0,0.0,0.0,0.0,0.0,0.0,0.0,1232.2,0.0,0.0,0.0,0.0,0.0
1243,1,Potato_41,0.0,0.0,0.0,0.0,0.0,0.0,0.0,0.0,0.0,0.0,0.0,0.0,0.0,0.0,0.0,0.0,0.0,0.0,0.0,0.0,0.0,0.0,0.0,0.0,0.0,0.0,0.0,0.0,0.0,0.0,0.0,0.0,0.0,0.0,0.0,0.0,0.0,0.0,0.0,0.0,0.0,0.0,0.0,758.68,3158.05,2323.3,0.0
1244,1,Bread_92,0.0,0.0,0.0,0.0,0.0,0.0,0.0,0.0,403.4,1315.22,1337.1100000000001,1627.5,1815.33,1738.82,1928.96,1918.84,1711.38,2215.85,1755.46,385.0,1309.54,1331.25,1343.03,1706.25,1215.84,1673.6299999999999,1147.68,1288.3700000000001,1271.71,1455.06,1273.16,1149.47,960.98,946.33,926.36,1011.24,1079.89,1426.45,1102.22,1230.18,951.08,1220.1,931.36,894.16,1237.0,983.82,62.010000000000005
1245,1,Chicken_52,0.0,0.0,0.0,0.0,0.0,0.0,0.0,0.0,0.0,0.0,0.0,0.0,0.0,0.0,0.0,0.0,0.0,0.0,0.0,0.0,0.0,0.0,0.0,0.0,0.0,0.0,578.6,649.71,557.83,0.0,362.56,452.95,536.95,726.18,610.95,801.59,1502.7,1481.46,1239.24,845.31,865.46,1035.62,804.3,840.9,896.04,1143.52,50.53
1247,1,Tomato_51,0.0,0.0,0.0,0.0,0.0,0.0,0.0,0.0,0.0,0.0,0.0,0.0,0.0,0.0,0.0,0.0,0.0,0.0,0.0,0.0,0.0,0.0,0.0,0.0,0.0,0.0,0.0,0.0,0.0,0.0,0.0,0.0,0.0,0.0,0.0,0.0,0.0,0.0,0.0,0.0,0.0,0.0,0.0,4675.07,574.95,0.0,0.0
1251,1,Watermelon_13,20858.84,6674.64,773.97,0.0,0.0,0.0,0.0,0.0,0.0,3805.9900000000002,282.78999999999996,0.0,0.0,0.0,0.0,0.0,0.0,0.0,0.0,0.0,0.0,3245.34,841.89,3224.84,0.0,510.74,0.0,0.0,0.0,0.0,0.0,0.0,0.0,1731.51,2293.03,13524.95,5813.74,0.0,0.0,0.0,0.0,0.0,0.0,0.0,0.0,0.0,0.0
1254,1,Melon_8,0.0,0.0,0.0,0.0,0.0,0.0,0.0,0.0,0.0,0.0,0.0,0.0,0.0,0.0,0.0,0.0,0.0,0.0,0.0,0.0,0.0,0.0,0.0,0.0,0.0,0.0,0.0,0.0,0.0,0.0,0.0,0.0,0.0,0.0,524.83,2058.62,1858.44,580.23,0.0,0.0,0.0,0.0,0.0,0.0,0.0,0.0,0.0
1255,1,Apple_74,2414.9900000000002,14074.81,7044.12,7508.57,7868.11,9271.89,9839.12,6877.55,0.0,0.0,1804.77,2375.7599999999998,2010.72,5032.96,10852.74,8596.29,7372.41,8772.52,5613.58,7164.85,5298.85,5729.2699999999995,4091.4700000000003,3785.25,2596.2,0.0,0.0,0.0,0.0,0.0,787.11,668.13,0.0,0.0,0.0,0.0,0.0,0.0,0.0,0.0,0.0,1593.82,4229.7,5557.97,5636.75,2644.73,101.84
1263,1,Blueberry_18,0.0,0.0,0.0,0.0,0.0,0.0,0.0,0.0,0.0,0.0,0.0,0.0,0.0,0.0,0.0,0.0,0.0,0.0,0.0,0.0,0.0,0.0,0.0,0.0,0.0,331.7,2803.3,688.3000000000001,854.04,518.02,1390.98,2439.4,2467.39,1960.82,2347.78,604.43,0.0,707.27,2964.56,3369.2400000000002,3029.13,2725.41,1388.85,2649.57,2299.7,4287.81,235.69
1264,1,Salad_27,1240.66,934.77,984.91,883.39,838.05,1127.37,1426.96,1454.22,1155.1399999999999,1054.04,1152.78,866.5600000000001,863.48,1017.9,1065.33,1273.23,1010.72,1613.85,1515.33,1630.6,1301.01,2375.05,1864.32,1845.83,1461.16,1853.82,1808.7,1480.88,1162.76,1762.9,811.64,1956.03,1712.77,1694.15,1363.2,1192.88,1827.73,1645.58,803.82,874.6,698.79,822.49,101.13,0.0,0.0,0.0,0.0
1266,1,Rice Cake_0,569.01,456.81,521.59,488.55,361.07,697.95,711.91,590.59,535.17,668.18,928.6700000000001,713.69,468.12,529.35,752.0,635.09,589.29,699.17,508.14,902.36,541.87,544.01,546.15,507.58,423.81,427.17,371.67,397.5,372.83,555.2,412.05,413.14,514.7,518.99,438.68,403.53,492.83,443.61,727.58,456.78000000000003,416.82,517.0,509.22,484.78000000000003,868.6700000000001,497.06,24.62
1274,1,Flower_8,0.0,0.0,0.0,0.0,0.0,0.0,0.0,0.0,0.0,0.0,0.0,0.0,0.0,0.0,0.0,0.0,0.0,0.0,0.0,0.0,0.0,0.0,0.0,0.0,0.0,0.0,0.0,0.0,0.0,0.0,0.0,603.51,0.0,0.0,0.0,0.0,0.0,317.91,336.69,0.0,0.0,0.0,0.0,0.0,0.0,0.0,0.0
1277,1,Strawberry_19,0.0,0.0,0.0,0.0,0.0,0.0,0.0,0.0,0.0,2544.83,2795.48,0.0,0.0,0.0,0.0,0.0,0.0,0.0,0.0,0.0,874.5699999999999,6208.56,2452.0699999999997,0.0,0.0,0.0,0.0,0.0,0.0,0.0,0.0,0.0,0.0,0.0,0.0,0.0,0.0,0.0,0.0,0.0,0.0,0.0,0.0,0.0,0.0,0.0,0.0
1287,1,Watermelon_14,0.0,0.0,0.0,0.0,0.0,0.0,0.0,0.0,0.0,0.0,0.0,30911.43,16762.8,0.0,0.0,0.0,0.0,0.0,0.0,0.0,0.0,0.0,0.0,17629.01,0.0,0.0,0.0,0.0,0.0,0.0,0.0,0.0,0.0,0.0,0.0,8595.28,38626.31,0.0,0.0,0.0,0.0,0.0,0.0,0.0,0.0,0.0,0.0
1289,1,Pastry_111,2739.49,5070.11,4998.94,4651.73,3556.13,4097.7300000000005,3391.21,4472.86,3970.46,4642.72,3019.54,2684.26,3121.01,3248.42,3397.48,3597.9,2364.3,3062.37,2525.84,2942.23,2214.7,2426.02,2345.82,2057.46,2191.43,2646.81,3757.9900000000002,3054.87,2045.23,2969.46,4477.4,2901.89,2028.35,2576.07,2682.29,3296.59,3103.08,2960.83,2967.38,3273.38,2574.4,3146.2599999999998,5997.04,3925.66,3422.0099999999998,3459.09,164.97
1293,1,Onion_24,0.0,0.0,0.0,0.0,0.0,0.0,0.0,0.0,0.0,0.0,0.0,0.0,0.0,0.0,0.0,0.0,0.0,0.0,0.0,0.0,0.0,0.0,0.0,0.0,194.38,332.99,348.41,435.55,219.39,263.53,325.29,408.94,484.65,1008.84,274.81,351.28,701.85,456.08,0.0,614.98,1146.84,1414.99,1246.0,1235.93,1270.6,894.82,43.41
1295,1,Rice Cake_1,1980.4099999999999,2138.63,2145.73,1713.53,1999.93,2647.78,1947.85,2650.83,2385.7,2522.25,1580.09,1635.53,1969.68,1998.1000000000001,1718.95,1805.44,1680.82,2165.78,2894.01,1959.37,2167.85,2083.58,1699.19,1600.55,2366.52,1601.1,1787.41,1018.99,1340.76,2061.64,1555.54,1715.19,1328.02,1694.74,1573.84,1910.17,1329.54,1477.09,1726.55,1770.94,1336.3899999999999,1505.06,1446.3799999999999,1400.54,1661.86,1703.99,61.8
1296,1,Salad_28,0.0,0.0,0.0,0.0,0.0,0.0,0.0,0.0,0.0,0.0,0.0,0.0,0.0,0.0,0.0,0.0,0.0,0.0,0.0,0.0,0.0,0.0,0.0,0.0,0.0,0.0,0.0,0.0,0.0,0.0,0.0,0.0,0.0,0.0,0.0,0.0,0.0,0.0,0.0,0.0,0.0,0.0,368.39,689.93,1361.41,2216.68,224.61
1298,1,Sweet Potato_9,0.0,1314.68,4076.2000000000003,5462.86,4092.56,3092.32,1575.43,4102.72,3773.15,3293.65,2358.78,1918.01,2970.46,3231.13,3571.17,6710.360000000001,5133.32,8525.85,7052.8099999999995,5006.03,4050.44,3765.95,2752.47,2310.98,2330.85,4398.95,2550.39,1370.65,2470.3,2923.02,2609.95,2720.44,2786.48,2390.95,2118.94,2337.15,2013.34,2397.99,4036.61,2824.79,2701.27,2694.31,2782.04,2723.93,2609.33,2512.0,180.51
1299,1,Bread_96,451.27,505.94,851.33,912.89,547.66,895.38,823.56,726.15,945.72,609.11,653.83,564.53,735.04,471.45,658.13,373.13,361.26,861.63,753.89,1018.25,605.57,878.66,616.83,956.12,509.07,570.27,591.04,1121.16,502.74,609.79,1187.06,577.84,722.23,792.91,488.56,477.83,487.1,415.22,392.19,412.23,542.24,476.43,588.74,404.78999999999996,635.59,596.88,23.44
1303,1,Vegetable_13,1288.74,1918.1,1872.21,2190.06,2502.15,2603.06,2354.77,2809.41,2582.57,1408.86,700.3399999999999,1579.0,2230.7,2713.02,2188.68,3838.71,2507.66,3101.0,2370.98,2491.55,2258.82,1989.49,1885.73,1830.91,2025.21,2432.25,2440.9,2738.7400000000002,2647.8,3405.91,2674.44,3294.6,3350.24,2707.77,1910.37,2106.22,2246.45,2651.51,2811.27,3870.77,2851.45,3277.18,3100.99,3499.59,3110.24,2465.01,184.39
1304,1,Tomato_55,0.0,0.0,0.0,0.0,0.0,0.0,0.0,0.0,0.0,0.0,0.0,0.0,0.0,0.0,0.0,0.0,0.0,0.0,0.0,0.0,0.0,0.0,119.49,322.11,236.42000000000002,124.73,0.0,0.0,0.0,0.0,0.0,1024.16,976.98,0.0,0.0,0.0,0.0,0.0,0.0,0.0,0.0,468.46000000000004,854.94,52.7,0.0,0.0,0.0
1305,1,Pomegranate_2,0.0,0.0,0.0,0.0,0.0,0.0,0.0,0.0,0.0,0.0,0.0,0.0,0.0,0.0,0.0,0.0,0.0,0.0,0.0,0.0,0.0,0.0,0.0,0.0,0.0,0.0,0.0,260.76,1188.75,0.0,0.0,0.0,0.0,0.0,0.0,0.0,0.0,0.0,0.0,0.0,0.0,0.0,0.0,0.0,0.0,0.0,0.0
1315,1,Apple_76,0.0,0.0,0.0,0.0,0.0,0.0,0.0,0.0,0.0,0.0,0.0,0.0,0.0,0.0,0.0,0.0,0.0,0.0,0.0,0.0,0.0,0.0,0.0,0.0,0.0,0.0,0.0,0.0,0.0,0.0,0.0,0.0,0.0,0.0,0.0,0.0,0.0,81.21000000000001,1867.65,1527.26,1761.1200000000001,129.86,0.0,0.0,0.0,0.0,0.0
1316,1,Lemon_6,0.0,0.0,0.0,0.0,0.0,0.0,0.0,0.0,0.0,0.0,0.0,0.0,0.0,0.0,0.0,0.0,0.0,0.0,0.0,0.0,0.0,0.0,0.0,400.59000000000003,451.82,614.29,534.0,522.49,335.81,347.72,264.26,395.1,239.37,496.38,435.9,533.52,322.24,0.0,0.0,0.0,0.0,0.0,0.0,0.0,0.0,0.0,0.0
1319,1,Pastry_113,2960.13,4622.73,4851.57,4981.39,3707.61,4620.48,4237.4,4702.06,5067.4,3867.2,3774.37,3498.38,3053.24,4198.42,5162.96,4883.49,3527.2,4244.66,4197.62,4465.11,3926.4,4140.32,3572.98,2655.27,2872.1,3221.52,3537.38,2936.21,2298.33,2872.96,2452.4,2693.29,2305.46,2470.28,3127.52,2179.01,2392.05,2532.31,2369.19,3265.23,2751.99,2844.49,3085.6,2558.27,2438.89,2416.41,113.87
1320,1,Bread_99,955.01,1002.1899999999999,1144.47,1391.66,1217.4,1260.83,1058.35,1542.1,1389.55,1056.67,844.26,891.42,999.72,1038.78,1121.56,1089.84,1046.16,1076.72,858.42,999.6,858.31,892.01,928.3,788.83,834.73,788.87,1069.5,813.17,1071.22,910.77,738.68,750.9,734.11,721.8100000000001,987.74,709.65,108.34,0.0,0.0,0.0,0.0,0.0,0.0,0.0,0.0,0.0,0.0
1323,1,Nectarine_8,0.0,0.0,0.0,0.0,0.0,0.0,0.0,0.0,0.0,0.0,0.0,0.0,0.0,0.0,0.0,0.0,0.0,0.0,0.0,0.0,0.0,0.0,0.0,0.0,0.0,0.0,0.0,0.0,0.0,0.0,0.0,0.0,0.0,0.0,0.0,533.21,3792.35,4859.76,303.26,0.0,0.0,0.0,0.0,0.0,0.0,0.0,0.0
1325,1,Bagel_7,0.0,0.0,0.0,0.0,0.0,0.0,0.0,0.0,0.0,0.0,0.0,0.0,0.0,0.0,0.0,0.0,0.0,0.0,0.0,0.0,0.0,0.0,0.0,0.0,0.0,0.0,338.61,380.4,355.64,497.72,391.09000000000003,463.01,416.81,532.9,686.55,464.76,1194.69,644.96,692.54,803.22,699.1999999999999,678.48,664.33,719.94,619.09,694.53,0.0
1329,1,Pork_22,3395.07,3765.36,4003.92,3895.1,4263.83,3610.31,5358.35,5452.54,6563.16,4347.15,2488.12,2719.14,2804.53,2846.89,3914.27,4755.900000000001,4246.98,5114.66,3880.7400000000002,4203.15,4587.87,4111.2300000000005,3808.57,4206.03,5201.92,5324.12,4865.38,4973.64,5699.94,7863.98,7068.3,7761.79,7317.8099999999995,7863.04,5014.75,5432.31,7191.5,4075.36,7836.6,5248.03,8569.55,6534.53,6062.06,7723.34,8649.18,6327.75,317.89
1333,1,Watermelon_15,0.0,0.0,0.0,0.0,0.0,0.0,0.0,0.0,151.25,5546.06,13760.32,3851.1000000000004,0.0,0.0,230.71,161.92,480.93000000000006,0.0,0.0,621.59,758.73,1986.9099999999999,4004.39,960.7,3005.3900000000003,0.0,0.0,0.0,0.0,0.0,0.0,0.0,376.31,1015.21,4884.59,1722.45,0.0,0.0,0.0,0.0,0.0,0.0,0.0,0.0,0.0,0.0,0.0
1339,1,Baguette_22,4291.32,4200.01,5405.83,7540.4,7676.48,6272.72,4922.1,6470.09,7081.74,6229.58,6654.94,5076.23,4446.1,4733.64,4005.45,3970.03,5195.8099999999995,6505.79,5085.4,6313.16,4100.78,4107.07,3128.2,2536.42,2416.81,2543.39,2800.35,3123.46,2533.08,2768.04,5064.96,3571.63,1723.09,1830.89,1901.8,1597.55,2423.22,1612.99,2746.43,2769.94,1821.45,1696.85,1288.52,1129.56,1074.16,1094.1399999999999,104.56
1342,1,Turkey_12,0.0,0.0,0.0,0.0,0.0,0.0,0.0,0.0,0.0,0.0,0.0,0.0,0.0,0.0,0.0,0.0,0.0,0.0,0.0,0.0,0.0,0.0,0.0,0.0,0.0,119.04,406.36,584.31,597.62,698.59,455.78,724.05,484.24,423.21999999999997,294.93,266.48,278.01,292.71,410.03,289.24,590.54,387.54,423.15,278.18,345.41,224.66,5.630000000000001
1344,1,Tulip_1,0.0,0.0,0.0,0.0,0.0,0.0,0.0,0.0,0.0,0.0,0.0,0.0,0.0,0.0,0.0,0.0,0.0,0.0,0.0,0.0,0.0,0.0,0.0,0.0,0.0,0.0,0.0,0.0,0.0,0.0,60.45,704.75,197.32999999999998,0.0,0.0,0.0,0.0,0.0,0.0,0.0,0.0,0.0,0.0,0.0,0.0,0.0,0.0
1345,1,Leek_3,4000.52,4721.2,4684.09,5499.28,8248.14,9779.27,6857.53,9037.14,7268.58,5008.61,4134.49,2724.64,3717.9700000000003,3769.78,4327.2300000000005,4718.73,5191.99,6848.85,5194.72,5624.7,4918.49,3947.68,2759.59,3575.76,2742.99,1139.22,816.47,5450.0,4725.32,5950.66,5036.92,5681.29,6044.08,5390.08,3757.4700000000003,6488.18,4156.51,4136.38,6689.99,7361.91,5963.33,6522.96,6005.45,8073.57,5196.64,1755.07,305.21
1349,1,Bread_101,0.0,0.0,0.0,0.0,0.0,0.0,0.0,0.0,0.0,0.0,0.0,0.0,97.07,369.74,371.02,316.08,444.92,526.63,436.22,463.76,505.31,702.92,714.22,343.73,440.17,339.69,0.0,368.35,530.15,343.34000000000003,326.62,431.16,348.65,511.07,452.65,565.29,485.28,539.33,433.91,509.58,587.36,519.03,492.6,609.11,540.88,598.18,29.28
1354,1,Donut_24,0.0,0.0,0.0,0.0,0.0,0.0,0.0,0.0,0.0,0.0,0.0,0.0,0.0,0.0,0.0,0.0,0.0,0.0,0.0,0.0,0.0,0.0,0.0,0.0,0.0,0.0,0.0,0.0,0.0,0.0,0.0,0.0,0.0,943.52,0.0,108.43,0.0,0.0,0.0,0.0,0.0,0.0,0.0,0.0,0.0,0.0,0.0
1360,1,Pastry_115,0.0,0.0,0.0,0.0,0.0,0.0,0.0,0.0,0.0,0.0,0.0,0.0,0.0,0.0,0.0,0.0,0.0,0.0,0.0,0.0,0.0,0.0,0.0,0.0,0.0,0.0,0.0,0.0,0.0,0.0,0.0,0.0,0.0,0.0,0.0,0.0,0.0,320.38,788.14,722.18,662.55,626.29,1068.45,944.04,841.74,1132.87,47.22
1364,1,Thyme_2,271.26,476.07,626.6,736.71,904.63,939.12,771.14,668.39,583.09,93.47,156.46,182.99,257.06,13.17,404.75,598.26,838.25,628.05,581.2,412.86,0.0,0.0,0.0,0.0,0.0,0.0,206.34,435.75,529.45,510.02,358.04,364.18,317.11,236.25,219.07999999999998,229.47,293.53,537.18,606.83,803.44,1129.07,771.03,648.07,727.29,513.93,379.35,25.79
1366,1,Lime_7,0.0,220.0,271.97,243.4,557.57,431.54,367.56,303.43,0.0,0.0,78.22,396.3,369.9,351.99,228.2,282.25,549.33,332.11,455.39,453.95,332.96,432.48,590.86,833.71,955.62,505.96,427.01,510.82,818.2,544.08,190.27,203.25,228.3,728.88,893.65,1093.61,1089.93,722.24,616.66,472.41,699.49,785.46,470.05,398.94,0.0,0.0,0.0
1369,1,Croissant_20,463.64,530.8100000000001,752.9,477.66,417.86,685.6899999999999,626.52,701.47,927.55,1344.79,711.73,487.18,0.0,0.0,0.0,0.0,0.0,0.0,0.0,0.0,0.0,136.22,597.04,304.48,449.03,328.44,177.20999999999998,473.09000000000003,353.72,469.75,1110.51,596.67,530.44,588.34,629.66,717.36,811.58,752.5,759.41,797.45,644.84,960.74,789.05,635.42,718.84,1109.14,69.89
1372,1,Chicken_55,134.56,206.26,689.18,820.26,986.23,1616.89,1771.05,2781.34,2628.59,2444.85,1732.47,1426.13,1679.57,1581.34,1578.65,935.25,747.88,927.4,1162.56,987.1,548.8100000000001,791.76,985.88,817.39,758.44,747.08,839.44,799.66,1076.6200000000001,1427.9,1078.76,1042.54,1006.95,1215.6,1004.8100000000001,978.8,1064.04,1191.02,1032.78,999.39,978.08,1296.3700000000001,989.3,961.06,959.3,1415.21,63.65
1377,1,Chicken_56,0.0,0.0,0.0,0.0,0.0,202.78,560.87,517.9399999999999,433.37,549.7,604.4300000000001,735.54,840.06,709.91,599.58,656.0,518.62,593.29,164.18,504.55,365.9,481.11,397.24,274.14,500.57,626.84,614.42,600.32,551.82,234.47,214.31,665.97,482.14,597.98,589.94,521.0,580.88,583.23,662.24,654.77,590.92,703.68,665.8199999999999,654.38,618.21,623.63,35.44
1378,1,Chicken_57,0.0,0.0,0.0,0.0,0.0,0.0,0.0,0.0,0.0,0.0,0.0,0.0,0.0,0.0,0.0,0.0,0.0,1224.97,994.33,1003.4,843.88,329.73,634.58,1724.8,2322.31,2867.1,2957.92,3289.7,2458.18,3051.63,2807.34,4033.45,3371.11,3827.35,3053.87,2859.59,2677.19,2731.04,3887.37,2485.81,3653.28,2731.01,2215.28,2577.68,2500.55,2815.99,198.32
1382,1,Spinach_7,0.0,0.0,0.0,0.0,0.0,0.0,0.0,0.0,0.0,0.0,0.0,0.0,0.0,0.0,0.0,0.0,0.0,0.0,0.0,0.0,0.0,0.0,0.0,0.0,0.0,163.8,0.0,0.0,0.0,0.0,136.5,0.0,0.0,0.0,0.0,4.95,0.0,0.0,0.0,336.79,456.79,695.51,646.67,709.54,1329.3,1181.27,98.51
1383,1,Chicken_58,3823.61,995.68,1239.32,1076.71,872.21,1081.94,649.92,847.5699999999999,635.58,644.01,503.47,461.87,608.1,845.1,695.78,593.61,699.17,672.88,604.78,723.37,570.84,641.78,541.48,472.0,458.68,583.11,548.37,575.12,543.6,807.67,757.85,717.3,974.36,1118.01,914.51,961.08,1061.49,1293.1,1596.21,1475.33,1690.61,2446.45,2035.97,2097.9900000000002,2702.18,2374.99,195.09
1386,1,Chicken_59,0.0,0.0,0.0,0.0,0.0,0.0,0.0,0.0,0.0,0.0,0.0,0.0,0.0,0.0,0.0,0.0,0.0,0.0,0.0,0.0,0.0,0.0,0.0,0.0,0.0,0.0,0.0,0.0,0.0,0.0,0.0,0.0,0.0,0.0,0.0,0.0,0.0,0.0,0.0,0.0,0.0,0.0,0.0,0.0,0.0,0.0,0.0
1389,1,Mandarin_10,0.0,0.0,0.0,0.0,0.0,0.0,0.0,0.0,0.0,0.0,0.0,0.0,0.0,0.0,0.0,0.0,0.0,0.0,0.0,0.0,0.0,0.0,0.0,0.0,0.0,0.0,0.0,0.0,2455.7,10652.14,5504.05,2066.69,1523.21,905.84,463.42,329.97,236.3,415.32,1237.76,3373.86,5825.79,4100.35,2932.27,2032.52,2013.56,1241.56,41.64
1391,1,Salmon_8,0.0,0.0,0.0,0.0,0.0,0.0,0.0,0.0,0.0,0.0,0.0,0.0,0.0,0.0,0.0,0.0,0.0,0.0,0.0,0.0,0.0,0.0,0.0,0.0,0.0,0.0,0.0,0.0,0.0,35.64,354.49,379.56,383.89,579.1800000000001,310.34,334.27,413.8,400.76,346.36,417.66,724.16,624.74,523.09,687.82,555.88,578.7,26.97
1392,1,Tomato_58,0.0,0.0,0.0,0.0,0.0,0.0,0.0,0.0,0.0,0.0,0.0,0.0,0.0,0.0,361.77,306.74,335.3,318.35,299.61,171.77,108.24,159.16,98.74000000000001,107.18,158.84,27.14,114.4,81.36,296.11,903.38,856.46,461.76,304.92,501.42,495.18,177.92,0.0,0.0,0.0,0.0,0.0,0.0,0.0,0.0,0.0,0.0,0.0
1393,1,Tortilla_9,2040.13,1595.18,1962.97,1519.21,1845.5900000000001,1907.45,1865.05,1487.89,2835.86,2322.2599999999998,1585.12,1249.6,1208.93,1249.07,1251.51,982.92,1089.06,1709.47,1247.75,1710.14,1231.46,1277.1,1205.51,1246.55,1007.99,1064.49,935.69,976.17,787.73,941.34,702.01,490.75,372.40999999999997,153.71,440.34999999999997,423.07,457.39,530.57,516.8,547.63,411.38,545.37,467.25,477.82,447.04,463.58,51.86
1396,1,Basil_1,1703.68,1817.42,1854.81,1599.85,1606.47,2402.43,3314.88,3102.61,2845.49,2337.23,2252.05,2093.77,1575.44,1424.52,1476.64,1312.6,1163.5,1502.42,2059.88,1363.15,0.0,0.0,0.0,0.0,0.0,0.0,401.36,751.04,828.84,1297.94,1101.43,990.62,909.94,928.9,956.11,1050.65,942.66,1819.64,1309.02,1375.11,2407.0099999999998,2396.52,2369.05,2642.89,1868.75,1659.03,102.01
1397,1,Salad_30,182.01,190.42000000000002,147.36,200.18,209.62,285.2,419.67,358.94,576.72,585.42,479.85,548.09,708.1,430.76,0.0,0.0,0.0,0.0,0.0,0.0,0.0,0.0,0.0,0.0,0.0,0.0,230.34,329.08,349.37,807.13,613.54,844.38,863.52,848.5600000000001,766.48,1055.1,813.16,914.14,788.3,704.27,775.28,865.37,905.24,919.47,515.12,768.6,74.32
1398,1,Apple_79,0.0,0.0,0.0,0.0,0.0,0.0,0.0,0.0,0.0,0.0,0.0,0.0,0.0,0.0,0.0,0.0,0.0,0.0,0.0,0.0,0.0,0.0,0.0,0.0,0.0,0.0,0.0,0.0,0.0,0.0,0.0,0.0,0.0,0.0,0.0,0.0,43.04,5956.08,6485.32,4103.0,4409.19,1675.21,0.0,0.0,0.0,0.0,0.0
1399,1,Cucumber_19,0.0,0.0,0.0,0.0,0.0,0.0,0.0,0.0,0.0,0.0,0.0,0.0,0.0,0.0,0.0,0.0,0.0,0.0,0.0,0.0,0.0,0.0,0.0,0.0,0.0,0.0,0.0,0.0,0.0,93.44999999999999,684.28,933.62,1025.78,1305.74,927.21,843.52,948.99,1175.69,1181.63,209.54,0.0,0.0,0.0,0.0,0.0,0.0,0.0
1401,1,Onion_26,0.0,0.0,0.0,0.0,0.0,0.0,0.0,0.0,0.0,645.53,709.1800000000001,1411.33,2083.66,2333.35,1437.55,1469.1399999999999,1911.52,1626.81,1512.14,1406.99,1260.11,1289.09,1498.27,4154.31,3842.5099999999998,1315.82,937.4,1044.79,1601.2,1256.1,1031.27,712.1,620.26,486.9,829.27,963.6700000000001,1488.98,2043.46,997.4,852.19,1600.41,1539.28,2399.66,4100.83,3247.06,2086.08,52.6
1402,1,Roll_26,10795.51,11934.97,11766.25,12478.63,13640.36,14595.07,14789.43,15403.07,15553.15,15125.53,14674.130000000001,13803.81,14833.71,19140.89,17086.62,14552.26,12720.79,10939.02,11601.05,13041.12,12725.89,10163.94,9291.460000000001,17425.91,19360.14,9004.72,7246.84,4853.75,4509.41,3849.81,3052.57,6897.84,5571.58,4095.93,4840.75,4511.7699999999995,4919.53,8800.89,6459.12,5578.9400000000005,9395.94,7669.82,4972.47,6879.4,7457.23,6873.9400000000005,405.93
1403,1,Pear_23,0.0,0.0,0.0,0.0,0.0,0.0,0.0,0.0,0.0,0.0,0.0,0.0,0.0,0.0,0.0,0.0,0.0,0.0,0.0,0.0,0.0,0.0,0.0,0.0,278.64,546.69,0.0,0.0,0.0,0.0,0.0,0.0,0.0,0.0,0.0,50.78,521.55,0.0,0.0,0.0,0.0,0.0,0.0,0.0,0.0,0.0,0.0
1404,1,Bread_106,1034.81,124.92999999999999,0.0,117.92,550.36,1310.56,612.41,723.65,848.05,1051.86,733.6,780.48,620.33,954.04,951.47,816.8,648.76,955.15,1057.95,803.1800000000001,745.21,683.3,654.87,795.11,651.0,621.29,969.6800000000001,582.55,864.39,754.26,602.09,787.39,696.76,957.54,884.49,689.04,1063.45,708.42,851.35,752.75,777.61,1161.72,777.5699999999999,767.1899999999999,806.37,837.09,50.44
1405,1,Pastry_116,1052.21,969.54,1105.78,1145.65,1347.46,1132.25,1576.17,1765.57,1394.3,1275.18,1291.64,1152.78,1055.09,1018.23,1031.55,1012.05,1207.49,1154.55,891.59,855.28,840.8,968.37,1023.4399999999999,961.74,1045.74,857.44,1031.21,774.91,936.8,862.29,641.96,520.91,604.04,834.06,542.25,593.24,816.97,963.23,838.56,914.13,1939.12,1335.17,1022.58,1277.55,1159.56,795.5500000000001,64.18
1408,1,Rosemary_1,441.85,523.51,561.87,873.54,1109.82,1227.79,834.34,1062.41,830.09,840.28,681.3,546.85,406.86,415.42,492.44,601.03,1089.99,552.46,579.25,466.88,0.0,0.0,0.0,0.0,0.0,0.0,204.91,534.78,742.3,599.75,397.74,426.6,384.98,340.07,364.02,319.89,461.27,536.98,412.44,836.34,1371.56,793.63,676.24,820.09,499.2,481.55,30.3
1415,1,Mushroom_13,906.87,899.66,416.96,885.5,965.34,976.89,1029.3700000000001,1185.49,1216.5,1208.94,1074.19,931.41,981.72,966.04,904.19,894.81,884.77,1211.99,1147.03,1167.8,984.88,1200.36,1105.22,978.28,971.29,850.78,766.14,770.84,559.48,910.17,736.74,881.79,758.69,877.72,854.92,767.5699999999999,859.76,644.07,627.65,823.0,870.61,1072.29,892.42,929.03,1611.77,1489.82,55.870000000000005
1416,1,Salad_31,1203.84,966.89,974.49,1130.51,1295.01,2423.0099999999998,1875.29,2172.99,2284.08,1756.89,1610.51,1460.76,1431.7,1445.19,1384.17,1646.24,1593.28,2233.39,1534.9,1367.54,1359.78,1609.3600000000001,1683.56,1701.72,1588.61,1401.06,1390.1100000000001,1890.75,1476.06,914.37,0.0,0.0,0.0,0.0,0.0,0.0,0.0,0.0,0.0,0.0,0.0,0.0,0.0,0.0,0.0,0.0,0.0
1425,1,Cucumber_20,0.0,0.0,0.0,0.0,0.0,0.0,0.0,0.0,0.0,0.0,147.44,2145.9,3589.43,1598.1200000000001,432.05,0.0,0.0,0.0,0.0,0.0,0.0,0.0,1327.3799999999999,2076.71,2165.26,2028.1,1913.9,1796.22,1842.77,1778.85,1594.38,1549.9,1442.47,1739.71,2165.6,2692.44,3291.35,2801.67,2191.9,2439.46,1966.31,1719.9,1803.08,1870.77,1852.07,2224.39,127.92
1430,1,Flower_9,0.0,0.0,0.0,0.0,0.0,0.0,0.0,0.0,0.0,0.0,0.0,0.0,0.0,0.0,0.0,0.0,0.0,84.00999999999999,72.79,0.0,0.0,0.0,0.0,0.0,0.0,0.0,0.0,0.0,0.0,78.58,325.86,437.77000000000004,0.0,0.0,0.0,0.0,0.0,0.0,0.0,0.0,0.0,0.0,345.95,0.0,0.0,0.0,0.0
1431,1,Apple_81,0.0,0.0,0.0,0.0,0.0,0.0,0.0,0.0,0.0,0.0,0.0,0.0,0.0,0.0,0.0,0.0,0.0,0.0,0.0,0.0,0.0,0.0,0.0,0.0,0.0,0.0,0.0,0.0,0.0,2443.59,4225.87,6344.08,5624.72,6225.79,4819.67,4340.2,3555.54,0.0,0.0,0.0,0.0,0.0,0.0,0.0,0.0,0.0,0.0
1439,1,Pastry_117,0.0,0.0,0.0,0.0,0.0,0.0,81.77,697.71,1109.65,1563.95,1591.29,1272.47,1884.99,2192.4,2427.79,2536.36,1732.91,2388.8,2333.17,2926.32,2531.7,2836.84,2385.23,1962.79,2123.2799999999997,2069.18,2616.79,2629.29,2094.44,2663.92,2502.26,5256.91,3229.49,3830.73,1056.59,0.0,0.0,0.0,0.0,0.0,0.0,0.0,0.0,0.0,0.0,0.0,0.0
1442,1,Apple_84,0.0,0.0,0.0,0.0,0.0,0.0,0.0,0.0,0.0,0.0,0.0,0.0,0.0,0.0,0.0,0.0,0.0,0.0,0.0,0.0,0.0,0.0,0.0,0.0,0.0,0.0,0.0,0.0,0.0,0.0,0.0,0.0,0.0,0.0,0.0,0.0,717.18,320.04,0.0,0.0,0.0,0.0,0.0,0.0,0.0,0.0,0.0
1444,1,Wrap_2,0.0,0.0,0.0,0.0,0.0,0.0,0.0,0.0,0.0,0.0,0.0,0.0,0.0,0.0,0.0,0.0,0.0,0.0,0.0,0.0,0.0,24.669999999999998,155.17,191.36,255.51,339.78000000000003,259.2,272.69,227.5,450.26,425.4,408.25,534.6899999999999,495.73,423.24,456.84000000000003,290.12,506.19,483.57,499.51,344.62,623.2,614.7,673.81,669.03,699.02,40.33
1445,1,Banana_11,0.0,0.0,0.0,0.0,0.0,0.0,0.0,0.0,0.0,0.0,0.0,0.0,0.0,0.0,0.0,0.0,0.0,0.0,0.0,0.0,0.0,0.0,0.0,0.0,0.0,0.0,0.0,0.0,0.0,0.0,0.0,0.0,0.0,0.0,135.26999999999998,404.37,215.05,148.68,0.0,0.0,0.0,222.26,478.17,1815.22,1740.95,1730.17,98.53
1446,1,Beef_15,0.0,0.0,0.0,0.0,0.0,0.0,0.0,0.0,0.0,0.0,48.32,263.37,454.45,414.41,384.68,587.74,600.6,704.86,496.57,623.8100000000001,687.28,565.4,391.27,313.56,188.78,432.53,473.4,525.79,511.39,536.02,469.89,543.88,646.28,632.09,477.59000000000003,492.13,506.95,672.69,576.79,484.84,535.05,534.31,383.06,591.72,632.78,501.18,21.91
1447,1,Bread_111,1113.31,1008.52,1404.4,1076.7,1030.45,1284.64,1201.11,1483.13,1335.65,1097.26,968.62,977.83,1439.05,1018.62,1910.82,1250.84,1310.7,1127.15,833.84,855.74,797.68,803.4,818.89,829.17,876.77,809.5899999999999,1066.3799999999999,803.9399999999999,798.65,832.81,633.67,694.63,633.59,594.01,610.37,1120.43,707.09,663.92,577.59,603.83,791.79,899.3100000000001,513.24,578.33,727.9,830.87,38.29
1451,1,Bread_112,1803.11,2231.35,2409.7,2685.95,2518.38,2544.59,2367.68,3184.14,2570.89,1872.15,1521.43,1333.54,1328.35,1520.76,1417.29,1823.14,1236.3,1363.62,1672.28,1346.29,1013.12,1011.63,1179.72,1845.6399999999999,1658.28,1223.67,1528.32,1110.45,1128.97,1175.74,1052.11,1081.67,1016.04,1044.21,959.84,1252.56,1184.1,1121.6399999999999,1484.17,1503.58,1415.74,1506.96,1219.76,1081.7,1255.02,1191.51,77.08
1452,1,Apple_85,0.0,232.07999999999998,5094.83,3454.41,4145.03,6274.49,6994.9800000000005,7297.59,7680.08,6838.72,4171.37,939.2900000000001,0.0,0.0,0.0,253.99,1946.37,3349.17,2450.81,0.0,0.0,0.0,0.0,0.0,0.0,0.0,0.0,0.0,0.0,0.0,0.0,0.0,0.0,0.0,0.0,0.0,0.0,0.0,0.0,0.0,0.0,0.0,0.0,0.0,0.0,0.0,0.0
1454,1,Cherry_7,0.0,0.0,0.0,0.0,0.0,0.0,0.0,0.0,0.0,0.0,0.0,2760.1800000000003,0.0,0.0,0.0,0.0,0.0,0.0,0.0,0.0,0.0,0.0,3566.31,10791.98,1019.74,0.0,0.0,0.0,0.0,0.0,0.0,0.0,0.0,0.0,3420.88,0.0,0.0,0.0,0.0,0.0,0.0,0.0,0.0,0.0,0.0,0.0,0.0
1458,1,Parsley_6,9674.46,10452.15,8649.03,9718.76,11904.92,13839.38,12774.05,12777.31,12108.04,12104.64,8068.67,7187.94,7717.77,4419.05,882.09,9188.35,11568.33,13599.0,11657.08,12400.85,13453.42,13473.06,12181.81,11876.97,12062.05,11165.26,12963.63,11429.49,11468.18,12877.42,11676.67,11508.25,11303.07,10316.14,9578.98,9453.84,9833.95,10726.77,10622.99,10959.89,12609.86,12258.84,12542.51,11436.99,9045.24,10086.86,717.54
1461,1,Bread_114,2020.52,1797.56,1769.47,1884.26,1695.97,2261.74,2265.81,2566.7,3086.19,3358.45,3347.24,3455.47,2705.16,2177.67,2223.09,2256.96,1719.1100000000001,1913.31,2356.58,2251.11,2110.87,2854.65,2588.69,2200.56,1270.15,1222.8,1339.27,1090.18,1099.0,1106.77,622.31,1004.04,1049.08,1311.57,2878.26,2023.46,1823.37,1577.32,1358.86,758.89,1232.27,958.72,919.05,1033.25,1607.1100000000001,2007.04,99.02000000000001
1473,1,Onion_27,1084.92,991.48,1218.16,1279.93,56.23,0.0,0.0,0.0,0.0,0.0,0.0,0.0,0.0,0.0,0.0,39.1,182.03,695.86,522.49,744.73,690.58,780.76,1001.93,879.13,1681.89,810.75,1573.51,1288.42,1558.7,1986.53,280.92,0.0,0.0,0.0,0.0,0.0,0.0,0.0,0.0,0.0,0.0,0.0,0.0,0.0,0.0,0.0,0.0
1476,1,Kohlrabi_2,8849.28,10476.89,10631.75,12443.71,10157.31,12610.1,10974.69,15700.7,13324.97,13648.17,13169.49,8211.75,9063.85,9627.44,9661.1,11237.22,10175.65,14113.79,16542.74,11866.05,11512.15,12032.710000000001,11618.96,9281.93,10132.02,8662.06,14981.15,9812.53,9524.94,10600.41,7155.32,1374.35,3456.48,8525.5,8238.48,11276.17,6128.7300000000005,9016.73,11036.22,10480.1,9852.300000000001,11916.47,9974.37,10586.68,11458.52,11683.55,729.79
1485,1,Pastry_119,3131.53,3303.45,5808.83,6033.8,4287.19,4758.22,5893.99,6863.98,5443.52,4922.71,4697.41,3888.25,3710.36,4338.2,4021.67,4191.07,1252.55,0.0,0.0,0.0,0.0,0.0,0.0,0.0,0.0,0.0,0.0,0.0,0.0,0.0,0.0,0.0,0.0,0.0,0.0,0.0,0.0,0.0,0.0,0.0,0.0,0.0,0.0,0.0,0.0,0.0,0.0
1493,1,Cabbage_9,474.77,1144.62,1952.54,3330.31,3517.2799999999997,2207.26,2054.73,2281.97,1303.17,1029.02,497.69,512.58,599.44,949.47,1486.66,2516.7,2457.33,1733.47,1286.99,1141.29,912.02,758.46,644.5,529.77,770.23,1220.24,1636.3,1588.76,3133.93,1656.0,1330.93,1600.6,1203.14,843.31,676.69,546.99,710.22,1056.94,1437.81,1718.78,3945.29,1820.61,1547.98,1516.57,947.33,991.69,37.22
1495,1,Biscuit_2,192.22,97.89,165.59,214.46,489.79,298.11,287.15,421.06,339.39,394.04,397.16,346.82,369.08,296.64,429.57,403.46,616.48,616.72,367.21,457.71,401.12,382.45,446.73,199.65,170.9,256.12,465.34,495.6,775.3199999999999,532.89,548.33,587.28,684.85,574.17,485.57,0.0,0.0,0.0,0.0,0.0,0.0,0.0,0.0,0.0,0.0,0.0,0.0
1496,1,Coriander_4,0.0,0.0,0.0,0.0,0.0,0.0,0.0,0.0,0.0,0.0,0.0,0.0,0.0,0.0,0.0,0.0,0.0,0.0,0.0,0.0,0.0,0.0,0.0,0.0,0.0,33.6,186.49,218.57999999999998,128.26,315.15,676.72,720.61,441.46,487.65,624.03,369.13,0.0,0.0,0.0,0.0,0.0,0.0,0.0,0.0,0.0,0.0,0.0
1498,1,Potato_50,0.0,0.0,0.0,0.0,0.0,0.0,0.0,0.0,0.0,0.0,0.0,0.0,0.0,0.0,0.0,0.0,0.0,0.0,0.0,0.0,0.0,0.0,0.0,0.0,0.0,0.0,0.0,0.0,0.0,0.0,0.0,0.0,0.0,0.0,0.0,600.38,1046.3,0.0,0.0,0.0,0.0,0.0,0.0,0.0,0.0,0.0,0.0
1500,1,Bread_117,0.0,0.0,0.0,0.0,0.0,0.0,0.0,0.0,0.0,0.0,0.0,0.0,73.44,256.18,323.21,343.74,401.74,536.86,585.15,721.21,725.76,691.58,0.0,340.22,554.46,851.8,923.15,768.21,873.68,547.74,551.51,618.26,666.89,824.99,746.78,840.47,1131.22,937.98,911.64,813.49,847.93,893.9,746.65,897.84,801.78,772.89,53.9
1506,1,Blueberry_21,0.0,0.0,0.0,0.0,0.0,0.0,0.0,0.0,0.0,18.13,890.99,0.0,0.0,0.0,103.34,933.11,759.32,1911.66,3593.11,5206.3,5184.77,5118.55,3317.18,1317.01,1842.8700000000001,2397.95,2578.78,2557.2400000000002,1965.73,3215.0,2721.67,2991.16,2992.97,3888.56,2638.63,1687.1,3730.16,3532.9,1125.5,920.84,774.28,787.0,196.19,0.0,0.0,0.0,0.0
1511,1,Bread_119,0.0,0.0,0.0,0.0,0.0,0.0,0.0,0.0,0.0,0.0,0.0,0.0,37.79,270.5,372.67,362.34000000000003,313.56,761.34,450.02,506.07,424.45,695.99,498.02,702.08,443.97,440.63,360.66,679.42,385.48,487.4,540.75,485.51,575.79,579.63,500.28,466.13,435.05,425.77,443.40000000000003,471.86,541.76,502.11,600.6,461.45,427.94,529.51,41.650000000000006
1514,1,Onion_29,0.0,0.0,0.0,0.0,0.0,0.0,0.0,0.0,0.0,0.0,0.0,0.0,0.0,0.0,0.0,0.0,0.0,0.0,0.0,449.43,1051.9,0.0,0.0,0.0,0.0,0.0,0.0,0.0,0.0,0.0,0.0,428.12,1166.05,0.0,0.0,0.0,0.0,0.0,0.0,0.0,0.0,0.0,0.0,790.32,28.3,0.0,0.0
1516,1,Raspberry_6,2754.11,0.0,0.0,0.0,0.0,0.0,0.0,0.0,0.0,0.0,0.0,0.0,0.0,0.0,0.0,0.0,0.0,0.0,0.0,0.0,0.0,0.0,0.0,0.0,0.0,0.0,0.0,0.0,0.0,0.0,0.0,0.0,0.0,0.0,0.0,0.0,0.0,0.0,0.0,0.0,0.0,0.0,0.0,0.0,0.0,0.0,0.0
1520,1,Banana_12,0.0,0.0,0.0,0.0,0.0,0.0,0.0,0.0,0.0,0.0,0.0,0.0,0.0,0.0,0.0,0.0,0.0,0.0,0.0,0.0,0.0,0.0,0.0,0.0,0.0,0.0,0.0,0.0,0.0,0.0,0.0,0.0,0.0,0.0,0.0,965.07,5105.88,7059.84,8208.83,11097.17,10546.68,10954.36,11080.27,10859.9,13683.72,19607.21,641.01
1521,1,Cucumber_22,0.0,0.0,0.0,0.0,0.0,0.0,0.0,0.0,0.0,0.0,373.59999999999997,785.59,0.0,0.0,0.0,0.0,0.0,0.0,0.0,0.0,0.0,0.0,0.0,0.0,0.0,37.49,806.08,1321.11,1539.03,3109.98,1817.53,2072.4700000000003,3123.7400000000002,2764.78,1743.4,0.0,0.0,0.0,1603.95,4123.93,5810.4,6921.01,6706.08,7626.5599999999995,7325.79,8591.98,553.16
1528,1,Squash_2,1376.56,1061.42,222.15,0.0,0.0,0.0,0.0,0.0,0.0,215.42000000000002,464.12,585.08,938.15,804.87,690.58,121.74,0.0,0.0,0.0,209.65,307.37,415.87,850.02,649.82,742.69,667.98,619.7,129.38,0.0,0.0,0.0,0.0,325.68,516.03,92.53,0.0,0.0,297.76,491.92,0.0,0.0,0.0,0.0,191.95999999999998,560.74,721.6800000000001,52.54
1529,1,Grape_25,5.55,7259.2300000000005,7388.97,2580.23,0.0,0.0,0.0,0.0,0.0,0.0,0.0,0.0,3207.13,1317.38,0.0,0.0,0.0,0.0,0.0,0.0,0.0,0.0,0.0,0.0,0.0,0.0,0.0,0.0,0.0,0.0,0.0,0.0,0.0,0.0,0.0,0.0,0.0,0.0,0.0,0.0,0.0,0.0,0.0,0.0,0.0,0.0,0.0
1534,1,Donut_26,1882.35,2041.05,1734.93,2546.15,2458.0,2925.67,4621.8,3663.5,4119.95,4285.92,3726.55,2970.16,3640.8199999999997,6388.86,6587.79,10717.3,4463.58,4885.39,5175.29,6648.83,5177.98,4001.14,3901.5,4139.13,4373.5,3919.2200000000003,5975.24,4961.95,3509.9,6145.69,6660.49,4269.13,3821.51,3661.74,3944.32,3172.13,3956.27,3881.69,3909.82,3780.96,3162.25,3893.78,9457.47,4272.16,4142.16,3933.72,178.88
1535,1,Onion_31,0.0,0.0,0.0,0.0,0.0,0.0,0.0,0.0,0.0,0.0,0.0,0.0,0.0,0.0,0.0,0.0,0.0,0.0,0.0,0.0,0.0,0.0,0.0,0.0,1289.76,2488.38,3172.81,2282.0,2591.58,2268.51,3725.54,2250.31,1747.56,1614.34,1985.81,2502.9900000000002,3609.79,2050.27,2967.12,2457.66,3959.89,2815.63,322.34000000000003,0.0,0.0,0.0,0.0
1537,1,Cauliflower_5,4097.14,3850.96,3625.45,0.0,0.0,0.0,0.0,0.0,0.0,0.0,0.0,0.0,0.0,0.0,0.0,0.0,0.0,0.0,0.0,0.0,0.0,0.0,0.0,0.0,0.0,0.0,0.0,0.0,0.0,0.0,0.0,0.0,0.0,0.0,0.0,0.0,0.0,0.0,0.0,0.0,0.0,0.0,0.0,0.0,0.0,0.0,0.0
1541,1,Potato_52,4820.72,6292.67,9553.71,8248.57,9304.05,8667.59,8524.24,11052.87,9009.83,8220.28,0.0,0.0,0.0,0.0,0.0,0.0,0.0,0.0,0.0,0.0,0.0,0.0,0.0,0.0,0.0,0.0,0.0,0.0,0.0,0.0,0.0,0.0,0.0,0.0,0.0,0.0,0.0,0.0,0.0,0.0,0.0,0.0,0.0,0.0,0.0,0.0,0.0
1545,1,Chicken_64,0.0,0.0,0.0,0.0,0.0,0.0,0.0,0.0,0.0,0.0,0.0,0.0,0.0,0.0,0.0,0.0,0.0,0.0,0.0,0.0,0.0,0.0,0.0,0.0,0.0,22.45,389.29,436.2,695.05,393.95,653.2,722.04,616.56,928.86,887.97,827.12,983.83,864.52,845.6899999999999,715.99,598.86,727.88,646.12,718.35,1144.53,936.19,48.58
1547,1,Grape_27,0.0,0.0,0.0,0.0,0.0,0.0,0.0,0.0,0.0,0.0,0.0,0.0,0.0,0.0,0.0,0.0,0.0,0.0,0.0,0.0,0.0,227.76999999999998,0.0,0.0,0.0,0.0,0.0,137.11,783.12,1246.22,734.82,0.0,0.0,0.0,0.0,0.0,0.0,0.0,0.0,0.0,0.0,0.0,0.0,0.0,0.0,0.0,0.0
1553,1,Arugula_3,2598.0299999999997,3664.36,4189.51,4769.57,4976.62,6386.57,6736.6,7615.96,7762.95,7660.61,6577.72,6498.3,6961.42,7282.9,7198.4800000000005,7244.5199999999995,5661.05,8335.15,7451.86,7485.83,6610.09,7169.53,7009.23,6582.24,6481.91,6382.11,6256.52,6989.1900000000005,7527.43,8218.92,2687.44,5918.95,6257.02,6297.47,5824.01,4777.06,5217.52,5094.34,4766.62,5614.6,5275.37,5872.33,6286.9800000000005,6885.21,3237.52,4518.36,312.89
1555,1,Salad_34,0.0,0.0,0.0,0.0,0.0,0.0,0.0,0.0,0.0,0.0,0.0,0.0,0.0,0.0,0.0,0.0,58.400000000000006,726.79,456.04,496.26,587.12,831.48,872.4200000000001,872.73,721.15,604.62,473.12,598.4,547.4,809.98,949.2,848.0,746.72,716.59,770.96,689.02,751.59,786.58,950.99,1247.3700000000001,900.99,1025.91,1439.59,1090.58,639.11,0.0,0.0
1556,1,Croissant_22,0.0,319.72,398.38,215.4,282.97,398.87,302.93,297.53,0.0,330.45,269.68,0.0,204.32,409.85,391.57,551.24,554.51,541.93,527.41,428.17,931.35,915.26,633.23,708.37,640.04,680.06,425.77,674.25,425.53,588.62,851.98,566.77,564.52,579.97,537.0,432.87,442.74,495.27,482.4,499.67,399.40999999999997,535.91,443.99,745.2,499.04,874.32,40.64
1563,1,Zucchini_6,379.07,829.04,364.27,0.0,0.0,0.0,0.0,0.0,0.0,87.33,431.01,837.63,836.1899999999999,0.0,0.0,0.0,0.0,0.0,0.0,0.0,0.0,84.25999999999999,1039.46,577.24,621.25,382.54,364.25,0.0,0.0,0.0,0.0,0.0,151.84,231.48,297.77,320.82,618.9300000000001,693.88,181.01,71.16,0.0,0.0,0.0,0.0,366.23,287.93,16.71
1564,1,Chicken_65,0.0,0.0,0.0,0.0,0.0,0.0,0.0,0.0,0.0,0.0,0.0,0.0,0.0,90.75999999999999,418.43,530.63,441.83,764.4,286.68,584.0,426.32,518.62,456.79,408.43,591.01,694.42,733.1,730.83,660.62,447.75,448.12,695.43,614.42,634.45,686.46,588.74,742.72,786.16,846.27,748.41,759.2,972.01,741.01,791.61,676.46,831.9200000000001,21.87
1568,1,Roll_29,0.0,0.0,0.0,0.0,0.0,0.0,0.0,0.0,0.0,0.0,0.0,0.0,0.0,0.0,0.0,0.0,0.0,0.0,0.0,0.0,0.0,0.0,0.0,0.0,0.0,0.0,0.0,0.0,0.0,0.0,0.0,0.0,0.0,0.0,0.0,0.0,0.0,0.0,0.0,0.0,0.0,0.0,2361.3,1578.18,0.0,0.0,0.0
1569,1,Peach_12,7928.85,3852.64,2499.26,0.0,0.0,0.0,166.35,442.11,0.0,168.24,1435.05,4435.74,7214.92,6720.02,2299.71,0.0,179.76000000000002,463.21,296.59000000000003,0.0,0.0,234.73999999999998,1945.28,3235.18,2821.89,3054.11,877.9499999999999,0.0,230.78,328.34,341.56,128.23000000000002,0.0,0.0,533.7,2655.23,171.88,1744.43,44.3,0.0,0.0,0.0,0.0,0.0,0.0,43.239999999999995,43.45
1571,1,Baguette_23,0.0,0.0,0.0,0.0,0.0,0.0,0.0,0.0,0.0,0.0,0.0,0.0,0.0,0.0,0.0,0.0,0.0,0.0,0.0,0.0,0.0,0.0,0.0,0.0,0.0,0.0,0.0,0.0,0.0,0.0,0.0,0.0,0.0,0.0,171.10999999999999,850.28,724.7,1084.67,641.02,720.85,708.99,678.46,676.36,1265.37,1122.8700000000001,972.33,33.160000000000004
1573,1,Lime_8,1125.77,637.2,689.6700000000001,615.03,913.59,697.55,671.13,687.17,634.22,722.21,1170.55,1032.57,1090.88,1065.98,1000.5,897.3,1024.34,980.7,751.72,741.25,838.24,942.41,1056.21,960.99,749.82,488.79,470.44,475.08,711.92,671.8100000000001,295.25,363.82,334.21,390.52,664.45,530.11,509.48,385.93,403.0,338.65000000000003,480.98,401.65,468.14,550.24,500.21,583.66,63.3
1574,1,Apple_88,0.0,0.0,0.0,0.0,0.0,0.0,0.0,0.0,0.0,0.0,0.0,0.0,0.0,0.0,0.0,0.0,0.0,0.0,0.0,0.0,0.0,0.0,0.0,0.0,0.0,0.0,1711.92,2133.21,0.0,0.0,0.0,0.0,0.0,0.0,0.0,0.0,0.0,2702.4700000000003,1729.31,2037.08,2420.24,1766.9199999999998,0.0,0.0,0.0,0.0,0.0
1578,1,Berry_5,0.0,0.0,0.0,0.0,0.0,0.0,0.0,0.0,0.0,0.0,0.0,0.0,0.0,0.0,0.0,0.0,0.0,0.0,287.46000000000004,952.73,500.4,1025.53,973.59,611.61,839.39,0.0,186.16,567.5500000000001,489.5,775.21,776.7,848.87,914.46,1163.3,1316.87,1516.6,1659.35,827.13,15.18,637.33,201.87,0.0,216.01999999999998,598.54,695.86,758.56,52.89
1582,1,Grape_28,0.0,0.0,0.0,0.0,0.0,0.0,0.0,0.0,0.0,0.0,0.0,0.0,0.0,0.0,0.0,0.0,0.0,0.0,0.0,0.0,0.0,0.0,0.0,0.0,0.0,481.04,1468.26,0.0,0.0,0.0,0.0,0.0,0.0,0.0,0.0,0.0,0.0,0.0,0.0,0.0,0.0,0.0,0.0,0.0,0.0,0.0,0.0
1583,1,Breadcrumb_6,0.0,199.93,665.98,871.85,879.29,740.8199999999999,976.43,1181.1299999999999,878.11,726.93,505.27,607.97,674.04,1026.7,921.6,859.91,912.66,843.68,744.6,764.86,716.33,667.76,620.29,740.77,842.93,825.78,890.49,641.25,809.04,722.92,614.53,636.08,567.87,558.8100000000001,419.25,539.22,561.59,617.62,460.29,458.35,569.4300000000001,324.9,514.02,497.17,539.18,512.03,28.04
1584,1,Potato_53,0.0,0.0,0.0,0.0,0.0,0.0,0.0,0.0,0.0,0.0,0.0,0.0,0.0,0.0,0.0,0.0,0.0,0.0,0.0,0.0,0.0,0.0,0.0,0.0,0.0,0.0,0.0,0.0,0.0,0.0,0.0,0.0,0.0,0.0,0.0,0.0,0.0,0.0,0.0,0.0,0.0,0.0,0.0,0.0,683.39,3961.4900000000002,370.07
1593,1,Pastry_122,0.0,0.0,0.0,0.0,0.0,0.0,0.0,0.0,0.0,0.0,0.0,0.0,0.0,0.0,0.0,0.0,0.0,0.0,0.0,0.0,0.0,0.0,0.0,0.0,0.0,0.0,0.0,0.0,0.0,0.0,0.0,0.0,0.0,0.0,0.0,0.0,0.0,819.98,2965.27,2818.0,3744.09,3007.02,3780.73,3592.06,4138.81,6850.78,662.55
1594,1,Mandarin_11,0.0,0.0,0.0,1372.9,5352.51,0.0,3725.16,1907.93,0.0,0.0,0.0,0.0,0.0,0.0,726.85,1023.17,0.0,0.0,0.0,0.0,0.0,0.0,0.0,0.0,0.0,0.0,0.0,0.0,0.0,0.0,0.0,0.0,0.0,0.0,0.0,0.0,0.0,0.0,0.0,0.0,0.0,0.0,0.0,0.0,0.0,0.0,0.0
1598,1,Avocado_6,13306.5,10033.31,7713.55,9029.02,10193.31,12539.02,8238.41,9193.41,9495.61,5822.79,9294.19,10012.89,11178.1,11637.43,4457.39,0.0,5033.61,2032.7199999999998,2123.27,5096.84,626.19,3070.4,6773.51,11450.59,8655.11,3281.7599999999998,0.0,0.0,1413.64,2616.75,4900.42,9142.81,7276.61,8383.83,9080.43,8505.92,12106.22,12873.43,14186.94,13024.52,11588.77,15761.08,14074.06,9908.68,11058.94,14111.21,617.13
1601,1,Apple_89,0.0,0.0,0.0,0.0,0.0,0.0,0.0,0.0,0.0,0.0,0.0,0.0,0.0,0.0,0.0,125.81,427.88,477.82,547.6,742.37,609.7,659.12,498.15,0.0,0.0,0.0,0.0,0.0,196.89,356.97,245.94,723.37,1010.3,807.12,585.66,627.25,760.05,962.83,261.59,0.0,0.0,0.0,0.0,0.0,0.0,0.0,0.0
1604,1,Squash_3,0.0,0.0,0.0,0.0,0.0,0.0,0.0,0.0,0.0,0.0,0.0,1611.53,2534.85,1953.23,1427.7,618.25,0.0,0.0,0.0,221.35999999999999,912.1,982.9200000000001,2169.15,2715.67,2527.7,3793.52,1591.96,1348.51,0.0,0.0,0.0,107.23,524.36,736.57,2426.92,1757.21,4483.11,1672.56,1302.57,93.95,0.0,0.0,0.0,369.57,902.99,969.57,74.67
1605,1,Carrot_22,0.0,0.0,0.0,0.0,0.0,0.0,0.0,0.0,0.0,0.0,0.0,0.0,0.0,0.0,0.0,0.0,0.0,0.0,0.0,0.0,0.0,0.0,0.0,0.0,0.0,0.0,0.0,0.0,0.0,1310.0,3167.4,4009.49,3859.2799999999997,0.0,0.0,0.0,0.0,0.0,0.0,0.0,0.0,0.0,218.58999999999997,4127.29,3564.5299999999997,0.0,0.0
1606,1,Asparagus_16,0.0,138.26999999999998,308.28,237.13,235.8,380.78,362.1,633.57,1754.72,422.21,0.0,0.0,0.0,0.0,0.0,0.0,0.0,0.0,0.0,0.0,0.0,0.0,1305.54,0.0,0.0,0.0,0.0,0.0,0.0,0.0,0.0,0.0,260.34999999999997,0.0,0.0,0.0,0.0,0.0,0.0,0.0,0.0,0.0,0.0,0.0,1529.06,2661.56,119.19
1609,1,Blueberry_23,0.0,0.0,0.0,0.0,0.0,0.0,0.0,0.0,0.0,0.0,2802.7799999999997,6595.97,3976.97,0.0,0.0,0.0,0.0,0.0,0.0,0.0,0.0,0.0,3704.4,8500.5,3498.54,0.0,0.0,0.0,0.0,0.0,0.0,0.0,0.0,0.0,119.1,12725.97,6900.09,0.0,0.0,0.0,0.0,0.0,0.0,0.0,0.0,0.0,0.0
1611,1,Croissant_23,2550.5,2297.19,2425.18,2043.73,980.2,1949.43,2218.48,2333.51,2515.01,2651.19,2078.07,1585.6,1822.42,2154.4,2181.49,1949.55,1605.47,1762.02,1505.9,1569.28,1215.79,1442.77,1119.22,971.0799999999999,1939.69,980.88,1108.18,837.43,827.25,1244.47,1037.53,1044.86,897.96,974.22,233.8,0.0,0.0,0.0,0.0,0.0,0.0,0.0,0.0,0.0,0.0,0.0,0.0
1619,1,Cherry_8,0.0,0.0,0.0,0.0,0.0,0.0,0.0,0.0,0.0,0.0,0.0,0.0,0.0,0.0,0.0,0.0,0.0,0.0,0.0,0.0,0.0,0.0,602.85,200.37,0.0,0.0,0.0,0.0,0.0,0.0,0.0,0.0,0.0,0.0,784.06,293.94,0.0,0.0,0.0,0.0,0.0,0.0,0.0,0.0,0.0,238.43,0.0
1623,1,Salad_36,1829.14,2168.87,2531.17,3670.54,936.24,0.0,0.0,0.0,0.0,0.0,0.0,0.0,0.0,0.0,0.0,0.0,0.0,0.0,0.0,0.0,0.0,0.0,0.0,0.0,0.0,0.0,0.0,0.0,0.0,0.0,0.0,0.0,0.0,0.0,0.0,0.0,0.0,0.0,0.0,0.0,0.0,0.0,0.0,0.0,0.0,0.0,0.0
1624,1,Bread_128,0.0,0.0,0.0,0.0,0.0,0.0,0.0,0.0,0.0,0.0,0.0,0.0,0.0,0.0,0.0,0.0,0.0,0.0,0.0,0.0,0.0,0.0,0.0,0.0,0.0,0.0,0.0,0.0,0.0,0.0,0.0,609.0,920.08,1149.7,1607.82,1550.76,1575.94,1687.12,1710.94,1537.47,1802.12,2671.15,2319.73,2715.02,2310.42,2436.24,122.34
1628,1,Onion_32,1279.01,2457.81,1732.43,2119.57,704.4,264.66,1796.95,2439.17,1917.41,1215.37,0.0,0.0,0.0,0.0,0.0,0.0,0.0,0.0,0.0,0.0,0.0,0.0,0.0,0.0,75.59,1983.2,1209.61,1888.66,3328.92,2816.05,2482.21,3560.42,3210.7799999999997,3268.4,3193.27,2129.61,381.76,807.23,1674.24,1957.2,646.7,0.0,0.0,0.0,0.0,0.0,0.0
1633,1,Potato_54,0.0,0.0,0.0,0.0,0.0,0.0,0.0,0.0,0.0,2776.04,1552.84,2739.94,7482.34,6236.400000000001,0.0,0.0,0.0,0.0,0.0,0.0,0.0,0.0,0.0,0.0,0.0,0.0,0.0,0.0,0.0,0.0,0.0,0.0,877.72,8181.39,11014.68,9635.25,10934.91,10795.33,1694.6100000000001,0.0,0.0,0.0,0.0,732.68,1032.17,0.0,0.0
1634,1,Kale_1,0.0,0.0,0.0,0.0,0.0,0.0,0.0,0.0,0.0,0.0,0.0,0.0,0.0,0.0,0.0,0.0,0.0,0.0,0.0,0.0,0.0,0.0,0.0,0.0,0.0,0.0,0.0,0.0,0.0,0.0,0.0,0.0,0.0,0.0,0.0,0.0,0.0,637.31,0.0,0.0,0.0,0.0,0.0,0.0,0.0,0.0,0.0
1638,1,Bread_131,3040.19,3711.89,4920.06,5880.82,6741.77,5686.67,4948.8,7781.82,6456.36,4602.36,5047.29,4164.25,4223.37,4121.6,5182.24,5260.28,5683.72,5509.69,4115.72,4315.36,3965.81,3712.36,3371.63,3165.75,3227.31,3092.1,3568.24,3273.1800000000003,3679.23,3686.92,3138.25,3297.35,3166.74,2886.03,1923.87,2312.98,2693.06,2018.4,2008.98,1918.95,2544.89,2698.29,2010.6100000000001,2052.69,2632.28,2322.26,151.7
1640,1,Onion_33,0.0,0.0,0.0,0.0,0.0,0.0,0.0,0.0,0.0,0.0,0.0,0.0,72.31,400.91,170.73000000000002,0.0,0.0,0.0,0.0,0.0,0.0,0.0,0.0,0.0,0.0,0.0,0.0,0.0,0.0,0.0,0.0,0.0,0.0,0.0,0.0,0.0,0.0,424.95,0.0,0.0,0.0,0.0,0.0,0.0,0.0,0.0,0.0
1641,1,Pak choi_2,0.0,0.0,0.0,0.0,0.0,0.0,0.0,0.0,0.0,0.0,0.0,0.0,0.0,0.0,0.0,0.0,0.0,0.0,0.0,0.0,0.0,0.0,0.0,0.0,0.0,0.0,0.0,0.0,0.0,38.15,338.6,36.92,0.0,0.0,0.0,0.0,0.0,0.0,0.0,0.0,468.78000000000003,666.26,1590.6200000000001,937.78,907.17,542.02,0.0
1646,1,Sweet Potato_10,0.0,0.0,0.0,0.0,0.0,0.0,0.0,0.0,0.0,0.0,0.0,0.0,0.0,0.0,0.0,0.0,0.0,0.0,0.0,0.0,0.0,0.0,0.0,0.0,0.0,175.73000000000002,167.0,0.0,1589.08,1411.42,436.1,0.0,0.0,0.0,0.0,0.0,0.0,0.0,0.0,0.0,0.0,0.0,0.0,0.0,0.0,0.0,0.0
1648,1,Garlic_11,0.0,0.0,0.0,0.0,0.0,0.0,0.0,0.0,0.0,0.0,0.0,0.0,0.0,3.3899999999999997,21.87,0.0,0.0,0.0,0.0,0.0,0.0,0.0,0.0,0.0,0.0,0.0,0.0,0.0,599.09,16.6,0.0,0.0,0.0,0.0,0.0,0.0,166.24,629.21,522.36,166.06,868.38,530.15,0.0,0.0,0.0,323.02,44.56
1652,1,Donut_29,0.0,0.0,0.0,0.0,0.0,0.0,0.0,0.0,0.0,0.0,0.0,0.0,0.0,0.0,0.0,0.0,0.0,0.0,0.0,0.0,0.0,0.0,0.0,0.0,0.0,0.0,0.0,0.0,0.0,322.05,3967.34,2043.44,1717.72,1970.69,1908.0,1877.85,2633.25,3252.72,3950.7,4257.78,2506.02,2833.06,6248.39,2299.02,2101.28,2181.38,147.41000000000003
1653,1,Watermelon_19,0.0,0.0,0.0,0.0,0.0,0.0,0.0,0.0,0.0,0.0,0.0,5821.9,14813.52,0.0,0.0,0.0,0.0,0.0,0.0,0.0,0.0,0.0,0.0,1478.4,27244.01,0.0,0.0,0.0,0.0,0.0,0.0,0.0,0.0,0.0,0.0,0.0,0.0,0.0,0.0,0.0,0.0,0.0,0.0,0.0,0.0,0.0,0.0
1663,1,Mandarin_12,0.0,0.0,0.0,0.0,0.0,0.0,0.0,0.0,0.0,0.0,0.0,0.0,0.0,0.0,0.0,0.0,0.0,0.0,0.0,0.0,0.0,0.0,0.0,0.0,0.0,0.0,0.0,0.0,0.0,0.0,0.0,0.0,0.0,0.0,0.0,0.0,0.0,0.0,0.0,200.91,5078.21,621.04,0.0,0.0,0.0,0.0,0.0
1664,1,Herb_12,780.22,658.77,560.98,504.15999999999997,523.55,0.0,0.0,0.0,0.0,0.0,0.0,111.44,769.43,570.77,680.38,584.56,188.65,0.0,0.0,0.0,0.0,0.0,0.0,0.0,0.0,0.0,0.0,0.0,0.0,294.61,643.25,770.99,985.12,1244.15,1864.69,1598.78,1167.07,875.49,679.67,579.39,886.0,849.24,693.25,1181.55,1467.22,1644.94,159.88
1665,1,Pork_24,0.0,0.0,358.53,862.89,1554.7,1237.65,1178.6,2365.98,1785.1200000000001,1546.69,1073.22,1094.39,842.43,835.1899999999999,1068.48,1182.22,1394.24,1012.7900000000001,871.27,840.72,884.61,596.8,621.58,649.81,792.84,895.47,1108.98,1164.53,1845.25,610.52,0.0,374.02,912.16,771.57,724.41,579.34,707.0,813.23,975.04,986.45,1326.32,917.8,796.5,864.65,801.04,875.27,54.28
1679,1,Passion fruit_2,0.0,0.0,0.0,0.0,3558.8,4671.99,4691.81,5502.86,7733.25,7221.6,4052.14,2454.22,3051.34,3924.39,4134.4,4026.03,4211.31,5956.07,5220.23,4567.94,4648.46,3785.0099999999998,3098.44,2148.76,0.0,0.0,1823.18,1469.69,1307.94,1545.67,1670.82,1970.06,896.7099999999999,824.69,1064.41,725.82,719.91,905.11,772.26,993.9300000000001,495.59999999999997,1020.54,489.08,360.35,456.14,1040.41,111.78999999999999
1682,1,Parsley Root_0,1015.72,1702.66,1855.51,2177.11,1971.06,2173.29,2137.69,2688.74,2209.09,1707.68,1062.24,1042.08,1041.87,1556.57,2081.57,2000.99,2992.61,2765.64,2809.7,3378.23,2350.0,1110.44,0.0,0.0,404.97,1594.63,1845.3700000000001,1910.69,3034.88,2389.34,2443.7,3337.78,2386.42,785.21,0.0,0.0,920.11,1843.13,2161.62,2492.68,3063.13,3722.06,3727.68,3007.77,522.79,0.0,0.0
1685,1,Salad_37,2409.08,1854.6,2233.79,2229.69,2581.61,5331.12,4327.86,4905.92,4995.2,5391.54,4719.72,4870.28,4830.24,4416.68,4118.3,4527.24,4419.6900000000005,6055.93,5143.76,4210.5199999999995,4017.5,4411.7,2649.5099999999998,0.0,0.0,0.0,0.0,0.0,0.0,0.0,0.0,0.0,0.0,0.0,0.0,0.0,0.0,0.0,0.0,0.0,0.0,0.0,0.0,0.0,0.0,0.0,0.0
1686,1,Apricot_11,1484.09,1271.54,0.0,0.0,0.0,0.0,0.0,0.0,0.0,0.0,0.0,0.0,14.08,229.05,0.0,0.0,0.0,0.0,0.0,0.0,0.0,74.56,750.66,0.0,0.0,208.68,0.0,0.0,0.0,88.42,0.0,0.0,0.0,0.0,392.38,3809.65,1881.4,610.72,0.0,0.0,0.0,0.0,0.0,0.0,0.0,20.17,39.67
1689,1,Chicken_67,1281.43,1599.75,2021.69,2499.48,1747.83,1777.57,1857.91,2403.28,1515.3,1302.63,893.0,934.24,1128.1,924.87,2041.94,2573.13,1529.7,1564.75,1298.88,1622.26,1823.24,1831.72,1732.49,1330.4,1841.85,1492.13,2115.53,2071.46,1584.33,2543.65,1592.8,1863.3,1209.02,1622.78,1647.41,1612.41,1605.83,1520.98,1827.82,1767.28,1295.47,1480.71,1011.16,1217.23,874.29,955.5799999999999,69.44
1690,1,Tomato_72,0.0,0.0,0.0,0.0,0.0,0.0,0.0,0.0,0.0,0.0,0.0,0.0,0.0,0.0,0.0,0.0,0.0,0.0,0.0,0.0,0.0,0.0,0.0,0.0,0.0,0.0,0.0,0.0,0.0,0.0,0.0,0.0,0.0,0.0,0.0,0.0,0.0,708.79,4456.360000000001,2975.43,0.0,0.0,0.0,0.0,0.0,0.0,0.0
1692,1,Bell Pepper_14,1470.83,933.87,1095.6100000000001,434.4,0.0,0.0,0.0,0.0,0.0,0.0,0.0,169.36,0.0,0.0,0.0,0.0,0.0,0.0,0.0,0.0,0.0,0.0,0.0,587.51,1156.86,0.0,0.0,0.0,0.0,0.0,0.0,0.0,0.0,0.0,0.0,0.0,187.11,2151.01,1335.93,0.0,0.0,0.0,0.0,0.0,0.0,0.0,0.0
1694,1,Donut_30,0.0,0.0,0.0,0.0,0.0,0.0,0.0,0.0,0.0,0.0,0.0,0.0,0.0,0.0,0.0,0.0,0.0,1129.16,3609.52,1899.02,1270.72,1251.35,84.73,834.37,992.38,1003.28,1152.67,867.16,610.8,716.47,721.89,606.61,418.64,532.15,209.04,0.0,0.0,0.0,0.0,0.0,0.0,0.0,0.0,0.0,0.0,0.0,0.0
1700,1,Strawberry_27,3453.29,2454.17,1773.61,796.22,968.83,1055.76,3371.53,5389.56,5812.26,0.0,0.0,0.0,0.0,0.0,0.0,0.0,0.0,0.0,602.6999999999999,3593.89,3369.34,0.0,769.87,0.0,1211.31,1940.0,1782.06,1742.44,0.0,0.0,0.0,0.0,0.0,1239.1100000000001,0.0,0.0,0.0,0.0,0.0,0.0,0.0,0.0,0.0,0.0,64.11,0.0,0.0
1703,1,Zucchini_8,9878.21,10814.29,9716.36,7203.93,6105.11,4256.17,6111.14,8180.82,8285.96,9163.42,9971.94,8799.37,10823.32,9369.48,9010.28,6653.13,5179.3,6913.95,5159.66,5735.63,5904.42,6417.25,11163.45,10561.98,9667.17,8827.69,5113.63,3350.61,472.22,0.0,0.0,276.76,3675.58,7610.2,8774.85,12975.94,9992.56,10585.529999999999,8114.62,0.0,0.0,0.0,0.0,0.0,1182.55,6859.87,640.8699999999999
1705,1,Potato_56,1980.35,3508.16,3889.58,4156.32,4416.78,4217.62,4353.41,6077.35,4517.05,4027.13,2551.9,2643.09,2322.26,2519.52,2869.99,3204.2,2615.35,2262.38,2215.68,1096.34,0.0,0.0,0.0,0.0,1480.62,2681.33,3033.16,3343.89,4549.32,3962.7799999999997,3696.54,4447.93,5774.14,1343.92,0.0,2294.52,2224.21,6110.68,4327.9,4212.13,6031.34,5650.02,8925.83,8979.74,6282.1,6392.66,391.62
1706,1,Beef_21,1645.2,1009.14,923.93,1069.22,812.94,1039.39,844.54,1166.04,1169.2,1168.93,1071.1,816.69,862.59,778.28,902.27,988.43,667.69,755.0500000000001,507.72,513.99,507.03999999999996,620.36,379.34000000000003,396.94,322.39,225.07,199.42000000000002,231.92,329.24,556.5,396.5,715.3,627.68,614.16,1933.23,1188.33,633.82,724.07,491.73,351.43,357.25,475.65,412.03,524.96,575.33,754.08,22.47
1710,1,Toust_21,1140.54,1174.18,1481.53,1673.13,1575.92,2004.79,751.68,1607.97,1679.98,1474.2,1594.09,1483.66,1701.05,1735.1200000000001,2142.03,1998.3899999999999,1967.54,1896.75,1576.69,1734.97,1652.87,1758.51,1610.53,1469.94,1471.54,1463.03,1720.43,1391.28,1414.08,1413.6,1400.84,1317.25,1284.47,1263.97,1112.57,981.53,949.74,1099.51,1112.1,1104.5,1229.15,1176.5,1050.44,1133.59,1110.48,1225.08,57.5
1714,1,Salad_39,0.0,0.0,0.0,0.0,0.0,0.0,0.0,0.0,0.0,0.0,0.0,0.0,0.0,0.0,0.0,181.1,288.74,589.24,104.11,0.0,0.0,0.0,0.0,0.0,0.0,0.0,0.0,34.01,148.58,292.33,171.64,266.36,357.85,377.39,459.27,410.24,536.57,653.2,548.16,545.14,697.42,703.41,0.0,0.0,0.0,0.0,0.0
1718,1,Apple_95,0.0,0.0,0.0,0.0,0.0,0.0,0.0,0.0,0.0,0.0,0.0,0.0,0.0,0.0,0.0,0.0,0.0,0.0,0.0,0.0,0.0,0.0,0.0,0.0,0.0,0.0,0.0,0.0,0.0,0.0,0.0,0.0,0.0,0.0,0.0,0.0,0.0,0.0,804.38,1579.69,904.91,0.0,0.0,0.0,0.0,0.0,0.0
1723,1,Cucumber_25,3426.76,2192.51,597.87,0.0,0.0,0.0,0.0,0.0,0.0,0.0,0.0,0.0,0.0,0.0,0.0,0.0,0.0,0.0,0.0,0.0,0.0,0.0,0.0,0.0,0.0,0.0,0.0,0.0,1264.34,673.98,88.47,0.0,0.0,0.0,0.0,0.0,0.0,0.0,0.0,383.23,942.84,1054.41,937.55,959.74,86.17,0.0,0.0
1727,1,Asparagus_19,0.0,0.0,0.0,0.0,0.0,0.0,0.0,0.0,0.0,307.6,466.75,877.3,895.17,0.0,0.0,0.0,0.0,0.0,0.0,0.0,0.0,0.0,0.0,0.0,0.0,0.0,0.0,0.0,0.0,0.0,0.0,0.0,92.54,618.16,712.38,625.57,0.0,0.0,0.0,0.0,0.0,0.0,0.0,0.0,862.99,1549.32,66.16
1728,1,Grape_29,0.0,0.0,0.0,599.01,196.82,0.0,0.0,0.0,0.0,0.0,0.0,0.0,0.0,0.0,0.0,0.0,0.0,0.0,258.97,1370.33,729.55,531.3100000000001,1278.32,1000.28,743.81,1793.89,601.16,0.0,0.0,0.0,0.0,0.0,0.0,0.0,0.0,0.0,0.0,0.0,1004.74,2125.88,1665.5900000000001,161.51999999999998,1575.27,3450.08,3571.85,69.83,0.0
1732,1,Sweet Potato_11,0.0,0.0,0.0,0.0,0.0,0.0,0.0,0.0,0.0,0.0,0.0,0.0,0.0,0.0,0.0,0.0,0.0,0.0,0.0,0.0,0.0,0.0,0.0,0.0,0.0,0.0,1010.67,1989.01,127.74,0.0,0.0,0.0,0.0,0.0,0.0,0.0,0.0,0.0,0.0,0.0,0.0,0.0,0.0,0.0,0.0,0.0,0.0
1734,1,Grapefruit_3,0.0,0.0,0.0,0.0,0.0,0.0,0.0,0.0,0.0,0.0,0.0,0.0,0.0,0.0,0.0,0.0,0.0,0.0,0.0,0.0,0.0,0.0,0.0,0.0,0.0,0.0,0.0,0.0,0.0,0.0,0.0,0.0,0.0,0.0,0.0,0.0,0.0,0.0,222.37,833.16,1026.23,1343.47,1122.26,1521.25,1713.45,1664.34,0.0
1735,1,Asparagus_20,0.0,0.0,0.0,113.83999999999999,0.0,25.839999999999996,0.0,0.0,0.0,0.0,0.0,0.0,0.0,0.0,0.0,0.0,0.0,0.0,0.0,0.0,66.28,0.0,0.0,0.0,0.0,0.0,0.0,0.0,0.0,0.0,0.0,0.0,692.21,0.0,0.0,0.0,0.0,0.0,0.0,0.0,0.0,0.0,0.0,0.0,834.59,570.13,61.09
1737,1,Orange_18,0.0,0.0,0.0,0.0,0.0,1200.94,1738.73,1760.94,0.0,0.0,0.0,268.29,1543.1299999999999,434.08,1063.88,1046.6399999999999,0.0,0.0,0.0,0.0,0.0,0.0,0.0,0.0,0.0,0.0,465.98,1541.22,638.35,0.0,0.0,0.0,0.0,0.0,0.0,0.0,0.0,0.0,0.0,0.0,0.0,0.0,0.0,0.0,0.0,0.0,0.0
1739,1,Blackberry_1,0.0,0.0,0.0,0.0,0.0,0.0,0.0,0.0,0.0,0.0,0.0,0.0,0.0,0.0,0.0,0.0,0.0,0.0,144.68,7.41,763.93,193.3,0.0,0.0,0.0,944.45,445.90999999999997,188.85,177.09,159.27,106.48,373.06,365.03,389.59,1166.57,403.86,0.0,181.79,1004.19,755.8100000000001,502.46000000000004,1003.36,707.22,994.25,976.01,1100.75,54.4
1740,1,Raspberry_7,274.43,3566.27,4487.92,413.76,928.76,1294.28,1351.01,479.09,1702.45,2840.33,1472.9,0.0,0.0,108.92,3762.61,1012.73,888.08,0.0,0.0,0.0,691.71,3480.05,2386.11,0.0,0.0,0.0,1185.73,706.4,0.0,0.0,0.0,0.0,0.0,235.8,2551.14,5429.71,1849.23,0.0,0.0,0.0,0.0,0.0,0.0,0.0,0.0,451.79999999999995,0.0
1744,1,Lettuce_30,0.0,0.0,0.0,0.0,0.0,0.0,0.0,0.0,0.0,0.0,0.0,0.0,0.0,0.0,0.0,0.0,0.0,0.0,0.0,0.0,12.79,0.0,0.0,0.0,0.0,0.0,0.0,0.0,0.0,0.0,0.0,0.0,0.0,0.0,0.0,0.0,0.0,0.0,0.0,1588.26,4385.24,7040.34,6287.71,6695.79,3952.39,525.83,0.0
1747,1,Pumpkin_11,0.0,202.92,17486.93,0.0,0.0,0.0,0.0,0.0,0.0,0.0,0.0,0.0,0.0,0.0,4098.92,262.4,0.0,0.0,0.0,0.0,0.0,0.0,0.0,0.0,0.0,0.0,5897.22,0.0,0.0,0.0,0.0,0.0,0.0,0.0,0.0,0.0,0.0,410.57,882.46,0.0,0.0,0.0,0.0,0.0,0.0,0.0,0.0
1748,1,Bread_138,1775.62,1526.58,1647.46,2394.88,2984.1,2510.75,2030.87,2638.35,2490.58,1947.4,1443.92,1532.82,1464.7,1192.36,1254.88,1258.75,1352.74,1288.25,859.02,867.14,801.39,750.77,1140.93,985.59,676.26,559.79,479.59,460.58,507.04,516.53,396.89,429.77,524.29,831.87,518.74,598.62,607.04,500.58,544.74,470.98,570.09,565.22,467.51,509.18,549.72,551.7,31.919999999999998
1751,1,Mandarin_13,0.0,0.0,0.0,0.0,0.0,0.0,0.0,0.0,0.0,0.0,0.0,0.0,647.41,657.6,1886.5,220.73000000000002,815.6800000000001,7999.53,3475.01,429.42,0.0,0.0,0.0,0.0,0.0,0.0,0.0,0.0,0.0,0.0,0.0,0.0,0.0,0.0,0.0,0.0,0.0,502.53000000000003,138.48000000000002,0.0,265.18,2079.88,2193.46,563.3100000000001,0.0,0.0,0.0
1752,1,Apple_98,863.28,1507.09,589.42,425.84,272.84000000000003,524.24,484.55,447.81,258.5,0.0,0.0,0.0,0.0,855.44,1559.82,1385.55,1142.39,928.95,995.75,1251.07,1179.43,1257.85,942.73,0.0,0.0,982.6999999999999,985.15,1390.71,1016.16,1152.27,759.73,1570.42,1751.18,1438.7,1025.53,609.1,1039.61,1275.73,243.07,0.0,0.0,0.0,0.0,0.0,0.0,0.0,0.0
1753,1,Mushroom_19,1549.97,1590.26,2198.66,2324.43,2418.74,2873.66,2524.17,2587.07,2477.44,2136.8,2055.54,1592.51,1858.11,1772.28,1891.35,2730.91,1955.22,2620.2,2395.16,2668.4,2051.48,1940.7,1728.55,1760.48,1755.75,2073.25,2374.16,2665.2400000000002,2606.19,3577.58,2921.97,3884.9900000000002,3149.95,2996.43,3203.46,2457.5,2858.3,3125.93,3611.98,3597.63,4093.81,4318.95,3722.43,3381.97,3139.15,3528.23,193.18
1756,1,Melon_10,0.0,0.0,0.0,0.0,0.0,0.0,0.0,0.0,0.0,0.0,0.0,1076.65,77.34,0.0,0.0,0.0,0.0,0.0,0.0,0.0,0.0,0.0,0.0,0.0,0.0,0.0,0.0,0.0,0.0,0.0,0.0,0.0,0.0,0.0,0.0,70.64,0.0,0.0,0.0,0.0,0.0,0.0,0.0,0.0,0.0,0.0,0.0
1760,1,Tomato_74,8396.78,8453.12,11103.06,11860.92,14318.86,15648.16,12518.61,14366.25,20453.39,16772.61,14479.15,12773.46,9740.67,9343.14,7857.77,15481.36,21865.1,19680.63,15803.09,18119.989999999998,18306.21,20061.17,12556.5,12739.95,8699.8,10197.13,4534.39,8035.320000000001,0.0,0.0,0.0,4310.52,8008.29,15201.039999999999,8073.57,12058.4,6071.94,1296.15,6057.02,705.69,0.0,0.0,0.0,481.52,5139.56,8658.97,359.01
1761,1,Lettuce_31,0.0,0.0,0.0,0.0,0.0,0.0,0.0,0.0,0.0,0.0,0.0,0.0,0.0,0.0,0.0,0.0,0.0,0.0,0.0,0.0,0.0,0.0,0.0,0.0,0.0,0.0,0.0,0.0,0.0,0.0,0.0,0.0,0.0,0.0,0.0,0.0,0.0,0.0,0.0,707.17,987.68,1388.76,1163.21,1366.31,1525.42,1507.4099999999999,86.62
1762,1,Croissant_24,1160.36,1259.74,1414.77,1412.95,1299.02,1421.31,1054.33,1286.83,1274.84,1350.04,1440.56,1376.3,1350.19,1645.93,1634.49,1466.44,1347.6299999999999,1520.49,1340.07,1464.15,1321.81,1345.98,1268.94,1115.92,1124.47,982.99,970.07,915.5600000000001,860.66,960.84,686.06,653.25,685.06,719.28,953.0,795.45,845.99,694.65,509.19,799.96,519.27,568.36,544.04,697.01,651.08,800.35,29.25
1765,1,Tomato_75,0.0,0.0,0.0,0.0,0.0,0.0,0.0,0.0,0.0,0.0,0.0,0.0,0.0,0.0,0.0,0.0,0.0,2693.62,8852.93,7631.31,3917.36,2160.3,1601.25,0.0,0.0,0.0,294.2,2071.55,2740.02,1342.57,2595.26,0.0,0.0,29.51,0.0,0.0,0.0,0.0,0.0,0.0,0.0,0.0,0.0,0.0,0.0,0.0,0.0
1766,1,Bread_140,1489.67,1535.21,1643.63,1380.8600000000001,1067.96,1530.22,1751.94,1484.49,1501.01,1363.49,1385.07,1274.18,1227.34,1184.51,1095.03,1288.9,1272.41,1317.67,1081.72,1188.7,1011.84,953.6,764.72,691.45,705.08,607.8,537.17,476.79,464.86,449.27,384.93,444.78000000000003,334.9,392.59000000000003,603.57,416.64,682.88,400.0,398.85,373.95,401.6,441.21000000000004,478.78999999999996,325.33,319.34,366.11,17.11
1776,1,Potato_57,0.0,0.0,0.0,0.0,0.0,0.0,0.0,0.0,0.0,0.0,0.0,0.0,0.0,0.0,0.0,0.0,0.0,0.0,0.0,0.0,0.0,0.0,0.0,0.0,0.0,0.0,0.0,0.0,0.0,0.0,0.0,0.0,0.0,0.0,0.0,0.0,0.0,0.0,0.0,0.0,0.0,0.0,0.0,0.0,164.91,2155.91,126.07
1777,1,Salad_40,0.0,0.0,0.0,0.0,0.0,0.0,0.0,0.0,0.0,0.0,0.0,0.0,0.0,0.0,31.92,404.19,173.09,0.0,0.0,0.0,0.0,0.0,159.21,243.23000000000002,208.06,189.44,414.7,254.29,160.62,116.37,485.62,543.93,498.28000000000003,435.12,484.99,444.84,587.98,867.53,656.22,95.98,0.0,0.0,0.0,0.0,350.17,835.62,0.0
1779,1,Pretzel_12,0.0,1947.44,1493.75,2095.18,0.0,0.0,0.0,0.0,0.0,0.0,0.0,0.0,1854.26,6582.16,4124.68,5176.61,4230.37,4680.5,4200.16,3958.25,4604.27,5093.94,4313.53,3683.14,4168.1900000000005,5636.46,6900.72,5583.06,4914.23,5386.24,4611.62,4852.44,4435.94,5039.36,4286.39,4150.1,3626.8,4776.12,3640.99,3598.25,3204.54,3178.98,3266.76,2945.82,2803.12,3039.76,136.33
1780,1,Salad_41,0.0,0.0,0.0,0.0,0.0,0.0,0.0,0.0,0.0,0.0,0.0,0.0,0.0,0.0,940.8,85.15,0.0,0.0,0.0,0.0,0.0,0.0,0.0,0.0,0.0,0.0,293.64,120.86,0.0,0.0,0.0,0.0,0.0,0.0,0.0,0.0,0.0,43.61,1074.91,300.13,0.0,0.0,0.0,0.0,0.0,0.0,0.0
1787,1,Grape_31,0.0,0.0,0.0,0.0,0.0,0.0,0.0,0.0,0.0,0.0,0.0,0.0,0.0,0.0,0.0,0.0,0.0,0.0,0.0,0.0,0.0,0.0,0.0,0.0,0.0,0.0,0.0,0.0,0.0,0.0,0.0,0.0,0.0,0.0,0.0,0.0,0.0,3536.69,3295.13,0.0,0.0,0.0,0.0,0.0,0.0,0.0,0.0
1789,1,Orange_19,0.0,0.0,0.0,0.0,0.0,0.0,0.0,0.0,0.0,0.0,0.0,0.0,0.0,0.0,0.0,0.0,0.0,0.0,0.0,0.0,0.0,0.0,0.0,0.0,0.0,0.0,0.0,0.0,0.0,0.0,0.0,209.04,242.63,469.86,347.11,459.92,984.85,1469.32,1011.26,1106.36,1366.18,1280.6299999999999,1006.9,972.44,1102.46,1360.56,73.77000000000001
1791,1,Pumpkin_12,0.0,0.0,0.0,0.0,0.0,0.0,0.0,0.0,0.0,0.0,0.0,0.0,0.0,0.0,0.0,0.0,0.0,0.0,0.0,0.0,0.0,0.0,0.0,0.0,0.0,0.0,1900.17,195.65,0.0,0.0,0.0,0.0,0.0,0.0,0.0,0.0,0.0,0.0,517.89,0.0,0.0,0.0,0.0,0.0,0.0,0.0,0.0
1793,1,Pepper_19,0.0,0.0,0.0,0.0,0.0,0.0,0.0,0.0,0.0,0.0,0.0,0.0,0.0,0.0,0.0,0.0,0.0,0.0,0.0,0.0,0.0,0.0,0.0,0.0,0.0,382.73,46.16,0.0,521.03,1100.56,301.91999999999996,0.0,0.0,0.0,0.0,0.0,0.0,0.0,153.17,430.54,786.86,1027.94,1137.0,1742.05,1662.67,1951.8,147.93
1795,1,Pumpkin_13,20.21,7634.86,21317.45,14371.58,10887.5,9643.57,810.23,0.0,0.0,0.0,0.0,0.0,0.0,7023.59,18535.97,12316.3,5016.2300000000005,1197.12,0.0,0.0,0.0,0.0,0.0,0.0,633.57,8784.21,15698.0,12460.55,6376.09,6598.95,2117.1,0.0,0.0,0.0,0.0,0.0,516.9,6724.92,15079.22,15013.77,7201.8099999999995,0.0,0.0,0.0,0.0,0.0,0.0
1798,1,Salad_43,0.0,0.0,0.0,0.0,0.0,0.0,0.0,0.0,0.0,0.0,0.0,0.0,0.0,0.0,0.0,0.0,0.0,0.0,0.0,0.0,0.0,0.0,0.0,0.0,0.0,0.0,0.0,0.0,0.0,0.0,0.0,0.0,0.0,0.0,0.0,0.0,0.0,0.0,0.0,0.0,0.0,0.0,1931.15,1956.72,4574.67,3350.42,0.0
1802,1,Flower_10,0.0,0.0,0.0,0.0,0.0,0.0,0.0,0.0,0.0,0.0,0.0,0.0,0.0,0.0,0.0,0.0,0.0,0.0,0.0,0.0,281.54,132.06,0.0,0.0,0.0,0.0,0.0,0.0,0.0,0.0,0.0,500.01,0.0,0.0,0.0,0.0,297.53,0.0,0.0,0.0,0.0,0.0,0.0,692.83,198.36,572.86,0.0
1803,1,Garlic_12,0.0,0.0,0.0,0.0,0.0,0.0,263.5,2578.05,1991.79,1565.55,0.0,0.0,0.0,0.0,0.0,0.0,0.0,0.0,0.0,0.0,0.0,0.0,0.0,0.0,0.0,0.0,0.0,0.0,1088.75,566.7,162.75,106.63,61.379999999999995,13.39,0.0,0.0,0.0,0.0,0.0,0.0,0.0,0.0,819.24,6344.8,6663.31,3661.95,0.0
1804,1,Salad_44,0.0,0.0,0.0,0.0,0.0,0.0,0.0,0.0,0.0,0.0,0.0,0.0,0.0,0.0,0.0,0.0,0.0,0.0,0.0,0.0,0.0,0.0,0.0,352.91,516.44,533.85,528.63,629.6,625.41,898.49,490.69,889.1899999999999,860.51,845.58,925.78,680.22,471.26,1609.0,976.4399999999999,481.25,388.74,592.23,54.59,0.0,0.0,0.0,0.0
1809,1,Grape_32,0.0,873.91,0.0,0.0,0.0,0.0,0.0,0.0,0.0,0.0,0.0,0.0,0.0,0.0,0.0,0.0,0.0,0.0,0.0,0.0,0.0,0.0,0.0,0.0,1089.8700000000001,2924.63,0.0,0.0,0.0,0.0,0.0,0.0,0.0,0.0,0.0,0.0,0.0,0.0,0.0,0.0,0.0,0.0,0.0,0.0,0.0,0.0,0.0
1810,1,Orange_21,0.0,0.0,0.0,0.0,0.0,0.0,0.0,1346.9,5069.55,834.76,0.0,0.0,0.0,0.0,0.0,0.0,0.0,0.0,0.0,0.0,0.0,0.0,0.0,0.0,0.0,0.0,0.0,0.0,0.0,0.0,0.0,0.0,0.0,0.0,0.0,0.0,0.0,0.0,0.0,0.0,0.0,0.0,0.0,0.0,0.0,0.0,0.0
1813,1,Snack_7,12110.06,9851.4,12128.32,10344.02,9059.14,7818.26,7492.21,6887.150000000001,8981.62,10525.06,10231.03,9651.03,8605.08,9118.77,13221.12,13109.7,13449.68,12993.23,10906.5,9465.6,9108.17,9156.81,8099.66,8289.210000000001,8734.91,8162.1900000000005,1204.42,4458.1,7155.4,3187.76,0.0,0.0,0.0,979.5799999999999,3262.38,3316.85,3184.7,3342.83,0.0,0.0,0.0,0.0,0.0,0.0,1040.92,3762.8,173.48
1819,1,Bagel_9,0.0,0.0,0.0,0.0,0.0,0.0,0.0,0.0,0.0,0.0,0.0,0.0,0.0,0.0,0.0,0.0,0.0,0.0,0.0,0.0,0.0,0.0,0.0,0.0,0.0,0.0,497.53000000000003,755.41,733.49,795.24,727.22,889.41,806.09,1000.91,1277.26,1006.7,2405.45,1266.62,1087.75,1088.64,1224.23,1295.9,1211.98,1185.83,1216.95,1288.09,0.0
1823,1,Tomato_82,0.0,0.0,0.0,0.0,0.0,0.0,0.0,0.0,0.0,0.0,0.0,0.0,0.0,0.0,0.0,0.0,0.0,0.0,0.0,0.0,0.0,0.0,0.0,0.0,0.0,0.0,0.0,0.0,586.21,358.36,0.0,0.0,0.0,0.0,0.0,0.0,0.0,0.0,0.0,0.0,574.73,628.36,632.6,500.52,674.22,1243.97,32.67
1830,1,Lettuce_32,0.0,0.0,0.0,0.0,0.0,0.0,0.0,0.0,0.0,0.0,0.0,0.0,0.0,0.0,0.0,0.0,0.0,0.0,0.0,0.0,0.0,0.0,74.22,1894.72,2174.23,2559.09,2633.06,2702.91,2826.23,5529.17,3984.38,5444.26,7183.03,5098.23,5066.95,6613.86,7638.22,6558.7,4811.63,4813.75,3901.41,5246.11,4056.67,3885.1,2140.32,4159.11,276.58
1835,1,Parsley_8,966.64,820.69,815.05,528.51,881.5799999999999,749.57,737.84,1048.78,1359.51,1041.33,778.63,648.39,544.71,624.13,1200.67,703.16,748.61,735.95,607.12,441.76,0.0,0.0,0.0,0.0,0.0,0.0,100.42,232.73,231.06,326.9,199.41,361.31,487.13,429.79,369.32,371.94,364.86,357.02,442.45,315.63,453.59000000000003,398.81,369.51,584.16,718.72,753.09,41.510000000000005
1836,1,Mushroom_20,0.0,0.0,0.0,0.0,0.0,0.0,0.0,0.0,0.0,0.0,0.0,0.0,0.0,0.0,0.0,0.0,0.0,0.0,0.0,0.0,0.0,0.0,0.0,0.0,0.0,0.0,0.0,0.0,0.0,0.0,0.0,0.0,0.0,0.0,0.0,0.0,0.0,0.0,0.0,0.0,0.0,0.0,266.49,1913.55,1597.54,1317.9,104.9
1841,1,Toust_24,719.54,700.97,802.78,1033.9,971.64,813.9300000000001,789.81,1189.18,941.88,990.92,609.49,467.94,778.79,586.86,610.06,722.86,794.64,752.28,635.97,711.27,531.6,563.78,599.84,642.72,772.26,535.36,531.75,361.35,373.9,411.72,347.14,354.83,355.25,600.54,330.61,349.94,413.08,393.97,421.32,435.62,449.0,465.99,454.65,444.78,411.44,404.67,14.51
1845,1,Pastry_140,328.3,368.86,517.15,427.83,273.13,344.2,121.77000000000001,245.92,415.27,480.5,279.78,193.09,502.76,446.26,611.1800000000001,324.11,553.73,592.4,328.35,583.43,564.3,388.93,398.12,300.15,257.62,396.82,451.15,467.07,528.15,392.23,378.12,465.09,579.7,530.04,554.16,422.75,482.42,575.74,653.08,625.88,1041.54,582.67,724.26,791.78,662.41,711.53,23.88
1849,1,Bread_147,2609.7599999999998,2677.13,3306.51,3385.89,3377.59,2926.95,2455.25,3138.17,2947.51,3489.77,2873.77,2904.69,2616.4,2966.03,3253.57,2698.59,2739.5299999999997,1206.23,2221.61,4254.07,2520.0099999999998,2713.4900000000002,2673.88,2255.85,3171.87,2234.18,2775.04,3375.26,3563.8599999999997,3733.16,2483.15,2467.54,2462.29,2738.11,2676.0299999999997,2373.79,3067.95,3035.84,3266.86,2942.52,3795.8,3399.56,3185.93,3003.69,2940.57,3329.85,155.41000000000003
1852,1,Tomato_84,0.0,0.0,1067.59,715.42,346.29,0.0,0.0,0.0,0.0,0.0,0.0,0.0,0.0,0.0,0.0,1064.51,1130.26,143.71,0.0,0.0,390.67,591.2,804.83,580.1,1774.77,1105.5,1420.94,622.81,348.2,0.0,0.0,208.3,886.5,1003.17,2934.91,1241.99,616.94,964.6800000000001,1687.19,1230.56,2745.54,1817.18,2249.54,2788.34,2028.22,1659.69,86.69
1854,1,Bread_148,0.0,0.0,0.0,0.0,0.0,0.0,0.0,0.0,0.0,0.0,0.0,0.0,0.0,0.0,0.0,0.0,0.0,0.0,162.27,245.35,252.5,270.22,573.0,389.62,598.11,896.68,866.65,848.05,1167.27,1045.55,1168.45,1069.17,931.45,995.81,1227.76,1138.07,1466.22,1325.13,1343.01,2196.56,1445.54,1827.26,1669.49,2169.36,1798.12,2041.9,100.72
1856,1,Carrot_27,0.0,0.0,0.0,0.0,0.0,0.0,71.59,627.8,681.1,502.59,339.71,98.86,84.3,0.0,483.09,545.29,598.66,753.32,512.86,455.78,339.94,419.75,256.91,293.88,232.17,0.0,0.0,0.0,0.0,117.21,452.52,556.54,435.71,337.54,241.79,775.41,253.56,259.53,339.46,413.98,616.77,731.08,584.7,420.23,0.0,0.0,0.0
1859,1,Pastry_143,0.0,0.0,0.0,0.0,0.0,0.0,0.0,0.0,0.0,0.0,0.0,0.0,0.0,0.0,0.0,312.21,2061.82,3494.96,1861.93,1174.22,1506.14,1371.93,1179.27,721.27,928.38,998.98,1076.74,1244.35,1482.89,799.39,936.06,727.26,82.5,0.0,0.0,0.0,0.0,0.0,0.0,0.0,0.0,0.0,0.0,0.0,0.0,0.0,0.0
1861,1,Bread_149,1542.19,2242.7,2290.16,2699.7599999999998,3878.11,3286.94,3369.9,3571.62,2870.78,2212.9,1792.51,1518.42,1826.6499999999999,2178.25,1692.19,2489.4900000000002,2223.28,1815.98,1457.43,1355.08,1203.24,1016.22,1322.38,2723.4,3169.57,1306.97,1533.49,865.4300000000001,1084.41,913.4,634.31,649.81,718.13,862.18,948.0699999999999,1288.78,1570.55,993.97,927.44,949.02,1091.77,864.4,882.05,821.19,797.58,1231.64,85.06
1864,1,Baguette_28,0.0,0.0,0.0,0.0,0.0,0.0,0.0,0.0,0.0,0.0,0.0,0.0,0.0,0.0,0.0,91.44999999999999,331.43,573.35,631.47,543.33,445.99,467.59,462.95,431.09,418.67,403.25,603.91,376.91,351.42,416.98,421.94,570.6,497.9,524.79,537.22,563.01,562.18,611.32,812.35,1032.66,928.62,1312.71,863.93,735.93,879.65,846.82,60.08
1867,1,Cucumber_26,0.0,0.0,0.0,0.0,0.0,0.0,0.0,0.0,0.0,0.0,0.0,0.0,0.0,0.0,0.0,0.0,0.0,6979.5,4744.9,0.0,0.0,0.0,0.0,0.0,0.0,0.0,0.0,0.0,0.0,0.0,0.0,0.0,0.0,0.0,0.0,0.0,0.0,0.0,0.0,0.0,0.0,0.0,0.0,0.0,0.0,0.0,0.0
1868,1,Apple_100,0.0,0.0,0.0,0.0,0.0,0.0,0.0,0.0,0.0,0.0,0.0,0.0,0.0,0.0,0.0,0.0,0.0,0.0,0.0,0.0,0.0,0.0,0.0,0.0,0.0,0.0,0.0,0.0,0.0,0.0,0.0,0.0,0.0,0.0,0.0,0.0,0.0,0.0,970.99,374.69,0.0,0.0,0.0,0.0,0.0,0.0,0.0
1870,1,Bread_152,0.0,0.0,0.0,0.0,0.0,0.0,0.0,0.0,0.0,0.0,0.0,37.82,145.18,218.86,257.61,152.1,184.33,146.78,28.07,162.65,208.49,149.15,213.42,201.16,265.88,277.05,265.4,248.13,259.43,334.96,329.92,415.0,371.84,386.92,427.43,439.82,483.36,722.12,659.28,685.14,737.86,694.57,645.46,519.59,550.88,774.78,48.47
1882,1,Bell Pepper_15,741.15,641.66,871.51,895.67,927.15,1241.14,1832.23,1755.98,0.0,612.79,1649.82,382.90999999999997,210.94,0.0,0.0,960.27,1027.79,1704.96,1316.03,1015.18,914.4300000000001,417.84000000000003,0.0,0.0,0.0,0.0,0.0,0.0,17.31,0.0,0.0,0.0,253.97,488.89,612.1,447.44,490.52,221.34,352.53000000000003,0.0,0.0,0.0,0.0,0.0,20.68,778.62,53.93
1886,1,Tomato_85,0.0,0.0,0.0,0.0,0.0,0.0,0.0,0.0,0.0,0.0,0.0,0.0,0.0,0.0,96.09,130.67000000000002,64.54,106.34,82.26,107.03,57.35,82.86,30.03,34.59,66.89,0.0,217.44,281.71,478.15,803.81,351.46,704.93,673.0699999999999,340.3,534.92,215.4,0.0,0.0,0.0,0.0,0.0,0.0,0.0,0.0,0.0,0.0,0.0
1887,1,Chicken_69,0.0,0.0,0.0,0.0,0.0,0.0,0.0,0.0,0.0,0.0,0.0,0.0,0.0,0.0,0.0,0.0,0.0,0.0,0.0,0.0,0.0,101.28,552.15,255.27,225.15,171.35,14.739999999999998,0.0,0.0,0.0,0.0,0.0,7.37,249.25,987.59,767.6700000000001,437.99,462.5,29.91,0.0,0.0,0.0,0.0,0.0,51.58,759.13,72.87
1889,1,Tomato_86,0.0,0.0,0.0,246.97,387.14,696.62,775.9200000000001,871.42,682.24,485.79,206.07,0.0,0.0,0.0,0.0,0.0,0.0,0.0,0.0,410.59000000000003,374.39,31.88,0.0,0.0,0.0,0.0,0.0,0.0,0.0,0.0,0.0,0.0,0.0,0.0,0.0,0.0,0.0,0.0,662.66,1014.44,736.34,0.0,0.0,0.0,0.0,0.0,0.0
1895,1,Onion_38,0.0,0.0,0.0,0.0,0.0,0.0,0.0,0.0,0.0,0.0,0.0,0.0,0.0,0.0,0.0,0.0,0.0,0.0,0.0,0.0,0.0,0.0,0.0,0.0,0.0,0.0,0.0,0.0,0.0,0.0,0.0,0.0,355.83000000000004,0.0,0.0,0.0,0.0,0.0,0.0,3136.37,6194.1,9429.76,5440.11,0.0,0.0,0.0,0.0
1896,1,Donut_31,0.0,0.0,0.0,0.0,0.0,0.0,0.0,0.0,0.0,0.0,0.0,0.0,0.0,0.0,0.0,0.0,0.0,0.0,0.0,0.0,0.0,0.0,0.0,0.0,0.0,0.0,0.0,0.0,0.0,270.75,13106.02,3037.11,2430.26,2853.12,2327.07,2417.92,2580.15,2765.36,2632.22,2131.2200000000003,1728.85,1783.03,3777.77,1984.39,1518.19,1338.95,97.56
1899,1,Ginger_5,0.0,0.0,0.0,0.0,0.0,0.0,0.0,0.0,0.0,0.0,0.0,0.0,0.0,0.0,0.0,0.0,0.0,0.0,0.0,0.0,0.0,0.0,0.0,0.0,0.0,0.0,0.0,0.0,0.0,0.0,554.47,0.0,0.0,0.0,0.0,0.0,0.0,0.0,0.0,0.0,0.0,0.0,0.0,0.0,0.0,0.0,0.0
1901,1,Paprika_1,474.07,481.7,553.32,731.98,766.62,978.69,943.76,1047.44,928.27,830.3,666.48,689.31,691.1,161.42,0.0,0.0,550.11,668.18,769.86,706.89,733.17,786.38,693.26,488.78,582.59,974.26,941.03,747.04,604.55,632.38,1164.97,1425.23,1293.45,1292.1100000000001,1106.42,998.28,835.73,656.91,702.77,819.64,881.74,932.5500000000001,1134.98,991.87,973.03,888.31,49.58
1902,1,Bread_154,0.0,0.0,0.0,0.0,0.0,0.0,0.0,0.0,0.0,0.0,0.0,0.0,0.0,0.0,0.0,0.0,0.0,0.0,0.0,382.63,552.14,583.89,542.89,626.33,754.93,741.75,836.3,769.62,751.74,757.48,630.19,735.3,650.18,642.84,676.42,808.56,820.15,937.63,889.22,1008.76,1133.39,1204.55,1002.41,916.81,1046.85,947.49,41.19
1905,1,Bread_155,719.28,758.24,939.62,747.66,515.81,815.5799999999999,865.73,772.1899999999999,945.78,1004.46,1218.23,1358.38,1146.13,963.31,1166.0,1143.07,1208.95,1292.3,1342.49,1384.36,1121.9,1311.58,1378.79,1417.34,1400.11,1127.82,1111.23,1140.61,1293.91,1252.51,1044.4,1568.05,1483.06,1441.84,1319.61,1552.23,1573.48,1568.43,1591.73,1506.69,1578.76,1693.27,1459.64,1389.47,1525.43,1615.34,107.23
1907,1,Bread_156,0.0,0.0,0.0,0.0,0.0,0.0,0.0,0.0,0.0,0.0,0.0,0.0,0.0,0.0,0.0,0.0,0.0,0.0,0.0,0.0,0.0,0.0,0.0,0.0,0.0,0.0,0.0,0.0,0.0,0.0,0.0,0.0,0.0,0.0,561.03,1896.3600000000001,2172.87,5503.400000000001,2371.78,2178.43,2271.8,2130.42,1578.55,1590.24,1581.58,972.51,0.0
1910,1,Cabbage_15,0.0,0.0,0.0,0.0,0.0,0.0,0.0,1341.07,940.58,177.99,1089.57,0.0,0.0,0.0,0.0,111.84,800.69,1396.8600000000001,1054.99,722.74,1515.68,1064.56,791.06,812.9399999999999,622.55,622.1899999999999,1414.31,924.8,911.74,1679.71,895.05,375.09,493.05,0.0,0.0,0.0,0.0,0.0,0.0,0.0,0.0,0.0,0.0,0.0,0.0,106.17,51.57
1913,1,Salad_45,0.0,0.0,0.0,0.0,0.0,0.0,0.0,0.0,0.0,0.0,0.0,0.0,0.0,0.0,0.0,0.0,0.0,0.0,0.0,0.0,0.0,0.0,0.0,0.0,0.0,22.78,785.28,819.87,34.53,0.0,0.0,0.0,0.0,0.0,0.0,0.0,0.0,53.690000000000005,1317.1,1074.06,289.4,0.0,0.0,0.0,0.0,0.0,0.0
1919,1,Plant_2,0.0,0.0,0.0,0.0,0.0,0.0,0.0,0.0,0.0,0.0,0.0,0.0,0.0,0.0,0.0,0.0,0.0,0.0,0.0,0.0,106.56,129.13,0.0,0.0,0.0,0.0,0.0,0.0,0.0,0.0,0.0,0.0,104.69,597.29,0.0,0.0,0.0,0.0,0.0,0.0,0.0,0.0,0.0,0.0,288.5,0.0,0.0
1920,1,Apple_103,77.95,0.0,0.0,0.0,0.0,0.0,0.0,0.0,0.0,0.0,0.0,0.0,0.0,0.0,0.0,0.0,0.0,0.0,24.9,257.03,0.0,0.0,0.0,0.0,0.0,0.0,0.0,0.0,1296.73,1856.75,573.99,0.0,0.0,0.0,0.0,0.0,0.0,0.0,0.0,0.0,0.0,0.0,0.0,0.0,0.0,0.0,0.0
1923,1,Bread_157,2114.54,2274.42,1991.47,1911.48,1823.0,1631.02,1539.37,1669.93,1546.31,1249.3899999999999,1158.26,1098.21,1072.08,1185.44,948.25,1110.95,1355.69,1155.24,946.15,1305.88,1329.19,781.53,883.4,2428.2,3452.66,2597.87,1934.3,1429.3,1426.6,2588.89,2514.97,2266.14,1586.69,1462.5,1464.6100000000001,2081.22,1638.74,1791.98,1637.8,1402.58,1521.09,2157.85,1781.17,1518.8300000000002,1308.65,1301.65,86.15
1927,1,Onion_39,145.12,330.92,373.19,623.77,652.01,689.8100000000001,545.58,597.5,477.1,434.11,426.28,417.18,556.89,356.33,523.74,594.02,537.8,655.75,395.26,524.36,481.09000000000003,423.15,443.16,594.84,426.04,415.05,449.19,489.26,759.57,633.87,358.12,645.99,955.54,272.88,0.0,0.0,0.0,0.0,0.0,0.0,0.0,0.0,0.0,698.09,1647.75,2449.63,146.32999999999998
1928,1,Cauliflower_8,0.0,0.0,0.0,0.0,0.0,0.0,0.0,0.0,0.0,0.0,0.0,0.0,1078.57,2789.8,3546.15,2445.66,1259.95,1648.68,2404.4,3624.69,2540.09,1795.49,2087.89,2637.23,2210.72,3137.26,3382.66,2787.37,1723.3,235.24,1413.04,2518.21,505.31000000000006,0.0,5089.14,1462.84,1960.96,4273.09,2697.4,3011.46,3234.01,3852.33,5106.35,3439.97,3708.6800000000003,3223.84,171.99
1931,1,Strawberry_30,0.0,0.0,0.0,0.0,0.0,0.0,0.0,0.0,0.0,0.0,0.0,0.0,0.0,0.0,0.0,0.0,0.0,0.0,0.0,0.0,0.0,0.0,0.0,0.0,0.0,0.0,0.0,0.0,0.0,0.0,617.34,1987.35,2822.93,1191.05,235.61,0.0,0.0,0.0,0.0,0.0,0.0,0.0,1074.74,3404.84,592.49,129.92,0.0
1934,1,Nectarine_13,0.0,0.0,0.0,0.0,0.0,0.0,0.0,0.0,0.0,0.0,0.0,0.0,0.0,0.0,0.0,0.0,0.0,0.0,0.0,0.0,0.0,0.0,0.0,111.25999999999999,107.41,0.0,0.0,0.0,0.0,0.0,0.0,0.0,0.0,0.0,215.5,1048.78,747.32,91.58,0.0,0.0,0.0,0.0,0.0,0.0,0.0,0.0,0.0
1937,1,Tomato_90,0.0,0.0,0.0,0.0,0.0,0.0,0.0,378.33000000000004,3882.7400000000002,6158.33,3908.84,4812.44,3624.31,3912.57,1265.71,0.0,0.0,0.0,0.0,0.0,0.0,0.0,0.0,0.0,0.0,0.0,0.0,0.0,0.0,0.0,0.0,0.0,0.0,0.0,0.0,0.0,0.0,0.0,0.0,0.0,0.0,0.0,0.0,0.0,0.0,0.0,0.0
1939,1,Pork_27,193.12,241.49,269.57,243.39,201.46,239.96,212.06,95.53999999999999,0.0,0.0,0.0,0.0,0.0,33.45,210.75,268.01,211.24,393.29,387.31,371.01,392.28,496.03,397.21,471.87,469.6,494.65999999999997,596.55,454.36,354.63,338.76,217.98,0.0,178.84,521.8,553.6,452.39,534.52,569.46,726.24,616.0,793.47,817.86,1240.85,731.76,765.06,1468.03,61.31
1946,1,Bread_159,0.0,0.0,0.0,0.0,0.0,0.0,0.0,0.0,0.0,0.0,0.0,0.0,1360.65,3904.12,3544.87,4101.79,3913.4,3753.71,3373.31,3841.32,3564.06,3853.55,3060.28,3101.17,2712.67,2098.85,1770.95,2023.94,2257.7799999999997,1050.09,1877.26,1807.64,2120.6,1862.11,2267.44,1714.53,1846.42,1716.87,1694.44,1984.04,1892.35,2088.36,1904.47,5633.56,2168.63,2098.43,122.03999999999999
1947,1,Orange_25,0.0,0.0,0.0,0.0,0.0,0.0,0.0,0.0,0.0,0.0,0.0,0.0,0.0,0.0,0.0,0.0,0.0,0.0,0.0,0.0,0.0,0.0,0.0,0.0,0.0,0.0,0.0,0.0,0.0,0.0,0.0,0.0,0.0,0.0,0.0,0.0,0.0,0.0,0.0,0.0,0.0,0.0,1052.5,1277.72,0.0,0.0,0.0
1948,1,Bell Pepper_17,6211.57,6042.87,5843.95,5726.39,5691.74,5741.17,3496.46,3658.48,2984.85,373.49,0.0,1260.6200000000001,774.25,0.0,0.0,0.0,0.0,0.0,0.0,997.36,1057.32,2010.78,3471.79,3896.71,3490.68,3508.11,2897.93,2934.22,2478.32,1899.2,1067.07,2721.06,3225.92,4358.42,5180.9,7286.77,5781.29,3898.07,3543.46,3616.09,3693.24,2672.06,2920.25,3681.29,3121.21,3651.67,166.25
1951,1,Apple_104,0.0,0.0,0.0,0.0,0.0,0.0,0.0,0.0,0.0,0.0,0.0,0.0,0.0,0.0,0.0,0.0,0.0,0.0,0.0,0.0,0.0,0.0,0.0,0.0,0.0,0.0,0.0,0.0,0.0,0.0,0.0,0.0,0.0,0.0,0.0,0.0,0.0,0.0,0.0,158.17,486.38,1140.61,331.38,0.0,0.0,0.0,0.0
1952,1,Kohlrabi_6,0.0,0.0,0.0,0.0,0.0,0.0,0.0,0.0,0.0,0.0,0.0,0.0,0.0,0.0,0.0,0.0,0.0,0.0,0.0,0.0,0.0,0.0,0.0,0.0,0.0,0.0,0.0,0.0,0.0,0.0,843.25,4938.59,4169.57,693.94,745.77,275.15999999999997,1514.83,63.98,0.0,0.0,472.95000000000005,396.24,0.0,0.0,0.0,105.8,0.0
1953,1,Mushroom_23,488.6,590.51,897.04,904.67,801.35,1081.9,966.41,1000.38,995.37,958.86,851.23,762.26,772.39,854.37,1233.02,1105.3,843.9,1318.87,1147.73,1250.01,1010.87,1069.04,813.24,713.66,789.79,986.01,1143.65,1139.87,1057.83,1322.83,1216.79,1231.05,1169.56,1076.44,1273.71,931.24,1009.0,1234.29,1041.81,1036.81,1047.22,1362.18,1230.8,1404.79,1086.93,1403.2,93.2
1960,1,Watermelon_21,9307.6,2035.39,0.0,0.0,0.0,0.0,0.0,0.0,0.0,0.0,0.0,0.0,0.0,0.0,0.0,0.0,0.0,0.0,0.0,0.0,0.0,0.0,0.0,0.0,0.0,0.0,0.0,0.0,0.0,0.0,0.0,0.0,0.0,0.0,0.0,0.0,0.0,0.0,0.0,0.0,0.0,0.0,0.0,0.0,0.0,0.0,0.0
1962,1,Duck_3,0.0,0.0,0.0,0.0,0.0,0.0,0.0,0.0,0.0,0.0,0.0,0.0,0.0,0.0,0.0,0.0,0.0,0.0,0.0,0.0,0.0,0.0,0.0,0.0,0.0,0.0,438.87,779.35,1132.64,0.0,0.0,0.0,0.0,0.0,0.0,0.0,0.0,0.0,0.0,0.0,0.0,0.0,0.0,0.0,0.0,0.0,0.0
1964,1,Bell Pepper_18,501.56,2508.76,2285.24,3731.09,4999.4800000000005,5879.42,6255.53,2138.09,56.85,3109.97,1773.54,0.0,0.0,0.0,2293.46,6398.38,4340.58,4738.44,4252.52,3876.43,2358.21,3033.28,2755.46,2033.29,2150.82,2149.48,2606.9,3471.9,4108.91,3697.88,0.0,0.0,1384.88,2345.57,2502.72,2909.34,766.46,0.0,770.58,3429.26,3050.26,3695.51,3734.33,4150.31,3933.55,0.0,0.0
1965,1,Lemon_11,0.0,0.0,438.5,1080.28,1881.1299999999999,1916.36,1963.91,2585.27,2766.27,3286.5,3408.71,2392.86,2172.31,2361.01,1142.41,560.17,2120.14,2217.3,1628.65,1776.45,2114.36,2408.04,2780.92,1961.85,1917.93,1795.61,2221.8,1731.1,2263.07,1401.51,1146.28,1654.01,1489.31,1796.97,2482.83,3191.09,846.88,0.0,0.0,0.0,0.0,0.0,0.0,0.0,0.0,0.0,0.0
1967,1,Bread_161,0.0,0.0,0.0,0.0,0.0,0.0,0.0,0.0,0.0,0.0,0.0,0.0,0.0,0.0,0.0,0.0,0.0,0.0,0.0,0.0,0.0,0.0,0.0,0.0,0.0,0.0,0.0,0.0,265.35,1052.8,1160.18,372.28,388.05,298.8,336.03,1024.67,706.67,414.11,481.86,418.51,524.55,450.07,486.48,786.44,470.40000000000003,435.09,31.54
1969,1,Potato_63,0.0,0.0,0.0,0.0,0.0,0.0,0.0,152.67000000000002,873.03,1000.9,1205.56,1229.94,519.09,1001.17,485.44,713.31,350.65999999999997,0.0,96.82,0.0,0.0,0.0,0.0,0.0,0.0,0.0,0.0,0.0,0.0,0.0,0.0,0.0,0.0,644.79,1162.48,1036.51,779.78,816.6,896.34,732.16,800.25,651.3100000000001,0.0,0.0,0.0,0.0,0.0
1976,1,Bread_163,1892.2,1210.68,1181.32,1123.93,1436.21,1683.57,1308.41,1694.49,2038.79,2326.38,2393.07,2616.74,2144.98,1355.8,1609.98,1337.55,1483.33,1369.49,1411.08,1724.69,1541.57,1571.98,1750.22,1437.6200000000001,1337.26,1045.09,973.54,839.87,868.58,1007.5,717.37,902.15,897.46,1050.58,2026.5,1190.38,1465.04,1191.63,999.02,690.44,778.88,1074.93,898.92,775.86,1141.76,1224.2,99.91
1978,1,Chicken_74,0.0,0.0,0.0,0.0,0.0,0.0,0.0,0.0,0.0,0.0,0.0,0.0,0.0,0.0,0.0,0.0,0.0,0.0,0.0,0.0,0.0,0.0,0.0,0.0,0.0,0.0,0.0,0.0,0.0,571.37,842.56,1371.23,2667.91,2341.98,1609.96,0.0,0.0,0.0,0.0,0.0,0.0,0.0,0.0,0.0,0.0,0.0,0.0
1984,1,Salad_46,1612.38,1534.21,1347.87,1154.28,1517.48,2544.5,2136.98,2240.35,2293.15,2661.1,1835.77,1558.5,1646.3,1601.81,1693.53,1650.69,1455.53,2315.22,1779.82,1829.31,1407.59,1559.92,1518.79,1401.75,1193.5,1175.2,1107.31,997.81,774.52,1228.7,1216.6399999999999,1321.75,1293.57,1263.72,1084.58,1472.17,1026.07,975.09,912.3299999999999,1172.45,931.52,1196.72,1056.54,1052.67,575.04,927.94,48.53
1985,1,Croissant_30,0.0,0.0,0.0,0.0,0.0,0.0,0.0,0.0,0.0,0.0,0.0,0.0,0.0,0.0,0.0,0.0,0.0,0.0,0.0,0.0,0.0,0.0,0.0,0.0,0.0,0.0,0.0,0.0,0.0,0.0,0.0,708.35,819.9399999999999,3985.76,6407.39,4223.5,2435.84,1903.74,1816.4,1748.1599999999999,1642.54,2105.89,2027.17,1969.98,1911.42,1861.62,125.74000000000001
1987,1,Tomato_91,0.0,370.06,1153.68,3511.88,4696.95,6729.93,5690.37,5831.24,1735.64,0.0,0.0,0.0,0.0,0.0,0.0,0.0,0.0,0.0,0.0,2758.32,1647.67,821.48,1174.39,1092.73,1008.79,1439.18,2098.65,2738.82,2012.8899999999999,2956.72,5170.22,5678.59,3607.77,3129.63,4861.23,2552.98,1675.8700000000001,3393.56,5005.53,4879.29,7564.21,5453.03,3205.03,3142.31,1976.39,1750.56,96.69
1993,1,Salad_47,0.0,0.0,0.0,0.0,0.0,0.0,0.0,0.0,0.0,0.0,0.0,0.0,0.0,0.0,0.0,0.0,0.0,0.0,0.0,0.0,0.0,0.0,0.0,0.0,0.0,0.0,0.0,0.0,0.0,593.53,1031.16,868.97,869.04,644.74,682.1899999999999,612.32,447.52,630.25,532.8,669.76,610.73,657.68,639.46,627.87,332.95,0.0,0.0
1995,1,Chicken_75,0.0,0.0,0.0,0.0,0.0,0.0,0.0,0.0,0.0,0.0,0.0,0.0,0.0,0.0,0.0,0.0,0.0,0.0,0.0,0.0,0.0,0.0,0.0,0.0,0.0,0.0,0.0,0.0,0.0,0.0,0.0,0.0,0.0,0.0,0.0,0.0,0.0,0.0,0.0,1019.03,1062.4,1209.41,1325.25,702.98,1442.92,1383.4,40.5
1997,1,Orange_26,0.0,0.0,0.0,489.36,429.45,461.34000000000003,993.76,1290.76,974.27,1062.94,554.56,0.0,318.39,362.81,563.41,563.1800000000001,635.9499999999999,683.91,914.54,611.71,766.91,550.81,466.18,408.27,377.26,67.76,551.84,593.42,763.37,1508.23,1235.41,908.08,621.3,263.44,530.15,181.73,0.0,0.0,251.1,1412.46,2138.01,1908.91,1553.14,1666.28,1459.86,532.04,0.0
2004,1,Pastry_149,0.0,0.0,0.0,0.0,0.0,0.0,0.0,0.0,0.0,0.0,0.0,0.0,0.0,0.0,0.0,0.0,0.0,0.0,0.0,0.0,0.0,0.0,0.0,0.0,0.0,0.0,0.0,0.0,213.8,797.19,943.32,582.48,1078.91,738.43,110.44,0.0,0.0,0.0,0.0,0.0,0.0,0.0,0.0,0.0,0.0,0.0,0.0
2006,1,Potato_65,865.53,1234.08,2251.11,2369.56,2637.09,2197.0,1888.45,1346.44,0.0,0.0,0.0,0.0,244.7,1385.95,1943.27,1889.49,2235.3,1977.54,1543.24,2120.02,1813.0,1476.48,0.0,0.0,0.0,1939.31,2397.76,3992.0299999999997,5084.17,4126.04,4062.61,4345.32,1714.1100000000001,0.0,0.0,2593.28,2673.5099999999998,1108.11,363.99,3510.4,4112.24,4133.58,2922.16,3417.8,2832.21,2877.43,343.08000000000004
2014,1,Salad_48,2270.92,2298.78,2106.41,2013.3,2417.1,2470.84,2889.5,3400.71,3184.79,2869.79,2589.4900000000002,1874.38,1883.95,1354.68,1217.84,1320.96,1087.5,1533.6200000000001,1242.46,1603.26,1579.6100000000001,2066.37,2398.15,2181.1,1962.61,1605.03,1486.59,1374.52,1516.03,1794.92,1447.28,2363.62,2098.11,2035.93,1782.29,1786.21,2088.66,3563.2200000000003,2334.56,2380.79,3104.76,4367.49,318.4,0.0,0.0,0.0,0.0
2015,1,Pear_30,0.0,0.0,0.0,0.0,0.0,0.0,301.53999999999996,2265.4,3304.09,2332.93,0.0,0.0,0.0,0.0,0.0,0.0,0.0,0.0,0.0,0.0,0.0,0.0,17.42,762.57,651.76,2115.83,1249.8,1454.36,592.12,0.0,0.0,0.0,0.0,0.0,0.0,0.0,0.0,64.26,2021.01,1893.12,1835.98,0.0,0.0,0.0,0.0,0.0,0.0
2016,1,Apple_108,0.0,0.0,0.0,0.0,0.0,0.0,0.0,0.0,0.0,0.0,0.0,0.0,0.0,0.0,0.0,0.0,0.0,0.0,0.0,0.0,0.0,0.0,0.0,0.0,0.0,0.0,0.0,0.0,0.0,0.0,0.0,233.10000000000002,0.0,1013.31,1065.21,0.0,0.0,0.0,0.0,0.0,0.0,0.0,0.0,0.0,0.0,0.0,0.0
2017,1,Salad_49,0.0,0.0,797.88,1415.42,2398.44,1610.56,0.0,0.0,0.0,0.0,155.68,0.0,209.23,1700.23,1918.24,2230.22,1225.83,0.0,905.7,2834.7,2670.8,2774.64,2621.72,2236.65,2395.08,2487.12,2621.07,3014.1,2645.93,3808.45,3941.31,4671.34,3958.12,3822.3,3182.58,2988.75,2920.84,3003.22,2794.63,3005.36,2918.38,3632.65,3325.36,3699.55,1580.69,2838.9,194.88
2018,1,Pepper_21,0.0,0.0,0.0,0.0,0.0,0.0,0.0,0.0,0.0,52.3,11.49,258.65,371.68,475.77,874.77,870.48,399.56,0.0,0.0,0.0,0.0,115.43,480.15,359.07,371.84,249.66,439.01,259.23,460.87,13.77,0.0,0.0,0.0,52.92,153.4,480.81,546.17,571.55,540.6,492.09000000000003,127.86,0.0,0.0,0.0,0.0,176.41,25.79
2019,1,Apple_109,0.0,502.57,15437.72,16532.4,15309.68,18264.65,12630.19,23151.33,16494.89,13561.18,9029.78,7611.52,10241.78,11618.32,8653.67,14373.45,10311.03,12625.8,15614.36,10563.55,10329.65,9785.36,6720.4,6145.93,8205.61,9167.88,10457.98,11998.87,9073.63,8673.89,0.0,0.0,0.0,0.0,0.0,0.0,0.0,3038.77,5552.44,5997.21,7194.77,3924.2999999999997,0.0,0.0,0.0,0.0,0.0
2020,1,Salad_50,0.0,0.0,0.0,0.0,0.0,0.0,0.0,0.0,0.0,0.0,0.0,0.0,0.0,0.0,0.0,0.0,0.0,0.0,0.0,0.0,0.0,0.0,0.0,0.0,0.0,0.0,0.0,165.17,309.24,829.89,566.98,647.53,659.98,697.08,730.1,760.0,870.56,818.71,691.99,917.01,805.35,942.36,947.46,947.33,552.9,0.0,0.0
2024,1,Donut_32,0.0,0.0,0.0,0.0,0.0,0.0,0.0,0.0,0.0,0.0,0.0,0.0,0.0,0.0,0.0,0.0,0.0,0.0,1072.81,1443.57,2128.34,2319.1,3509.56,2194.39,2508.91,2757.35,5064.37,3618.7,2615.5,3318.96,5987.7,3470.95,3599.81,4368.26,3247.67,3368.24,4428.07,4449.42,3948.94,3766.16,3302.29,3847.06,7429.68,3931.11,4336.26,3300.9,172.17000000000002
2025,1,Lamb's lettuce_0,0.0,0.0,0.0,0.0,0.0,0.0,0.0,0.0,0.0,0.0,0.0,0.0,0.0,0.0,0.0,0.0,0.0,0.0,0.0,0.0,0.0,0.0,0.0,0.0,0.0,0.0,0.0,0.0,0.0,0.0,0.0,154.27,0.0,0.0,0.0,155.21,328.08,535.28,545.47,0.0,95.12,26.84,0.0,0.0,425.52,1122.74,66.30000000000001
2026,1,Avocado_9,0.0,0.0,0.0,0.0,0.0,0.0,0.0,0.0,0.0,0.0,0.0,0.0,0.0,0.0,1030.69,1599.35,897.34,1076.77,1169.01,1072.25,1305.81,915.96,786.86,600.01,629.6899999999999,73.63,495.8,882.75,1579.42,1729.57,1275.59,1552.1,1141.24,1096.9,1055.37,465.06,0.0,0.0,0.0,0.0,0.0,361.19,654.47,407.29,0.0,0.0,0.0
2031,1,Tomato_92,0.0,0.0,0.0,455.08,618.27,479.91,1180.14,1169.27,1195.61,783.28,595.1,651.37,706.77,1034.53,764.52,463.72,0.0,0.0,0.0,0.0,0.0,0.0,0.0,0.0,0.0,93.83000000000001,893.8100000000001,484.75,0.0,975.08,712.36,1934.0,762.99,1369.97,808.9,309.21,0.0,0.0,852.6500000000001,5529.4,5197.28,9516.9,11473.67,14336.49,18989.11,3918.69,0.0
2033,1,Orange_27,0.0,0.0,0.0,0.0,0.0,0.0,0.0,669.12,2810.27,962.3399999999999,0.0,0.0,0.0,0.0,0.0,0.0,0.0,0.0,0.0,0.0,0.0,0.0,0.0,0.0,0.0,0.0,0.0,0.0,0.0,0.0,0.0,0.0,0.0,0.0,0.0,0.0,0.0,0.0,0.0,0.0,0.0,0.0,0.0,0.0,0.0,0.0,0.0
2035,1,Bread_170,510.46999999999997,694.48,716.67,650.86,554.02,657.7,620.53,630.25,532.74,442.72,447.57,470.49,465.34,537.8,496.34,610.08,631.42,534.04,404.08,466.51,367.96999999999997,422.72,397.67,418.05,509.46000000000004,437.85,499.59000000000003,627.03,620.34,636.33,658.73,703.14,565.05,598.12,520.73,628.59,675.39,1054.29,780.12,729.13,899.47,872.17,753.0,722.57,1019.98,814.2,24.74
2036,1,Salad_51,0.0,0.0,0.0,0.0,0.0,0.0,0.0,0.0,0.0,0.0,0.0,0.0,0.0,0.0,0.0,0.0,0.0,0.0,0.0,0.0,0.0,0.0,0.0,228.86,333.91,182.94,152.11,0.0,0.0,85.4,261.53,513.38,606.71,538.91,557.0600000000001,1280.95,588.45,541.13,448.97,370.54,878.64,1176.1,1113.6,1299.41,2010.08,1733.62,138.76
2037,1,Tortilla_11,0.0,0.0,0.0,0.0,0.0,0.0,0.0,0.0,0.0,0.0,0.0,0.0,0.0,0.0,0.0,0.0,0.0,0.0,0.0,0.0,0.0,0.0,0.0,0.0,136.64,414.48,515.1899999999999,588.23,573.38,1092.73,839.06,1159.26,664.73,1170.24,1019.02,1062.72,1162.72,1240.09,1274.88,1279.14,1140.55,1761.81,1697.6,1457.23,1688.97,1508.97,114.84
2043,1,Strawberry_31,0.0,0.0,0.0,0.0,0.0,0.0,0.0,0.0,0.0,0.0,0.0,19.5,0.0,0.0,74.14,186.82,657.9399999999999,1139.08,1845.85,2919.13,3005.46,1066.63,213.42000000000002,0.0,726.49,752.27,524.1800000000001,359.67,516.51,854.84,1331.53,0.0,0.0,0.0,0.0,0.0,0.0,0.0,0.0,0.0,0.0,0.0,0.0,0.0,0.0,0.0,0.0
2044,1,Pepper_22,0.0,0.0,0.0,0.0,0.0,0.0,0.0,0.0,0.0,0.0,0.0,0.0,0.0,0.0,0.0,0.0,0.0,0.0,0.0,0.0,0.0,0.0,0.0,0.0,0.0,0.0,51.07,0.0,0.0,0.0,0.0,0.0,0.0,0.0,0.0,0.0,0.0,0.0,244.86,936.22,1094.39,1575.61,1720.45,2116.21,1409.66,0.0,0.0
2046,1,Sweet Potato_14,0.0,0.0,0.0,0.0,0.0,0.0,0.0,0.0,0.0,0.0,0.0,0.0,0.0,0.0,0.0,0.0,0.0,0.0,0.0,0.0,0.0,0.0,0.0,0.0,0.0,0.0,0.0,0.0,0.0,0.0,0.0,0.0,0.0,0.0,0.0,0.0,107.38000000000001,432.62,668.7,497.17,344.8,368.73,594.83,782.49,1394.48,764.09,56.41
2048,1,Apple_113,0.0,0.0,0.0,0.0,0.0,0.0,0.0,0.0,0.0,0.0,0.0,0.0,0.0,0.0,0.0,0.0,0.0,0.0,0.0,0.0,0.0,0.0,0.0,0.0,0.0,0.0,0.0,0.0,0.0,0.0,0.0,0.0,2647.93,1012.2,966.7900000000001,2804.15,2276.9900000000002,0.0,0.0,0.0,0.0,1306.14,3795.73,3100.5299999999997,1713.1,91.96,0.0
2049,1,Tomato_95,0.0,0.0,0.0,0.0,0.0,0.0,0.0,1309.96,582.29,0.0,0.0,0.0,0.0,0.0,0.0,258.26,0.0,0.0,0.0,0.0,0.0,0.0,0.0,0.0,0.0,0.0,325.95,1182.66,0.0,0.0,7004.5599999999995,7996.07,3681.48,0.0,0.0,0.0,0.0,0.0,0.0,0.0,0.0,0.0,0.0,0.0,0.0,0.0,0.0
2052,1,Zucchini_10,0.0,0.0,0.0,0.0,0.0,0.0,0.0,0.0,0.0,0.0,0.0,0.0,0.0,0.0,0.0,0.0,0.0,0.0,0.0,0.0,0.0,0.0,6.15,9.3,9.5,0.0,0.0,0.0,0.0,0.0,0.0,0.0,0.0,0.0,0.0,19.04,373.9,430.04,384.28000000000003,919.52,1154.27,1725.3799999999999,1478.42,1210.65,2582.29,1906.52,55.480000000000004
2055,1,Cucumber_27,0.0,0.0,0.0,0.0,0.0,0.0,0.0,17186.28,30355.12,34410.48,30660.46,27865.93,30952.86,30011.72,25804.89,17295.5,0.0,0.0,3458.69,33796.14,27885.4,35856.86,32056.59,29044.82,26112.11,20604.03,18633.87,17209.41,0.0,2892.96,12636.58,22359.55,41431.71,52299.15,41139.93,37115.88,40199.340000000004,46960.659999999996,44218.29,44065.1,0.0,0.0,3510.39,19019.5,47174.73,45947.2,4101.08
2058,1,Cucumber_28,2763.09,2754.41,1539.24,1915.8,0.0,207.37,56.68,1180.8,3406.38,3572.38,3461.23,2974.26,3094.91,2915.95,2894.5099999999998,2345.79,0.0,0.0,0.0,811.39,2838.18,2920.05,2948.25,3904.48,3877.21,2540.84,2840.85,0.0,0.0,0.0,0.0,0.0,2692.03,1843.82,2097.35,3111.59,3097.84,1084.1299999999999,1405.09,0.0,0.0,0.0,0.0,302.62,1719.55,2788.54,97.4
2061,1,Donut_33,1527.83,1825.3,3840.55,3307.62,2340.64,4854.18,4552.68,3830.76,3307.83,3237.98,3485.15,2314.62,3264.0099999999998,4653.35,4746.88,4161.46,2374.73,3768.61,356.71000000000004,0.0,0.0,0.0,0.0,0.0,0.0,0.0,0.0,0.0,0.0,0.0,0.0,0.0,0.0,0.0,0.0,0.0,0.0,0.0,0.0,0.0,0.0,0.0,0.0,0.0,0.0,0.0,0.0
2062,1,Arugula_7,0.0,0.0,0.0,0.0,0.0,0.0,0.0,0.0,0.0,0.0,0.0,0.0,0.0,0.0,152.41,466.67,394.54,0.0,0.0,0.0,0.0,0.0,10.61,330.5,276.97,304.69,859.93,511.55,472.99,662.66,876.0799999999999,1361.08,1101.68,1070.44,827.54,664.84,1061.12,1144.98,1604.23,1794.24,2330.36,2976.61,319.57000000000005,0.0,737.04,2170.68,125.84
2063,1,Croissant_31,705.78,750.17,745.57,800.06,618.11,743.19,884.58,506.40000000000003,1199.66,1767.66,870.24,985.86,921.8100000000001,1328.24,929.3,1520.92,1107.43,1505.27,995.34,1411.45,1708.53,1967.25,1564.34,1512.1200000000001,1587.25,1748.54,1402.66,1561.45,1240.26,1461.01,2010.73,1959.6,1545.1,1948.91,1740.74,1330.78,1421.31,1641.01,1784.31,1757.99,1301.96,1721.76,1394.77,2303.19,1288.72,2290.5099999999998,107.77000000000001
2067,1,Avocado_10,0.0,0.0,0.0,432.86,1017.14,1514.42,1447.14,62.41,0.0,337.93,947.99,1146.11,1279.8,2625.86,2753.87,3217.63,3093.17,955.91,3571.83,4079.43,2797.33,1726.96,0.0,0.0,0.0,1591.32,3323.41,2906.13,1750.7,2459.99,1354.41,905.95,0.0,0.0,0.0,0.0,0.0,0.0,0.0,0.0,0.0,0.0,0.0,0.0,0.0,0.0,0.0
2070,1,Carrot_30,0.0,0.0,0.0,0.0,0.0,212.74,1378.46,3113.6400000000003,2549.13,847.98,1867.14,0.0,856.4499999999999,2998.12,3019.25,5544.81,2386.98,278.05,0.0,846.6899999999999,2832.05,2988.95,2037.5,1500.82,1906.98,2768.11,2637.27,2875.14,2306.37,3362.29,4613.51,3540.35,3450.65,3300.3199999999997,2781.94,2190.7400000000002,2400.75,4365.92,3857.27,3694.67,3784.27,4191.4400000000005,3970.95,3984.37,4969.32,3793.89,219.28
2072,1,Pastry_156,0.0,0.0,0.0,0.0,0.0,0.0,0.0,0.0,0.0,0.0,0.0,0.0,0.0,0.0,0.0,0.0,0.0,0.0,7226.9400000000005,15158.94,8984.5,8009.67,7856.4,7705.27,6536.91,4838.21,7838.82,7652.33,7733.05,7411.32,7066.030000000001,8106.58,7604.0199999999995,17646.95,9864.77,11915.28,10952.8,11160.42,12365.02,12291.65,11965.91,11972.21,11519.52,11571.699999999999,11279.27,10496.789999999999,688.52
2076,1,Grapefruit_6,0.0,0.0,0.0,0.0,0.0,0.0,283.59999999999997,3364.9,0.0,0.0,0.0,0.0,0.0,0.0,0.0,0.0,0.0,0.0,0.0,0.0,0.0,0.0,0.0,0.0,0.0,0.0,0.0,0.0,0.0,0.0,0.0,0.0,0.0,0.0,0.0,0.0,0.0,0.0,0.0,0.0,0.0,0.0,0.0,0.0,0.0,0.0,0.0
2078,1,Onion_41,0.0,0.0,0.0,0.0,0.0,0.0,0.0,0.0,0.0,0.0,0.0,490.2,1506.0,2004.5900000000001,2537.0,3119.72,3823.51,3036.6,2061.2599999999998,2121.36,2166.07,2225.06,2036.29,242.58999999999997,0.0,1036.17,1886.1,2024.53,2073.89,1875.94,1900.41,2722.54,1640.33,1764.14,1557.59,2740.53,2119.58,1809.52,1908.3,2302.04,3392.67,3534.61,1593.03,0.0,0.0,127.16,0.0
2079,1,Onion_42,0.0,0.0,0.0,63.35,976.89,837.5699999999999,765.7,763.84,788.09,826.38,591.27,527.12,627.48,388.88,439.3,363.73,829.67,748.43,496.95,397.12,325.23,316.34000000000003,200.76000000000002,290.97,194.79,101.36,37.870000000000005,0.0,0.0,0.0,60.51,101.19000000000001,0.0,0.0,0.0,0.0,0.0,53.120000000000005,58.910000000000004,124.79,553.04,449.62,665.18,624.93,207.05,0.0,0.0
2081,1,Bread_173,492.71,663.37,822.76,801.77,718.52,702.74,637.65,647.26,596.12,477.56,588.63,602.27,592.51,733.21,684.69,684.66,602.32,521.96,438.68,485.35,377.67,397.15,335.54,431.48,425.28000000000003,448.24,398.61,474.51,436.8,425.57,430.62,564.88,420.78999999999996,484.4,431.56,534.76,570.49,568.49,577.75,593.94,666.08,611.63,740.98,560.65,597.27,554.78,20.97
2082,1,Bread_174,7016.26,7405.41,6595.71,7442.0,8598.11,7136.13,8164.01,12147.97,8935.18,8603.9,7288.82,7487.27,8078.22,7690.95,9506.01,8129.5,8536.67,9354.14,7655.89,10205.53,8443.46,6686.17,7057.54,6398.84,6403.46,6189.16,5402.91,5649.38,6408.08,5655.39,7428.43,5812.02,5755.5,5062.58,7385.63,4707.97,5045.7699999999995,5382.43,5395.46,5208.87,6417.21,5443.0,7372.78,5495.8,4921.37,4983.94,284.44
2085,1,Breadcrumb_8,0.0,351.18,1277.83,1460.12,2066.72,1547.24,1651.84,1718.63,1527.96,1431.31,1169.43,1229.08,627.85,65.04,1308.28,1577.59,1945.8899999999999,1335.91,1120.28,1301.04,1437.71,1235.94,1004.13,994.11,942.38,875.01,1110.19,855.99,1382.42,1075.1200000000001,901.52,952.1,956.26,793.81,839.9,908.28,1062.85,1454.26,950.08,747.82,1177.39,549.98,898.23,1097.67,920.37,937.95,42.650000000000006
2086,1,Cucumber_30,0.0,0.0,0.0,0.0,0.0,0.0,0.0,0.0,0.0,0.0,0.0,0.0,0.0,0.0,0.0,0.0,0.0,0.0,0.0,0.0,0.0,0.0,0.0,0.0,0.0,0.0,0.0,0.0,0.0,0.0,0.0,0.0,0.0,0.0,524.22,953.5400000000001,759.97,0.0,0.0,0.0,0.0,0.0,0.0,0.0,0.0,0.0,0.0
2088,1,Radish_14,0.0,0.0,0.0,0.0,0.0,0.0,0.0,0.0,0.0,0.0,0.0,0.0,0.0,0.0,0.0,0.0,0.0,0.0,0.0,0.0,0.0,0.0,0.0,0.0,0.0,0.0,0.0,0.0,0.0,0.0,470.02,732.0600000000001,646.77,0.0,0.0,0.0,0.0,0.0,0.0,0.0,404.53,0.0,0.0,0.0,0.0,0.0,0.0
2091,1,Roll_42,0.0,0.0,0.0,0.0,0.0,0.0,0.0,0.0,0.0,0.0,0.0,0.0,1486.36,5962.17,8300.56,15630.68,19653.56,27024.85,21703.93,27918.77,24059.97,28779.11,29473.81,26166.2,21496.56,18487.91,18421.57,13087.9,13753.77,29217.99,11772.61,10403.92,15306.98,22213.96,10942.06,15003.72,10926.74,11408.41,11785.96,13145.05,10873.11,11370.77,22494.45,10883.4,10544.62,10918.58,651.3
2092,1,Garlic_13,555.38,381.59000000000003,306.1,484.36,447.51,386.57,289.08,229.51,0.0,0.0,0.0,10.66,344.39,477.62,608.7,614.93,563.09,327.11,322.02,470.16,357.90999999999997,229.29,260.38,284.36,450.12,525.5,485.93,283.69,0.0,0.0,0.0,0.0,0.0,0.0,0.0,2452.83,939.46,0.0,0.0,0.0,0.0,0.0,153.94,0.0,0.0,0.0,0.0
2093,1,Bread_175,2594.52,2880.83,2941.22,3070.9700000000003,2999.86,2836.72,2379.73,3005.8,2326.38,1799.99,1542.28,1478.18,1662.51,1858.51,1801.11,1973.87,1653.01,1675.95,1403.47,1486.57,1188.61,1594.4,1605.6200000000001,2359.99,3174.71,1817.05,1333.16,1323.52,1135.4,1087.48,874.6700000000001,871.54,986.32,969.44,1034.35,957.86,808.18,1359.15,1018.66,1211.6,1131.64,1160.72,1412.42,847.16,931.68,746.09,75.19
2094,1,Tomato_97,0.0,0.0,0.0,0.0,0.0,0.0,0.0,0.0,0.0,0.0,0.0,0.0,0.0,0.0,0.0,0.0,0.0,0.0,0.0,0.0,0.0,0.0,0.0,0.0,0.0,0.0,0.0,0.0,0.0,0.0,0.0,0.0,0.0,0.0,274.7,983.1600000000001,0.0,0.0,0.0,0.0,0.0,0.0,0.0,0.0,0.0,0.0,0.0
2095,1,Coriander_9,0.0,0.0,0.0,0.0,0.0,0.0,0.0,0.0,0.0,0.0,0.0,0.0,0.0,0.0,0.0,0.0,0.0,0.0,0.0,0.0,0.0,0.0,0.0,0.0,0.0,88.47999999999999,742.11,1060.17,981.66,1205.26,717.45,494.23,393.03,405.23,498.43,213.63,0.0,0.0,0.0,0.0,0.0,0.0,0.0,0.0,0.0,0.0,0.0
2096,1,Celery_15,0.0,0.0,0.0,0.0,0.0,0.0,0.0,0.0,0.0,0.0,0.0,0.0,0.0,0.0,0.0,0.0,0.0,0.0,0.0,0.0,33.24,0.0,0.0,0.0,0.0,0.0,0.0,0.0,0.0,408.94,290.53000000000003,0.0,0.0,0.0,0.0,0.0,0.0,0.0,0.0,0.0,0.0,0.0,0.0,0.0,0.0,0.0,0.0
2102,1,Persimmon_5,0.0,49.15,2002.58,4609.04,4181.72,4191.09,2582.34,0.0,0.0,0.0,0.0,0.0,0.0,0.0,32.25,1134.21,255.57,0.0,0.0,0.0,0.0,0.0,87.46,0.0,0.0,0.0,0.0,0.0,0.0,0.0,0.0,0.0,0.0,0.0,0.0,0.0,0.0,0.0,386.43,3362.48,3758.52,1490.6399999999999,0.0,0.0,0.0,0.0,0.0
2105,1,Plum_21,0.0,0.0,0.0,0.0,0.0,0.0,0.0,0.0,0.0,0.0,0.0,0.0,0.0,0.0,0.0,0.0,0.0,0.0,0.0,0.0,0.0,0.0,0.0,0.0,0.0,0.0,0.0,0.0,0.0,0.0,0.0,0.0,0.0,0.0,0.0,0.0,0.0,0.0,450.07,93.9,0.0,0.0,0.0,0.0,0.0,0.0,0.0
2110,1,Lemon_12,1464.18,733.45,920.5,677.01,1410.1200000000001,1199.51,1221.11,1578.73,1499.87,1774.49,2203.79,2207.85,1553.72,1530.26,1705.34,3832.12,3800.66,3633.07,3003.51,3056.88,3111.51,3758.59,2572.29,0.0,1140.8600000000001,3315.41,2381.2799999999997,3343.44,3237.48,2566.15,2196.51,3370.27,2472.79,2311.09,2280.98,2669.49,3584.47,2058.67,2868.79,4151.1,5401.33,2835.57,3598.05,3510.54,4342.5,3391.68,0.0
2112,1,Tomato_98,0.0,0.0,0.0,0.0,0.0,0.0,0.0,0.0,0.0,0.0,0.0,0.0,0.0,0.0,0.0,0.0,0.0,0.0,0.0,0.0,0.0,0.0,0.0,0.0,0.0,0.0,0.0,0.0,0.0,0.0,0.0,0.0,0.0,0.0,0.0,0.0,0.0,0.0,497.51,323.01,0.0,0.0,0.0,0.0,0.0,0.0,0.0
2114,1,Pork_29,0.0,0.0,0.0,0.0,0.0,0.0,0.0,0.0,0.0,0.0,0.0,0.0,0.0,0.0,0.0,0.0,0.0,0.0,0.0,0.0,0.0,0.0,0.0,0.0,0.0,0.0,0.0,0.0,0.0,0.0,2.53,534.38,442.1,505.82,381.95,765.16,770.61,741.19,808.98,806.16,1022.42,890.99,758.26,928.6,1075.44,997.41,112.13999999999999
2116,1,Bread_177,911.16,926.38,894.66,918.5600000000001,1188.36,1186.99,925.44,1012.75,828.41,647.15,638.84,619.41,640.2,926.54,609.4300000000001,608.42,444.22,494.88,444.64,415.21999999999997,373.89,307.48,257.93,553.81,489.76,423.22,643.02,353.6,437.07,758.09,509.52,400.25,501.23,491.09000000000003,483.35,538.79,408.26,423.53000000000003,504.11,401.98,447.46,876.51,493.38,500.87,735.76,569.77,32.44
2117,1,Tortilla_12,0.0,0.0,0.0,95.43,134.2,856.32,522.13,519.85,252.37,616.56,247.16,219.07,221.4,273.39,307.66,369.18,282.0,386.39,300.77,336.58,266.15,386.4,235.67000000000002,305.41,347.65000000000003,456.64,337.5,416.9,493.15999999999997,564.54,405.34,278.64,341.08,661.74,116.57,562.48,630.39,410.34,551.65,465.12,562.63,729.71,709.85,733.06,698.77,709.01,33.93
2121,1,Pumpkin_16,0.0,0.0,0.0,0.0,0.0,0.0,0.0,0.0,0.0,0.0,0.0,0.0,0.0,0.0,0.0,0.0,0.0,0.0,0.0,0.0,0.0,0.0,0.0,0.0,0.0,0.0,727.9300000000001,60.97,0.0,0.0,0.0,0.0,0.0,0.0,0.0,0.0,0.0,0.0,2057.32,0.0,0.0,0.0,0.0,0.0,0.0,0.0,0.0
2122,1,Pastry_161,0.0,0.0,0.0,0.0,0.0,0.0,0.0,0.0,0.0,0.0,0.0,0.0,0.0,0.0,0.0,0.0,0.0,0.0,0.0,0.0,0.0,0.0,0.0,0.0,0.0,0.0,0.0,0.0,0.0,0.0,0.0,0.0,0.0,0.0,0.0,0.0,1675.23,2439.48,2523.5099999999998,2247.74,2532.95,2538.76,2379.1,2277.78,2098.47,2238.4700000000003,143.07999999999998
2124,1,Mandarin_15,397.76,870.0500000000001,2057.78,0.0,3297.91,9179.07,8671.65,7511.58,3366.4900000000002,2047.02,0.0,388.76,1452.93,417.54,1024.12,463.28,90.07,0.0,1054.46,6434.36,3726.32,2380.68,2266.39,397.16,0.0,395.87,0.0,0.0,0.0,2044.6100000000001,2014.02,392.83000000000004,0.0,337.99,339.88,0.0,0.0,0.0,0.0,0.0,0.0,0.0,0.0,0.0,0.0,47.01,53.81
2125,1,Plum_23,476.39,575.14,589.42,512.18,0.0,0.0,58.43,441.58,712.83,448.55,0.0,0.0,0.0,0.0,0.0,0.0,0.0,0.0,0.0,410.12,729.31,536.81,0.0,0.0,89.8,379.05,502.15,255.73,0.0,183.8,320.29,294.7,438.14,242.51,0.0,0.0,0.0,0.0,0.0,0.0,0.0,0.0,11.42,707.12,1097.83,0.0,0.0
2127,1,Turkey_13,0.0,0.0,0.0,0.0,0.0,339.12,703.4,1015.63,1065.19,1102.78,894.34,893.26,1057.49,1102.22,998.39,992.52,981.32,1582.1000000000001,1240.8799999999999,1459.68,1445.64,1285.97,1268.26,1143.85,1886.61,434.63,0.0,0.0,0.0,0.0,0.0,0.0,0.0,0.0,0.0,0.0,0.0,0.0,0.0,0.0,0.0,0.0,0.0,0.0,0.0,0.0,0.0
2129,1,Lettuce_35,7411.01,7707.88,8069.71,5674.9,5880.06,6752.14,5748.0,6310.67,5411.7300000000005,7231.55,8014.96,6509.2,7101.89,6657.81,5461.29,5939.139999999999,2618.05,1586.59,2610.23,4552.04,4489.82,5334.4,5457.15,5766.8,7557.57,5850.48,5394.91,5287.04,4242.54,4455.47,1195.8600000000001,1633.55,2149.46,5489.45,8847.51,0.0,37.62,2571.84,5113.04,2522.7,0.0,0.0,0.0,0.0,4271.86,7573.0599999999995,486.9
2130,1,Bread_178,0.0,0.0,0.0,0.0,0.0,0.0,0.0,0.0,0.0,0.0,0.0,0.0,27.44,734.67,588.78,882.4,675.34,770.1,633.86,754.42,417.65,471.02,770.1800000000001,1211.57,793.3100000000001,664.97,665.09,658.12,525.36,710.97,491.19,513.49,560.39,667.09,399.27,0.0,0.0,0.0,0.0,0.0,0.0,0.0,0.0,0.0,0.0,0.0,0.0
2132,1,Raspberry_9,0.0,0.0,0.0,0.0,0.0,0.0,0.0,0.0,0.0,39.1,1188.79,0.0,0.0,0.0,74.41,1508.3600000000001,1738.32,1320.01,2843.0,3213.82,4026.66,3703.84,2744.75,0.0,1246.71,1902.1399999999999,1808.87,1894.83,1406.25,2100.69,875.0,1675.78,2361.61,4653.11,3746.09,1913.57,2988.0699999999997,3999.53,2143.56,1874.81,1723.83,1714.01,2088.72,1629.23,2039.52,2439.08,184.42000000000002
2134,1,Chicken_82,0.0,6168.15,6994.62,7498.38,6683.38,6754.97,4298.34,4842.68,6843.45,3685.54,5801.08,5273.58,6532.53,5299.33,6720.65,5341.32,3787.16,4587.96,4524.86,4208.65,3590.22,3718.88,3940.42,4840.89,5331.86,6413.17,5505.58,5475.32,5448.2,8691.01,13013.25,13536.26,11646.289999999999,10691.73,7616.06,5908.34,3773.55,3602.27,2680.21,2539.8,2390.61,4219.58,3240.11,4161.83,3888.38,3916.05,364.75
2135,1,Cabbage_16,2087.03,2767.89,3027.5,3205.66,2676.35,3246.31,2616.5099999999998,2807.69,2662.05,1581.58,0.0,1100.11,2075.73,2201.1,2897.2,2769.91,2158.27,3468.03,2167.75,2023.4,1669.9,577.44,0.0,0.0,0.0,0.0,0.0,0.0,0.0,0.0,0.0,0.0,0.0,0.0,0.0,0.0,0.0,0.0,0.0,0.0,0.0,0.0,0.0,0.0,356.3,1866.43,107.69
2137,1,Bread_179,0.0,0.0,0.0,0.0,0.0,0.0,0.0,0.0,0.0,0.0,0.0,0.0,0.0,0.0,265.87,562.9,608.08,747.55,756.64,763.12,640.23,741.83,643.44,885.6,1274.32,1049.87,993.46,1052.45,953.77,961.3199999999999,787.34,876.57,807.02,857.54,805.48,878.21,868.25,1027.68,962.92,811.8100000000001,1062.34,884.23,775.15,889.34,846.85,817.51,38.52
2138,1,Bread_180,0.0,0.0,0.0,0.0,0.0,0.0,0.0,0.0,0.0,0.0,0.0,0.0,136.94,297.09,251.42,317.15,283.83,715.27,428.74,679.21,543.51,744.62,791.9,555.79,618.64,990.65,1184.04,1029.57,902.38,1102.71,1099.14,1096.1,1272.49,1306.95,1013.46,1610.2,1247.76,1083.12,1366.81,1453.52,1924.62,1682.73,1208.0,1421.3,1342.0,1429.01,73.43
2140,1,Tortilla_13,2629.01,2072.26,2649.3,2306.4,2113.56,2014.72,1207.09,1083.21,987.55,1315.58,1047.13,912.47,0.0,81.66,1480.69,2118.44,1452.5,2277.62,1785.94,2696.0,1862.03,2041.22,1874.37,2410.91,1490.16,1747.81,1943.37,1467.02,1165.52,1726.17,1514.87,1601.92,1643.27,1509.78,1275.7,1213.28,1360.1100000000001,1337.39,1390.73,1218.68,1005.38,1484.97,1230.07,1459.58,1378.57,2295.37,157.28
2149,1,Onion_43,0.0,0.0,0.0,554.45,206.68,279.47,713.51,445.38,544.32,570.97,548.38,446.84,424.12,584.8000000000001,455.40999999999997,563.43,359.73,361.2,573.5500000000001,389.75,312.23,314.96,278.86,335.07,375.86,136.6,459.82,475.38,379.96,503.0,562.04,691.08,1157.33,1064.85,1315.21,0.0,0.0,0.0,0.0,0.0,0.0,0.0,0.0,0.0,0.0,0.0,0.0
2150,1,Plum_24,2776.74,4428.67,3374.81,0.0,0.0,0.0,0.0,0.0,0.0,0.0,0.0,1185.1399999999999,2805.19,3712.3,3454.77,0.0,0.0,0.0,0.0,0.0,0.0,0.0,0.0,1561.58,3794.7400000000002,4965.47,0.0,0.0,0.0,0.0,0.0,0.0,0.0,0.0,0.0,2736.89,0.0,3847.46,752.5999999999999,0.0,0.0,0.0,0.0,0.0,0.0,0.0,0.0
2155,1,Pretzel_13,0.0,0.0,0.0,0.0,0.0,0.0,0.0,0.0,0.0,0.0,0.0,0.0,0.0,0.0,0.0,0.0,0.0,0.0,0.0,0.0,0.0,0.0,0.0,0.0,0.0,0.0,717.5600000000001,696.98,634.14,688.38,691.0600000000001,763.86,617.75,758.47,821.6800000000001,975.01,758.53,774.83,1177.5,1150.57,906.65,968.61,1039.05,1113.26,1155.3,1220.68,77.76
2157,1,Cherry_10,0.0,0.0,0.0,0.0,0.0,0.0,0.0,0.0,0.0,0.0,0.0,0.0,0.0,0.0,0.0,0.0,0.0,0.0,0.0,0.0,0.0,0.0,0.0,0.0,0.0,0.0,0.0,0.0,0.0,0.0,0.0,0.0,0.0,0.0,4074.79,4856.47,0.0,0.0,0.0,0.0,0.0,0.0,0.0,0.0,0.0,0.0,0.0
2159,1,Kiwi_20,802.59,1097.07,1819.88,3094.19,2031.67,2791.38,2290.6,2809.33,2388.8,1831.69,1169.21,764.85,533.09,867.35,1203.05,1589.51,1801.53,2824.62,2165.83,2196.43,1719.97,1370.25,869.1,586.56,589.54,492.96,1164.0,1380.09,1143.79,1756.82,1184.18,1180.03,1159.97,894.65,649.4300000000001,724.15,392.98,0.0,0.0,0.0,0.0,0.0,0.0,0.0,0.0,0.0,0.0
2163,1,Pumpkin_17,0.0,0.0,0.0,0.0,0.0,0.0,0.0,0.0,0.0,0.0,0.0,0.0,0.0,0.0,665.94,2536.05,6163.84,3374.85,173.56,0.0,0.0,0.0,0.0,0.0,0.0,0.0,0.0,0.0,0.0,0.0,0.0,0.0,0.0,0.0,0.0,0.0,0.0,0.0,0.0,0.0,0.0,0.0,0.0,0.0,0.0,0.0,0.0
2164,1,Chive_2,606.78,588.01,260.02,0.0,0.0,0.0,0.0,1193.71,1263.63,953.07,491.69,575.55,343.87,426.0,677.63,806.97,954.44,1031.54,1069.87,780.33,0.0,0.0,0.0,0.0,0.0,0.0,255.41,515.25,605.0799999999999,637.76,469.26,747.4499999999999,742.91,620.56,430.07,406.81,503.47,413.22,404.02,376.52,571.2,645.91,271.24,711.83,708.27,666.21,37.04
2166,1,Blueberry_31,0.0,0.0,0.0,0.0,0.0,0.0,0.0,0.0,0.0,0.0,0.0,0.0,0.0,0.0,0.0,0.0,0.0,0.0,0.0,0.0,0.0,0.0,0.0,102.01,1244.67,0.0,579.89,4075.5199999999995,2740.07,509.94000000000005,0.0,0.0,0.0,0.0,0.0,0.0,0.0,0.0,0.0,0.0,0.0,0.0,0.0,403.78999999999996,174.13,0.0,0.0
2171,1,Eggplant_7,0.0,0.0,0.0,0.0,0.0,0.0,0.0,0.0,0.0,0.0,0.0,0.0,0.0,0.0,0.0,0.0,0.0,0.0,0.0,0.0,0.0,0.0,0.0,0.0,184.61,146.15,0.0,948.19,1770.13,2354.61,1450.08,646.03,64.76,0.0,0.0,0.0,0.0,0.0,0.0,0.0,1443.22,2098.38,1820.09,1833.75,2101.36,2213.9900000000002,57.5
2173,1,Cantaloupe_4,0.0,0.0,0.0,0.0,0.0,0.0,0.0,0.0,0.0,0.0,0.0,8209.43,6806.61,0.0,0.0,0.0,0.0,0.0,0.0,0.0,0.0,0.0,0.0,0.0,0.0,0.0,0.0,0.0,0.0,0.0,0.0,0.0,0.0,0.0,0.0,1631.97,3533.96,1139.27,0.0,0.0,0.0,0.0,0.0,0.0,0.0,0.0,0.0
2176,1,Pork_30,0.0,0.0,0.0,0.0,0.0,0.0,0.0,0.0,0.0,0.0,0.0,0.0,0.0,0.0,0.0,0.0,0.0,0.0,0.0,0.0,0.0,0.0,0.0,0.0,0.0,0.0,0.0,0.0,0.0,0.0,2.47,448.33,506.26,725.6,527.09,577.35,787.32,630.63,835.61,641.48,1189.18,697.4300000000001,625.91,775.05,726.9,705.6800000000001,26.71
2177,1,Pepper_24,1114.17,2111.56,1898.31,190.55,0.0,0.0,0.0,0.0,0.0,0.0,0.0,646.94,689.34,851.48,1022.85,270.52,0.0,0.0,0.0,0.0,0.0,0.0,0.0,0.0,0.0,0.0,0.0,0.0,0.0,0.0,0.0,0.0,0.0,0.0,0.0,0.0,0.0,0.0,507.90999999999997,0.0,0.0,0.0,0.0,0.0,0.0,0.0,0.0
2179,1,Donut_34,0.0,0.0,0.0,0.0,0.0,0.0,0.0,0.0,0.0,0.0,0.0,0.0,0.0,0.0,0.0,0.0,0.0,0.0,0.0,0.0,0.0,0.0,0.0,0.0,0.0,0.0,0.0,0.0,0.0,147.18,2392.94,1231.74,0.0,0.0,0.0,0.0,0.0,0.0,0.0,0.0,0.0,0.0,0.0,0.0,0.0,0.0,0.0
2185,1,Tomato_100,0.0,0.0,0.0,0.0,0.0,0.0,0.0,0.0,0.0,0.0,0.0,0.0,0.0,0.0,0.0,0.0,0.0,0.0,0.0,0.0,0.0,0.0,0.0,0.0,0.0,0.0,0.0,0.0,0.0,0.0,0.0,0.0,0.0,0.0,0.0,0.0,0.0,0.0,0.0,0.0,0.0,0.0,288.37,1018.12,645.0799999999999,481.7,31.57
2190,1,Chicken_87,0.0,0.0,0.0,0.0,0.0,0.0,0.0,0.0,0.0,0.0,0.0,0.0,0.0,0.0,0.0,0.0,506.97,1403.72,1568.33,2105.69,2763.51,3261.4,3081.73,3450.39,3414.31,4265.27,3234.76,3922.39,3772.7999999999997,3503.62,4218.66,4020.85,2742.49,450.63,0.0,0.0,0.0,0.0,0.0,0.0,0.0,0.0,0.0,0.0,0.0,0.0,0.0
2191,1,Toust_32,0.0,0.0,53.32,321.81,473.69,357.66,363.06,495.98,605.8,468.98,485.92,555.99,604.48,347.82,47.79,180.27,297.0,392.78,751.14,445.44,453.57,473.94,659.07,707.13,1198.3700000000001,1189.84,1379.72,1598.0900000000001,2020.6399999999999,1571.6599999999999,1005.1,1434.0,1479.44,1574.82,1040.64,1671.46,1822.6,2076.06,2368.13,1991.04,1774.3899999999999,1803.94,1205.65,1557.8700000000001,1249.63,1149.4,72.01
2192,1,Pepper_25,0.0,0.0,0.0,0.0,0.0,0.0,0.0,7810.7,4644.85,4885.82,5107.96,5991.34,4621.69,2159.1,0.0,0.0,0.0,202.2,0.0,0.0,0.0,0.0,0.0,0.0,0.0,0.0,0.0,0.0,0.0,0.0,0.0,0.0,0.0,0.0,0.0,1845.09,295.97,0.0,0.0,0.0,0.0,0.0,0.0,0.0,0.0,262.81,84.37
2194,1,Clementine_4,0.0,778.65,2193.48,6143.6900000000005,15915.29,8998.5,0.0,0.0,0.0,0.0,0.0,0.0,0.0,0.0,0.0,1950.92,8991.13,598.24,0.0,0.0,0.0,0.0,0.0,0.0,0.0,0.0,0.0,0.0,1165.29,0.0,0.0,0.0,0.0,0.0,0.0,0.0,0.0,0.0,0.0,0.0,0.0,0.0,0.0,0.0,0.0,0.0,0.0
2200,1,Mushroom_24,3159.12,3748.6,4408.67,5387.24,5262.9800000000005,5971.9,5461.49,6676.41,5667.74,5185.04,3825.59,3786.9,3878.11,3938.41,4203.27,4485.5599999999995,4362.86,4818.24,4729.56,4947.03,4410.7699999999995,4734.88,4241.98,4190.73,4586.24,4227.83,4617.7,4959.4,4597.7,5279.99,4711.0,4855.23,4737.67,4582.66,3860.94,3674.72,3422.43,4142.31,4174.35,4319.81,3742.98,5124.48,4838.18,4318.5,5344.24,4604.55,226.82999999999998
2206,1,Strawberry_32,0.0,0.0,0.0,0.0,0.0,0.0,0.0,0.0,0.0,0.0,0.0,0.0,0.0,0.0,0.0,0.0,0.0,0.0,0.0,0.0,0.0,0.0,0.0,0.0,0.0,0.0,0.0,0.0,0.0,0.0,0.0,0.0,0.0,918.34,648.51,0.0,0.0,0.0,0.0,0.0,0.0,0.0,0.0,0.0,0.0,602.61,0.0
2209,1,Vegetable_18,0.0,0.0,0.0,0.0,0.0,0.0,0.0,0.0,0.0,0.0,0.0,0.0,0.0,0.0,0.0,0.0,0.0,0.0,0.0,0.0,0.0,0.0,0.0,0.0,0.0,0.0,0.0,0.0,0.0,0.0,0.0,0.0,0.0,0.0,0.0,0.0,0.0,0.0,0.0,0.0,1023.3199999999999,1.07,0.0,228.39000000000001,0.0,0.0,0.0
2212,1,Tomato_101,0.0,0.0,0.0,0.0,0.0,0.0,0.0,0.0,0.0,0.0,0.0,0.0,0.0,0.0,0.0,0.0,0.0,0.0,0.0,0.0,0.0,0.0,0.0,0.0,0.0,0.0,0.0,0.0,0.0,0.0,0.0,0.0,0.0,0.0,0.0,1898.83,295.96,0.0,0.0,0.0,0.0,0.0,0.0,0.0,0.0,0.0,0.0
2214,1,Decoration_0,0.0,0.0,0.0,0.0,0.0,0.0,0.0,0.0,0.0,0.0,0.0,0.0,0.0,0.0,0.0,0.0,0.0,0.0,0.0,0.0,0.0,0.0,0.0,0.0,0.0,0.0,0.0,0.0,0.0,0.0,0.0,243.45,0.0,0.0,0.0,0.0,0.0,0.0,0.0,0.0,0.0,0.0,0.0,234.72000000000003,0.0,0.0,0.0
2220,1,Pork_31,1474.15,1603.52,1361.85,1935.31,1336.93,1614.57,869.64,1367.14,1086.08,768.3199999999999,690.02,707.87,708.16,1338.63,1603.03,1211.59,1133.26,1251.4,810.24,930.8,819.03,733.23,695.12,769.63,883.27,1051.24,1019.48,996.81,1153.68,1420.68,1586.4,1152.42,1205.66,956.96,884.03,675.34,1149.11,762.15,801.53,761.59,902.84,772.75,722.18,1405.19,664.33,1109.29,125.92
2222,1,Apple_120,0.0,0.0,0.0,0.0,0.0,0.0,0.0,0.0,0.0,0.0,0.0,0.0,0.0,0.0,0.0,0.0,0.0,0.0,0.0,0.0,0.0,0.0,0.0,0.0,0.0,0.0,0.0,0.0,0.0,1076.4299999999998,4253.76,7694.67,7025.46,6657.36,6160.31,4886.78,4207.33,2818.6800000000003,0.0,0.0,0.0,3078.23,6902.28,5980.34,7588.2,6654.13,672.27
2223,1,Plum_26,0.0,0.0,0.0,0.0,0.0,0.0,0.0,0.0,0.0,0.0,0.0,0.0,0.0,1456.44,85.03,0.0,0.0,0.0,0.0,0.0,0.0,0.0,0.0,0.0,913.66,463.27000000000004,0.0,0.0,0.0,0.0,0.0,0.0,0.0,0.0,0.0,0.0,1238.44,1624.67,292.3,0.0,0.0,0.0,0.0,0.0,0.0,0.0,0.0
2228,1,Pork_32,1783.6100000000001,2149.5,2366.02,2287.41,2032.46,1787.3899999999999,2127.71,3300.25,2676.1,2515.1,1827.67,1406.75,2222.4,3025.1,2908.82,4089.23,2827.24,2528.35,1949.24,2099.51,2155.25,1802.36,1561.63,1789.05,1830.39,2114.73,2768.29,2297.38,3762.35,3097.39,3039.99,3441.19,1960.3899999999999,2569.8,2589.64,1732.83,2191.58,1150.88,1949.15,1305.5,2736.4,1229.5,2106.11,1262.64,2108.51,2269.95,76.23
2231,1,Bread_189,1798.04,1882.16,1798.9,1945.3,1752.71,2007.29,1881.81,2169.45,1907.6,1834.29,1791.72,1621.52,1703.9,1433.79,1899.16,1453.69,1075.71,2035.92,1317.02,1485.69,1211.57,1709.68,1403.3700000000001,1871.06,1235.0,1130.15,1177.56,2036.28,1375.15,1393.84,1150.93,1322.51,1358.29,1723.4099999999999,1122.33,1123.25,1021.73,1181.44,1039.57,1004.35,1222.97,1127.12,1527.18,1170.86,1041.51,1148.17,67.58
2235,1,Pomegranate_6,0.0,0.0,0.0,0.0,0.0,0.0,0.0,0.0,0.0,0.0,0.0,0.0,0.0,0.0,0.0,0.0,0.0,0.0,0.0,0.0,0.0,0.0,0.0,0.0,0.0,0.0,41.31,65.98,0.0,0.0,0.0,0.0,0.0,0.0,0.0,0.0,0.0,0.0,146.96,993.6899999999999,1038.85,335.88,0.0,0.0,0.0,0.0,0.0
2241,1,Breadcrumb_9,2035.9,2177.53,1485.63,1560.76,1165.93,980.99,1287.1,1446.23,1257.1399999999999,1014.17,624.34,652.25,655.51,801.76,1356.22,1361.17,1572.02,926.89,951.11,1115.78,579.46,304.15999999999997,669.02,1017.71,1199.08,961.9,1090.46,1586.78,2225.92,1231.01,859.78,1133.53,1045.39,1085.34,1401.75,1777.43,1594.98,726.78,2242.15,2007.49,2644.53,2085.48,1903.9,1882.69,1593.62,2034.2,116.69999999999999
2242,1,Soil_0,0.0,0.0,0.0,0.0,0.0,0.0,0.0,0.0,656.7,1074.78,683.42,456.14,406.23,412.52,470.15999999999997,325.46,235.2,403.57,374.31,818.33,1705.08,1637.52,932.47,601.73,466.28999999999996,504.5,332.49,114.07,226.46,65.92,0.0,450.71,1663.5,1361.36,904.04,749.98,615.12,619.59,546.3,365.18,226.59,311.09,668.88,1202.02,1589.51,1079.98,53.93
2246,1,Pork_34,0.0,0.0,325.12,416.12,512.8199999999999,569.4300000000001,648.47,1075.35,782.9300000000001,663.22,607.24,647.27,654.23,631.62,688.65,791.79,823.99,732.84,549.65,705.7,659.72,651.6,733.23,681.58,651.72,621.22,677.42,714.37,1027.27,341.17,0.0,176.54999999999998,478.68,636.55,678.33,645.54,630.0,630.01,643.87,686.87,915.45,633.35,635.86,689.84,700.67,688.49,36.96
2252,1,Bread_191,0.0,0.0,0.0,0.0,0.0,0.0,0.0,0.0,0.0,0.0,0.0,0.0,0.0,0.0,0.0,0.0,0.0,0.0,113.49000000000001,112.69,129.84,162.79,297.02,208.93,275.08,485.75,425.96999999999997,527.66,455.07,508.58,614.61,569.89,510.65999999999997,581.79,708.88,538.87,513.58,538.91,526.65,452.95,528.85,655.34,601.25,759.86,674.3,748.66,30.97
2256,1,Zucchini_11,0.0,0.0,0.0,0.0,0.0,0.0,0.0,0.0,0.0,0.0,0.0,0.0,0.0,0.0,0.0,0.0,0.0,0.0,0.0,0.0,18.29,977.48,0.0,0.0,0.0,0.0,282.72,3786.5099999999998,3238.72,5260.29,3881.19,4746.86,141.57999999999998,0.0,0.0,0.0,0.0,0.0,0.0,3288.23,3307.46,5055.28,4476.47,5999.15,5168.15,174.75,0.0
2257,1,Blueberry_33,0.0,0.0,0.0,0.0,0.0,0.0,0.0,0.0,0.0,0.0,0.0,0.0,0.0,0.0,0.0,0.0,0.0,0.0,0.0,0.0,0.0,0.0,0.0,0.0,0.0,0.0,0.0,0.0,0.0,0.0,0.0,0.0,0.0,0.0,0.0,0.0,0.0,0.0,0.0,0.0,0.0,0.0,0.0,0.0,463.7,3091.57,157.41000000000003
2258,1,Watermelon_22,0.0,0.0,0.0,0.0,0.0,0.0,0.0,0.0,0.0,0.0,19271.11,15436.13,9479.25,6240.17,1187.1599999999999,0.0,0.0,0.0,0.0,0.0,0.0,2074.37,11544.95,15109.07,9091.24,1082.61,0.0,0.0,0.0,0.0,0.0,0.0,0.0,2684.23,1946.32,3401.5,1662.05,0.0,0.0,0.0,0.0,0.0,0.0,0.0,0.0,3046.43,373.27
2270,1,Baguette_35,6491.65,7685.9,8469.06,9931.78,7434.43,7646.38,7754.32,7895.44,7444.34,8357.79,7495.96,7641.65,8126.72,8308.31,7380.07,6013.23,3329.64,0.0,2767.18,5034.27,4275.4,4378.25,3388.54,2471.82,3845.7,4059.37,2815.03,1763.89,2388.01,2597.21,1775.67,2206.22,1920.6399999999999,1764.55,2138.9,1606.96,1377.87,1500.42,4750.06,2004.45,1885.08,1638.78,967.9,1124.94,1944.12,2229.81,140.38
2272,1,Pepper_26,2284.62,2557.51,4025.92,0.0,0.0,0.0,0.0,0.0,0.0,0.0,0.0,0.0,0.0,0.0,0.0,0.0,0.0,0.0,0.0,1250.38,1823.81,2247.17,3091.73,3515.41,3151.97,3565.8,5188.46,5254.66,5552.97,6425.87,4421.94,1849.3400000000001,0.0,0.0,0.0,0.0,0.0,0.0,0.0,0.0,0.0,0.0,0.0,0.0,0.0,0.0,0.0
2274,1,Green Bean_1,0.0,0.0,0.0,0.0,0.0,0.0,0.0,0.0,203.39,585.49,862.27,1166.87,1267.79,1040.02,769.84,141.6,0.0,0.0,0.0,0.0,387.65,469.32,641.06,966.14,757.67,561.39,529.43,260.37,0.0,0.0,0.0,0.0,208.22,532.15,1149.8600000000001,914.33,902.38,810.12,687.7,203.3,0.0,0.0,0.0,0.0,521.7,797.6,43.480000000000004
2277,1,Grape_37,0.0,0.0,0.0,0.0,0.0,0.0,0.0,0.0,0.0,0.0,0.0,0.0,0.0,0.0,0.0,0.0,0.0,0.0,0.0,0.0,0.0,0.0,0.0,0.0,0.0,0.0,1148.53,1377.12,0.0,832.92,1556.6699999999998,5302.07,2363.66,0.0,201.55,2237.78,1603.99,3038.33,3522.93,3918.12,1861.33,485.67,2587.75,1855.62,2222.8,1892.1299999999999,81.09
2280,1,Avocado_12,2153.02,3115.95,3737.13,3212.07,4431.42,3371.12,3864.04,4753.14,2973.32,4450.36,4603.97,819.56,3560.54,3426.06,6841.96,8672.98,8841.83,12562.4,8828.17,6354.73,7821.48,8632.34,5738.2,4653.52,3048.06,4867.41,7104.11,6724.32,6461.85,7073.72,5118.14,4416.58,4660.92,3708.61,4429.73,4100.04,2091.5,3058.9700000000003,4069.81,2610.56,1927.52,4257.57,3868.6,4997.0199999999995,3721.82,3596.4,263.46
2290,1,Chicken_89,491.66,617.19,987.83,998.22,771.93,1196.56,1142.56,1716.34,1368.14,1208.89,780.74,747.63,775.67,1018.03,1020.45,843.96,748.91,859.76,724.13,773.74,411.79,461.69,432.99,369.7,479.15,456.13,447.38,535.72,642.86,662.0799999999999,496.77,364.74,352.82,794.48,395.33,346.24,494.35,467.94,645.33,435.86,485.27,472.3,542.46,583.71,574.1800000000001,654.54,39.2
2291,1,Pear_33,0.0,0.0,0.0,0.0,0.0,0.0,0.0,0.0,0.0,0.0,0.0,0.0,0.0,0.0,0.0,0.0,0.0,0.0,0.0,0.0,0.0,0.0,0.0,0.0,0.0,0.0,389.06,1460.59,782.42,1054.64,1241.1399999999999,397.64,0.0,0.0,0.0,0.0,0.0,0.0,1093.65,1241.68,927.31,1762.26,1958.39,1653.92,2327.77,1084.98,0.0
2292,1,Bell Pepper_20,0.0,0.0,0.0,0.0,0.0,0.0,0.0,0.0,0.0,0.0,0.0,0.0,0.0,0.0,0.0,0.0,0.0,0.0,0.0,0.0,0.0,0.0,0.0,0.0,0.0,0.0,0.0,0.0,0.0,0.0,0.0,611.06,257.43,0.0,0.0,0.0,0.0,0.0,0.0,0.0,0.0,0.0,0.0,0.0,0.0,0.0,0.0
2294,1,Roll_49,1655.68,2017.23,2322.3,2324.86,2150.08,2250.31,2224.04,2416.2,2128.85,2354.85,2261.38,2164.78,2169.75,3211.08,2383.32,2649.32,1781.09,1597.68,1760.1399999999999,1849.91,1607.8,1533.77,1501.39,1637.06,1202.6,1712.53,1479.81,1358.13,1416.03,2019.05,1047.82,1774.03,1921.94,1537.34,1728.79,1809.48,1569.28,1728.58,1196.37,1173.23,1464.32,1241.55,1436.45,1218.56,1169.06,1124.7,81.67999999999999
2297,1,Toust_37,1141.95,1240.81,1351.94,1767.44,1632.6100000000001,1674.0,1441.1599999999999,1751.3899999999999,1551.35,1432.5,1230.22,1237.18,1306.22,1207.38,1361.36,1646.78,1657.87,1262.6299999999999,1051.59,1242.2,943.51,1127.59,1159.6299999999999,980.26,1019.24,833.97,751.3,896.62,1414.07,869.35,723.87,731.3,695.86,1327.67,678.92,643.07,714.39,781.11,693.3,795.12,756.16,724.32,641.86,674.4,626.21,675.35,35.59
2298,1,Apple_125,0.0,0.0,0.0,0.0,0.0,0.0,0.0,0.0,0.0,0.0,0.0,0.0,0.0,0.0,0.0,0.0,0.0,0.0,0.0,0.0,0.0,0.0,0.0,0.0,0.0,145.12,1413.72,2344.85,1788.98,2844.93,4280.26,0.0,0.0,0.0,0.0,0.0,0.0,0.0,0.0,0.0,0.0,0.0,0.0,0.0,0.0,0.0,0.0
2300,1,Peach_18,0.0,0.0,0.0,0.0,0.0,0.0,0.0,0.0,0.0,0.0,0.0,0.0,0.0,0.0,0.0,0.0,0.0,0.0,0.0,0.0,0.0,0.0,177.3,1556.25,4561.9,314.33,0.0,0.0,0.0,0.0,0.0,0.0,0.0,0.0,955.25,0.0,0.0,0.0,0.0,0.0,0.0,0.0,0.0,0.0,0.0,0.0,0.0
2303,1,Cake_10,200.85,583.63,581.79,800.33,671.77,418.58,346.0,600.5600000000001,442.7,538.15,510.91,441.39,450.12,541.99,600.52,583.98,753.14,415.09000000000003,409.37,498.87,545.32,452.37,482.40999999999997,696.28,733.95,694.5,611.78,482.15999999999997,776.59,485.64,567.03,524.59,658.88,596.63,542.07,0.0,0.0,0.0,0.0,0.0,0.0,0.0,0.0,0.0,0.0,0.0,0.0
2309,1,Onion_44,7862.63,8008.51,8841.64,9982.83,10668.98,9949.02,9710.01,11070.36,9190.55,8994.24,6128.49,6064.85,7291.11,7461.61,7960.88,6293.19,0.0,467.25,0.0,0.0,2985.66,3284.12,3480.19,4077.25,4861.89,4000.83,5584.69,5810.91,5620.21,5121.1,3736.37,6098.13,7874.54,6270.06,7248.7300000000005,7205.33,7717.33,5251.08,7077.05,5993.22,6251.66,4966.72,4434.69,4130.81,3535.48,4028.7000000000003,272.82000000000005
2317,1,Apple_126,0.0,0.0,0.0,0.0,0.0,0.0,0.0,0.0,0.0,0.0,0.0,0.0,0.0,0.0,0.0,0.0,0.0,0.0,0.0,0.0,0.0,0.0,0.0,0.0,0.0,0.0,0.0,0.0,0.0,0.0,0.0,0.0,0.0,0.0,0.0,0.0,1305.64,0.0,0.0,0.0,0.0,0.0,0.0,0.0,0.0,0.0,0.0
2320,1,Pork_35,0.0,0.0,0.0,0.0,0.0,0.0,0.0,0.0,0.0,0.0,0.0,0.0,0.0,0.0,667.21,1320.14,1326.62,0.0,1101.64,1587.44,1714.66,1761.12,1356.68,1719.37,1890.03,2038.96,1329.31,1808.34,1935.48,2525.45,1486.39,1544.59,1511.6100000000001,2606.24,1569.35,1579.29,1302.95,2557.85,1465.57,3194.31,1670.9,2705.36,3212.85,1578.04,1391.2,2572.89,331.52
2323,1,Avocado_13,0.0,0.0,0.0,0.0,0.0,0.0,0.0,0.0,0.0,0.0,0.0,0.0,0.0,0.0,0.0,0.0,0.0,0.0,0.0,0.0,0.0,0.0,0.0,0.0,0.0,0.0,0.0,0.0,0.0,0.0,0.0,0.0,0.0,0.0,0.0,0.0,0.0,0.0,0.0,0.0,617.38,1138.99,2000.88,2448.2,2209.42,2198.43,88.23
2324,1,Donut_35,0.0,0.0,0.0,0.0,0.0,0.0,0.0,0.0,0.0,0.0,0.0,0.0,0.0,0.0,0.0,0.0,0.0,0.0,0.0,0.0,0.0,0.0,0.0,0.0,0.0,0.0,0.0,0.0,0.0,0.0,0.0,0.0,0.0,0.0,0.0,0.0,0.0,0.0,0.0,0.0,0.0,506.2,3364.46,540.35,1062.23,428.21,17.9
2332,1,Blueberry_34,0.0,0.0,0.0,0.0,0.0,0.0,0.0,0.0,0.0,0.0,0.0,0.0,0.0,0.0,0.0,0.0,0.0,0.0,0.0,0.0,0.0,0.0,0.0,0.0,0.0,0.0,0.0,0.0,0.0,0.0,0.0,470.97,1185.96,2101.04,1236.6799999999998,0.0,0.0,0.0,0.0,0.0,0.0,0.0,0.0,0.0,0.0,0.0,0.0
2336,1,Pastry_175,0.0,0.0,0.0,0.0,0.0,0.0,2343.62,2103.8,2088.79,2415.19,2248.98,1697.35,1677.65,2429.27,2748.89,2877.08,2075.7799999999997,2401.24,2893.71,3034.35,3180.12,3127.52,2648.13,2687.55,2599.6,2510.42,2569.74,2510.25,2148.83,2429.46,2233.45,3049.88,2382.48,2923.49,2464.43,2605.79,2897.57,2709.88,2987.28,3490.2,2500.54,4271.8,2907.28,2824.4,2816.53,2944.82,188.18
2337,1,Chicken_91,0.0,0.0,0.0,0.0,0.0,0.0,0.0,0.0,0.0,0.0,0.0,0.0,0.0,0.0,0.0,0.0,0.0,0.0,0.0,0.0,0.0,0.0,0.0,0.0,0.0,0.0,0.0,0.0,8.69,632.0699999999999,334.0,380.86,532.71,330.93,232.22,121.35000000000001,0.0,0.0,0.0,0.0,0.0,0.0,0.0,0.0,0.0,0.0,0.0
2340,1,Cabbage_18,865.97,1362.52,2156.12,3532.97,2956.0099999999998,2210.16,1603.46,1915.85,1369.59,670.11,186.57999999999998,226.62,691.62,969.28,1323.55,2289.39,2109.54,1877.3,1214.51,955.25,950.08,654.72,755.4,764.25,665.4399999999999,1017.67,1149.05,1539.03,2296.66,1375.81,955.02,879.62,975.36,684.95,619.84,563.56,578.8199999999999,840.8,927.88,1483.74,3230.2200000000003,1572.97,1099.99,1324.18,1004.0699999999999,868.38,0.0
2346,1,Flower_11,0.0,0.0,0.0,0.0,0.0,0.0,0.0,0.0,0.0,76.27000000000001,1377.45,129.18,0.0,0.0,0.0,0.0,0.0,0.0,0.0,0.0,0.0,358.06,201.93,0.0,0.0,0.0,0.0,0.0,0.0,0.0,0.0,0.0,0.0,0.0,1186.19,0.0,0.0,0.0,0.0,0.0,0.0,0.0,0.0,0.0,0.0,380.99,0.0
2347,1,Lemon_14,0.0,0.0,0.0,0.0,0.0,0.0,0.0,0.0,0.0,0.0,0.0,0.0,0.0,0.0,0.0,0.0,0.0,0.0,0.0,0.0,0.0,0.0,0.0,0.0,0.0,0.0,0.0,0.0,0.0,0.0,0.0,0.0,0.0,0.0,0.0,0.0,0.0,0.0,118.9,509.17,637.15,1477.65,592.6,497.23,906.58,943.8199999999999,133.66
2350,1,Roll_54,0.0,0.0,0.0,0.0,0.0,0.0,0.0,0.0,0.0,0.0,0.0,0.0,0.0,0.0,0.0,0.0,0.0,0.0,0.0,0.0,0.0,0.0,0.0,0.0,18498.78,42107.68,49103.01,50773.73,47070.32,47955.27,40612.47,78854.51,48850.67,50239.87,49473.52,50570.88,62274.06,57842.27,57581.64,56757.16,56521.34,57305.04,67550.46,90283.09,58958.35,60955.99,3680.9399999999996
2354,1,Tomato_106,2759.93,2619.51,2651.34,3949.58,3679.62,6888.36,6733.36,4649.64,5321.1,5782.82,5055.64,4546.16,4189.3,4572.75,6196.04,5692.78,6665.76,12283.85,8117.07,8077.4,5758.59,5360.6900000000005,5701.86,3863.92,4521.22,6886.78,6447.64,2459.36,0.0,0.0,0.0,1146.3,4132.19,3613.03,1784.8899999999999,998.16,1343.5,3482.2,1381.96,0.0,0.0,0.0,0.0,0.0,2723.31,3638.42,164.48000000000002
2356,1,Croissant_33,0.0,0.0,0.0,27.62,404.67,455.36,422.34,386.83,459.34,352.66,353.74,291.68,341.40000000000003,411.3,490.92,449.63,296.64,391.77,385.29,389.01,371.77,394.62,294.24,236.7,266.59000000000003,354.18,296.52,280.87,346.89,469.09000000000003,329.46,290.63,308.62,333.36,317.24,370.2,432.62,1007.63,399.53,1523.21,468.22,575.92,601.15,621.91,921.1800000000001,948.23,40.64
2357,1,Potato_74,6459.79,4578.86,0.0,0.0,0.0,0.0,0.0,0.0,0.0,0.0,0.0,0.0,0.0,0.0,0.0,0.0,0.0,0.0,0.0,0.0,0.0,3752.36,8667.82,11931.39,10833.94,8611.32,7134.71,7821.76,8809.13,9171.76,11267.85,14273.94,14895.77,18495.33,17330.71,0.0,6516.45,5291.39,3649.65,7983.7,5859.0199999999995,408.74,0.0,0.0,0.0,0.0,0.0
2367,1,Cabbage_19,0.0,0.0,0.0,0.0,0.0,313.13,489.54,950.5,162.6,0.0,0.0,0.0,184.59,108.17,559.1,544.42,497.55,802.22,661.97,724.13,650.36,459.64,476.93,373.90999999999997,368.07,347.3,551.72,462.15999999999997,348.41,564.04,503.54,507.73,466.26,410.25,379.56,430.31,357.19,350.63,339.73,342.96,361.25,609.05,313.51,436.34000000000003,409.39,250.65,9.07
2370,1,Pastry_178,0.0,0.0,0.0,0.0,0.0,0.0,0.0,0.0,0.0,0.0,0.0,0.0,0.0,0.0,0.0,0.0,0.0,0.0,0.0,0.0,0.0,0.0,0.0,0.0,0.0,0.0,0.0,0.0,0.0,0.0,0.0,0.0,0.0,0.0,254.32,571.21,596.59,927.1999999999999,842.59,479.83,727.09,642.5,713.91,551.87,816.16,560.62,31.35
2371,1,Tomato_108,0.0,0.0,0.0,4671.83,5958.42,10313.27,14661.41,2669.79,1143.94,0.0,0.0,0.0,0.0,0.0,2082.46,3982.5299999999997,2152.04,1279.1200000000001,0.0,0.0,0.0,0.0,0.0,0.0,0.0,0.0,0.0,0.0,556.27,0.0,3709.97,0.0,0.0,0.0,0.0,0.0,0.0,0.0,0.0,778.59,3914.47,12369.46,7290.5,5533.26,0.0,0.0,0.0
2373,1,Apple_129,0.0,0.0,0.0,0.0,0.0,0.0,0.0,0.0,0.0,0.0,0.0,0.0,0.0,0.0,0.0,0.0,0.0,0.0,0.0,0.0,0.0,0.0,0.0,0.0,0.0,0.0,0.0,0.0,571.16,1423.26,1237.26,1187.33,1230.82,269.63,0.0,0.0,226.52,1267.6399999999999,1081.49,1327.98,1121.88,714.11,0.0,0.0,0.0,0.0,0.0
2375,1,Croissant_35,376.86,488.98,363.12,490.84000000000003,432.21,451.35,368.09000000000003,498.87,410.18,451.81,721.8199999999999,478.86,448.2,447.90999999999997,489.01,653.56,663.91,750.52,847.93,984.75,888.55,867.41,761.16,654.65,740.87,697.66,590.17,562.01,526.41,581.17,575.36,524.09,661.18,1045.71,737.58,620.09,576.6,662.28,750.9399999999999,847.2,689.53,1019.86,806.2,880.04,874.9,888.9,30.25
2376,1,Potato_75,0.0,0.0,0.0,0.0,0.0,0.0,0.0,0.0,0.0,0.0,0.0,0.0,818.56,4913.84,9113.03,13282.85,15298.08,14405.73,12177.81,15682.88,13354.05,642.53,0.0,0.0,0.0,0.0,0.0,0.0,0.0,0.0,0.0,0.0,0.0,0.0,0.0,0.0,0.0,0.0,0.0,0.0,0.0,0.0,0.0,0.0,0.0,0.0,0.0
2377,1,Bread_204,0.0,0.0,0.0,0.0,0.0,0.0,0.0,0.0,494.75,1740.58,1758.56,2258.7,1685.23,0.0,2226.55,2268.01,2219.67,2002.05,1609.44,1854.85,1547.93,1384.78,1269.91,1295.03,1310.1599999999999,1180.23,1181.46,2811.17,2530.8,1219.11,1131.55,1833.31,1473.64,1355.3600000000001,1247.45,1339.71,1376.39,1530.69,1371.33,1389.01,1739.06,1650.67,1560.28,2441.97,1812.04,1851.24,152.15
2378,1,Toust_38,0.0,0.0,57.120000000000005,257.39,356.39,279.61,344.29,441.06,476.73,471.46,425.24,666.8199999999999,796.44,360.88,472.96999999999997,379.68,388.5,513.26,811.75,490.18,359.61,427.92,690.68,805.82,1081.42,903.63,498.83,850.04,888.72,879.72,1018.28,1099.04,1085.89,804.63,649.44,784.0,731.9,888.9,1242.92,1350.34,1028.79,1132.6100000000001,875.03,1102.15,1034.96,898.0699999999999,60.900000000000006
2382,1,Bread_205,1426.25,1454.34,1736.85,2041.71,1116.07,1982.3,1671.94,1822.44,2309.51,1835.92,1686.93,1610.18,1679.25,1385.42,1704.86,1306.71,1160.71,2217.83,1596.58,2013.28,1322.25,1546.59,1150.85,1453.21,1056.82,1078.82,1092.96,1865.58,984.7900000000001,1175.39,1583.68,1118.25,1174.14,1202.04,966.8,858.46,985.46,1006.65,971.74,841.21,976.71,1047.63,1053.23,968.73,1234.84,1148.87,43.620000000000005
2387,1,Toust_39,0.0,0.0,73.66,595.14,983.67,439.63,636.6,898.6999999999999,947.36,1044.47,682.41,1341.98,951.14,0.0,224.66,510.52,539.97,841.15,1301.96,979.29,1271.16,1040.95,531.25,1754.24,1783.69,2264.01,2552.47,2649.08,2861.81,3807.69,2429.82,2952.27,2489.71,2748.0,2277.19,2874.18,2950.1,2602.02,3316.35,3315.58,2811.66,2787.13,1888.53,1620.1399999999999,1929.47,2132.83,94.23
2395,1,Strawberry_37,0.0,0.0,0.0,0.0,0.0,0.0,0.0,0.0,0.0,151.12,50.650000000000006,0.0,0.0,0.0,0.0,0.0,0.0,0.0,0.0,0.0,0.0,0.0,0.0,0.0,0.0,0.0,0.0,0.0,0.0,0.0,0.0,0.0,0.0,0.0,0.0,0.0,0.0,0.0,0.0,0.0,0.0,0.0,183.58,1534.37,0.0,0.0,0.0
2402,1,Basil_6,0.0,0.0,0.0,0.0,0.0,0.0,0.0,0.0,0.0,0.0,0.0,0.0,0.0,0.0,0.0,0.0,0.0,0.0,0.0,0.0,0.0,1077.7,1081.92,1183.41,933.5400000000001,187.7,0.0,0.0,0.0,0.0,0.0,0.0,0.0,0.0,0.0,0.0,0.0,0.0,0.0,0.0,0.0,0.0,0.0,0.0,0.0,0.0,0.0
2406,1,Donut_36,0.0,0.0,0.0,0.0,0.0,0.0,0.0,0.0,0.0,0.0,0.0,0.0,0.0,0.0,0.0,0.0,0.0,0.0,0.0,0.0,0.0,0.0,0.0,0.0,0.0,0.0,0.0,0.0,0.0,0.0,0.0,0.0,0.0,0.0,0.0,0.0,0.0,0.0,0.0,0.0,0.0,123.69,2475.65,5573.76,2473.4300000000003,1981.42,97.72999999999999
2410,1,Pumpkin_19,639.18,1218.97,1775.35,936.09,1212.03,338.52,0.0,0.0,0.0,0.0,0.0,14.1,644.74,1513.68,1542.52,1309.89,752.12,288.51,0.0,0.0,0.0,0.0,0.0,0.0,154.24,1497.69,968.3,632.87,473.73,0.0,0.0,0.0,0.0,0.0,0.0,0.0,91.0,780.18,1623.62,1076.34,677.82,49.44,0.0,0.0,0.0,0.0,0.0
2413,1,Parsnip_1,0.0,0.0,0.0,0.0,0.0,0.0,0.0,0.0,0.0,0.0,0.0,0.0,0.0,0.0,0.0,90.67,232.17,577.47,286.78000000000003,0.0,0.0,0.0,0.0,0.0,0.0,0.0,0.0,0.0,0.0,109.42999999999999,324.19,392.87,483.96999999999997,369.62,742.59,695.9200000000001,527.6899999999999,29.63,279.63,555.03,851.88,938.42,0.0,0.0,0.0,0.0,0.0
2414,1,Spinach_12,0.0,0.0,1881.4099999999999,3763.24,5080.06,8795.25,8336.24,8827.63,9574.119999999999,8448.56,5694.92,5178.34,6747.09,926.6700000000001,0.0,0.0,0.0,0.0,1617.88,4067.8,4271.99,4549.38,4443.49,4531.78,4069.04,4782.72,5142.93,5413.5,5594.18,7472.86,1995.64,6942.65,6558.81,6248.3,5626.57,4230.62,5178.65,4444.9,5585.52,6020.4,5504.67,7381.54,6899.81,6757.97,3876.46,6761.75,166.18
2415,1,Salad_57,0.0,0.0,0.0,0.0,0.0,0.0,0.0,0.0,0.0,0.0,0.0,0.0,0.0,0.0,0.0,0.0,0.0,0.0,0.0,0.0,0.0,0.0,18.56,448.91,294.18,352.5,374.77,317.84,314.49,1069.02,604.76,550.52,613.77,522.42,551.43,559.17,663.22,735.24,832.38,819.27,746.55,872.12,672.67,694.19,372.52,0.0,0.0
2419,1,Mandarin_19,0.0,0.0,0.0,0.0,0.0,0.0,0.0,0.0,0.0,0.0,0.0,0.0,0.0,0.0,359.56,0.0,0.0,0.0,0.0,0.0,0.0,0.0,0.0,0.0,0.0,58.16,747.73,1502.4,2045.08,2191.86,1495.43,907.09,41.2,0.0,0.0,0.0,0.0,0.0,0.0,0.0,0.0,0.0,0.0,0.0,0.0,0.0,0.0
2421,1,Roll_58,0.0,0.0,0.0,0.0,0.0,0.0,0.0,0.0,0.0,0.0,0.0,0.0,883.74,1164.08,847.54,800.95,767.58,853.08,843.22,780.97,557.05,477.92,459.83,437.04,504.08,571.73,551.2,398.2,358.79,368.96,425.67,404.34,379.41,335.5,340.56,326.89,344.84000000000003,382.67,455.15999999999997,474.55,444.68,491.67,516.87,536.27,590.03,556.41,16.78
2425,1,Pastry_179,2128.65,3123.04,2829.12,3586.4,4011.59,3231.8,2969.55,4335.4400000000005,4851.78,3209.06,3616.96,3208.63,3881.59,3606.53,4094.22,4834.77,3266.41,1968.78,0.0,0.0,0.0,0.0,0.0,0.0,0.0,0.0,0.0,0.0,0.0,0.0,0.0,0.0,0.0,0.0,0.0,0.0,0.0,0.0,0.0,0.0,0.0,0.0,0.0,0.0,0.0,0.0,0.0
2431,1,Pastry_180,0.0,0.0,0.0,0.0,614.96,0.0,0.0,0.0,0.0,0.0,0.0,0.0,0.0,0.0,0.0,182.17,1001.03,0.0,0.0,0.0,0.0,0.0,0.0,0.0,0.0,0.0,0.0,116.41,1407.1299999999999,0.0,0.0,0.0,0.0,0.0,0.0,0.0,0.0,0.0,0.0,160.79,920.3,0.0,0.0,0.0,0.0,0.0,0.0
2433,1,Baguette_36,2943.45,4141.24,6586.95,9941.41,8500.65,8322.9,8094.49,9904.68,9225.37,9234.82,8143.58,8460.91,8295.89,8232.87,8650.3,9761.86,655.12,0.0,3323.86,5393.95,4862.05,5675.98,6626.5,6741.5199999999995,6396.41,8675.45,7338.18,6880.0,8179.36,7532.95,10732.38,7132.61,6362.52,6952.3,6731.33,6507.18,6370.21,6587.1,7568.5,7171.53,8739.65,7644.21,13257.76,7514.37,7141.96,7065.93,418.03
2434,1,Tomato_110,0.0,0.0,0.0,0.0,0.0,0.0,0.0,0.0,0.0,0.0,0.0,0.0,0.0,0.0,0.0,0.0,0.0,0.0,0.0,0.0,0.0,0.0,0.0,0.0,1677.12,708.37,0.0,0.0,0.0,0.0,0.0,0.0,0.0,0.0,0.0,0.0,2853.77,2371.05,0.0,0.0,0.0,0.0,0.0,0.0,0.0,0.0,0.0
2435,1,Bell Pepper_22,0.0,0.0,0.0,0.0,0.0,0.0,0.0,0.0,0.0,0.0,0.0,171.5,315.15,114.68,297.33,0.0,0.0,0.0,0.0,0.0,544.18,121.7,201.57,0.0,0.0,0.0,0.0,0.0,0.0,0.0,0.0,503.95,0.0,0.0,0.0,0.0,0.0,0.0,120.94,900.1,1134.05,1273.74,1234.11,1755.81,2388.92,646.77,0.0
2446,1,Radish_17,0.0,0.0,427.95000000000005,0.0,2557.1,2926.29,2626.21,4744.34,4412.16,4028.2999999999997,2309.34,503.37,0.0,0.0,1860.49,1660.88,2639.24,3149.32,3016.65,2711.48,2531.88,3103.2799999999997,3531.31,565.12,2206.86,1906.78,2952.0,3084.59,3060.32,3584.92,3647.36,3532.57,3971.64,3607.2200000000003,3997.01,2613.09,2048.0,2282.69,2218.67,2948.8,2659.42,2831.89,3083.06,2276.7,2045.22,2329.34,75.28
2448,1,Grape_41,0.0,0.0,0.0,0.0,0.0,0.0,0.0,0.0,0.0,0.0,0.0,0.0,0.0,0.0,0.0,0.0,0.0,0.0,0.0,0.0,0.0,0.0,0.0,0.0,814.17,1882.03,0.0,0.0,0.0,0.0,0.0,0.0,0.0,0.0,0.0,0.0,0.0,0.0,0.0,0.0,0.0,0.0,0.0,0.0,0.0,0.0,0.0
2450,1,Tomato_111,0.0,0.0,0.0,0.0,0.0,0.0,0.0,0.0,0.0,0.0,0.0,0.0,0.0,0.0,0.0,0.0,0.0,0.0,0.0,0.0,0.0,0.0,0.0,0.0,0.0,0.0,0.0,0.0,0.0,0.0,0.0,0.0,0.0,0.0,0.0,0.0,789.9,357.54,0.0,0.0,0.0,0.0,0.0,0.0,0.0,0.0,0.0
2451,1,Strawberry_39,0.0,0.0,0.0,0.0,0.0,0.0,0.0,0.0,0.0,0.0,0.0,0.0,0.0,0.0,0.0,0.0,0.0,0.0,0.0,0.0,0.0,0.0,0.0,0.0,0.0,0.0,0.0,0.0,0.0,0.0,0.0,0.0,0.0,0.0,0.0,0.0,0.0,0.0,0.0,0.0,0.0,0.0,759.87,171.6,0.0,0.0,0.0
2452,1,Onion_45,0.0,0.0,0.0,0.0,0.0,0.0,0.0,0.0,0.0,928.51,483.13,0.0,0.0,0.0,0.0,0.0,0.0,0.0,0.0,0.0,0.0,0.0,0.0,0.0,0.0,0.0,0.0,0.0,0.0,0.0,0.0,0.0,0.0,0.0,0.0,0.0,0.0,0.0,0.0,0.0,0.0,0.0,0.0,2718.1,816.4599999999999,0.0,0.0
2456,1,Pastry_183,0.0,0.0,0.0,0.0,0.0,0.0,0.0,0.0,0.0,0.0,0.0,0.0,0.0,0.0,23.82,102.93,109.14,208.83,275.05,338.93,336.09,376.12,422.49,449.41,516.96,449.94,504.65999999999997,390.37,419.42,609.09,588.09,573.27,552.6800000000001,604.37,491.87,473.96000000000004,568.67,639.98,659.63,589.1,366.54,496.99,546.08,562.76,562.59,753.65,39.93
2458,1,Pastry_184,907.12,1024.47,1076.02,878.43,720.27,887.35,794.87,697.3199999999999,583.73,526.41,436.56,406.14,485.96,636.37,843.1899999999999,638.64,696.69,1214.98,1097.04,999.03,986.82,1542.1100000000001,1342.26,1526.06,1436.52,1386.89,1317.21,1010.88,934.81,902.45,1321.81,1090.25,1298.72,1508.47,1413.15,1596.79,1861.35,1646.42,1756.77,1664.67,1333.7,2471.47,2220.5,1798.06,1841.62,1718.54,101.37
2459,1,Pastry_185,3942.92,5699.28,7966.15,8929.78,8905.39,9335.9,9743.93,11994.48,10676.59,11373.16,11751.77,9996.83,11396.39,11484.97,13206.52,16670.65,12000.32,7483.57,0.0,0.0,0.0,0.0,0.0,0.0,0.0,0.0,0.0,0.0,0.0,0.0,0.0,0.0,0.0,0.0,0.0,0.0,0.0,0.0,0.0,0.0,0.0,0.0,0.0,0.0,0.0,0.0,0.0
2469,1,Pork_37,0.0,0.0,0.0,0.0,0.0,0.0,149.69,669.15,540.87,485.12,516.64,502.57,791.84,634.89,856.21,1262.22,1294.66,1006.64,946.83,776.69,717.02,784.11,609.39,819.1899999999999,981.98,810.15,1003.37,1162.8600000000001,1186.53,1000.29,995.91,634.86,422.19,332.42,576.24,537.93,694.61,503.43,921.3100000000001,832.04,856.96,464.62,439.62,455.81,441.4,405.66,23.75
2470,1,Blueberry_35,14074.9,2523.5299999999997,0.0,0.0,0.0,0.0,0.0,0.0,0.0,0.0,0.0,0.0,0.0,0.0,0.0,0.0,0.0,0.0,0.0,0.0,0.0,0.0,0.0,0.0,0.0,0.0,0.0,0.0,0.0,0.0,0.0,0.0,0.0,0.0,0.0,0.0,0.0,0.0,0.0,0.0,0.0,0.0,0.0,0.0,0.0,0.0,0.0
2471,1,Baguette_37,1204.61,1028.03,1412.95,1450.44,2010.78,1488.6,1261.77,1523.2,1895.8500000000001,1318.04,1130.94,1026.8600000000001,1403.07,781.55,878.03,722.51,974.15,698.44,517.59,645.24,445.56,419.11,441.28999999999996,451.39,412.39,410.76,436.93,421.01,552.21,485.72,281.15999999999997,423.48,428.48,521.23,705.33,821.52,865.6,596.09,571.25,589.48,936.3,575.6800000000001,392.76,447.1,361.43,328.54,29.47
2475,1,Avocado_15,0.0,0.0,0.0,0.0,0.0,0.0,0.0,0.0,0.0,0.0,0.0,0.0,0.0,0.0,280.45000000000005,0.0,0.0,0.0,0.0,0.0,0.0,0.0,0.0,0.0,0.0,0.0,0.0,0.0,414.77,0.0,0.0,0.0,431.67,1992.36,2527.57,2730.5,3469.31,4003.1800000000003,2968.49,4089.14,4144.82,3078.63,2789.71,3051.94,4624.55,7283.98,372.71000000000004
2476,1,Mushroom_27,1850.52,2290.03,3080.01,2772.9,3406.93,3133.16,2823.97,3171.81,3037.66,2442.04,1683.5,1610.07,1632.6599999999999,1940.87,2094.98,2066.67,2112.65,2959.11,2286.91,2375.62,2326.65,2094.5,1948.26,1710.88,1595.47,1736.65,1305.35,1246.78,1350.8600000000001,1009.6,1057.12,1289.94,1317.77,1165.15,1060.19,977.77,1641.06,987.97,1669.69,1421.02,1903.31,1923.55,1511.31,1452.6100000000001,1096.3799999999999,1146.8600000000001,69.44
2477,1,Cantaloupe_6,0.0,0.0,0.0,0.0,0.0,0.0,0.0,0.0,0.0,0.0,0.0,0.0,0.0,0.0,0.0,0.0,0.0,0.0,0.0,0.0,0.0,0.0,0.0,0.0,0.0,0.0,0.0,0.0,0.0,0.0,0.0,0.0,0.0,0.0,969.47,0.0,152.16,1143.15,0.0,0.0,0.0,0.0,0.0,0.0,200.86,665.81,0.0
2479,1,Carrot_34,0.0,0.0,0.0,0.0,0.0,0.0,0.0,510.5,1400.05,497.46999999999997,0.0,0.0,0.0,0.0,28.2,0.0,0.0,0.0,503.40999999999997,1677.28,1618.9,1564.15,1622.27,949.97,0.0,0.0,0.0,0.0,0.0,0.0,0.0,0.0,0.0,1467.88,1402.36,593.82,0.0,0.0,0.0,0.0,0.0,1579.85,3013.7,4235.59,4137.33,4281.5599999999995,239.51
2480,1,Bread_214,2264.72,1234.5,944.41,1359.86,1095.35,1210.78,880.43,1651.6299999999999,1393.42,761.16,525.82,600.05,493.29,454.5,624.23,597.5699999999999,383.05,417.07,417.49,515.92,431.89,367.61,404.27,352.53,404.18,498.37,625.73,836.76,560.63,428.83,708.6,415.03,350.48,382.61,984.69,547.06,544.09,577.62,548.98,608.84,734.62,538.02,862.31,503.68,424.89,465.58,46.08
2481,1,Arugula_9,0.0,0.0,0.0,0.0,0.0,0.0,0.0,0.0,0.0,0.0,0.0,0.0,0.0,0.0,0.0,0.0,0.0,0.0,0.0,0.0,0.0,0.0,0.0,0.0,356.43,415.09,197.08,0.0,0.0,0.0,589.24,634.88,526.14,567.42,550.69,1293.25,972.74,839.46,914.59,95.94,0.0,0.0,0.0,0.0,1047.34,2069.5299999999997,108.43
2483,1,Lettuce_42,1627.09,1472.73,1122.67,1282.47,890.0,1868.6200000000001,2246.91,1486.07,486.68,557.73,887.97,880.63,825.45,710.49,680.44,739.6,829.28,1584.98,1483.4,1082.83,768.03,854.0,361.03000000000003,0.0,723.05,790.51,735.02,791.97,60.769999999999996,351.44,797.89,765.52,435.5,660.76,967.3,932.92,966.4,976.72,611.74,670.0,787.83,764.88,688.78,956.4499999999999,913.86,1392.77,76.23
2484,1,Orange_30,0.0,0.0,0.0,2286.89,8940.17,10103.61,6973.56,4944.28,4363.78,0.0,0.0,0.0,0.0,0.0,0.0,2335.75,10126.13,4600.86,0.0,0.0,0.0,0.0,0.0,0.0,0.0,0.0,0.0,0.0,0.0,0.0,0.0,0.0,0.0,0.0,0.0,0.0,0.0,0.0,0.0,0.0,0.0,0.0,0.0,0.0,0.0,0.0,0.0
2485,1,Vegetable_19,2392.57,3109.78,4655.66,4206.97,5583.26,5222.72,4558.09,6548.14,4987.32,3433.17,1400.8700000000001,2776.58,2918.42,2867.0299999999997,3541.58,4062.2799999999997,3793.82,5001.95,3280.33,3624.23,3662.66,2862.41,2612.08,2497.21,2647.15,3254.21,3492.84,3782.02,4188.18,4642.68,3980.57,4448.66,3697.75,3170.41,2024.61,2462.32,2285.15,2585.18,2722.7599999999998,2953.44,5126.23,4613.3,3733.77,4214.29,3829.23,3278.8199999999997,253.79000000000002
2487,1,Peach_22,9620.8,218.63,0.0,0.0,0.0,0.0,0.0,0.0,0.0,0.0,0.0,0.0,0.0,0.0,0.0,0.0,0.0,0.0,0.0,0.0,0.0,0.0,0.0,0.0,0.0,0.0,0.0,0.0,0.0,0.0,0.0,0.0,0.0,0.0,0.0,0.0,0.0,0.0,0.0,0.0,0.0,0.0,0.0,0.0,0.0,0.0,0.0
2489,1,Pomegranate_8,0.0,1119.3799999999999,3056.02,3693.01,3640.0,5313.13,2523.98,86.83,0.0,0.0,0.0,829.38,1810.81,1880.0,2020.23,2064.56,3296.1,5147.3,4101.82,3512.67,2165.76,1967.71,2055.02,2959.33,2325.82,1325.56,4428.7,2160.19,1972.1,4025.93,3805.5,4075.87,2697.85,2074.31,1912.27,2037.11,142.13,0.0,2525.78,2674.62,2720.35,4310.49,2967.29,185.72,2333.87,2097.28,121.83000000000001
2491,1,Tomato_112,0.0,0.0,0.0,0.0,0.0,0.0,0.0,0.0,0.0,0.0,0.0,0.0,0.0,0.0,0.0,0.0,0.0,0.0,0.0,0.0,0.0,0.0,0.0,0.0,0.0,0.0,0.0,0.0,0.0,0.0,0.0,0.0,0.0,0.0,0.0,0.0,0.0,0.0,0.0,370.21,2810.7,4115.13,2171.64,788.24,0.0,0.0,0.0
2496,1,Kiwi_24,0.0,0.0,0.0,0.0,0.0,0.0,0.0,0.0,0.0,0.0,0.0,0.0,0.0,0.0,295.54,340.07,325.5,473.28,555.54,212.95,337.52,327.89,360.13,192.22,89.03999999999999,52.96,230.99,419.99,404.17,704.8199999999999,671.49,657.02,592.47,803.44,283.44,0.0,0.0,0.0,0.0,0.0,0.0,0.0,0.0,0.0,0.0,0.0,0.0
2497,1,Eggplant_8,0.0,0.0,0.0,0.0,0.0,0.0,0.0,0.0,0.0,0.0,0.0,0.0,0.0,0.0,0.0,0.0,0.0,0.0,0.0,0.0,13.07,573.45,489.92,310.65,307.87,301.88,218.35,239.6,183.05,105.83,254.34,362.35,447.73,430.35,271.61,1222.42,158.16,385.59000000000003,16.560000000000002,316.0,344.55,1686.15,468.26,411.41,453.24,793.9200000000001,28.14
2498,1,Beet_7,2468.5,3029.56,4262.36,3467.48,4645.83,5810.54,4305.75,3651.68,3005.32,2384.08,196.87,1899.72,1997.87,2672.34,3727.41,3951.25,3894.7,5475.11,3138.49,3273.66,3236.9900000000002,1597.22,0.0,0.0,732.78,2542.2,1275.6399999999999,5350.41,4330.55,5153.23,5611.78,3800.21,3165.53,613.55,0.0,0.0,1516.21,473.84000000000003,1798.25,3538.94,5078.68,4161.57,2972.02,1579.95,834.0699999999999,0.0,0.0
2499,1,Pastry_188,0.0,0.0,0.0,0.0,0.0,0.0,1167.11,971.07,1239.3799999999999,1331.09,2136.25,1632.15,1647.66,1714.78,1655.73,1376.16,1388.94,1268.34,2275.53,2032.15,1979.66,1973.58,1673.8,1758.16,1924.91,2048.83,2627.33,2606.9,2214.43,2328.21,2285.2400000000002,2887.1,2556.45,2755.31,2759.76,3537.85,4009.88,3622.47,3896.15,3830.93,3954.08,4559.25,4022.11,3922.37,4365.86,4720.9800000000005,311.19
2500,1,Pepper_29,763.4,827.46,1900.18,1962.41,2090.8,2263.2599999999998,1491.1200000000001,2292.05,778.1700000000001,1023.9399999999999,563.44,1139.03,1124.29,1525.14,1536.54,422.66,1581.89,1987.47,1570.7,1416.49,1470.75,908.45,904.15,668.03,797.88,998.4399999999999,1578.01,1251.48,1538.31,1743.71,1649.65,2607.17,299.01,0.0,0.0,960.34,682.25,1005.49,863.22,1577.66,1769.05,1699.74,2186.38,1006.3100000000001,0.0,1145.53,86.82
2501,1,Juice_2,0.0,0.0,0.0,0.0,0.0,0.0,0.0,0.0,0.0,0.0,0.0,0.0,0.0,0.0,0.0,0.0,0.0,0.0,0.0,0.0,0.0,0.0,0.0,0.0,0.0,0.0,0.0,0.0,0.0,1190.88,2138.2999999999997,1459.31,429.67,650.28,629.25,776.45,966.03,637.16,156.47,0.0,0.0,0.0,0.0,0.0,0.0,0.0,0.0
2503,1,Berry_7,5700.63,717.58,0.0,0.0,0.0,0.0,0.0,0.0,0.0,0.0,0.0,1640.3,1520.08,0.0,0.0,0.0,0.0,0.0,0.0,0.0,0.0,0.0,1266.5,6064.09,5214.39,233.7,0.0,0.0,0.0,0.0,0.0,0.0,0.0,0.0,0.0,869.28,0.0,0.0,0.0,0.0,0.0,0.0,0.0,0.0,0.0,0.0,0.0
2504,1,Broccoli_10,0.0,0.0,13.49,316.19,391.63,559.11,553.53,869.85,636.78,643.93,493.51,481.48,501.82,476.95,433.96999999999997,439.66,461.64,647.4,574.27,554.5,428.40999999999997,425.58,400.85,333.72,327.95,378.26,359.77,359.85,375.26,655.77,593.54,712.81,644.24,587.67,543.21,580.51,685.05,694.14,771.84,730.1,704.96,1007.6899999999999,883.32,980.71,931.15,1213.18,59.21
2505,1,Chicken_95,0.0,0.0,0.0,0.0,0.0,0.0,0.0,0.0,0.0,0.0,0.0,0.0,0.0,289.07,1329.38,1863.06,1873.58,2061.5,848.67,1772.47,1223.81,1625.46,1178.14,1002.66,1342.67,2117.31,2209.13,2282.6,2230.81,1120.1,1021.4399999999999,1975.56,1933.2,1525.1200000000001,1177.54,1180.84,1501.46,1598.84,1805.25,1692.44,1765.84,1828.33,1425.3700000000001,1586.91,1105.33,1079.09,0.0
2510,1,Kale_2,0.0,0.0,0.0,0.0,0.0,0.0,0.0,0.0,0.0,0.0,0.0,0.0,0.0,0.0,0.0,0.0,0.0,0.0,0.0,0.0,12.97,1095.6200000000001,1347.6,1295.2,1796.69,2092.54,2437.82,2566.12,1942.31,3465.6,2084.2599999999998,2415.82,2010.34,1729.99,1605.21,1263.01,2077.29,2743.63,2698.52,2586.95,2320.62,2573.13,1207.98,980.75,2136.71,111.65,0.0
2511,1,Pastry_189,963.76,1280.62,1530.14,1443.91,1909.04,1467.85,1642.98,1839.85,1754.78,1655.02,1440.84,1416.42,1440.76,1444.53,1658.6299999999999,2007.6399999999999,2604.58,2172.95,2069.26,2696.15,2846.83,2328.19,2260.05,2561.94,2381.34,2523.21,2531.46,2507.64,3156.9900000000002,2620.1,2328.57,3718.71,3487.3399999999997,2300.38,2258.9900000000002,2164.57,2720.59,2290.22,2587.11,2468.9,2962.17,2339.1,2292.2400000000002,3724.45,2150.0299999999997,2126.15,100.22
2512,1,Pastry_190,3511.85,3327.64,2990.51,2576.69,2156.67,2310.64,3286.63,3618.58,3404.9900000000002,3574.52,2835.26,2983.75,2508.32,3407.56,2588.5,2546.21,1693.54,1871.4,1667.3600000000001,1877.78,1643.76,1675.42,1711.69,1360.55,1888.82,1835.57,1501.52,1317.44,1128.1399999999999,1439.8700000000001,1081.62,2257.47,1337.33,1365.08,1520.27,1549.02,1769.65,1820.8,2308.62,1683.64,1351.86,1583.63,1376.23,1252.3,1235.43,1413.6299999999999,75.53999999999999
2518,1,Pastry_191,1566.85,2866.83,1898.16,1699.95,1752.83,1884.38,1303.32,2021.1000000000001,2021.87,2811.96,2122.02,1711.8,1788.24,1982.76,1885.26,2302.75,1742.6000000000001,2316.12,2552.93,2330.02,1993.93,2494.03,1890.79,1700.17,1833.3400000000001,1603.06,1437.38,1575.55,1175.6200000000001,1302.22,1081.46,1138.15,789.53,954.96,196.02,0.0,0.0,0.0,0.0,0.0,0.0,0.0,0.0,0.0,0.0,0.0,0.0
2519,1,Pastry_192,1899.76,2462.09,2787.68,2949.64,2572.61,2554.33,2458.48,2895.55,2357.64,1992.18,1802.26,1604.15,1812.77,2221.42,2491.18,2273.31,1956.04,1830.39,1876.6299999999999,1986.6200000000001,1805.34,1692.03,1433.56,1457.36,1493.54,1491.82,1735.95,1575.41,1489.5,1159.69,1060.95,2224.56,2401.17,1504.3,1471.67,1307.95,1436.95,1998.71,1756.13,1658.23,1768.63,1790.03,1979.36,3809.6,1765.79,1652.96,117.78999999999999
2523,1,Salad_59,706.86,891.33,494.55,0.0,0.0,0.0,0.0,0.0,0.0,0.0,0.0,0.0,0.0,0.0,0.0,0.0,0.0,0.0,0.0,0.0,0.0,0.0,0.0,0.0,215.21,434.44,741.8199999999999,924.49,970.45,1588.01,2481.54,2490.45,2113.44,1919.34,1903.19,2208.46,2446.92,1763.09,1519.91,1726.57,1695.35,2039.8899999999999,2221.21,2347.06,1471.53,2858.81,175.14
2527,1,Raspberry_11,0.0,0.0,0.0,0.0,0.0,0.0,0.0,0.0,0.0,0.0,0.0,0.0,0.0,0.0,0.0,0.0,0.0,0.0,0.0,0.0,0.0,0.0,0.0,0.0,0.0,0.0,0.0,0.0,0.0,0.0,0.0,0.0,0.0,0.0,0.0,0.0,0.0,0.0,0.0,0.0,0.0,0.0,645.9300000000001,0.0,0.0,0.0,0.0
2529,1,Salmon_18,0.0,0.0,0.0,0.0,0.0,0.0,0.0,0.0,0.0,0.0,0.0,0.0,0.0,0.0,0.0,0.0,0.0,0.0,0.0,0.0,0.0,0.0,0.0,0.0,0.0,0.0,0.0,0.0,0.0,18.57,300.86,352.98,572.46,608.11,612.75,807.21,491.12,557.07,527.51,531.46,1424.72,694.01,455.64,629.14,486.17,513.76,15.36
2530,1,Apple_133,0.0,0.0,0.0,0.0,0.0,0.0,0.0,0.0,0.0,0.0,2338.33,2597.56,1929.41,52.21,500.9,2380.23,2255.6,3324.82,3341.59,5896.53,2470.11,4718.99,3292.6,3400.18,3018.65,3480.13,1032.8,0.0,0.0,0.0,254.21,2349.58,2709.14,2328.74,2360.25,2671.03,262.14,0.0,0.0,0.0,0.0,1726.2,3003.5099999999998,2475.74,3492.46,3175.39,134.68
2532,1,Rice Cake_3,0.0,0.0,0.0,0.0,0.0,0.0,0.0,0.0,0.0,0.0,0.0,0.0,0.0,0.0,0.0,0.0,0.0,0.0,46.75,33.14,89.95,99.57,82.81,0.0,0.0,75.43,5.99,84.16,10.45,69.83,378.9,540.43,360.7,480.28999999999996,64.31,240.02,410.74,421.89,186.92000000000002,385.58,111.03999999999999,535.1,593.9200000000001,466.15999999999997,512.0,663.91,25.9
2534,1,Clementine_5,0.0,0.0,0.0,0.0,0.0,0.0,0.0,0.0,0.0,0.0,0.0,0.0,0.0,0.0,0.0,0.0,0.0,0.0,0.0,0.0,0.0,0.0,0.0,0.0,0.0,0.0,0.0,1587.42,0.0,0.0,0.0,0.0,0.0,0.0,0.0,0.0,0.0,0.0,0.0,0.0,0.0,0.0,0.0,0.0,0.0,0.0,0.0
2535,1,Bread_218,1314.86,1481.13,1593.03,1787.0,1847.8500000000001,1642.95,1419.37,1574.01,1447.03,978.48,819.58,777.73,811.6,768.46,795.1800000000001,803.51,683.04,731.72,642.89,624.29,600.85,514.04,417.81,447.69,496.71999999999997,563.28,632.87,501.0,433.48,408.5,309.98,359.13,365.53000000000003,355.28000000000003,333.99,409.19,604.58,389.04,565.5600000000001,380.23,668.9300000000001,386.86,518.5799999999999,343.86,526.33,378.62,37.099999999999994
2538,1,Potato_78,0.0,0.0,0.0,0.0,0.0,0.0,0.0,0.0,0.0,0.0,0.0,0.0,0.0,0.0,866.75,1051.49,1243.8,978.7,741.69,1005.62,989.89,1394.24,1490.48,357.31,0.0,0.0,259.56,943.43,2213.2,1279.58,1688.19,1240.24,26.43,0.0,0.0,0.0,0.0,0.0,0.0,0.0,219.7,1290.89,1734.58,0.0,0.0,0.0,0.0
2540,1,Pear_37,0.0,0.0,0.0,0.0,0.0,0.0,0.0,0.0,0.0,0.0,0.0,0.0,0.0,0.0,0.0,0.0,0.0,0.0,0.0,0.0,0.0,0.0,0.0,0.0,0.0,0.0,268.01,95.35999999999999,0.0,0.0,0.0,0.0,0.0,0.0,0.0,0.0,0.0,1391.09,1169.92,1342.12,845.53,1043.98,2353.12,1780.43,1347.8600000000001,1227.94,0.0
2542,1,Bread_219,331.53,307.22,404.11,322.42,460.19,428.41,388.9,646.0,500.77,614.62,472.36,659.49,493.29,612.95,699.24,572.05,749.5,965.49,473.39,716.41,644.63,715.1,660.42,813.85,762.99,689.5,573.01,607.79,648.93,659.18,642.95,668.09,618.37,609.77,663.86,980.21,733.13,530.82,845.63,756.33,905.32,825.77,749.22,925.35,892.96,962.36,42.81999999999999
2544,1,Watermelon_23,0.0,0.0,0.0,0.0,0.0,0.0,0.0,0.0,0.0,0.0,0.0,0.0,0.0,0.0,0.0,0.0,0.0,0.0,0.0,0.0,0.0,0.0,0.0,0.0,0.0,629.08,0.0,0.0,0.0,0.0,0.0,0.0,0.0,0.0,0.0,0.0,340.73,1119.54,0.0,0.0,0.0,0.0,0.0,0.0,284.01,1317.5,0.0
2547,1,Tomato_115,9837.76,8168.78,8768.35,6139.79,2862.24,4613.58,3675.91,2900.61,4258.9400000000005,4139.81,3872.07,4481.88,3421.05,3580.4900000000002,5325.1,5969.68,0.0,0.0,0.0,0.0,2945.03,3401.29,3676.57,4110.02,5977.86,5780.71,6065.97,4182.71,0.0,0.0,0.0,119.55,2045.01,4929.65,3679.11,4703.95,4216.96,4457.47,5745.14,5801.03,0.0,0.0,0.0,180.96,3435.83,4103.02,291.98
2549,1,Grape_43,0.0,0.0,0.0,156.96,0.0,0.0,523.21,2691.22,2532.51,1644.48,1885.08,1883.1,2793.84,3518.8,2783.11,5908.28,671.46,0.0,1472.27,3385.79,5174.04,6893.46,5764.4800000000005,5129.84,4206.3,6577.72,2390.12,0.0,0.0,0.0,0.0,0.0,0.0,0.0,0.0,0.0,0.0,0.0,0.0,67.82,0.0,532.75,2210.45,3792.7799999999997,1932.15,0.0,0.0
2554,1,Roll_59,11113.16,11239.39,10875.82,11968.18,12118.77,11755.07,10331.57,11553.8,11167.79,8915.93,7774.03,7324.98,6897.88,8481.15,6682.55,6456.93,5965.2,5878.91,5484.2,5627.08,4737.72,5200.4400000000005,5608.42,7084.97,5316.94,5841.96,8249.789999999999,6000.74,8982.79,16710.47,14194.2,11370.02,8822.1,8220.11,7315.33,7646.34,7067.46,10419.69,7815.99,5682.74,6195.21,7742.62,8239.16,4712.36,6144.84,4622.7699999999995,355.81
2562,1,Bread_221,269.47,358.57,207.25,314.31,275.26,321.0,342.36,412.84,397.72,494.38,388.12,347.42,545.0,246.35,331.55,333.43,246.16,318.51,189.66,256.08,337.7,440.32,501.05,249.24,367.01,254.60999999999999,201.53,173.25,218.39,692.91,204.41,352.90999999999997,329.2,437.46,849.81,525.38,474.85,385.98,269.82,283.58,350.39,330.75,288.8,416.55,467.99,502.66,10.14
2564,1,Carrot_35,0.0,0.0,0.0,0.0,0.0,0.0,0.0,0.0,0.0,0.0,0.0,0.0,0.0,773.0,913.89,917.49,1327.14,1993.3899999999999,1651.18,1726.58,1840.72,1862.13,1742.2,1601.67,1686.46,1893.06,1982.3600000000001,2165.51,2259.96,2962.82,2674.58,3097.91,3302.6,3139.45,2737.7,2712.27,2673.72,2744.54,2656.09,2753.83,2629.55,3039.27,3406.53,3676.32,2047.6,3701.76,233.06
2566,1,Bread_222,0.0,0.0,0.0,0.0,0.0,0.0,0.0,0.0,0.0,0.0,0.0,0.0,0.0,0.0,0.0,0.0,0.0,0.0,0.0,0.0,0.0,0.0,0.0,0.0,1876.78,8393.3,8407.38,8674.07,8557.12,9573.02,8562.81,10300.31,9591.14,10344.7,12350.37,14031.91,12229.43,14576.19,15605.32,15909.19,15558.69,16363.19,16845.84,19237.23,18317.43,17717.7,1337.29
2568,1,Potato_80,4671.34,4862.68,5971.3,6009.58,6211.1,6922.46,9123.35,14697.85,11568.53,5439.77,0.0,4553.32,4967.11,0.0,0.0,0.0,0.0,0.0,0.0,0.0,0.0,0.0,0.0,0.0,0.0,0.0,0.0,0.0,0.0,0.0,0.0,0.0,0.0,0.0,0.0,0.0,0.0,0.0,4986.61,4758.49,5868.75,5610.110000000001,0.0,0.0,0.0,0.0,0.0
2571,1,Strawberry_42,0.0,0.0,0.0,0.0,0.0,0.0,0.0,0.0,0.0,0.0,0.0,0.0,0.0,0.0,0.0,0.0,0.0,0.0,0.0,0.0,0.0,0.0,0.0,0.0,0.0,0.0,0.0,0.0,0.0,0.0,0.0,0.0,0.0,0.0,0.0,0.0,0.0,0.0,0.0,0.0,0.0,0.0,1250.6,258.1,0.0,0.0,0.0
2576,1,Pork_39,0.0,0.0,0.0,0.0,0.0,0.0,64.78999999999999,545.46,666.17,454.83,322.29,310.29,348.08,453.02,888.02,995.47,905.79,911.69,0.0,0.0,0.0,0.0,405.25,637.25,720.96,1138.82,574.46,212.96,1424.94,1576.61,1500.96,1239.35,1379.44,1352.0,941.84,809.58,971.63,1240.77,1310.6,1603.48,1935.26,1787.51,1409.6,1688.33,1071.74,1146.97,67.44
2578,1,Mushroom_29,631.6,639.58,994.96,984.35,871.49,1118.0,994.38,957.84,968.56,780.76,604.63,619.94,725.19,762.21,683.15,354.35,793.1899999999999,436.56,0.0,695.55,735.63,700.41,636.24,576.68,572.45,508.23,678.14,662.93,668.06,812.74,776.4,720.55,771.3199999999999,1285.29,949.14,624.53,687.5699999999999,786.01,872.77,855.36,945.33,1190.19,906.86,0.0,0.0,0.0,0.0
2580,1,Pork_40,3767.1,3873.12,4302.86,4401.71,4528.79,3847.41,2388.54,3772.32,3060.9,2411.61,2514.88,2866.91,3078.94,4985.61,5141.19,4726.62,5075.39,4934.0,3207.51,3394.55,3254.29,2649.72,2514.26,3080.76,3135.23,3924.19,4550.85,5118.78,4936.9,4978.42,3394.52,3621.22,2396.23,2141.17,2143.24,2258.18,2179.91,2685.4,3371.8,1783.92,3489.84,2529.7,3674.47,2545.48,2932.59,3557.29,136.85
2585,1,Garlic_14,960.8,1130.67,1211.16,1454.75,1444.1,1303.42,1094.65,1491.63,1074.6399999999999,1116.77,884.39,715.48,1174.09,1065.36,1242.44,1227.73,1169.66,1238.3,904.94,1000.89,945.0,1070.8,1029.1,1090.67,1023.73,877.44,893.55,778.29,332.46,1118.94,1085.78,496.01,982.91,882.82,1046.16,1375.12,695.13,0.0,0.0,0.0,0.0,0.0,317.89,205.33,0.0,0.0,0.0
2587,1,Flower_12,0.0,0.0,0.0,0.0,0.0,0.0,0.0,0.0,0.0,15.120000000000001,531.57,149.92000000000002,0.0,0.0,0.0,0.0,0.0,0.0,0.0,0.0,0.0,347.61,255.53,0.0,0.0,0.0,0.0,0.0,0.0,0.0,0.0,0.0,0.0,722.81,311.05,0.0,0.0,0.0,0.0,0.0,0.0,0.0,0.0,0.0,46.01,550.93,0.0
2588,1,Toust_42,650.87,745.16,982.74,1157.77,1212.21,1131.57,971.42,1445.39,1362.2,1061.11,900.9,849.13,1022.6800000000001,994.49,1135.88,1254.02,1003.74,1151.91,793.69,907.74,836.14,788.96,791.1,764.1899999999999,743.45,653.9,685.53,610.92,577.87,568.26,513.73,580.39,592.73,1260.66,499.72,582.55,653.21,625.62,585.96,600.29,604.92,674.5,552.01,627.65,1262.63,1785.06,121.10000000000001
2594,1,Pastry_197,0.0,0.0,0.0,0.0,0.0,0.0,0.0,0.0,0.0,0.0,0.0,0.0,0.0,0.0,0.0,0.0,0.0,0.0,0.0,0.0,0.0,0.0,0.0,0.0,0.0,0.0,0.0,0.0,0.0,0.0,0.0,0.0,0.0,0.0,0.0,0.0,0.0,989.3499999999999,2035.39,2304.65,2486.04,2267.95,2507.18,2801.04,4557.06,3571.48,189.54
2607,1,Bread_226,2004.15,2424.84,2580.85,2010.22,2015.14,2438.35,2312.83,2053.08,1735.96,1935.23,2466.06,3570.05,2747.68,2666.55,2475.01,2319.1,1468.48,1504.65,1778.29,2115.23,1932.45,2562.48,2929.73,2473.12,2572.54,1846.99,1595.54,1452.83,1546.5,1336.12,1801.83,2218.3199999999997,2636.46,2747.47,2514.56,2307.32,2110.8,2150.49,2030.84,1717.05,1940.13,2118.3199999999997,2263.84,2524.46,2738.42,3810.13,340.31
2608,1,Salmon_19,0.0,0.0,0.0,112.96000000000001,1776.48,1149.12,751.72,731.54,278.42,245.73,139.7,0.0,0.0,403.22,353.55,528.91,642.59,566.71,164.51999999999998,125.7,134.42,172.01,166.51,159.59,194.45,182.19,214.48000000000002,455.46,1107.76,324.28,391.73,457.69,174.05,583.63,340.72,585.14,623.71,760.3,1505.18,529.44,1731.51,735.57,429.65,891.4,656.88,429.17,27.75
2611,1,Chili_1,693.72,584.75,631.8000000000001,312.47,0.0,0.0,0.0,0.0,0.0,0.0,0.0,0.0,0.0,330.51,660.51,928.92,975.3199999999999,960.87,811.1,823.74,712.69,753.42,647.49,531.97,446.32,552.06,405.48,416.11,521.25,655.84,626.23,634.25,627.47,596.42,565.51,492.9,537.75,470.51,430.5,485.42,616.54,528.33,691.8299999999999,649.9,614.61,665.71,41.58
2613,1,Vegetable_20,204.53,388.57,414.62,399.76,412.89,474.65000000000003,420.37,391.28,319.51,345.59,223.81,242.89,330.39,389.43,519.54,504.6,496.67,505.33,439.08,430.5,408.34000000000003,323.44,307.48,290.07,294.95,468.03999999999996,412.65999999999997,453.11,561.6999999999999,506.85,603.07,566.99,538.71,402.08,430.1,311.99,387.24,534.91,817.66,612.72,698.54,648.61,617.63,716.11,627.09,500.95,35.38
2619,1,Tomato_116,0.0,0.0,0.0,0.0,0.0,0.0,0.0,0.0,0.0,0.0,0.0,0.0,0.0,0.0,0.0,0.0,0.0,0.0,0.0,0.0,0.0,0.0,0.0,0.0,0.0,0.0,0.0,0.0,0.0,0.0,0.0,0.0,0.0,0.0,0.0,0.0,0.0,0.0,182.18,2191.18,4147.65,4131.59,2822.08,838.72,172.85,0.0,0.0
2621,1,Bun_4,0.0,0.0,0.0,0.0,0.0,0.0,0.0,0.0,0.0,0.0,0.0,0.0,0.0,0.0,0.0,0.0,0.0,0.0,0.0,0.0,0.0,172.92000000000002,3455.81,1804.55,1471.78,1134.77,1141.5900000000001,1131.58,2990.57,4991.38,5788.42,0.0,0.0,401.93,3235.83,2587.61,2341.45,1518.81,1517.14,1468.76,1253.13,1296.92,1316.35,1281.62,1381.87,1878.49,156.63
2622,1,Potato_83,0.0,0.0,0.0,0.0,0.0,0.0,0.0,0.0,0.0,0.0,0.0,0.0,0.0,0.0,0.0,0.0,0.0,0.0,0.0,0.0,0.0,0.0,0.0,0.0,0.0,0.0,0.0,0.0,0.0,0.0,0.0,0.0,0.0,0.0,0.0,801.99,1908.69,0.0,0.0,0.0,0.0,0.0,0.0,0.0,0.0,0.0,0.0
2625,1,Radish_18,2185.3,1293.0099999999998,0.0,0.0,0.0,0.0,0.0,0.0,0.0,0.0,0.0,0.0,0.0,0.0,0.0,0.0,0.0,0.0,0.0,0.0,0.0,0.0,0.0,0.0,0.0,0.0,0.0,0.0,0.0,0.0,0.0,0.0,0.0,0.0,0.0,0.0,0.0,0.0,0.0,0.0,0.0,0.0,0.0,7773.59,16744.11,14785.38,854.39
2626,1,Pea_4,0.0,341.77,59.39,0.0,0.0,0.0,0.0,0.0,0.0,172.5,1713.3700000000001,478.11,0.0,0.0,0.0,0.0,0.0,0.0,0.0,0.0,0.0,589.51,397.43,0.0,0.0,0.0,0.0,0.0,0.0,0.0,0.0,0.0,344.47,605.1800000000001,1280.57,246.63,0.0,0.0,0.0,0.0,0.0,0.0,0.0,0.0,151.26999999999998,1093.0,64.09
2636,1,Grape_44,0.0,0.0,0.0,0.0,0.0,0.0,0.0,0.0,0.0,0.0,0.0,0.0,0.0,0.0,0.0,0.0,0.0,0.0,0.0,0.0,0.0,0.0,0.0,0.0,0.0,0.0,1696.21,1275.49,0.0,0.0,0.0,0.0,0.0,0.0,0.0,0.0,0.0,0.0,0.0,0.0,0.0,0.0,0.0,0.0,0.0,0.0,0.0
2638,1,Pastry_200,0.0,0.0,0.0,0.0,0.0,0.0,0.0,0.0,0.0,0.0,0.0,0.0,0.0,0.0,0.0,0.0,0.0,0.0,0.0,0.0,0.0,0.0,0.0,0.0,0.0,0.0,0.0,0.0,0.0,0.0,0.0,0.0,0.0,0.0,0.0,0.0,0.0,566.02,1880.35,1919.25,1796.87,1724.89,2833.85,2667.81,2377.08,3494.26,144.12
2644,1,Chicken_100,0.0,0.0,0.0,0.0,0.0,0.0,0.0,0.0,0.0,0.0,0.0,0.0,0.0,91.58,473.35,939.15,1084.16,610.45,730.99,496.26,489.12,491.44,552.51,274.52,309.08,279.78999999999996,233.59,265.6,414.23,661.08,467.1,488.52,704.5,1059.71,377.44,384.0,400.61,508.98,539.61,491.57,476.37,479.40999999999997,529.24,489.62,454.46,697.52,31.12
2646,1,Chicken_101,0.0,0.0,0.0,0.0,0.0,0.0,0.0,0.0,0.0,0.0,0.0,0.0,0.0,0.0,296.55,2213.69,2248.33,423.46,0.0,0.0,0.0,0.0,0.0,0.0,0.0,0.0,0.0,0.0,0.0,0.0,0.0,0.0,0.0,0.0,0.0,0.0,0.0,0.0,0.0,0.0,0.0,0.0,0.0,0.0,0.0,0.0,0.0
2649,1,Orange_32,0.0,0.0,0.0,0.0,0.0,947.1,1990.67,683.09,0.0,0.0,0.0,0.0,0.0,0.0,0.0,0.0,51.019999999999996,481.5,94.85,0.0,0.0,0.0,0.0,0.0,0.0,0.0,0.0,0.0,0.0,1136.0900000000001,1735.1299999999999,474.68,0.0,0.0,0.0,0.0,0.0,0.0,0.0,0.0,0.0,0.0,0.0,0.0,0.0,0.0,0.0
2651,1,Tomato_118,0.0,0.0,0.0,0.0,6016.9,0.0,0.0,0.0,0.0,0.0,0.0,0.0,0.0,0.0,0.0,0.0,0.0,0.0,0.0,0.0,0.0,0.0,0.0,0.0,0.0,0.0,0.0,0.0,0.0,0.0,0.0,0.0,0.0,0.0,0.0,0.0,0.0,0.0,0.0,0.0,0.0,0.0,0.0,0.0,0.0,0.0,0.0
2652,1,Tomato_119,2579.4500000000003,2673.86,3643.23,3236.56,4467.82,5571.64,4962.4,4697.5,4689.25,3952.92,3425.6,2995.49,2549.29,2855.9,3659.44,4566.39,4193.04,5101.72,4130.29,4137.59,2729.58,2436.32,2447.13,2012.19,2019.7,2615.62,483.09,0.0,4345.65,2221.83,0.0,0.0,0.0,723.28,1175.8,1052.02,891.1,1436.57,0.0,0.0,0.0,0.0,0.0,0.0,0.0,0.0,0.0
2653,1,Grape_45,0.0,0.0,0.0,0.0,0.0,0.0,0.0,0.0,0.0,0.0,0.0,0.0,0.0,0.0,0.0,0.0,0.0,0.0,0.0,0.0,0.0,0.0,0.0,188.68,201.71,297.15,120.04,0.0,0.0,0.0,0.0,0.0,0.0,0.0,86.21,393.36,774.4,1065.04,66.78999999999999,0.0,0.0,0.0,0.0,0.0,0.0,0.0,0.0
2657,1,Onion_53,2704.64,1934.83,3045.22,4186.07,4809.25,4341.67,3099.32,4100.16,3378.07,1819.86,2943.03,1163.51,116.42,0.0,0.0,0.0,0.0,0.0,0.0,0.0,0.0,0.0,0.0,0.0,0.0,0.0,0.0,0.0,0.0,0.0,0.0,0.0,0.0,0.0,0.0,0.0,0.0,0.0,0.0,0.0,0.0,0.0,0.0,0.0,0.0,0.0,0.0
2658,1,Pepper_31,5228.11,5500.32,2968.51,3170.71,3660.77,5177.09,3040.33,4545.15,5137.28,4014.47,2304.57,2392.67,3237.29,4033.94,3829.46,998.5699999999999,3112.13,4334.86,3637.56,3550.88,2794.64,2367.92,2574.44,3864.93,2834.48,2764.11,3354.75,3774.36,4594.74,6186.17,5031.92,5018.99,643.06,0.0,0.0,2396.09,2131.08,3426.5,3677.32,3883.76,3525.94,4405.1,3765.82,1550.23,0.0,1862.69,125.16
2659,1,Tomato_120,0.0,378.98,1926.65,3080.22,2305.47,129.9,0.0,0.0,0.0,0.0,0.0,0.0,968.03,1009.39,1454.93,1466.46,1053.3,114.47999999999999,385.62,0.0,593.83,820.31,1230.35,1431.52,1499.44,934.56,1293.02,1025.11,175.03,0.0,0.0,221.23,954.67,1042.5,833.49,891.35,462.75,641.48,417.85,0.0,197.43,0.0,0.0,0.0,0.0,0.0,0.0
2665,1,Roll_61,0.0,0.0,0.0,0.0,0.0,0.0,0.0,0.0,0.0,0.0,0.0,0.0,0.0,3318.29,8134.24,2921.78,3920.16,5902.92,4885.26,6962.93,205.85,0.0,0.0,2928.46,2614.39,1219.71,0.0,0.0,0.0,0.0,0.0,0.0,0.0,0.0,0.0,0.0,0.0,0.0,0.0,0.0,990.1,3045.37,1926.5,1978.36,2716.31,1896.63,0.0
2667,1,Pomegranate_9,0.0,0.0,0.0,0.0,0.0,0.0,0.0,0.0,0.0,0.0,0.0,0.0,0.0,0.0,0.0,200.67,324.31,823.13,964.21,1238.28,789.25,595.9300000000001,595.75,489.98,543.6899999999999,628.28,587.92,590.52,500.01,714.57,754.5799999999999,835.05,722.16,457.08,616.56,486.21,0.0,0.0,0.0,0.0,0.0,0.0,0.0,0.0,0.0,0.0,0.0
2668,1,Bread_230,919.87,863.7,1016.83,835.06,630.8,967.9,1176.68,872.52,993.11,1359.13,1536.57,1472.8,1302.08,1182.98,1841.98,1812.97,1652.6,1659.94,1431.34,1154.1,853.01,863.32,1067.28,1113.29,1231.27,1318.54,1180.54,810.26,694.49,673.63,388.09,412.86,476.82,538.33,597.79,750.66,794.33,812.19,943.89,992.69,1165.4,1266.97,1030.83,1061.16,1012.22,1107.18,69.47
